EmployeeID,AvgWorkingHours,StdWorkingHours,TotalHours,DaysWorked,OvertimeDays,TotalOvertimeHours,AvgOvertimePerDay
1,7.373650622605364,0.28322436713023436,1710.6869444444444,232,0,0.0,0.0
2,7.718968926553672,0.313350907412726,1821.6766666666667,236,42,0.0,0.0
3,7.013240358126722,0.3115511391897781,1697.2041666666667,242,0,0.0,0.0
4,7.193678486997636,0.28413283284487706,1690.5144444444445,235,0,0.0,0.0
5,8.006174603174603,0.3006564200435073,1961.5127777777777,245,115,0.0,0.0
6,10.796095874355368,0.3062780195272168,2558.674722222222,237,237,425.6747222222222,1.796095874355368
7,6.923570402298851,0.32461158973280657,1606.2683333333334,232,1,0.0,0.0
8,6.725620713305898,0.27854805942660005,1634.3258333333333,243,0,0.0,0.0
9,7.236498792270532,0.31069952510621124,1664.3947222222223,230,1,0.0,0.0
10,7.080087844254511,0.2904905463580698,1656.7405555555556,234,0,0.0,0.0
11,8.403485477178423,0.3083233939115998,2025.24,241,222,0.8599999999999994,0.003568464730290454
12,7.06895458736745,0.30973383319804865,1703.6180555555557,241,0,0.0,0.0
13,9.301409509946627,0.2888632383707682,2130.0227777777777,229,229,74.49972222222222,0.32532629791363415
14,9.399931442080378,0.29226652785680335,2208.983888888889,235,235,95.81333333333332,0.40771631205673753
15,6.089687644075611,0.28975386569140865,1467.6147222222223,241,0,0.0,0.0
16,6.705174636661979,0.3172596432739161,1589.1263888888889,237,0,0.0,0.0
17,6.619040626529613,0.31396253642597743,1502.5222222222221,227,0,0.0,0.0
18,11.014328139114726,0.3096964342975209,2709.5247222222224,246,246,495.52472222222224,2.0143281391147245
19,6.960253831417624,0.314945915821745,1614.7788888888888,232,0,0.0,0.0
20,9.293555796055795,0.2963884015180492,2146.811388888889,231,231,73.51861111111111,0.31826238576238575
21,7.590778256704981,0.317876322859857,1761.0605555555555,232,27,0.0,0.0
22,6.008613495469718,0.293009267321181,1400.0069444444443,233,0,0.0,0.0
23,8.402108477011494,0.3029886705353011,1949.2891666666667,232,210,0.6477777777777796,0.0027921455938697396
24,6.8070052800734615,0.31558692057249155,1647.2952777777778,242,0,0.0,0.0
25,7.093167388167388,0.32198743609614844,1638.5216666666668,231,1,0.0,0.0
26,9.362002074688796,0.2812382254202835,2256.2425,241,241,89.85472222222222,0.3728411710465652
27,10.977123430962342,0.29663324125421053,2623.5325,239,239,472.5325,1.977123430962343
28,7.604444444444445,0.29583577896635016,1794.648888888889,236,22,0.0,0.0
29,10.97758573388203,0.31182146099505686,2667.5533333333333,243,243,480.55333333333334,1.9775857338820302
30,6.8312753623188405,0.2816235668075111,1571.1933333333334,230,0,0.0,0.0
31,10.10940826330532,0.3076482089710234,2406.0391666666665,238,238,264.0391666666667,1.1094082633053222
32,6.709665977961433,0.2999596428160107,1623.7391666666667,242,0,0.0,0.0
33,10.518214624881292,0.2988444964494485,2461.262222222222,234,234,355.26222222222225,1.5182146248812916
34,6.182887517146776,0.2776026790150543,1502.4416666666666,243,0,0.0,0.0
35,6.586388888888889,0.2984167125865238,1580.7333333333333,240,0,0.0,0.0
36,10.272241379310344,0.30351823691183893,2383.16,232,232,295.16,1.2722413793103449
37,9.982733011937558,0.28585167345253143,2415.821388888889,242,242,237.8213888888889,0.9827330119375574
38,5.979567632850242,0.29721337326768577,1375.3005555555555,230,0,0.0,0.0
39,6.775967939304944,0.2921177931173167,1538.1447222222223,227,0,0.0,0.0
40,7.690160390516039,0.3056256998247583,1837.9483333333333,239,34,0.0,0.0
41,7.204732468123861,0.28454492995089237,1757.9547222222222,244,0,0.0,0.0
42,7.594769503546099,0.3051429956720003,1784.7708333333333,235,26,0.0,0.0
43,6.952642332415059,0.31785501531734117,1682.5394444444444,242,0,0.0,0.0
44,7.008878472222222,0.3149531071288213,1682.1308333333334,240,0,0.0,0.0
45,7.201573315118398,0.2958945645712391,1757.183888888889,244,1,0.0,0.0
46,7.172875,0.30817033367282526,1721.49,240,2,0.0,0.0
47,7.636801418439716,0.3116720861036216,1794.6483333333333,235,28,0.0,0.0
48,7.83278129395218,0.29618090891770216,1856.3691666666666,237,62,0.0,0.0
49,6.974765051395008,0.3119167284795887,1583.2716666666668,227,0,0.0,0.0
50,6.906424220272905,0.289615187777074,1574.6647222222223,228,0,0.0,0.0
51,10.895463728191,0.3042054456932412,2636.702222222222,242,242,458.70222222222225,1.895463728191001
52,9.12566572902016,0.3031655721188994,2162.782777777778,237,237,45.562222222222225,0.1922456633849039
53,6.831459786145978,0.2790618125054992,1632.7188888888888,239,0,0.0,0.0
54,7.3160499058380415,0.31042324250489284,1726.5877777777778,236,5,0.0,0.0
55,8.610798041894354,0.3115838921999741,2101.034722222222,244,237,4.109722222222224,0.016843123861566493
56,6.784845288326301,0.2950064383650507,1608.0083333333334,237,0,0.0,0.0
57,10.98609977324263,0.3159426398769555,2691.5944444444444,245,245,486.59444444444443,1.9860997732426304
58,7.68658467939305,0.30273527325213845,1744.8547222222223,227,39,0.0,0.0
59,9.948856881572931,0.3131942908594044,2417.572222222222,243,243,230.57222222222222,0.9488568815729309
60,7.905527661552766,0.3120189510407192,1889.421111111111,239,93,0.0,0.0
61,10.67241461748634,0.30162828552207793,2604.0691666666667,244,244,408.06916666666666,1.6724146174863388
62,10.496171548117156,0.29152064543500317,2508.585,239,239,357.585,1.4961715481171547
63,10.069261664261665,0.31270897252420343,2325.9994444444446,231,231,246.99944444444444,1.0692616642616641
64,6.607014174668496,0.2947691705712395,1605.5044444444445,243,0,0.0,0.0
65,7.497914908579466,0.28329146581043246,1777.0058333333334,237,12,0.0,0.0
66,10.727235717498877,0.2729194524850313,2649.6272222222224,247,247,426.6272222222222,1.7272357174988753
67,6.184816810344828,0.30135470770984446,1434.8775,232,0,0.0,0.0
68,6.609300048947627,0.27890628475187407,1500.3111111111111,227,0,0.0,0.0
69,6.07624634502924,0.2804976538442188,1385.3841666666667,228,0,0.0,0.0
70,9.971745709123757,0.2854873603251528,2453.0494444444444,246,246,239.04944444444445,0.9717457091237579
71,7.42145202020202,0.29175613048657995,1795.9913888888889,242,5,0.0,0.0
72,6.493810013717422,0.28475273941552753,1577.9958333333334,243,0,0.0,0.0
73,6.299470449172577,0.2845542656240089,1480.3755555555556,235,0,0.0,0.0
74,9.316973304473304,0.2913385625814041,2152.2208333333333,231,231,78.12361111111109,0.3381974506974506
75,6.097862787356322,0.28795113254688326,1414.7041666666667,232,0,0.0,0.0
76,7.217327264239029,0.2859770280849072,1717.723888888889,238,0,0.0,0.0
77,7.100070018365472,0.3020577499190228,1718.2169444444444,242,0,0.0,0.0
78,9.914107744107744,0.2982920757272086,2290.1588888888887,231,231,211.1588888888889,0.9141077441077441
79,10.477788647342994,0.3013667810340339,2409.8913888888887,230,230,339.8913888888889,1.4777886473429953
80,6.906938633193864,0.29455124581162995,1650.7583333333334,239,0,0.0,0.0
81,7.589092432950192,0.30339471163352477,1760.6694444444445,232,20,0.0,0.0
82,6.079724499089253,0.29434181333727283,1483.4527777777778,244,0,0.0,0.0
83,6.001112288135594,0.28698764661637066,1416.2625,236,0,0.0,0.0
84,8.983123278236915,0.30337051660835995,2173.9158333333335,242,242,27.912777777777787,0.11534205693296606
85,10.426184640522877,0.3131386822963049,2481.4319444444445,238,238,339.43194444444447,1.426184640522876
86,8.387526183970856,0.2728097417986211,2046.556388888889,244,225,0.2350000000000012,0.0009631147540983656
87,7.912038626609442,0.29151719521946,1843.5049999999999,233,95,0.0,0.0
88,7.105291842475387,0.29158108857541104,1683.9541666666667,237,1,0.0,0.0
89,9.68863319386332,0.2863867818652612,2315.5833333333335,239,239,164.69722222222222,0.6891097164109716
90,7.770347512784752,0.3013260125248706,1857.1130555555555,239,52,0.0,0.0
91,6.284280356305673,0.29706475254841697,1489.3744444444444,237,0,0.0,0.0
92,6.306108726752504,0.31475148592553465,1469.3233333333333,233,0,0.0,0.0
93,8.831585038986354,0.31147633518457124,2013.6013888888888,228,227,13.79722222222222,0.06051413255360623
94,7.722377344877344,0.30367038294252935,1783.8691666666666,231,45,0.0,0.0
95,7.317479732951836,0.27137361607337096,1704.9727777777778,233,1,0.0,0.0
96,10.798262483130904,0.29561628875902135,2667.170833333333,247,247,444.17083333333335,1.7982624831309042
97,10.40136394557823,0.304398250259148,2548.3341666666665,245,245,343.33416666666665,1.4013639455782312
98,5.994326703246457,0.3034083959339801,1456.621388888889,243,0,0.0,0.0
99,6.113110181311018,0.321777304474421,1461.0333333333333,239,0,0.0,0.0
100,8.133578096539162,0.29798672109285396,1984.5930555555556,244,170,0.09083333333333421,0.00037226775956284515
101,7.306164990421457,0.3227369368620735,1695.0302777777779,232,2,0.0,0.0
102,7.105030345471522,0.3052452368512965,1690.9972222222223,238,0,0.0,0.0
103,6.327729314420804,0.2956968539244834,1487.016388888889,235,0,0.0,0.0
104,8.1285121602289,0.2861738073402625,1893.9433333333334,233,155,0.031388888888889355,0.00013471626132570538
105,7.98643255701116,0.2672601004984339,1828.8930555555555,229,107,0.0,0.0
106,10.509096921596921,0.3066504556629196,2427.601388888889,231,231,348.6013888888889,1.5090969215969217
107,7.993284030784031,0.29180222621727353,1846.4486111111112,231,108,0.0,0.0
108,6.103653752436647,0.2760742462786244,1391.6330555555555,228,0,0.0,0.0
109,7.587908917501192,0.28092136449258,1767.9827777777778,233,15,0.0,0.0
110,6.890321256038647,0.30409371562924803,1584.773888888889,230,0,0.0,0.0
111,9.295999525166192,0.3191977828139923,2175.2638888888887,234,234,75.84416666666667,0.3241203703703704
112,10.806078364950316,0.2826356108226118,2658.2952777777778,246,246,444.29527777777776,1.806078364950316
113,5.995219806763284,0.3117684071979395,1378.9005555555555,230,0,0.0,0.0
114,7.788609977324263,0.2951812462886468,1908.2094444444444,245,57,0.0,0.0
115,7.717707156308851,0.27487787766799116,1821.378888888889,236,37,0.0,0.0
116,6.189450379867046,0.28316996169657754,1448.3313888888888,234,0,0.0,0.0
117,7.120614224137931,0.3245814917059362,1651.9825,232,3,0.0,0.0
118,7.825193287037037,0.2762058666416943,1878.046388888889,240,71,0.0,0.0
119,7.619401803118908,0.3080290881785042,1737.223611111111,228,27,0.0,0.0
120,6.002463200379867,0.27938634922793865,1404.576388888889,234,0,0.0,0.0
121,9.113126477541371,0.2968061611407184,2141.5847222222224,235,235,42.71444444444445,0.1817635933806147
122,8.684139595103579,0.3230686032698425,2049.4569444444446,236,231,6.4327777777777815,0.027257532956685513
123,9.993131642512077,0.29296711066474496,2298.4202777777778,230,230,228.42027777777778,0.9931316425120773
124,6.900539923039923,0.2847968585269351,1594.0247222222222,231,0,0.0,0.0
125,6.999357638888889,0.3041732805740809,1679.8458333333333,240,0,0.0,0.0
126,6.286230158730159,0.31405419879121366,1452.1191666666666,231,0,0.0,0.0
127,6.3661511299435025,0.30560847655925627,1502.4116666666666,236,0,0.0,0.0
128,8.19166087962963,0.29711573500497906,1965.9986111111111,240,175,0.23277777777777686,0.0009699074074074036
129,6.4520891203703705,0.31514312200477507,1548.5013888888889,240,0,0.0,0.0
130,6.682986714975845,0.3017011062198979,1537.0869444444445,230,0,0.0,0.0
131,7.4826477541371155,0.29140090801925084,1758.4222222222222,235,9,0.0,0.0
132,9.920131519274376,0.3128869861899561,2430.432222222222,245,245,225.4322222222222,0.9201315192743763
133,7.4156382978723405,0.29371370308267924,1742.675,235,2,0.0,0.0
134,7.4953384687208215,0.295297817659257,1783.8905555555555,238,10,0.0,0.0
135,5.998969652471855,0.28754682617024546,1361.766111111111,227,0,0.0,0.0
136,6.85954534662868,0.2736884968860533,1605.1336111111111,234,0,0.0,0.0
137,6.131909722222222,0.3007888388169094,1422.6030555555556,232,0,0.0,0.0
138,7.67480543318649,0.28232179099043114,1742.1808333333333,227,22,0.18777777777777693,0.0008272148800783125
139,8.878969421101774,0.30483866857334296,2113.194722222222,238,238,17.8125,0.07484243697478991
140,10.89584530651341,0.30355949410050675,2527.836111111111,232,232,439.8361111111111,1.89584530651341
141,10.692001669051026,0.31673964535132504,2491.236388888889,233,233,394.2363888888889,1.6920016690510253
142,7.060316091954023,0.3016817394025219,1637.9933333333333,232,0,0.0,0.0
143,9.009179138321995,0.2940221428307152,2207.248888888889,245,245,30.595277777777767,0.1248786848072562
144,7.420447466294746,0.2949671078665677,1773.4869444444444,239,8,0.0,0.0
145,7.585973922902495,0.304401869268774,1858.5636111111112,245,18,0.0,0.0
146,6.624136698939603,0.31784891455370273,1596.4169444444444,241,0,0.0,0.0
147,6.192764830508475,0.3179692820147781,1461.4925,236,0,0.0,0.0
148,6.472303436911488,0.3119169027133294,1527.463611111111,236,0,0.0,0.0
149,8.195051440329218,0.3105541185251595,1991.3975,243,166,0.3341666666666665,0.0013751714677640596
150,6.787695733708392,0.27174606529819867,1608.683888888889,237,0,0.0,0.0
151,7.3021394799054375,0.30308337903294835,1716.0027777777777,235,4,0.0,0.0
152,6.822407010014307,0.3088207903208703,1589.6208333333334,233,0,0.0,0.0
153,7.322458937198068,0.2980406645064434,1684.1655555555556,230,3,0.0,0.0
154,6.164361829501916,0.31438215916542184,1430.1319444444443,232,0,0.0,0.0
155,7.610284810126583,0.2938036667730017,1803.6375,237,22,0.0,0.0
156,6.5951353874883285,0.3182953779986332,1569.6422222222222,238,0,0.0,0.0
157,10.648925376647835,0.29781486557611353,2513.146388888889,236,236,389.1463888888889,1.6489253766478345
158,6.20442731277533,0.28237853849717043,1408.405,227,0,0.0,0.0
159,8.591902250351618,0.3000731063992162,2036.2808333333332,237,228,2.4638888888888903,0.010396155649320213
160,6.001353864734299,0.2948516035328985,1380.3113888888888,230,0,0.0,0.0
161,6.281751101321586,0.3060211981320457,1425.9575,227,0,0.0,0.0
162,7.9055698005698005,0.284207412495015,1849.9033333333334,234,83,0.0,0.0
163,7.175699035812673,0.29152067546179017,1736.5191666666667,242,0,0.0,0.0
164,6.651255274261604,0.30651568419373354,1576.3475,237,0,0.0,0.0
165,7.906068376068376,0.3098415173969699,1850.02,234,90,0.0,0.0
166,6.718815667131567,0.3106013054865066,1605.7969444444445,239,0,0.0,0.0
167,6.290588023088023,0.32212921979732656,1453.1258333333333,231,0,0.0,0.0
168,7.178114997713763,0.28791777207710334,1744.2819444444444,243,0,0.0,0.0
169,6.286431712962963,0.31853414621321874,1508.743611111111,240,0,0.0,0.0
170,7.217978595478596,0.28735907201313404,1667.3530555555556,231,1,0.0,0.0
171,7.809089371980676,0.30007503632329147,1796.0905555555555,230,59,0.0,0.0
172,6.805152662993573,0.3223801201660619,1646.8469444444445,242,0,0.0,0.0
173,6.484045584045584,0.2916407143451176,1517.2666666666667,234,0,0.0,0.0
174,7.651214845550945,0.31204439235515236,1843.9427777777778,241,31,0.0,0.0
175,7.585962725546058,0.28253723599127883,1775.1152777777777,234,11,0.0,0.0
176,9.179540598290597,0.28028150786904765,2148.0125,234,234,51.315,0.21929487179487178
177,6.37815324858757,0.2861808860552732,1505.2441666666666,236,0,0.0,0.0
178,8.47764719848053,0.28425556002418806,1983.7694444444444,234,227,0.6333333333333329,0.0027065527065527045
179,6.965121812386157,0.3113988122824903,1699.4897222222223,244,0,0.0,0.0
180,6.474620792992162,0.32824060910017666,1560.3836111111111,241,0,0.0,0.0
181,8.876004361799817,0.2913333598297988,2147.9930555555557,242,242,15.618333333333332,0.06453856749311294
182,6.58834186159844,0.29526113476195776,1502.1419444444443,228,0,0.0,0.0
183,10.995573136427566,0.2986388394533272,2605.9508333333333,237,237,472.9508333333333,1.9955731364275668
184,7.810652071563088,0.2845646156122051,1843.3138888888889,236,59,0.0,0.0
185,7.22925660291439,0.2562826735526897,1763.9386111111112,244,0,0.0,0.0
186,6.419389838556505,0.3048313332581923,1502.1372222222221,234,0,0.0,0.0
187,6.779623617123617,0.29945578035721765,1566.0930555555556,231,0,0.0,0.0
188,7.390809591642925,0.3011681292163029,1729.4494444444445,234,6,0.0,0.0
189,6.192049516908213,0.30006144698138326,1424.171388888889,230,0,0.0,0.0
190,6.014660228898426,0.319916235184263,1401.4158333333332,233,0,0.0,0.0
191,7.3010291438979955,0.28185076060393366,1781.451111111111,244,3,0.0,0.0
192,7.061997245179064,0.32285962479289637,1709.0033333333333,242,0,0.0,0.0
193,8.724735996326904,0.29501107836803103,2111.386111111111,242,240,6.099722222222221,0.025205463728190994
194,10.807604755178907,0.2977175428190616,2550.594722222222,236,236,426.59472222222223,1.8076047551789078
195,7.41028883972468,0.29716098517749173,1674.7252777777778,226,6,0.0,0.0
196,9.190491803278688,0.2877807299804729,2242.48,244,244,56.73861111111111,0.23253529143897997
197,7.393010477582846,0.2966990176540525,1685.606388888889,228,2,0.0,0.0
198,7.402587597971416,0.28200231915649815,1784.0236111111112,241,3,0.0,0.0
199,6.711708214624881,0.2809484869599171,1570.5397222222223,234,0,0.0,0.0
200,9.230231673582296,0.34330303871246004,2224.485833333333,241,241,69.06277777777778,0.28656754264638085
201,6.880860065086006,0.28901333282801317,1644.5255555555555,239,0,0.0,0.0
202,9.292572463768115,0.29567596171625593,2137.2916666666665,230,230,73.2188888888889,0.31834299516908215
203,6.0161487142164,0.27599226393132265,1377.6980555555556,229,0,0.0,0.0
204,6.326000243664717,0.2995262336345191,1442.3280555555555,228,0,0.0,0.0
205,6.406121659634318,0.3039749676779021,1518.2508333333333,237,0,0.0,0.0
206,8.751425846447306,0.2847639914668037,2039.0822222222223,233,232,6.5780555555555615,0.02823199809251314
207,7.389827546296297,0.31182461936703904,1773.558611111111,240,8,0.0,0.0
208,6.196189083820663,0.2896130192424687,1412.7311111111112,228,0,0.0,0.0
209,7.706279637377963,0.29933413597986136,1841.8008333333332,239,45,0.0,0.0
210,7.50663439372983,0.30006151458386787,1809.098888888889,241,15,0.0,0.0
211,9.075687613843352,0.28326272400143215,2214.467777777778,244,244,38.186666666666675,0.1565027322404372
212,5.993242277547258,0.31645948545766256,1444.371388888889,241,0,0.0,0.0
213,6.030856290174472,0.29455625217585785,1459.4672222222223,242,0,0.0,0.0
214,6.020102278010228,0.2940902792657781,1438.8044444444445,239,0,0.0,0.0
215,6.8990951711204875,0.28436129303968,1635.0855555555556,237,0,0.0,0.0
216,10.781685108344858,0.29315086596161183,2598.386111111111,241,241,429.3861111111111,1.7816851083448595
217,8.983126503126503,0.31371976650889405,2075.1022222222223,231,231,27.245833333333334,0.11794733044733045
218,7.383425160697889,0.30513395279556726,1786.788888888889,242,7,0.0,0.0
219,6.823666187739463,0.2863187864318864,1583.0905555555555,232,0,0.0,0.0
220,6.789116575591986,0.28167875824709726,1656.5444444444445,244,0,0.0,0.0
221,7.409312285854136,0.327454063592895,1681.9138888888888,227,7,0.0,0.0
222,10.82543586269196,0.31511251291249903,2663.057222222222,246,246,449.0572222222222,1.8254358626919602
223,6.877650214592275,0.3245835392200462,1602.4925,233,0,0.0,0.0
224,8.906513949013949,0.30127510662907225,2057.404722222222,231,231,17.595000000000002,0.07616883116883118
225,6.683451882845189,0.29195971587531866,1597.345,239,0,0.0,0.0
226,7.924495583449559,0.30345616845002443,1893.9544444444446,239,91,0.0,0.0
227,6.310503323836657,0.2952188261554832,1476.6577777777777,234,0,0.0,0.0
228,7.887926545792655,0.2832077719757811,1885.2144444444446,239,77,0.0,0.0
229,8.882879515317788,0.2863611380469801,2158.5397222222223,243,243,15.77916666666666,0.06493484224965704
230,7.089900137741047,0.29180701343698234,1715.7558333333334,242,0,0.0,0.0
231,7.4908156028368795,0.3241376626882567,1760.3416666666667,235,12,0.0,0.0
232,8.685538548752834,0.30099850070245693,2127.9569444444446,245,242,5.476944444444442,0.0223548752834467
233,6.802448347107438,0.30445392101866314,1646.1924999999999,242,0,0.0,0.0
234,9.126422039323273,0.284255585010029,2217.7205555555556,243,243,45.65027777777778,0.18786122542295383
235,7.0165869667135485,0.30487357578120594,1662.931111111111,237,1,0.0,0.0
236,6.7042970272904485,0.2867032118891488,1528.5797222222222,228,0,0.0,0.0
237,8.402038626609443,0.278939386460052,1957.675,233,214,0.48277777777777686,0.00207200762994754
238,6.483074151557415,0.29031346358367893,1549.4547222222222,239,0,0.0,0.0
239,7.233100241545894,0.30176728172597184,1663.6130555555555,230,1,0.0,0.0
240,8.69020202020202,0.31729951162673303,2007.4366666666667,231,227,5.426666666666662,0.023492063492063474
241,6.037342143906021,0.30205218941822604,1370.4766666666667,227,0,0.0,0.0
242,7.28216548463357,0.2928937625799608,1711.308888888889,235,2,0.0,0.0
243,9.377237144168962,0.30808051135146963,2269.291388888889,242,242,94.68972222222222,0.39127984389348025
244,7.309830051570557,0.28678381955667054,1732.4297222222222,237,2,0.0,0.0
245,7.1137529550827425,0.28938250932939263,1671.7319444444445,235,0,0.0,0.0
246,7.438477452347745,0.2810268963092576,1777.796111111111,239,8,0.0,0.0
247,7.57411306042885,0.3206182193098592,1726.8977777777777,228,20,0.0,0.0
248,9.963191029143898,0.2919160064729406,2431.018611111111,244,244,235.0186111111111,0.963191029143898
249,6.214981325863679,0.30846723086824707,1479.1655555555556,238,0,0.0,0.0
250,6.810724121557455,0.2937329750616437,1593.7094444444444,234,0,0.0,0.0
251,6.655866150961088,0.3050293227361271,1577.4402777777777,237,0,0.0,0.0
252,7.5149104683195596,0.3033660408814728,1818.6083333333333,242,15,0.0,0.0
253,6.408397904483431,0.3105918201483647,1461.1147222222223,228,0,0.0,0.0
254,10.702960618846694,0.28895255285281607,2536.6016666666665,237,237,403.60166666666663,1.7029606188466946
255,7.003219806763285,0.29698532777758585,1610.7405555555556,230,0,0.0,0.0
256,8.629089635854342,0.27930145620551045,2053.7233333333334,238,236,3.241111111111108,0.013618113912231547
257,10.40263888888889,0.3110748731223441,2559.0491666666667,246,246,345.0491666666666,1.4026388888888888
258,6.731132756132756,0.29383887036193024,1554.8916666666667,231,0,0.0,0.0
259,7.089940645773979,0.3002072094085285,1659.046111111111,234,0,0.0,0.0
260,7.680787229137851,0.30964617244424897,1851.0697222222223,241,35,0.0,0.0
261,6.798771808999081,0.328469848168387,1645.3027777777777,242,0,0.0,0.0
262,7.8054694323144105,0.2906267925382146,1787.4525,229,58,0.0,0.0
263,7.0984033816425125,0.28680718040214026,1632.6327777777778,230,1,0.0,0.0
264,8.88621676163343,0.2977351660791225,2079.3747222222223,234,234,17.03388888888889,0.07279439696106363
265,7.604899320718098,0.30087285645992673,1741.5219444444444,229,25,0.0,0.0
266,9.119233288166214,0.2995268560683179,2243.331388888889,246,246,45.23888888888889,0.18389792231255644
267,6.820739942528736,0.3051040652834886,1582.4116666666666,232,0,0.0,0.0
268,7.512698248040572,0.29250515456399445,1810.5602777777779,241,13,0.0,0.0
269,6.712491654744873,0.28974987790917794,1564.0105555555556,233,0,0.0,0.0
270,7.899165479582146,0.30312217258718793,1848.4047222222223,234,78,0.11388888888888893,0.00048670465337132023
271,8.205001129177958,0.3222664266124721,2018.4302777777777,246,186,0.0,0.0
272,7.165214592274678,0.293740967579518,1669.495,233,0,0.0,0.0
273,6.510595238095238,0.301523275480973,1503.9475,231,0,0.0,0.0
274,7.932475845410628,0.3062088877086532,1824.4694444444444,230,98,0.0,0.0
275,6.717376142376143,0.3108282363675266,1551.713888888889,231,0,0.0,0.0
276,8.616050275482094,0.31406734778532136,2085.0841666666665,242,236,4.407222222222224,0.018211662075298445
277,6.7559891304347826,0.2926169085787843,1553.8775,230,0,0.0,0.0
278,7.710548213411649,0.28960265843228766,1750.2944444444445,227,40,0.0,0.0
279,6.608694327238632,0.3107915549552872,1566.2605555555556,237,0,0.0,0.0
280,7.345515705578996,0.2961422140181299,1740.8872222222221,237,4,0.0,0.0
281,6.168100858369098,0.27904290195724574,1437.1675,233,0,0.0,0.0
282,7.386711943220754,0.3085347173410532,1676.7836111111112,227,3,0.0,0.0
283,8.098430373605046,0.2824763645234353,1854.5405555555556,229,145,0.0,0.0
284,6.020169234360411,0.2994575122050349,1432.8002777777779,238,0,0.0,0.0
285,9.813845220766618,0.3211048583630769,2247.3705555555557,229,229,186.70694444444445,0.81531416787967
286,6.108189257722453,0.2752150242910848,1472.0736111111112,241,0,0.0,0.0
287,8.305402717127608,0.30481010247474777,1901.9372222222223,229,199,0.2502777777777787,0.0010929160601649726
288,7.521103958035289,0.2786111456372562,1752.4172222222223,233,12,0.0,0.0
289,6.406720393232739,0.2952837468791855,1556.8330555555556,243,0,0.0,0.0
290,10.00545560204556,0.31823513387120195,2391.3038888888887,239,239,240.30388888888888,1.00545560204556
291,7.097786016949153,0.3060312505998367,1675.0775,236,1,0.0,0.0
292,6.407837219935986,0.295624418527194,1557.1044444444444,243,0,0.0,0.0
293,7.803427128427129,0.2880671351205011,1802.5916666666667,231,66,0.0,0.0
294,6.295862148455509,0.3141030777364213,1517.3027777777777,241,0,0.0,0.0
295,7.136065808297568,0.29623414749104365,1662.7033333333334,233,0,0.0,0.0
296,8.798176638176638,0.2818531771786291,2058.7733333333335,234,234,9.626666666666667,0.04113960113960114
297,7.500663706739527,0.29644297210398374,1830.1619444444445,244,8,0.0,0.0
298,7.083401261523533,0.3003647419400243,1622.098888888889,229,1,0.0,0.0
299,6.276725403817915,0.3107923098440209,1424.8166666666666,227,0,0.0,0.0
300,7.098347763347763,0.298151182358562,1639.7183333333332,231,1,0.0,0.0
301,7.805346304454234,0.2928771389628448,1771.8136111111112,227,54,0.0,0.0
302,10.902830520393811,0.31791097918397493,2583.9708333333333,237,237,450.9708333333333,1.9028305203938114
303,6.1924824929971996,0.284590023998949,1473.8108333333334,238,0,0.0,0.0
304,5.994694444444445,0.3047702972072372,1378.7797222222223,230,0,0.0,0.0
305,10.050054855275445,0.30704256700130345,2391.9130555555557,238,238,249.91305555555556,1.0500548552754436
306,7.678097461685824,0.30678174084501103,1781.318611111111,232,29,0.0,0.0
307,5.978927895981087,0.28752927784338406,1405.0480555555555,235,0,0.0,0.0
308,7.978443486590038,0.30429959500290676,1850.9988888888888,232,104,0.0,0.0
309,10.008350095785442,0.2731341619807157,2321.9372222222223,232,232,233.93722222222223,1.0083500957854405
310,7.783258196721311,0.3258547766462819,1899.115,244,68,0.0,0.0
311,7.9786750348675035,0.29205933970288467,1906.9033333333334,239,106,0.0,0.0
312,7.403508141762452,0.32451525565777567,1717.6138888888888,232,5,0.0,0.0
313,7.212850091827365,0.26777413855805776,1745.5097222222223,242,0,0.0,0.0
314,7.081466714559387,0.3027784037335016,1642.9002777777778,232,0,0.0,0.0
315,6.293542824074074,0.3118947398005814,1510.4502777777777,240,0,0.0,0.0
316,6.192324879227053,0.3197592744240028,1424.2347222222222,230,0,0.0,0.0
317,6.202630172013017,0.28833214456077877,1482.4286111111112,239,0,0.0,0.0
318,8.909899817850638,0.28098052709065574,2174.0155555555557,244,243,18.188888888888886,0.07454462659380691
319,6.80999299719888,0.2866829886156291,1620.7783333333334,238,0,0.0,0.0
320,9.45522633744856,0.3278124274822544,2297.62,243,243,113.66444444444444,0.46775491540923636
321,10.810497015610652,0.29195930798196895,2616.140277777778,242,242,438.1402777777778,1.810497015610652
322,6.92431697931698,0.2863245658888474,1599.5172222222222,231,0,0.0,0.0
323,7.79930669398907,0.28860666842576127,1903.0308333333332,244,58,0.0,0.0
324,7.168747563352827,0.299749195495435,1634.4744444444445,228,0,0.0,0.0
325,6.453228166438043,0.3160848332961249,1568.1344444444444,243,0,0.0,0.0
326,7.936015283842795,0.3275171117533921,1817.3475,229,99,0.0,0.0
327,7.822759412304867,0.2883895162053226,1893.1077777777778,242,64,0.0,0.0
328,7.975096108766995,0.2811278853197206,1890.0977777777778,237,111,0.0,0.0
329,6.815337713231904,0.288520527694312,1642.496388888889,241,0,0.0,0.0
330,6.073565400843882,0.3133564256308811,1439.435,237,0,0.0,0.0
331,6.410002354048964,0.31108525199809894,1512.7605555555556,236,0,0.0,0.0
332,10.695543234767024,0.29655722191505585,2652.494722222222,248,248,420.4947222222222,1.695543234767025
333,6.985387275242046,0.3190276032101918,1683.4783333333332,241,0,0.0,0.0
334,7.986834251606979,0.2972431148306885,1932.8138888888889,242,107,0.0,0.0
335,9.466814892623717,0.3302123668246772,2253.1019444444446,238,238,113.89972222222222,0.4785702614379085
336,7.715425194931774,0.3198743753850844,1759.1169444444445,228,50,0.0,0.0
337,7.72597758702909,0.2920976963344284,1800.1527777777778,233,43,0.0,0.0
338,8.896329022988505,0.31870105442959523,2063.9483333333333,232,231,18.21166666666667,0.07849856321839081
339,7.781327941865917,0.29358578817513137,1844.1747222222223,237,53,0.0,0.0
340,10.4721719348659,0.3068504017331492,2429.543888888889,232,232,341.5438888888889,1.4721719348659004
341,6.202743961352657,0.28624725695200637,1426.631111111111,230,0,0.0,0.0
342,6.620693226120857,0.28471111924892006,1509.5180555555555,228,0,0.0,0.0
343,7.9929966329966335,0.2942611603727409,1846.3822222222223,231,109,0.0,0.0
344,6.885680076628353,0.2911659697034493,1597.4777777777779,232,0,0.0,0.0
345,9.37787641723356,0.2902508387429344,2297.5797222222222,245,245,95.1911111111111,0.38853514739229017
346,6.619438431938432,0.3049972209401117,1529.0902777777778,231,0,0.0,0.0
347,7.581864426154549,0.29899716957881184,1842.3930555555555,243,21,0.0,0.0
348,7.59510101010101,0.2946991589018642,1838.0144444444445,242,23,0.0,0.0
349,6.873507092198581,0.3099351157681334,1615.2741666666666,235,0,0.0,0.0
350,6.287247474747475,0.3141373407993664,1452.3541666666667,231,0,0.0,0.0
351,6.376486354775829,0.31927918320363835,1453.838888888889,228,0,0.0,0.0
352,7.334411976911977,0.2988794445669473,1694.2491666666667,231,2,0.0,0.0
353,10.494040835707501,0.27102694312445813,2455.6055555555554,234,234,349.60555555555555,1.4940408357075023
354,6.994789915966386,0.27403568838208076,1664.76,238,0,0.0,0.0
355,9.909392076502733,0.31771344154014514,2417.891666666667,244,244,222.11083333333335,0.9102903005464481
356,6.892396694214876,0.32102449579359693,1667.96,242,0,0.0,0.0
357,7.998314009661836,0.3070237601658047,1839.6122222222223,230,122,0.0,0.0
358,7.311344671201814,0.30094069000296825,1791.2794444444444,245,3,0.0,0.0
359,6.114925444925445,0.3149458314231932,1412.5477777777778,231,0,0.0,0.0
360,6.318081125058113,0.32084335939670694,1510.0213888888889,239,0,0.0,0.0
361,6.416490429505136,0.2929426819494877,1527.1247222222223,238,0,0.0,0.0
362,6.019625403411711,0.2917660868483461,1450.7297222222223,241,0,0.0,0.0
363,6.903253968253968,0.29468700196542014,1594.6516666666666,231,0,0.0,0.0
364,9.704113475177305,0.29417330730560615,2280.4666666666667,235,235,165.46666666666667,0.7041134751773049
365,7.789356600189934,0.2756004608813409,1822.7094444444444,234,54,0.0,0.0
366,6.412108695652174,0.28198878942644556,1474.785,230,0,0.0,0.0
367,10.391128117913832,0.2976511437069256,2545.8263888888887,245,245,340.82638888888886,1.3911281179138322
368,8.524001406469761,0.27409442643272935,2020.1883333333333,237,228,1.0525000000000002,0.004440928270042195
369,6.58656795224977,0.33404562623252826,1593.9494444444445,242,0,0.0,0.0
370,7.5865811965811965,0.28427030842477846,1775.26,234,18,0.0,0.0
371,6.104338404794836,0.29788963492124826,1471.1455555555556,241,0,0.0,0.0
372,6.291572442486539,0.29498244993938033,1428.1869444444444,227,0,0.0,0.0
373,6.482304837164751,0.30908006660675436,1503.8947222222223,232,0,0.0,0.0
374,10.983654910096819,0.3241047151560939,2647.0608333333334,241,241,478.06083333333333,1.9836549100968188
375,8.008833333333333,0.3067715827430095,1842.0316666666668,230,119,0.0,0.0
376,7.591120293847567,0.2969365651887182,1837.0511111111111,242,16,0.0,0.0
377,10.409626200274348,0.29569318524606764,2529.5391666666665,243,243,342.5391666666667,1.4096262002743485
378,8.79542212518195,0.30124458639401197,2014.1516666666666,229,229,10.87111111111111,0.04747210092188258
379,10.000467772967772,0.30625883269150295,2310.1080555555554,231,231,231.10805555555555,1.000467772967773
380,7.885713245997089,0.2724837329701487,1805.8283333333334,229,80,0.0,0.0
381,7.795277777777778,0.2998931779982277,1847.4808333333333,237,62,0.0,0.0
382,7.469465191332411,0.32783940719246696,1800.141111111111,241,12,0.0,0.0
383,7.561153381642512,0.31382315744300787,1739.0652777777777,230,18,0.0,0.0
384,6.814644208037826,0.324557506468761,1601.441388888889,235,0,0.0,0.0
385,6.987524717514124,0.30347926369364964,1649.0558333333333,236,0,0.0,0.0
386,9.614905857740586,0.3115379847203701,2297.9625,239,239,147.15527777777777,0.6157124593212459
387,10.09835300925926,0.2898581818282972,2423.6047222222223,240,240,263.6047222222222,1.0983530092592593
388,9.394445592286502,0.3218156342215101,2273.4558333333334,242,242,99.93277777777777,0.41294536271808996
389,6.3660610395803525,0.2789734041281639,1483.292222222222,233,0,0.0,0.0
390,7.1049999999999995,0.3098541742052106,1676.78,236,1,0.0,0.0
391,7.408802600472813,0.3195770515893905,1741.068611111111,235,7,0.0,0.0
392,6.669338570127504,0.32370708573724516,1627.318611111111,244,0,0.0,0.0
393,7.585617283950618,0.3033148695191401,1775.0344444444445,234,23,0.0,0.0
394,10.68291325136612,0.29172218697903374,2606.630833333333,244,244,410.6308333333333,1.6829132513661202
395,8.309069385841537,0.2918409755865101,1969.2494444444444,237,204,0.08194444444444393,0.00034575714955461574
396,6.612721734892788,0.2891469033986291,1507.7005555555556,228,0,0.0,0.0
397,6.88271201814059,0.3142688323992556,1686.2644444444445,245,0,0.0,0.0
398,9.416354609929078,0.27416002481902324,2212.8433333333332,235,235,100.52083333333333,0.4277482269503546
399,10.025033738191633,0.3195336764910077,2476.1833333333334,247,247,253.18333333333334,1.025033738191633
400,6.452346460384435,0.2761937761751823,1529.206111111111,237,0,0.0,0.0
401,9.774024872152488,0.28780928624919994,2335.9919444444445,239,239,185.04833333333332,0.7742608089260808
402,6.417041116005874,0.3108830688513483,1456.6683333333333,227,0,0.0,0.0
403,10.500407559198543,0.30443336180224656,2562.0994444444445,244,244,366.09944444444443,1.5004075591985429
404,6.578010603964961,0.2888604790878409,1585.3005555555555,241,0,0.0,0.0
405,7.105422602089269,0.26584369487196285,1662.668888888889,234,0,0.0,0.0
406,7.8779353741496605,0.3170619767077702,1930.0941666666668,245,83,0.0,0.0
407,10.29772654826958,0.2908510929978257,2512.6452777777777,244,244,316.6452777777778,1.297726548269581
408,8.485591889357712,0.30086091712377994,2011.0852777777777,237,226,1.2205555555555527,0.00515002344116267
409,9.802309820193637,0.29726912815301454,2362.3566666666666,241,241,193.35666666666665,0.8023098201936376
410,10.410460557960558,0.29851837453521374,2404.816388888889,231,231,325.8163888888889,1.410460557960558
411,7.677303436911488,0.2883508075496971,1811.8436111111112,236,32,0.0,0.0
412,10.666269177126917,0.3269943767965771,2549.2383333333332,239,239,398.23833333333334,1.6662691771269178
413,7.680679916317991,0.30902395878641603,1835.6825,239,36,0.0,0.0
414,7.72257226738934,0.31483374404799813,1899.7527777777777,246,46,0.0,0.0
415,6.878238304093567,0.3160589479695148,1568.2383333333332,228,0,0.0,0.0
416,10.548225957049485,0.29322712321684047,2510.4777777777776,238,238,368.4777777777778,1.5482259570494867
417,8.320311483031148,0.3046889552290984,1988.5544444444445,239,200,0.5036111111111126,0.0021071594607159523
418,6.081554641060814,0.3066856940940011,1477.8177777777778,243,0,0.0,0.0
419,10.380476190476191,0.2827576451616295,2470.5533333333333,238,238,328.55333333333334,1.3804761904761904
420,6.991830699233716,0.31240208454740853,1622.104722222222,232,0,0.0,0.0
421,6.698963272896328,0.280895951471017,1601.0522222222223,239,0,0.0,0.0
422,7.083433515482696,0.31674731055376687,1728.3577777777778,244,0,0.0,0.0
423,6.503389121338912,0.29576287301502324,1554.31,239,0,0.0,0.0
424,7.0820662568306005,0.31649806600198144,1728.0241666666666,244,0,0.0,0.0
425,7.082806473829201,0.3124695950668176,1714.0391666666667,242,0,0.0,0.0
426,8.902678826895565,0.3040228185946335,2074.3241666666668,233,232,18.26916666666667,0.0784084406294707
427,6.066140609636184,0.31586063730492275,1370.9477777777777,226,0,0.0,0.0
428,7.643866989396035,0.3056239640920923,1842.1719444444445,241,30,0.0,0.0
429,10.713868621840724,0.3197525426600409,2496.331388888889,233,233,399.3313888888889,1.7138686218407249
430,7.096325863678805,0.2948059537976804,1688.9255555555555,238,0,0.0,0.0
431,10.61501613646842,0.28882254801989093,2558.218888888889,241,241,389.2188888888889,1.6150161364684186
432,6.0836524334251605,0.32383658479613103,1472.243888888889,242,0,0.0,0.0
433,8.329586339586339,0.3051635703314791,1924.1344444444444,231,199,0.4883333333333315,0.0021139971139971063
434,8.140834467120182,0.3191364610782365,1994.5044444444445,245,161,0.03138888888888758,0.0001281179138321942
435,7.8935768321513,0.29006469993050304,1854.9905555555556,235,87,0.0,0.0
436,9.80588959212377,0.3195280259312792,2323.9958333333334,237,237,191.1475,0.8065295358649789
437,6.017259790528233,0.2961527872502717,1468.211388888889,244,0,0.0,0.0
438,6.274626352015733,0.3077223392819524,1418.0655555555556,226,0,0.0,0.0
439,6.3090928270042195,0.3033674221498402,1495.255,237,0,0.0,0.0
440,7.619650655021834,0.29587610872736153,1744.9,229,19,0.0,0.0
441,6.370707923112986,0.30259039942377686,1509.8577777777778,237,0,0.0,0.0
442,6.990128384687208,0.3076482228328913,1663.6505555555555,238,0,0.0,0.0
443,7.4758405797101455,0.3107999803697207,1719.4433333333334,230,6,0.0,0.0
444,6.523184113865931,0.3064146177352493,1578.6105555555555,242,0,0.0,0.0
445,8.003096797671034,0.33268757042837044,1832.7091666666668,229,113,0.02833333333333421,0.00012372634643377384
446,8.100102339181285,0.27553842153586894,1846.8233333333333,228,149,0.0,0.0
447,7.3186814345991555,0.27975457088138445,1734.5275,237,1,0.0,0.0
448,6.510007246376812,0.2924979407918953,1497.3016666666667,230,0,0.0,0.0
449,9.47278715424285,0.31339075274363587,2245.0505555555555,237,237,114.38472222222222,0.4826359587435537
450,10.091632387706856,0.315591280713073,2371.533611111111,235,235,256.5336111111111,1.0916323877068557
451,6.805802341597796,0.2971650949199365,1647.0041666666666,242,0,0.0,0.0
452,8.187664565826331,0.3093669365842521,1948.6641666666667,238,165,0.0,0.0
453,7.934158285440613,0.2939105290157573,1840.7247222222222,232,98,0.0,0.0
454,10.280916902071564,0.2774855292657169,2426.296388888889,236,236,302.2963888888889,1.2809169020715632
455,7.515693306010929,0.28097390171747944,1833.8291666666667,244,9,0.0,0.0
456,7.010381512217612,0.32094190302157666,1689.5019444444445,241,0,0.0,0.0
457,7.38759541062802,0.3011920267371931,1699.1469444444444,230,4,0.0,0.0
458,8.981857999077915,0.28784563209348996,2164.6277777777777,241,241,26.154444444444444,0.10852466574458275
459,7.905851370851371,0.3140672391145601,1826.2516666666668,231,85,0.0,0.0
460,7.078493085360038,0.3017442601682218,1649.2888888888888,233,1,0.0,0.0
461,8.703335629017447,0.31521729270722737,2106.2072222222223,242,240,7.340277777777782,0.030331726354453647
462,7.972122359963269,0.32879553008354817,1929.253611111111,242,110,0.0,0.0
463,10.50509574468085,0.30179156510471056,2468.6974999999998,235,235,353.6975,1.505095744680851
464,9.480353223593964,0.29922020549682427,2303.7258333333334,243,243,118.0775,0.4859156378600823
465,7.704971539162114,0.2770452965015105,1880.0130555555556,244,33,0.0,0.0
466,6.886907713498623,0.3067664884337733,1666.6316666666667,242,0,0.0,0.0
467,6.593336748633879,0.2960406760029244,1608.7741666666666,244,0,0.0,0.0
468,9.320771072796935,0.2903415501388132,2162.418888888889,232,232,78.4363888888889,0.3380878831417625
469,6.301517447199266,0.29026310191485544,1524.9672222222223,242,0,0.0,0.0
470,6.313124113475178,0.29294543513104804,1483.5841666666668,235,0,0.0,0.0
471,6.600198067632849,0.3015866453333111,1518.0455555555554,230,0,0.0,0.0
472,9.58983449074074,0.32055187228714904,2301.5602777777776,240,240,142.58638888888888,0.5941099537037037
473,10.11788268955651,0.2734362095626963,2357.4666666666667,233,233,260.4666666666667,1.1178826895565095
474,8.31476602120793,0.3005711256023736,2003.858611111111,241,203,0.299722222222222,0.0012436606731212531
475,7.605639619883041,0.28020195152796307,1734.0858333333333,228,24,0.0,0.0
476,7.928281400966183,0.30773470819580806,1823.5047222222222,230,94,0.0,0.0
477,7.332729044834308,0.3068082534422564,1671.8622222222223,228,4,0.0,0.0
478,7.9805807041609516,0.3023696249044584,1939.2811111111112,243,125,0.0,0.0
479,6.542558922558922,0.28574942936343467,1511.331111111111,231,0,0.0,0.0
480,6.894249533146591,0.3113061389639281,1640.8313888888888,238,0,0.0,0.0
481,7.099682372245664,0.3012054130981338,1682.6247222222223,237,0,0.0,0.0
482,7.294853680841335,0.3140175044365898,1772.6494444444445,243,1,0.0,0.0
483,6.933727824463118,0.27118458294592296,1650.2272222222223,238,0,0.0,0.0
484,8.030177875243664,0.33028864544819636,1830.8805555555555,228,118,0.031944444444445,0.00014010721247563595
485,6.191245291902071,0.3015235734904274,1461.1338888888888,236,0,0.0,0.0
486,10.105665532879819,0.3103015069391172,2475.8880555555556,245,245,270.8880555555556,1.1056655328798186
487,6.590548433048433,0.2940083754168633,1542.1883333333333,234,0,0.0,0.0
488,8.626039312617703,0.2976513236851896,2035.7452777777778,236,233,4.137222222222226,0.017530602636534855
489,6.273640479686735,0.30722948089321117,1424.1163888888889,227,0,0.0,0.0
490,8.381559454191033,0.30947577660801723,1910.9955555555555,228,196,0.34722222222222143,0.0015229044834307957
491,7.659834287076777,0.28320414383270637,1784.7413888888889,233,26,0.0,0.0
492,6.014918785310734,0.3163230378247713,1419.5208333333333,236,0,0.0,0.0
493,10.897943989071038,0.29951147619261,2659.0983333333334,244,244,463.09833333333336,1.8979439890710383
494,6.443813352826511,0.2747593202735525,1469.1894444444445,228,0,0.0,0.0
495,7.827982941447671,0.2871861268260226,1886.543888888889,241,65,0.0,0.0
496,10.819737268518518,0.2970169741799759,2596.7369444444444,240,240,436.7369444444445,1.8197372685185187
497,7.626725768321513,0.3108334327140934,1792.2805555555556,235,28,0.0,0.0
498,7.3994878829446735,0.3105263037421922,1798.0755555555556,243,5,0.0,0.0
499,7.197954014939309,0.28830335689500536,1713.1130555555555,238,2,0.0,0.0
500,7.064413580246914,0.302914980160426,1716.6525,243,0,0.0,0.0
501,8.10601775011526,0.29117240626428176,1953.5502777777779,241,159,0.0,0.0
502,6.67149931693989,0.30011825369565587,1627.8458333333333,244,0,0.0,0.0
503,7.780307621671258,0.3002493431331851,1882.8344444444444,242,59,0.0,0.0
504,6.0826198955365625,0.2933879175388096,1423.3330555555556,234,0,0.0,0.0
505,8.209500962000963,0.29495415812223347,1896.3947222222223,231,174,0.0,0.0
506,9.218184198542804,0.3188529476722027,2249.2369444444444,244,244,64.53944444444444,0.2645059198542805
507,7.768436639118457,0.2963598355180449,1879.9616666666666,242,53,0.0,0.0
508,7.590477357609711,0.2975043878745923,1806.5336111111112,238,16,0.0,0.0
509,9.595219610636278,0.2935048140695247,2245.281388888889,234,234,139.88611111111112,0.597803893637227
510,7.26327536231884,0.30267341700795364,1670.5533333333333,230,5,0.0,0.0
511,6.117728613569321,0.30837735472666394,1382.6066666666666,226,0,0.0,0.0
512,7.708791383219954,0.3090126072350493,1888.6538888888888,245,45,0.0,0.0
513,7.396068376068376,0.31530875792948426,1730.68,234,4,0.0,0.0
514,7.5718037974683545,0.30654101874549855,1794.5175,237,22,0.0,0.0
515,6.912598950882213,0.27116623944474255,1610.6355555555556,233,0,0.0,0.0
516,6.608065134099617,0.309093397637752,1533.0711111111111,232,0,0.0,0.0
517,6.108080029368575,0.2994048221284256,1386.5341666666666,227,0,0.0,0.0
518,7.925064545873675,0.2738690426165651,1909.9405555555556,241,102,0.0,0.0
519,9.111901005944215,0.28204077437737757,2214.1919444444443,243,243,43.01027777777779,0.17699702789208965
520,6.6217576419213975,0.2813228128960251,1516.3825,229,0,0.0,0.0
521,10.988871455137145,0.30718406749210403,2626.340277777778,239,239,475.34027777777777,1.9888714551371456
522,8.716918044077136,0.2601545317001245,2109.494166666667,242,242,3.859166666666667,0.0159469696969697
523,7.419935622317596,0.29921996952025415,1728.845,233,6,0.0,0.0
524,7.517420634920635,0.31050205606285813,1736.5241666666666,231,12,0.0,0.0
525,6.2512734339277545,0.3045634893715722,1519.0594444444444,243,0,0.0,0.0
526,7.878476324425692,0.33099024023220563,1867.1988888888889,237,81,0.0,0.0
527,7.293590579710145,0.2982366149372519,1677.5258333333334,230,3,0.0,0.0
528,7.923936741363212,0.3018194358388564,1885.8969444444444,238,99,0.0,0.0
529,8.007610882487427,0.2912406232218999,1945.8494444444445,243,124,0.0,0.0
530,6.733892496392497,0.3097527307611388,1555.5291666666667,231,0,0.0,0.0
531,6.612759487882944,0.2963458179866241,1606.9005555555555,243,0,0.0,0.0
532,6.190119870908253,0.3274699929709637,1491.818888888889,241,0,0.0,0.0
533,6.412309251311397,0.2838948052000575,1494.0680555555555,233,0,0.0,0.0
534,9.812394349477682,0.30495502999930896,2296.1002777777776,234,234,190.27027777777778,0.8131208452041785
535,7.795180737506065,0.29718108333534826,1785.096388888889,229,61,0.0,0.0
536,6.665248419150858,0.2998037640566993,1639.651111111111,246,0,0.0,0.0
537,6.688168328584995,0.2622114282508871,1565.0313888888888,234,0,0.0,0.0
538,10.582439909297053,0.3138645171713979,2592.697777777778,245,245,387.6977777777778,1.5824399092970522
539,10.899974537037036,0.2919464532078961,2615.9938888888887,240,240,455.9938888888889,1.899974537037037
540,7.810643776824035,0.3037715698448387,1819.88,233,60,0.0,0.0
541,10.211385327635327,0.2982078344838283,2389.4641666666666,234,234,283.46416666666664,1.2113853276353275
542,6.781549408014572,0.27894473073643594,1654.6980555555556,244,0,0.0,0.0
543,6.296936170212766,0.3092688056126614,1479.78,235,0,0.0,0.0
544,10.463207994579946,0.3179016143684446,2573.9491666666668,246,246,359.94916666666666,1.4632079945799457
545,8.041233424782808,0.27742440555926234,1954.0197222222223,243,139,0.0,0.0
546,7.120342066957788,0.3061922773690473,1630.5583333333334,229,0,0.0,0.0
547,6.210528752436647,0.2722569153107845,1416.0005555555556,228,0,0.0,0.0
548,6.015613026819923,0.30863085545669317,1395.6222222222223,232,0,0.0,0.0
549,7.982319788797062,0.29924118294805174,1931.721388888889,242,120,0.0,0.0
550,10.697828385065227,0.3012432411520022,2642.363611111111,247,247,419.36361111111114,1.6978283850652274
551,6.323727053140097,0.3077049013265005,1454.4572222222223,230,0,0.0,0.0
552,6.89652719174871,0.28236545457533296,1634.4769444444444,237,0,0.0,0.0
553,6.399091970121382,0.28941410926474403,1522.983888888889,238,0,0.0,0.0
554,7.389816810344827,0.32279757709747714,1714.4375,232,5,0.0,0.0
555,7.119895264116576,0.30280069869545195,1737.2544444444445,244,0,0.0,0.0
556,7.1997842155460186,0.27620118821084605,1677.5497222222223,233,0,0.0,0.0
557,5.983684270690444,0.30851409295028004,1454.0352777777778,243,0,0.0,0.0
558,10.518713512241055,0.2899119347457996,2482.416388888889,236,236,358.4163888888889,1.5187135122410547
559,6.195073915116834,0.30602645461850786,1443.4522222222222,233,0,0.0,0.0
560,7.195747584541063,0.29036938053209127,1655.0219444444444,230,0,0.0,0.0
561,6.6062621832358674,0.2837036443997395,1506.2277777777779,228,0,0.0,0.0
562,7.4839790448343075,0.30183308437336553,1706.3472222222222,228,7,0.0,0.0
563,6.5963852498787,0.3133303096300721,1510.5722222222223,229,0,0.0,0.0
564,7.172206521739131,0.2994718034343447,1649.6075,230,0,0.0,0.0
565,8.026111111111112,0.30737553348178515,1846.0055555555555,230,128,0.0,0.0
566,7.10237188697318,0.3010831925149965,1647.7502777777777,232,0,0.0,0.0
567,7.202196251129178,0.31956907105050314,1771.7402777777777,246,2,0.0,0.0
568,10.8985589569161,0.31722130477669747,2670.146944444444,245,245,465.14694444444444,1.8985589569160997
569,6.523463618485742,0.2924888390137214,1474.3027777777777,226,0,0.0,0.0
570,10.684742231638419,0.29123149218132494,2521.599166666667,236,236,397.5991666666667,1.6847422316384182
571,6.993391500474834,0.29223473232329483,1636.453611111111,234,0,0.0,0.0
572,8.983830721747388,0.2894631003848922,2102.216388888889,234,234,25.13638888888889,0.10742046533713201
573,8.124268207282913,0.3021326408651671,1933.5758333333333,238,153,0.0,0.0
574,7.1295670995671,0.2997310707308912,1646.93,231,1,0.0,0.0
575,8.00203096539162,0.2738386347910778,1952.4955555555555,244,126,0.0,0.0
576,7.4150274201239865,0.2982611180282523,1727.701388888889,233,3,0.0,0.0
577,7.086783816425121,0.30412861424825477,1629.9602777777777,230,0,0.0,0.0
578,6.802122359963269,0.29695912428016846,1646.1136111111111,242,0,0.0,0.0
579,6.792666201766621,0.31128965081716525,1623.4472222222223,239,0,0.0,0.0
580,6.714373219373219,0.2997803701906139,1571.1633333333334,234,0,0.0,0.0
581,8.01858706108706,0.32358328147861476,1852.2936111111112,231,116,0.0,0.0
582,7.694989177489178,0.31362412556988684,1777.5425,231,39,0.0,0.0
583,7.065130934899657,0.30558810866409863,1603.7847222222222,227,1,0.0,0.0
584,7.90828216374269,0.31006733309848533,1803.0883333333334,228,79,0.0,0.0
585,10.291057422969187,0.2895352765695819,2449.2716666666665,238,238,307.2716666666667,1.2910574229691878
586,7.521268861454047,0.29168146013339924,1827.6683333333333,243,12,0.0,0.0
587,7.689250806823421,0.3066508949538841,1853.1094444444445,241,37,0.0,0.0
588,10.515668510834487,0.28744217086439283,2534.2761111111113,241,241,365.2761111111111,1.5156685108344858
589,6.89815166432255,0.2868876702583633,1634.8619444444444,237,0,0.0,0.0
590,7.492503429355281,0.3021614400690996,1820.6783333333333,243,14,0.0,0.0
591,7.986484953703704,0.2839691116461028,1916.756388888889,240,121,0.0,0.0
592,7.510137741046832,0.2794186852280749,1817.4533333333334,242,13,0.0,0.0
593,6.5948269980506815,0.30265537025109446,1503.6205555555555,228,0,0.0,0.0
594,6.282283677482792,0.27103393516620394,1419.796111111111,226,0,0.0,0.0
595,7.468521241830065,0.300185510965238,1777.5080555555555,238,14,0.0,0.0
596,7.285244072524407,0.3238908955721552,1741.1733333333334,239,1,0.0,0.0
597,8.797695810564663,0.3185136240502749,2146.637777777778,244,242,12.388888888888888,0.050774134790528225
598,6.775005715592135,0.3071062282673835,1646.326388888889,243,0,0.0,0.0
599,6.699550094966762,0.2682880175295979,1567.6947222222223,234,0,0.0,0.0
600,10.402478354978355,0.3013641091559738,2402.9725,231,231,323.97249999999997,1.4024783549783548
601,5.996221993598536,0.2729508858579735,1457.0819444444444,243,0,0.0,0.0
602,8.894559306141584,0.29544390822984534,2108.0105555555556,237,237,17.103055555555564,0.07216479137365217
603,9.878622831692452,0.28470812260002953,2341.2336111111113,237,237,208.33972222222224,0.8790705578996719
604,5.993167372881356,0.28790196529408735,1414.3875,236,0,0.0,0.0
605,6.1708656609195405,0.30414610861413405,1431.6408333333334,232,0,0.0,0.0
606,7.820513361462728,0.273738173085915,1853.4616666666666,237,61,0.0,0.0
607,7.181788194444445,0.30910875135340965,1723.6291666666666,240,2,0.0,0.0
608,7.494121557454891,0.27465989083120823,1753.6244444444444,234,9,0.0,0.0
609,6.791671583087512,0.3083590924226159,1534.9177777777777,226,0,0.0,0.0
610,7.228327522082752,0.2986518227819342,1727.5702777777778,239,0,0.0,0.0
611,7.196454031465094,0.28666900334653717,1626.3986111111112,226,0,0.0,0.0
612,7.289913267698078,0.3208693110154891,1727.7094444444444,237,4,0.0,0.0
613,8.498400423728814,0.3215109288883017,2005.6225,236,219,1.6850000000000005,0.007139830508474578
614,6.56247552618698,0.29014669747801913,1489.6819444444445,227,0,0.0,0.0
615,6.017825712881023,0.2906531315690858,1360.028611111111,226,0,0.0,0.0
616,6.583521348859777,0.300375275221091,1507.6263888888889,229,0,0.0,0.0
617,6.008942837465565,0.2988957979425828,1454.1641666666667,242,0,0.0,0.0
618,7.590850914205345,0.31844850788949897,1799.0316666666668,237,23,0.0,0.0
619,6.2810387488328665,0.3094373993104679,1494.8872222222221,238,0,0.0,0.0
620,6.215752415458937,0.2857722914566064,1429.6230555555555,230,0,0.0,0.0
621,7.501866898148148,0.3064960233470341,1800.4480555555556,240,11,0.0,0.0
622,8.617627847512784,0.28992563230548557,2059.6130555555555,239,234,2.9352777777777757,0.012281496978149689
623,7.2657635933806155,0.29556586325646494,1707.4544444444446,235,2,0.0,0.0
624,8.392867996201328,0.29189542617210146,1963.931111111111,234,216,0.30833333333333357,0.0013176638176638188
625,8.036303688141924,0.3037785521589246,1912.6402777777778,238,123,0.0,0.0
626,6.055536562203229,0.28404720448024223,1416.9955555555555,234,0,0.0,0.0
627,7.291101449275362,0.3115874101269125,1676.9533333333334,230,3,0.0,0.0
628,8.01433970856102,0.30939969094954994,1955.4988888888888,244,116,0.0,0.0
629,9.183357843137255,0.30930666808621904,2185.639166666667,238,238,56.13666666666668,0.2358683473389356
630,9.52881179138322,0.3017171398768851,2334.5588888888888,245,245,130.79861111111111,0.5338718820861678
631,9.807640027322403,0.30648839554108814,2393.0641666666666,244,244,197.13027777777776,0.8079109744990892
632,9.17621483071054,0.3027371939494862,2138.0580555555557,233,233,53.71444444444444,0.23053409632808772
633,6.31840539284054,0.32246424810350416,1510.098888888889,239,0,0.0,0.0
634,6.005806030389364,0.29330447617307753,1405.358611111111,234,0,0.0,0.0
635,8.388885357815443,0.31006080887715876,1979.7769444444446,236,213,1.5000000000000018,0.006355932203389838
636,7.376378019323671,0.2870794527512784,1696.5669444444445,230,3,0.0,0.0
637,7.671983151183971,0.28588784692004654,1871.963888888889,244,32,0.0,0.0
638,8.591818287037036,0.29542823088134595,2062.0363888888887,240,237,3.5330555555555545,0.01472106481481481
639,7.271392419962335,0.3082546323439865,1716.048611111111,236,1,0.0,0.0
640,7.370457175925925,0.2804799351805654,1768.9097222222222,240,3,0.0,0.0
641,6.5930100373482725,0.32300922500259205,1569.1363888888889,238,0,0.0,0.0
642,6.701772197962154,0.3240266064239044,1534.7058333333334,229,0,0.0,0.0
643,6.086726108824874,0.28009496262988637,1479.0744444444445,243,0,0.0,0.0
644,6.085262855831037,0.2948190757969787,1472.6336111111111,242,0,0.0,0.0
645,7.984060846560846,0.2996556265510158,1844.3180555555555,231,102,0.0,0.0
646,8.795437641723355,0.2993021243094545,2154.882222222222,245,245,11.943611111111109,0.04874943310657595
647,6.1804967727063165,0.2847470993013426,1489.4997222222223,241,0,0.0,0.0
648,6.917482492997199,0.30481240129187553,1646.3608333333334,238,0,0.0,0.0
649,5.984335901027078,0.29613731999661985,1424.2719444444444,238,0,0.0,0.0
650,7.0229673342870775,0.2802124780691711,1636.351388888889,233,0,0.0,0.0
651,11.030960351377018,0.31508124908982826,2581.244722222222,234,234,475.2447222222222,2.030960351377018
652,10.783780400572246,0.2837746716834823,2512.6208333333334,233,233,415.62083333333334,1.7837804005722462
653,7.485170093000489,0.30620251628301115,1699.1336111111111,227,10,0.0,0.0
654,9.204768897996358,0.3058213979009534,2245.9636111111113,244,244,60.907500000000006,0.24962090163934428
655,8.687972789115646,0.3031586123089156,2128.5533333333333,245,242,5.4655555555555555,0.022308390022675737
656,9.878690476190476,0.31501982847413984,2281.9775,231,231,203.08777777777777,0.8791678691678692
657,9.622883101851851,0.3255076828486855,2309.4919444444445,240,240,150.32083333333333,0.6263368055555555
658,7.5946807284462885,0.2742722100116468,1830.3180555555555,241,20,0.0,0.0
659,6.90110177404295,0.2849387675104347,1642.4622222222222,238,0,0.0,0.0
660,8.918751157407407,0.2799421501707471,2140.5002777777777,240,240,18.774722222222216,0.07822800925925924
661,10.986178861788618,0.3128783108763047,2702.6,246,246,488.6,1.986178861788618
662,6.592285137701804,0.3074898517673869,1542.5947222222221,234,0,0.0,0.0
663,6.795719907407407,0.3192208139179256,1630.9727777777778,240,0,0.0,0.0
664,10.374410628019323,0.2656151919515585,2386.1144444444444,230,230,316.1144444444445,1.3744106280193238
665,7.808195035460993,0.3102481187745837,1834.9258333333332,235,64,0.0,0.0
666,7.497001182033097,0.2909915162082766,1761.7952777777778,235,9,0.0,0.0
667,10.482086720867208,0.3115732847558696,2578.5933333333332,246,246,364.59333333333336,1.4820867208672088
668,9.421422127255461,0.3051313419801789,2204.612777777778,234,234,102.48,0.437948717948718
669,6.4132996632996635,0.31022692604090313,1481.4722222222222,231,0,0.0,0.0
670,10.608310841205578,0.3203780661710102,2620.2527777777777,247,247,397.2527777777778,1.6083108412055782
671,5.981031411157994,0.300074701505351,1417.5044444444445,237,0,0.0,0.0
672,9.709561781609196,0.30956996734559916,2252.6183333333333,232,232,164.7175,0.7099892241379311
673,6.9883248423095585,0.3026308116066052,1600.326388888889,229,0,0.0,0.0
674,9.513817167577413,0.3101105998885549,2321.3713888888888,244,244,126.55472222222221,0.5186668943533698
675,8.406775878442545,0.2880670579759779,1967.1855555555555,234,220,0.5766666666666662,0.0024643874643874623
676,6.7996697663328565,0.3004150268906125,1584.3230555555556,233,0,0.0,0.0
677,7.983291427203065,0.3093235757934656,1852.1236111111111,232,116,0.0,0.0
678,6.805245961820852,0.30595668283682775,1544.7908333333332,227,0,0.0,0.0
679,6.02348317196865,0.3146819892087994,1451.6594444444445,241,0,0.0,0.0
680,8.390134335154826,0.2979956417835359,2047.1927777777778,244,220,0.5505555555555546,0.002256375227686699
681,6.035505604288499,0.2942624990981356,1376.0952777777777,228,0,0.0,0.0
682,6.4912324929972,0.296403375895406,1544.9133333333334,238,0,0.0,0.0
683,7.722481634527089,0.3235510572690603,1868.8405555555555,242,47,0.0,0.0
684,6.226381856540084,0.28774653372104836,1475.6525,237,0,0.0,0.0
685,6.7228310185185185,0.2914522297232308,1613.4794444444444,240,0,0.0,0.0
686,7.708216807909604,0.31376441990747594,1819.1391666666666,236,35,0.0,0.0
687,8.013723628691983,0.30461865710874875,1899.2525,237,118,0.0,0.0
688,10.404741297091082,0.2976595554006267,2424.304722222222,233,233,327.3047222222222,1.4047412970910824
689,9.801315667131567,0.3180168800021327,2342.5144444444445,239,239,191.5427777777778,0.8014342166434217
690,9.974500466853408,0.3085045637741011,2373.931111111111,238,238,231.9311111111111,0.974500466853408
691,10.40651183970856,0.31698114493523094,2539.188888888889,244,244,343.18888888888887,1.406511839708561
692,6.005927823315118,0.2755860993044753,1465.4463888888888,244,0,0.0,0.0
693,10.098737922705315,0.2992448935055683,2322.7097222222224,230,230,252.7097222222222,1.098737922705314
694,7.8250969827586205,0.28537519402144446,1815.4225,232,60,0.0,0.0
695,9.078821513002364,0.2882827103557028,2133.5230555555554,235,235,36.768888888888895,0.1564633569739953
696,5.984569383794274,0.2912470530436285,1370.4663888888888,229,0,0.0,0.0
697,9.682367503486752,0.31590162719007375,2314.0858333333335,239,239,163.76333333333335,0.6852022315202232
698,6.600917397660819,0.28730173461046626,1505.0091666666667,228,0,0.0,0.0
699,8.004705459770115,0.2969332899705562,1857.0916666666667,232,114,0.0,0.0
700,7.306210648148149,0.3057374195601433,1753.4905555555556,240,2,0.0,0.0
701,7.377629009762901,0.3057380966540198,1763.2533333333333,239,4,0.0,0.0
702,5.978105646630237,0.3086215405095134,1458.6577777777777,244,0,0.0,0.0
703,7.670687943262411,0.2897745690708252,1802.6116666666667,235,29,0.0,0.0
704,9.504919278252613,0.2773586252475139,2224.1511111111113,234,234,118.4925,0.5063782051282052
705,9.523341503267975,0.3233995603182951,2266.555277777778,238,238,127.02694444444444,0.5337266573295985
706,6.590448898265354,0.2960583037475738,1561.9363888888888,237,0,0.0,0.0
707,7.251989325570111,0.3048559891257342,1660.7055555555555,229,1,0.0,0.0
708,6.313608663729809,0.32164791748010274,1433.1891666666668,227,0,0.0,0.0
709,8.50975982532751,0.2872556940090542,1948.735,229,220,0.9033333333333324,0.003944687045123722
710,6.106740984405459,0.3376420912735576,1392.3369444444445,228,0,0.0,0.0
711,6.106379392212726,0.2994787169339277,1428.8927777777778,234,0,0.0,0.0
712,7.624390495867768,0.2933159825539797,1845.1025,242,31,0.0,0.0
713,7.117143189214319,0.29579476974353425,1700.9972222222223,239,0,0.0,0.0
714,7.469346549192364,0.2827998548126143,1695.5416666666667,227,6,0.0,0.0
715,7.890327868852459,0.30761801133668504,1925.24,244,87,0.0,0.0
716,7.175936438622028,0.28641942656203623,1643.2894444444444,229,1,0.0,0.0
717,7.3589580403188,0.2689925056335587,1744.0730555555556,237,2,0.0,0.0
718,8.709841106538638,0.29742372114808924,2116.491388888889,243,240,5.811388888888892,0.02391518061271149
719,10.396509456264775,0.3172428737685713,2443.179722222222,235,235,328.1797222222222,1.3965094562647753
720,6.400724121557455,0.30949576052757194,1497.7694444444444,234,0,0.0,0.0
721,6.503203860640301,0.29550456638636285,1534.756111111111,236,0,0.0,0.0
722,7.227850189933523,0.2916582083715141,1691.3169444444445,234,0,0.0,0.0
723,7.686837068160598,0.29939252061425103,1829.4672222222223,238,32,0.0,0.0
724,9.13640848317197,0.28898060543334914,2201.8744444444446,241,241,46.775000000000006,0.1940871369294606
725,6.3929461651917405,0.2986539406272246,1444.8058333333333,226,0,0.0,0.0
726,7.911889604196471,0.2749801715286896,1843.4702777777777,233,83,0.0,0.0
727,6.7222815764482435,0.3197001999731923,1573.013888888889,234,0,0.0,0.0
728,10.895542770804276,0.30648410737041315,2604.034722222222,239,239,453.03472222222223,1.8955427708042771
729,10.252200854700854,0.31654879992488427,2532.293611111111,247,247,309.2936111111111,1.2522008547008545
730,7.1118498301795245,0.2852497036065455,1628.6136111111111,229,0,0.0,0.0
731,10.68077731092437,0.30262261791214584,2542.025,238,238,400.025,1.6807773109243695
732,10.397079831932773,0.3200746273201879,2474.505,238,238,332.505,1.397079831932773
733,7.779559027777778,0.3006947055681117,1867.0941666666668,240,55,0.0,0.0
734,10.406151819923371,0.2994449614845118,2414.2272222222223,232,232,326.2272222222222,1.4061518199233716
735,6.613607624360762,0.2846079665097621,1580.6522222222222,239,0,0.0,0.0
736,7.2260580912863075,0.3006591316724796,1741.48,241,1,0.0,0.0
737,9.105581340834505,0.2886363610661314,2158.0227777777777,237,237,40.56194444444444,0.1711474449132677
738,9.720646591970121,0.278926064490314,2313.5138888888887,238,238,171.54,0.7207563025210084
739,10.324486531986532,0.29636985419919043,2384.956388888889,231,231,305.9563888888889,1.324486531986532
740,9.997716689718764,0.2970774695889456,2409.449722222222,241,241,240.44972222222222,0.9977166897187644
741,6.296890123456791,0.3178355984781364,1416.8002777777779,225,0,0.0,0.0
742,6.075256680731364,0.2891185508736602,1439.8358333333333,237,0,0.0,0.0
743,6.478247044917258,0.310123781141816,1522.3880555555556,235,0,0.0,0.0
744,7.522206521739131,0.31590892057242526,1730.1075,230,16,0.0,0.0
745,7.686039855072464,0.2878784265007212,1767.7891666666667,230,30,0.0,0.0
746,7.972668128654971,0.2651663917999689,1817.7683333333334,228,104,0.0,0.0
747,6.805875788452207,0.31500852473901697,1558.5455555555554,229,0,0.0,0.0
748,6.217927616413093,0.2980489043666079,1498.5205555555556,241,0,0.0,0.0
749,7.083067226890757,0.294760753230028,1685.77,238,0,0.0,0.0
750,8.584576661814653,0.27629552205418795,1965.8680555555557,229,224,1.594166666666668,0.006961426491994184
751,6.19813768115942,0.30795891078168414,1425.5716666666667,230,0,0.0,0.0
752,10.612399503161699,0.2814008419722476,2610.650277777778,246,246,396.6502777777778,1.6123995031616982
753,7.483309489747258,0.2871540945542725,1743.611111111111,233,5,0.0,0.0
754,9.401894586894588,0.31284083223416753,2200.0433333333335,234,234,97.14472222222223,0.41514838556505224
755,7.30347337962963,0.2922622662844305,1752.8336111111112,240,2,0.0,0.0
756,7.538799319727891,0.29914302263860754,1847.0058333333334,245,11,0.0,0.0
757,7.2914336158192095,0.28643915521093666,1720.7783333333334,236,2,0.0,0.0
758,7.603156676413255,0.3019946970154307,1733.5197222222223,228,19,0.0,0.0
759,8.038707264957264,0.2955330987959746,1881.0575,234,123,0.0,0.0
760,7.189699359853681,0.28955149030844163,1747.0969444444445,243,0,0.0,0.0
761,6.329309056956116,0.3098222727394754,1506.3755555555556,238,0,0.0,0.0
762,7.316132653061225,0.2938608654780403,1792.4525,245,1,0.0,0.0
763,7.789321378340365,0.28922970493592487,1846.0691666666667,237,52,0.0,0.0
764,7.221421706516643,0.28700528930014035,1711.4769444444444,237,0,0.0,0.0
765,7.603537195994278,0.30295352463713016,1771.6241666666667,233,24,0.0,0.0
766,6.623406369731801,0.2974854797867591,1536.6302777777778,232,0,0.0,0.0
767,6.299673812816966,0.2898913588942929,1518.221388888889,241,0,0.0,0.0
768,9.67537900188324,0.30407917373560744,2283.3894444444445,236,236,160.14499999999998,0.6785805084745762
769,7.485165260196905,0.27132918604594874,1773.9841666666666,237,9,0.0,0.0
770,6.1018795888399415,0.3157119467449319,1385.1266666666668,227,0,0.0,0.0
771,10.499181527206218,0.27516794427501856,2551.301111111111,243,243,364.30111111111114,1.4991815272062188
772,6.390747584541063,0.3025085299349352,1469.8719444444444,230,0,0.0,0.0
773,6.676340479483633,0.3154102229761683,1608.9980555555555,241,0,0.0,0.0
774,6.667140522875817,0.31548462951019085,1586.7794444444444,238,0,0.0,0.0
775,9.4125971650663,0.27222198402585224,2287.261111111111,243,243,102.01583333333335,0.41981824417009606
776,6.8077704997574,0.3039072700088171,1558.9794444444444,229,0,0.0,0.0
777,10.50107328605201,0.29866845208113746,2467.7522222222224,235,235,352.7522222222222,1.5010732860520093
778,6.649557522123893,0.3007804620209962,1502.8,226,0,0.0,0.0
779,10.30844421582076,0.282767192333455,2504.9519444444445,243,243,317.95194444444445,1.308444215820759
780,10.611550332383665,0.30324807450323976,2483.1027777777776,234,234,377.10277777777776,1.6115503323836657
781,7.119044917257683,0.28590856305095125,1672.9755555555555,235,0,0.0,0.0
782,7.405662393162393,0.3103327659829946,1732.925,234,8,0.0,0.0
783,8.033875114784205,0.296876706034995,1944.1977777777777,242,138,0.0,0.0
784,6.488941344778255,0.30216618721680427,1511.9233333333334,233,0,0.0,0.0
785,6.603619565217391,0.3262661655095314,1518.8325,230,0,0.0,0.0
786,6.909737654320987,0.3171709211028731,1616.878611111111,234,0,0.0,0.0
787,6.783873905025358,0.31319617839441316,1634.913611111111,241,0,0.0,0.0
788,6.513810185185185,0.29864608994386477,1563.3144444444445,240,0,0.0,0.0
789,6.923727231329691,0.29689113567316133,1689.3894444444445,244,0,0.0,0.0
790,7.28843487394958,0.299889225045243,1734.6475,238,5,0.0,0.0
791,6.880241290018832,0.31280281725854897,1623.7369444444444,236,0,0.0,0.0
792,6.058786610878661,0.3394523820048968,1448.05,239,0,0.0,0.0
793,7.300039158100832,0.3005054417629159,1657.108888888889,227,0,0.0,0.0
794,7.579750712250712,0.2749960329878062,1773.6616666666666,234,16,0.0,0.0
795,6.094781400966184,0.3153976283541087,1401.7997222222223,230,0,0.0,0.0
796,7.580286231884059,0.3115790298704398,1743.4658333333334,230,19,0.0,0.0
797,6.893671139359698,0.34029475761119415,1626.9063888888888,236,0,0.0,0.0
798,6.305397865114022,0.2960083016114346,1443.9361111111111,229,0,0.0,0.0
799,6.538028233151183,0.3073321556831916,1595.2788888888888,244,0,0.0,0.0
800,7.796020804755372,0.2917263425093958,1894.4330555555555,243,60,0.0,0.0
801,8.512823691460056,0.30292684870457975,2060.1033333333335,242,234,1.430833333333334,0.005912534435261711
802,6.602291972589329,0.3087925740804499,1498.7202777777777,227,0,0.0,0.0
803,8.521810920362423,0.2927478899696809,1985.5819444444444,233,226,1.8374999999999986,0.007886266094420594
804,7.350506741050674,0.28403783213791256,1756.7711111111112,239,4,0.0,0.0
805,10.292641746684955,0.3165018947317312,2501.1119444444444,243,243,314.1119444444444,1.2926417466849565
806,7.0301909007773205,0.311679134227823,1708.336388888889,243,0,0.0,0.0
807,6.101496786042241,0.31624995203179196,1476.5622222222223,242,0,0.0,0.0
808,10.69115721040189,0.27498708717156956,2512.4219444444443,235,235,397.4219444444444,1.691157210401891
809,7.898539389799636,0.30264058545423606,1927.243611111111,244,89,0.0,0.0
810,10.849712962962963,0.28209969133389867,2603.931111111111,240,240,443.93111111111114,1.8497129629629632
811,7.588862704918032,0.30101455423364204,1851.6825,244,24,0.0,0.0
812,6.122644675925926,0.30294391578101176,1469.4347222222223,240,0,0.0,0.0
813,6.962416789035732,0.30192955665641513,1580.4686111111112,227,0,0.0,0.0
814,6.400011921793038,0.29507765849568285,1491.2027777777778,233,0,0.0,0.0
815,7.121506147540984,0.28703630001260083,1737.6475,244,0,0.0,0.0
816,5.973506038647343,0.30476988891456114,1373.9063888888888,230,0,0.0,0.0
817,8.459304954304955,0.3016647025701609,1954.0994444444445,231,219,0.788333333333334,0.0034126984126984154
818,7.424210832171083,0.288677761431214,1774.3863888888889,239,9,0.0,0.0
819,7.000416666666667,0.27523883918767456,1596.095,228,0,0.0,0.0
820,6.523200783771323,0.30779044220985996,1572.0913888888888,241,0,0.0,0.0
821,7.881761280931587,0.29113112640557953,1804.9233333333334,229,78,0.0,0.0
822,7.125110867446394,0.32609435043361784,1624.5252777777778,228,0,0.0,0.0
823,7.023544260027663,0.30434039730380164,1692.6741666666667,241,0,0.0,0.0
824,6.203768801552644,0.29417451962999347,1420.6630555555555,229,0,0.0,0.0
825,7.709598765432099,0.31761458331058884,1804.046111111111,234,40,0.0,0.0
826,7.620850241545894,0.29633443068993875,1752.7955555555557,230,22,0.0,0.0
827,10.289966761633428,0.32097258147479435,2407.8522222222223,234,234,301.8522222222222,1.2899667616334283
828,6.3646038647343,0.3016138295109019,1463.858888888889,230,0,0.0,0.0
829,9.983714689265538,0.31653452781313735,2356.1566666666668,236,236,232.33277777777778,0.984460922787194
830,10.494251676245211,0.34375419173405514,2434.666388888889,232,232,346.6663888888889,1.4942516762452107
831,6.595753472222222,0.33030090865928746,1582.9808333333333,240,0,0.0,0.0
832,8.006495911495911,0.31815869407080677,1849.5005555555556,231,123,0.0,0.0
833,6.202246732026144,0.30413036716988107,1476.1347222222223,238,0,0.0,0.0
834,7.208550309966619,0.2913996347836013,1679.5922222222223,233,0,0.0,0.0
835,6.04475360297536,0.29208912756921196,1444.6961111111111,239,0,0.0,0.0
836,8.067896174863387,0.3068502942915054,1968.5666666666666,244,142,0.0,0.0
837,6.323114997713763,0.3098892663679957,1536.5169444444443,243,0,0.0,0.0
838,10.617287649219467,0.2832164088413125,2569.383611111111,242,242,391.3836111111111,1.6172876492194674
839,8.432153916211293,0.3118242097207439,2057.4455555555555,244,226,1.3963888888888896,0.005722905282331514
840,6.096182277318641,0.28336879412000826,1475.276111111111,242,0,0.0,0.0
841,8.382793847566575,0.3037008229222573,2028.6361111111112,242,221,0.6444444444444439,0.002662993572084479
842,6.594626113455227,0.3094185116429164,1562.9263888888888,237,0,0.0,0.0
843,7.77234075670498,0.3157456209294859,1803.1830555555555,232,55,0.0,0.0
844,7.27428999538958,0.32696915789224273,1753.1038888888888,241,3,0.0,0.0
845,9.089532103825137,0.30466294816395384,2217.8458333333333,244,244,42.764999999999986,0.1752663934426229
846,7.859650726676043,0.2984643550049743,1862.7372222222223,237,80,0.0,0.0
847,7.7590975103734445,0.3034917492352275,1869.9425,241,52,0.0,0.0
848,7.108776115859449,0.2896592924565695,1663.453611111111,234,0,0.0,0.0
849,7.376322173702086,0.2948922675544306,1689.1777777777777,229,4,0.0,0.0
850,6.928822640632264,0.2856009108754809,1655.9886111111111,239,0,0.0,0.0
851,6.80815801457195,0.28574209692378516,1661.1905555555556,244,0,0.0,0.0
852,6.500898903195041,0.2887963789680736,1514.7094444444444,233,0,0.0,0.0
853,9.684859913793103,0.3034836813996842,2246.8875,232,232,159.34583333333333,0.6868354885057472
854,6.5080817395264114,0.2984717499112552,1587.9719444444445,244,0,0.0,0.0
855,7.6001531778692275,0.2952998084544132,1846.8372222222222,243,22,0.0,0.0
856,7.381282051282051,0.29306089623547393,1727.22,234,4,0.0,0.0
857,7.112005507662835,0.3195008356174285,1649.9852777777778,232,2,0.0,0.0
858,7.422164109716411,0.2763823725353972,1773.8972222222221,239,4,0.0,0.0
859,6.372202041785375,0.31114911470239964,1491.0952777777777,234,0,0.0,0.0
860,6.133991228070175,0.31760352686364335,1398.55,228,0,0.0,0.0
861,7.30157019990702,0.297814987728234,1745.0752777777777,239,4,0.0,0.0
862,7.00611581920904,0.33568243374738954,1653.4433333333334,236,1,0.0,0.0
863,7.2450107758620685,0.3029717158752246,1680.8425,232,2,0.0,0.0
864,7.427548100048099,0.2800153999685303,1715.763611111111,231,3,0.0,0.0
865,8.108851383028599,0.28698279469421395,1921.7977777777778,237,160,0.0,0.0
866,9.299442007797271,0.309778633604273,2120.2727777777777,228,228,74.90138888888887,0.3285148635477582
867,7.768857142857143,0.30862644976383197,1903.37,245,52,0.0,0.0
868,6.832889123300516,0.3013197494397519,1619.3947222222223,237,0,0.0,0.0
869,9.387326388888889,0.30499149695806405,2252.9583333333335,240,240,96.3863888888889,0.4016099537037038
870,6.664042824074074,0.28050573622681485,1599.3702777777778,240,0,0.0,0.0
871,9.21666075650118,0.30183447816614534,2165.9152777777776,235,235,60.65388888888889,0.25810165484633574
872,5.996898719707362,0.30427998391070715,1457.246388888889,243,0,0.0,0.0
873,6.391757741347906,0.28554647705519515,1559.588888888889,244,0,0.0,0.0
874,5.9954394157088124,0.2817426087554128,1390.9419444444445,232,0,0.0,0.0
875,6.491637115839243,0.29503517692912856,1525.5347222222222,235,0,0.0,0.0
876,7.030567738791423,0.28363520310738444,1602.9694444444444,228,0,0.0,0.0
877,7.3205448259418215,0.31325695076553184,1705.6869444444444,233,4,0.0,0.0
878,6.5991343937298295,0.31285679464272115,1590.391388888889,241,0,0.0,0.0
879,8.417341772151898,0.2997468667824468,1994.91,237,218,0.36666666666666714,0.0015471167369901567
880,8.882230426629162,0.2959154632073722,2105.0886111111113,237,237,16.998611111111103,0.07172409751523671
881,9.425232053040695,0.29951167904692544,2290.331388888889,243,243,106.65444444444442,0.43890717878372193
882,6.344614463601533,0.2853261161547027,1471.9505555555556,232,0,0.0,0.0
883,8.78037494284408,0.28957933472359454,2133.6311111111113,243,242,9.46833333333333,0.03896433470507543
884,6.562242489270386,0.30818136472738406,1529.0025,233,0,0.0,0.0
885,8.87501467931346,0.3025887509931241,2183.2536111111112,246,245,16.32138888888889,0.06634710930442639
886,7.908878159275155,0.28501288351127985,1842.768611111111,233,89,0.0,0.0
887,7.144681688125894,0.2917633591768576,1664.7108333333333,233,1,0.0,0.0
888,10.91689342403628,0.29201817266214464,2674.6388888888887,245,245,469.63888888888886,1.9168934240362812
889,6.102161785216179,0.29276152310217235,1458.4166666666667,239,0,0.0,0.0
890,7.295703161320316,0.32317518993686967,1743.6730555555555,239,2,0.0,0.0
891,6.567342995169082,0.31328338142139267,1510.4888888888888,230,0,0.0,0.0
892,6.090469821673525,0.2985089217226675,1479.9841666666666,243,0,0.0,0.0
893,7.603104018912529,0.30186062914742445,1786.7294444444444,235,23,0.0,0.0
894,7.38428125,0.29853209314357987,1772.2275,240,4,0.0,0.0
895,7.880823877068558,0.31207442358880005,1851.993611111111,235,81,0.0,0.0
896,8.39764060356653,0.3193775715231146,2040.6266666666666,243,212,0.6769444444444446,0.002785779606767262
897,6.0397417355371905,0.2843554276976465,1461.6175,242,0,0.0,0.0
898,6.870003687315634,0.3004336640170064,1552.6208333333334,226,0,0.0,0.0
899,7.586946859903382,0.29890436216315586,1744.9977777777779,230,19,0.0,0.0
900,6.191809178743962,0.2704655999242444,1424.1161111111112,230,0,0.0,0.0
901,7.993996978149697,0.29813023774729797,1910.5652777777777,239,120,0.0,0.0
902,6.66040948275862,0.3166322225455464,1545.215,232,0,0.0,0.0
903,7.317151056014692,0.2928256114105689,1770.7505555555556,242,2,0.0,0.0
904,9.588505007153074,0.2986235133998308,2234.1216666666664,233,233,137.84583333333333,0.5916130185979971
905,5.966612268518518,0.32257296763609333,1431.9869444444444,240,0,0.0,0.0
906,7.942092352092351,0.2793130552725927,1834.6233333333332,231,95,0.0,0.0
907,9.179383101851851,0.28588457295582237,2203.0519444444444,240,240,54.12777777777778,0.2255324074074074
908,8.593498563218391,0.3081268575301741,1993.6916666666666,232,225,3.292500000000002,0.014191810344827596
909,7.111725146198831,0.27387600129549455,1621.4733333333334,228,0,0.0,0.0
910,10.69871586629002,0.29785964185370906,2524.8969444444447,236,236,400.89694444444444,1.6987158662900188
911,8.687724314272431,0.30624471193778596,2076.366111111111,239,235,5.341388888888888,0.022348907484890747
912,7.1704118357487925,0.29633373725274803,1649.1947222222223,230,0,0.0,0.0
913,6.4101211705532695,0.3120012741926848,1557.6594444444445,243,0,0.0,0.0
914,10.486748633879783,0.3211609242466677,2558.766666666667,244,244,362.76666666666665,1.4867486338797813
915,7.294751773049645,0.29880739057072286,1714.2666666666667,235,1,0.0,0.0
916,7.88170243204578,0.3214791584069435,1836.4366666666667,233,85,0.0,0.0
917,6.098032904148784,0.31607382132023243,1420.8416666666667,233,0,0.0,0.0
918,6.773751788268955,0.3124325322233143,1578.2841666666666,233,0,0.0,0.0
919,7.800969316596931,0.2878773846932157,1864.4316666666666,239,58,0.0,0.0
920,7.78853125,0.327958856148586,1869.2475,240,58,0.0,0.0
921,6.625714115402956,0.26727823831398423,1543.7913888888888,233,0,0.0,0.0
922,7.7068788745827375,0.30308149488176717,1795.7027777777778,233,43,0.0,0.0
923,5.9864875730994145,0.305512246198507,1364.9191666666666,228,0,0.0,0.0
924,8.499204545454544,0.2962144093624915,2056.8075,242,230,1.4825,0.00612603305785124
925,7.954062932226832,0.2716005375128168,1916.9291666666666,241,110,0.0,0.0
926,6.310086367880485,0.30162275499548485,1501.8005555555555,238,0,0.0,0.0
927,7.584176328502415,0.3136430669770451,1744.3605555555555,230,20,0.0,0.0
928,7.632412764003673,0.2981241245074982,1847.043888888889,242,29,0.0,0.0
929,8.416370772946859,0.2932410513130869,1935.7652777777778,230,211,0.5183333333333344,0.002253623188405802
930,7.198089990817263,0.31314762015611075,1741.9377777777777,242,0,0.0,0.0
931,10.704748513946045,0.2961068442645077,2601.253888888889,243,243,414.25388888888887,1.7047485139460448
932,6.412126774351443,0.28540544163406106,1455.5527777777777,227,0,0.0,0.0
933,6.599085038986354,0.3191629850892543,1504.5913888888888,228,0,0.0,0.0
934,7.390623278236914,0.29819799530836705,1788.5308333333332,242,3,0.0,0.0
935,9.695243498817966,0.2807514392269306,2278.382222222222,235,235,163.47472222222223,0.6956371158392435
936,7.806726602120793,0.30724699077836737,1881.421111111111,241,60,0.0,0.0
937,6.711067188983855,0.26449223070651423,1570.3897222222222,234,0,0.0,0.0
938,6.3870588235294115,0.3024973656275402,1520.12,238,0,0.0,0.0
939,10.959115952051638,0.3086255580337315,2641.1469444444447,241,241,472.14694444444444,1.9591159520516368
940,7.703551175656985,0.3023585617098939,1856.5558333333333,241,40,0.0,0.0
941,9.487822315986874,0.31508204261287137,2248.613888888889,237,237,117.77499999999999,0.49694092827004216
942,5.958735380116959,0.3056808660238365,1358.5916666666667,228,0,0.0,0.0
943,8.52645922746781,0.30267338444065767,1986.665,233,221,1.3311111111111114,0.005712923223652838
944,8.093856481481481,0.2901189263106661,1942.5255555555555,240,153,0.0,0.0
945,7.388344955834496,0.3132737425938902,1765.8144444444445,239,12,0.0,0.0
946,8.024024216524216,0.27722855244378536,1877.6216666666667,234,129,0.0,0.0
947,9.88266643225504,0.318672728551766,2342.1919444444443,237,237,209.19194444444443,0.8826664322550398
948,7.5274596588289535,0.30791214032835884,1814.1177777777777,241,16,0.0,0.0
949,7.1902380952380955,0.28426632611180125,1761.6083333333333,245,0,0.0,0.0
950,7.700374887082203,0.31164167280621013,1894.292222222222,246,47,0.0,0.0
951,7.968867337164751,0.30516139067902104,1848.7772222222222,232,105,0.0016666666666669272,7.183908045978134e-06
952,6.2356461611826415,0.2997099065771573,1452.9055555555556,233,0,0.0,0.0
953,7.787044252044252,0.3067923056064978,1798.8072222222222,231,59,0.0,0.0
954,6.513645404663923,0.3282650851344805,1582.8158333333333,243,0,0.0,0.0
955,7.057042624521073,0.32185273730314445,1637.233888888889,232,1,0.0,0.0
956,9.22052267573696,0.30948212469178255,2259.0280555555555,245,245,64.43,0.2629795918367347
957,8.505449790794978,0.290847556158134,2032.8025,239,233,0.8074999999999992,0.0033786610878661057
958,8.161027658559847,0.3150718820710062,1901.5194444444444,233,163,0.0,0.0
959,8.093515046296297,0.2914432488130943,1942.443611111111,240,150,0.0,0.0
960,6.7112006043700605,0.30551753763171474,1603.9769444444444,239,0,0.0,0.0
961,7.034598364598365,0.2959749128643951,1624.9922222222222,231,0,0.0,0.0
962,7.925632515632516,0.30677540663632197,1830.8211111111111,231,98,0.0,0.0
963,6.286331168831168,0.29625543474746496,1452.1425,231,0,0.0,0.0
964,6.297184716361931,0.29481430511015266,1492.4327777777778,237,0,0.0,0.0
965,6.38253164556962,0.30298609879541005,1512.66,237,0,0.0,0.0
966,6.786419362400375,0.306543654209692,1608.381388888889,237,0,0.0,0.0
967,7.71978231292517,0.2897119333154841,1891.3466666666666,245,44,0.0,0.0
968,6.578455702398434,0.30591716108013667,1493.3094444444444,227,0,0.0,0.0
969,6.908069075712881,0.2745964406811827,1561.223611111111,226,0,0.0,0.0
970,7.19040082846004,0.31162149822526786,1639.411388888889,228,2,0.0,0.0
971,7.7227308802308805,0.2974013819682753,1783.9508333333333,231,42,0.0,0.0
972,9.783942803563056,0.2747692652980933,2318.7944444444443,237,237,185.79444444444445,0.7839428035630568
973,5.991006944444444,0.29694986486037306,1389.913611111111,232,0,0.0,0.0
974,7.575745673952642,0.3209774564603642,1848.4819444444445,244,23,0.0,0.0
975,7.379968043264504,0.28477773503323905,1667.8727777777779,226,4,0.0,0.0
976,7.276453178068898,0.30746065054646754,1666.3077777777778,229,2,0.0,0.0
977,7.68843853427896,0.271191916472534,1806.7830555555556,235,33,0.0,0.0
978,9.799356661856661,0.3158560467163715,2263.651388888889,231,231,184.80777777777777,0.80003367003367
979,10.377021152952114,0.31210098801341096,2480.1080555555554,239,239,329.10805555555555,1.3770211529521152
980,7.014081726354453,0.2863251242781695,1697.4077777777777,242,0,0.0,0.0
981,6.026296690307328,0.30550075487960504,1416.1797222222222,235,0,0.0,0.0
982,6.461306022408963,0.2844101859030969,1537.7908333333332,238,0,0.0,0.0
983,10.198464912280702,0.28769158198476574,2519.0208333333335,247,247,296.0208333333333,1.1984649122807016
984,7.598678004535148,0.3028067358395995,1861.6761111111111,245,18,0.0,0.0
985,7.906652949245542,0.298858292108789,1921.3166666666666,243,91,0.0,0.0
986,7.786297453703704,0.3265738577908278,1868.711388888889,240,59,0.0,0.0
987,6.2239474917955935,0.3076440297336278,1475.0755555555556,237,0,0.0,0.0
988,5.95086170212766,0.3191850569321665,1398.4525,235,0,0.0,0.0
989,6.71769806763285,0.2983705540993117,1545.0705555555555,230,0,0.0,0.0
990,7.609416666666666,0.2889514979812642,1750.1658333333332,230,24,0.0,0.0
991,6.303799126637554,0.3063487854623001,1443.57,229,0,0.0,0.0
992,6.805719311014071,0.31849690781408563,1558.5097222222223,229,0,0.0,0.0
993,8.804921296296296,0.2954771384563365,2113.181111111111,240,239,11.386666666666656,0.0474444444444444
994,8.030652958152958,0.30294421067096416,1855.0808333333334,231,126,0.0,0.0
995,9.935644631973746,0.2926873906957406,2354.7477777777776,237,237,221.74777777777777,0.9356446319737459
996,7.386259746588694,0.31070680033950493,1684.0672222222222,228,5,0.0,0.0
997,7.697562104787715,0.30738529084314264,1893.6002777777778,246,40,0.0,0.0
998,8.278268762183236,0.3029104555340393,1887.4452777777778,228,191,0.0,0.0
999,7.878654195011339,0.304139472020263,1930.270277777778,245,81,0.0,0.0
1000,6.192529843893481,0.2910604367416572,1498.5922222222223,242,0,0.0,0.0
1001,6.292075958702065,0.27746169074085714,1422.0091666666667,226,0,0.0,0.0
1002,6.826139005113901,0.32400599026439986,1631.4472222222223,239,0,0.0,0.0
1003,6.0161683723196875,0.2933604521883554,1371.6863888888888,228,0,0.0,0.0
1004,9.019432624113476,0.283963717373644,2119.5666666666666,235,235,28.367777777777775,0.12071394799054372
1005,8.407244212962963,0.28097176705749466,2017.7386111111111,240,223,0.03666666666666707,0.00015277777777777946
1006,6.683682336182335,0.28417282771689967,1563.9816666666666,234,0,0.0,0.0
1007,7.606161398467433,0.2871269124894285,1764.6294444444445,232,22,0.0,0.0
1008,6.713771551724138,0.3032710570914196,1557.595,232,0,0.0,0.0
1009,6.261173872617388,0.2956592092205612,1496.4205555555557,239,0,0.0,0.0
1010,8.174600185960019,0.2722332745559598,1953.7294444444444,239,180,0.18666666666666742,0.0007810320781032109
1011,8.107574233716475,0.2886884372220089,1880.9572222222223,232,140,0.0,0.0
1012,6.08843779677113,0.27623065512317335,1424.6944444444443,234,0,0.0,0.0
1013,7.70343010018215,0.2885766748911562,1879.6369444444445,244,33,0.0,0.0
1014,7.487674940898345,0.3101086208986483,1759.6036111111111,235,8,0.0,0.0
1015,6.379568032015065,0.31667397044991397,1505.5780555555555,236,0,0.0,0.0
1016,8.877802926383174,0.2936967632587575,2157.306111111111,243,243,16.006388888888885,0.06586991312299953
1017,7.294315134099617,0.3004178830495632,1692.2811111111112,232,3,0.0,0.0
1018,6.720105485232067,0.28195142174925886,1592.665,237,0,0.0,0.0
1019,7.974443296602387,0.3026907864359875,1929.8152777777777,242,108,0.0,0.0
1020,10.019207482993197,0.28797534175156464,2454.7058333333334,245,245,249.70583333333335,1.0192074829931974
1021,9.546405092592591,0.31124103142472764,2291.137222222222,240,240,131.80055555555558,0.5491689814814815
1022,9.284885265700483,0.2948930545714014,2135.523611111111,230,230,71.41499999999999,0.31049999999999994
1023,6.1112451267056525,0.3035501644884803,1393.3638888888888,228,0,0.0,0.0
1024,8.59096918971373,0.2982687706376289,1967.3319444444444,229,224,2.432499999999999,0.010622270742358076
1025,8.001345804988663,0.2992675390268081,1960.3297222222222,245,119,0.0,0.0
1026,7.398159873847647,0.2921421827478183,1694.1786111111112,229,3,0.0,0.0
1027,6.896431892143189,0.31559744386449623,1648.2472222222223,239,0,0.0,0.0
1028,6.693008687700045,0.28714136794958767,1626.401111111111,243,0,0.0,0.0
1029,6.599432367149759,0.2985650396994882,1517.8694444444445,230,0,0.0,0.0
1030,6.59779822029822,0.30477917050996733,1524.0913888888888,231,0,0.0,0.0
1031,6.677146038443507,0.2951201966901185,1582.483611111111,237,0,0.0,0.0
1032,7.802694672131148,0.2925154746566919,1903.8575,244,59,0.0,0.0
1033,7.893937198067633,0.30482522056243005,1815.6055555555556,230,82,0.0,0.0
1034,6.208432784636488,0.30190844623135304,1508.6491666666666,243,0,0.0,0.0
1035,6.198692468619247,0.30044379819207157,1481.4875,239,0,0.0,0.0
1036,7.418051868239921,0.3169587265693803,1676.479722222222,226,10,0.0,0.0
1037,7.800170212765957,0.3008533343091583,1833.04,235,61,0.0,0.0
1038,10.323418715846994,0.2949925082526069,2518.9141666666665,244,244,322.9141666666667,1.3234187158469946
1039,7.069740663900414,0.300055735208532,1703.8075,241,0,0.0,0.0
1040,8.69433695652174,0.2660655566305298,1999.6975,230,229,3.2108333333333317,0.013960144927536224
1041,7.9677913832199545,0.300094268256566,1952.108888888889,245,105,0.0,0.0
1042,6.591388888888889,0.29441322102758294,1535.7936111111112,233,0,0.0,0.0
1043,7.373935584291188,0.30497015857354337,1710.7530555555556,232,4,0.0,0.0
1044,6.604357567443987,0.2883982820632738,1604.858888888889,243,0,0.0,0.0
1045,7.404206871345028,0.28091732648458845,1688.1591666666666,228,3,0.0,0.0
1046,10.70971158392435,0.2901283442473065,2516.782222222222,235,235,401.78222222222223,1.70971158392435
1047,7.2272386310361,0.29736028877227905,1712.8555555555556,237,2,0.0,0.0
1048,7.084196991751577,0.30619807748236366,1622.2811111111112,229,0,0.0,0.0
1049,7.490906619385343,0.29587596478812456,1760.3630555555555,235,10,0.0,0.0
1050,7.552442028985507,0.29288611092227285,1737.0616666666667,230,15,0.0,0.0
1051,9.511932773109244,0.2803377615573399,2263.84,238,238,122.77333333333333,0.5158543417366946
1052,6.121894467689447,0.3120326005920176,1463.1327777777778,239,0,0.0,0.0
1053,9.588722222222223,0.3107765797062751,2301.2933333333335,240,240,141.36583333333334,0.5890243055555556
1054,7.6525319148936175,0.3089818720227248,1798.345,235,29,0.0,0.0
1055,6.110721040189125,0.30231166071428767,1436.0194444444444,235,0,0.0,0.0
1056,8.695968221307727,0.3049736971311863,2113.1202777777776,243,239,6.693055555555551,0.027543438500228605
1057,7.203180076628352,0.2664410417274982,1671.1377777777777,232,0,0.0,0.0
1058,10.658820330969268,0.31556888891081664,2504.822777777778,235,235,389.8227777777778,1.6588203309692673
1059,6.99689734299517,0.2972595511272023,1609.286388888889,230,0,0.0,0.0
1060,10.206041092745638,0.29382277859544115,2469.8619444444444,242,242,291.8619444444444,1.2060410927456382
1061,7.693395452414439,0.2938493452968319,1823.3347222222221,237,37,0.0,0.0
1062,7.601602657004831,0.3089690451342608,1748.368611111111,230,21,0.0,0.0
1063,6.490872011251758,0.31234433055401295,1538.3366666666666,237,0,0.0,0.0
1064,6.100282694198623,0.31293412092016765,1378.6638888888888,226,0,0.0,0.0
1065,7.237116013071895,0.2850535933198899,1722.433611111111,238,0,0.0,0.0
1066,7.694691225560324,0.3028028628020255,1792.8630555555555,233,36,0.0,0.0
1067,7.998587061087061,0.27624476995872427,1847.673611111111,231,117,0.0,0.0
1068,6.593369064084832,0.29673630289042174,1589.0019444444445,241,0,0.0,0.0
1069,10.411639709329583,0.325146343007553,2467.558611111111,237,237,334.55861111111113,1.411639709329583
1070,7.870749299719887,0.30576554616660656,1873.2383333333332,238,85,0.0,0.0
1071,7.0824721009218825,0.293214682397707,1621.8861111111112,229,0,0.0,0.0
1072,7.980670212765958,0.3054763359717014,1875.4575,235,110,0.0,0.0
1073,6.301853764921947,0.28370377071933733,1525.048611111111,242,0,0.0,0.0
1074,6.104008438818566,0.2915043165888286,1446.65,237,0,0.0,0.0
1075,8.589410018993354,0.3176880751994029,2009.9219444444445,234,227,3.865555555555554,0.016519468186134846
1076,7.884351449275362,0.2911015152753127,1813.4008333333334,230,76,0.0,0.0
1077,7.683338001867414,0.2981842504120961,1828.6344444444444,238,36,0.0,0.0
1078,6.520391203703704,0.2795978759392771,1564.8938888888888,240,0,0.0,0.0
1079,6.234294962335217,0.3015029393083978,1471.2936111111112,236,0,0.0,0.0
1080,7.032183064121391,0.3026748590840394,1596.3055555555557,227,0,0.0,0.0
1081,7.692906920077973,0.2966279716401365,1753.9827777777778,228,36,0.0,0.0
1082,10.503807727480567,0.282421030665421,2552.425277777778,243,243,365.4252777777778,1.503807727480567
1083,9.495159243295019,0.29838752088352766,2202.8769444444442,232,232,116.02944444444444,0.5001269157088122
1084,7.479487994350282,0.28482746379907053,1765.1591666666666,236,7,0.0,0.0
1085,8.122622655122655,0.3068723618341599,1876.3258333333333,231,150,0.0,0.0
1086,7.120189933523267,0.3133169354705096,1666.1244444444444,234,1,0.0,0.0
1087,8.666963519313304,0.2955924590607996,2019.4025,233,229,4.273888888888882,0.01834287076776344
1088,10.470496113397349,0.2954125028753003,2544.3305555555557,243,243,357.3305555555556,1.470496113397348
1089,7.106643709825528,0.31300263831001207,1719.8077777777778,242,0,0.0,0.0
1090,6.496840430739109,0.26889816109099374,1474.7827777777777,227,0,0.0,0.0
1091,6.775284608378871,0.29582564420694685,1653.1694444444445,244,0,0.0,0.0
1092,9.301751867413632,0.3001958535133748,2213.8169444444443,238,238,78.13694444444444,0.3283064892623716
1093,7.590319865319865,0.29934164862854157,1753.3638888888888,231,18,0.0,0.0
1094,7.232274805669867,0.30345661368631743,1757.4427777777778,243,1,0.0,0.0
1095,7.077287920700783,0.29891066989958726,1705.6263888888889,241,0,0.0,0.0
1096,10.187851063829788,0.3072872386177186,2394.145,235,235,279.145,1.1878510638297872
1097,6.864824434824435,0.3123368053337578,1585.7744444444445,231,0,0.0,0.0
1098,7.289100877192983,0.3020067484178846,1661.915,228,1,0.0,0.0
1099,6.413640223192624,0.3244837306466679,1468.723611111111,229,0,0.0,0.0
1100,7.383247126436782,0.3150053421008482,1712.9133333333334,232,5,0.0,0.0
1101,8.327236652236653,0.29914275523367995,1923.5916666666667,231,201,0.5186111111111096,0.0022450697450697383
1102,9.21250929800093,0.29194133377396314,2201.7897222222223,239,239,60.05944444444444,0.25129474662947465
1103,6.801304143126177,0.3073954000608315,1605.1077777777778,236,0,0.0,0.0
1104,6.074546783625731,0.3226540923747996,1384.9966666666667,228,0,0.0,0.0
1105,7.784967320261439,0.29130752267524934,1852.8222222222223,238,54,0.0,0.0
1106,6.45017224648229,0.2990099312931579,1477.0894444444443,229,0,0.0,0.0
1107,10.603598218471637,0.30485786984700197,2513.052777777778,237,237,380.05277777777775,1.603598218471636
1108,6.806472222222222,0.28885236602210684,1565.4886111111111,230,0,0.0,0.0
1109,6.29495652173913,0.31909497178424057,1447.84,230,0,0.0,0.0
1110,7.285151072124757,0.299096634028411,1661.0144444444445,228,1,0.0,0.0
1111,8.92771402550091,0.3294682655291099,2178.362222222222,244,244,24.977500000000003,0.10236680327868854
1112,9.425028344671201,0.29621631339495397,2309.1319444444443,245,245,105.91805555555555,0.4323185941043084
1113,6.003419540229885,0.2787650263095587,1392.7933333333333,232,0,0.0,0.0
1114,7.890800865800866,0.31048755328918193,1822.775,231,81,0.0,0.0
1115,6.986115942028985,0.3256863090370609,1606.8066666666666,230,1,0.0,0.0
1116,10.808027326106595,0.31942059876460566,2658.7747222222224,246,246,444.77472222222224,1.8080273261065944
1117,9.888919376693767,0.2934403847406789,2432.6741666666667,246,246,218.67416666666668,0.888919376693767
1118,10.220872340425533,0.2866243589155201,2401.905,235,235,286.90500000000003,1.220872340425532
1119,7.62043853427896,0.3124422376148753,1790.8030555555556,235,28,0.0,0.0
1120,6.2849574468085105,0.3273484392221462,1476.965,235,0,0.0,0.0
1121,8.701982167352536,0.2999388565757154,2114.5816666666665,243,239,6.6055555555555525,0.027183356195701863
1122,6.502103503918856,0.3202768637856233,1567.0069444444443,241,0,0.0,0.0
1123,6.612638888888889,0.27319405902177074,1600.2586111111111,242,0,0.0,0.0
1124,6.665572318007663,0.30859681181486043,1546.4127777777778,232,0,0.0,0.0
1125,9.812982456140352,0.28694037581947945,2423.806666666667,247,247,200.80666666666667,0.8129824561403509
1126,7.101659779614325,0.28139392415202746,1718.6016666666667,242,0,0.0,0.0
1127,6.0247934472934475,0.2931772464940302,1409.8016666666667,234,0,0.0,0.0
1128,6.802054617909048,0.3106997195515237,1612.0869444444445,237,0,0.0,0.0
1129,6.771128328741965,0.2872119121705287,1638.6130555555555,242,0,0.0,0.0
1130,7.720940972222222,0.2937442415643671,1853.0258333333334,240,40,0.0,0.0
1131,6.592589936247723,0.3059272002142608,1608.5919444444444,244,0,0.0,0.0
1132,6.921297468354431,0.29181745739398685,1640.3475,237,0,0.0,0.0
1133,6.3198641703377385,0.31698134708088904,1434.6091666666666,227,0,0.0,0.0
1134,7.179834247828075,0.2940873564978433,1744.6997222222221,243,1,0.0,0.0
1135,8.815632850241546,0.2719645005062055,2027.5955555555556,230,229,8.871111111111116,0.03857004830917876
1136,7.891162551440329,0.2902695937499182,1917.5525,243,82,0.0,0.0
1137,7.298776400367309,0.2899774627808056,1766.3038888888889,242,1,0.0,0.0
1138,10.31769995210728,0.29741489306408253,2393.706388888889,232,232,305.70638888888885,1.3176999521072796
1139,10.80799433106576,0.29740957598076073,2647.958611111111,245,245,442.9586111111111,1.8079943310657596
1140,7.896520531400966,0.3338001337555213,1816.1997222222221,230,92,0.0,0.0
1141,7.898865836791147,0.3141555807084364,1903.6266666666666,241,97,0.0,0.0
1142,7.480150273224044,0.27858249497692994,1825.1566666666668,244,13,0.0,0.0
1143,7.958165458937199,0.30144753776364736,1830.3780555555556,230,97,0.0,0.0
1144,8.186591016548464,0.292161760737541,1923.848888888889,235,170,0.0,0.0
1145,10.80473025711662,0.29376863757339045,2614.744722222222,242,242,436.74472222222226,1.8047302571166208
1146,6.0890926734594855,0.2994765173844408,1394.4022222222222,229,0,0.0,0.0
1147,6.591018922852983,0.2938467885197193,1509.3433333333332,229,0,0.0,0.0
1148,6.103670634920634,0.30346989355715215,1452.673611111111,238,0,0.0,0.0
1149,10.512341915085818,0.29834899708749657,2586.036111111111,246,246,372.0361111111111,1.5123419150858175
1150,6.875998155832181,0.2777701874827428,1657.1155555555556,241,0,0.0,0.0
1151,6.994301453352087,0.2868470375093406,1657.6494444444445,237,0,0.0,0.0
1152,7.811326648224989,0.28617052146371474,1882.5297222222223,241,60,0.0,0.0
1153,6.1602800925925925,0.3100002259843172,1478.4672222222223,240,0,0.0,0.0
1154,6.208804454233969,0.287832750086872,1409.398611111111,227,0,0.0,0.0
1155,6.082088249754179,0.29644613481504134,1374.5519444444444,226,0,0.0,0.0
1156,10.194130901287554,0.2869435578350819,2375.2325,233,233,278.2325,1.1941309012875536
1157,7.778402777777777,0.31637395519239053,1804.5894444444443,232,56,0.0,0.0
1158,6.171750478927203,0.3012434264376095,1431.8461111111112,232,0,0.0,0.0
1159,7.904476359338061,0.3052020357905851,1857.5519444444444,235,91,0.0,0.0
1160,7.180814009661836,0.28415882287705435,1651.5872222222222,230,0,0.0,0.0
1161,6.509626951331497,0.29898815953069574,1575.3297222222222,242,0,0.0,0.0
1162,9.767906420765028,0.29376329225760467,2383.369166666667,244,244,187.36916666666667,0.7679064207650274
1163,7.698772554605887,0.2928466406319494,1801.5127777777777,234,33,0.0,0.0
1164,7.228134756657484,0.3229209325538294,1749.2086111111112,242,1,0.0,0.0
1165,10.39878884180791,0.3118767788076587,2454.1141666666667,236,236,330.1141666666667,1.3987888418079097
1166,6.400190058479533,0.30435812476031615,1459.2433333333333,228,0,0.0,0.0
1167,8.004882434301521,0.30375609489276445,1929.1766666666667,241,125,0.0,0.0
1168,9.103674504379898,0.27281706577603143,2193.9855555555555,241,241,40.98388888888889,0.17005763024435225
1169,6.986453779599271,0.31305169950246414,1704.6947222222223,244,0,0.0,0.0
1170,6.16474537037037,0.28790312527357953,1405.5619444444444,228,0,0.0,0.0
1171,6.009841772151899,0.2769927750276153,1424.3325,237,0,0.0,0.0
1172,8.018078206962327,0.28712809774935444,1868.2122222222222,233,120,0.0,0.0
1173,8.000954106280194,0.2894694941632965,1840.2194444444444,230,113,0.0,0.0
1174,7.898323877068559,0.27862919357789667,1856.1061111111112,235,87,0.0,0.0
1175,9.385844859382203,0.3013058703212626,2261.988611111111,241,241,96.70500000000001,0.40126556016597514
1176,7.971588934613626,0.3030622357812954,1937.0961111111112,243,110,0.0,0.0
1177,6.804641393442623,0.3015764385721903,1660.3325,244,0,0.0,0.0
1178,10.805340038314176,0.3209880258495205,2506.838888888889,232,232,418.8388888888889,1.8053400383141762
1179,8.159645513714551,0.3156187623346607,1950.1552777777779,239,161,0.02527777777777729,0.000105764760576474
1180,6.306303506375228,0.30373072642058524,1538.7380555555555,244,0,0.0,0.0
1181,8.025331384015594,0.3086347450083829,1829.7755555555555,228,117,0.0,0.0
1182,7.792490855052583,0.3012393338429648,1893.5752777777777,243,58,0.0,0.0
1183,7.844118408662901,0.29428903403284123,1851.2119444444445,236,74,0.0,0.0
1184,6.592797017797018,0.328522501484154,1522.9361111111111,231,0,0.0,0.0
1185,10.903593117408906,0.3193603817771923,2693.1875,247,247,470.1875,1.903593117408907
1186,7.398867258652095,0.3036913449761391,1805.3236111111112,244,7,0.0,0.0
1187,6.8206794131794135,0.30707577527564045,1575.5769444444445,231,0,0.0,0.0
1188,7.800049645390072,0.3056333064408515,1833.0116666666668,235,59,0.0,0.0
1189,7.3836256038647345,0.29355402690898924,1698.233888888889,230,5,0.0,0.0
1190,7.675329936923823,0.27474133219229063,1757.6505555555555,229,33,0.0,0.0
1191,7.091824074074074,0.2887367152612909,1702.0377777777778,240,1,0.0,0.0
1192,6.725276595744681,0.29902213865726557,1580.44,235,0,0.0,0.0
1193,10.505156028368795,0.291487277994883,2468.7116666666666,235,235,353.71166666666664,1.5051560283687941
1194,6.90596703550023,0.3211922386093217,1664.3380555555555,241,0,0.0,0.0
1195,7.208894824311491,0.29912564817831294,1686.881388888889,234,2,0.0,0.0
1196,6.277285137701805,0.2930600609392518,1468.8847222222223,234,0,0.0,0.0
1197,6.076578117418729,0.2905303142707842,1391.536388888889,229,0,0.0,0.0
1198,6.211907956685499,0.29299222194862945,1466.0102777777777,236,0,0.0,0.0
1199,8.430802336671436,0.3212946983666861,1964.3769444444445,233,213,0.7111111111111104,0.0030519790176442504
1200,7.484193853427896,0.31518789102999956,1758.7855555555554,235,14,0.0,0.0
1201,6.89609943977591,0.3203430468261151,1641.2716666666668,238,0,0.0,0.0
1202,9.817854683195591,0.25961984422802886,2375.920833333333,242,242,197.92083333333332,0.8178546831955922
1203,6.083963498622589,0.274457829466358,1472.3191666666667,242,0,0.0,0.0
1204,9.616168503213958,0.295386349174461,2327.112777777778,242,242,149.79777777777778,0.6189990817263544
1205,7.508998817966902,0.2978876559499271,1764.614722222222,235,11,0.0,0.0
1206,7.308546099290781,0.2924810906585911,1717.5083333333334,235,3,0.0,0.0
1207,7.500675267317527,0.3079968820971641,1792.661388888889,239,13,0.0,0.0
1208,7.6941701388888895,0.3078544803794585,1846.6008333333334,240,33,0.0,0.0
1209,6.046757297551789,0.3183793508450203,1427.0347222222222,236,0,0.0,0.0
1210,9.286569626394956,0.3067049145946867,2126.6244444444446,229,229,71.90805555555556,0.31400897622513346
1211,6.3958886534839925,0.2822661015802934,1509.4297222222222,236,0,0.0,0.0
1212,6.460532508491024,0.3020906467844852,1479.4619444444445,229,0,0.0,0.0
1213,8.626512212643679,0.3027004852955324,2001.3508333333334,232,230,3.645833333333332,0.015714798850574706
1214,6.713213276836158,0.28476444760710434,1584.3183333333334,236,0,0.0,0.0
1215,8.521203703703705,0.31630797636425256,2096.2161111111113,246,236,2.323055555555552,0.009443315266485983
1216,9.482606657290201,0.2814306638008188,2247.3777777777777,237,237,115.6436111111111,0.4879477262072198
1217,6.404782250470809,0.31566662109681903,1511.528611111111,236,0,0.0,0.0
1218,7.276984805318139,0.3025850936832465,1702.8144444444445,234,3,0.0,0.0
1219,10.035185979971388,0.2882898399296023,2338.1983333333333,233,233,241.19833333333335,1.0351859799713878
1220,6.3894133241124935,0.30809860308088194,1539.848611111111,241,0,0.0,0.0
1221,7.997498856881573,0.3088920139535354,1943.3922222222222,243,125,0.0,0.0
1222,7.832184343434344,0.3085774905133289,1895.3886111111112,242,68,0.0,0.0
1223,7.4983615819209035,0.30659271620495554,1769.6133333333332,236,14,0.0,0.0
1224,10.724693853427896,0.2872049180204804,2520.3030555555556,235,235,405.30305555555555,1.724693853427896
1225,6.313388399412628,0.2927692287710151,1433.1391666666666,227,0,0.0,0.0
1226,7.614092348927875,0.2936489583844291,1736.0130555555556,228,24,0.0,0.0
1227,10.48314814814815,0.30892181465468505,2453.056666666667,234,234,347.0566666666667,1.483148148148148
1228,7.96732683982684,0.3290523549619632,1840.4525,231,106,0.0,0.0
1229,10.695990028490028,0.31605908336105853,2502.8616666666667,234,234,396.8616666666667,1.6959900284900284
1230,10.002944444444443,0.29010677837938387,2350.6919444444443,235,235,235.69194444444443,1.0029444444444444
1231,8.015872011251759,0.29647047755926875,1899.7616666666668,237,128,0.0,0.0
1232,9.68517361111111,0.29614352382235415,2324.4416666666666,240,240,164.49777777777777,0.6854074074074074
1233,6.907967535436671,0.3312361216976054,1678.6361111111112,243,0,0.0,0.0
1234,6.475342066957787,0.2733718952185144,1482.8533333333332,229,0,0.0,0.0
1235,6.094871615312791,0.30893963060108653,1450.5794444444443,238,0,0.0,0.0
1236,5.997355652595827,0.2955634901029194,1373.3944444444444,229,0,0.0,0.0
1237,7.815063457854405,0.31642115518209263,1813.0947222222221,232,67,0.0,0.0
1238,7.481158625730994,0.31059651383538756,1705.7041666666667,228,11,0.0,0.0
1239,9.495272967772967,0.32901821390529873,2193.4080555555556,231,231,116.38444444444443,0.5038287638287637
1240,6.892245179063361,0.2973230948443157,1667.9233333333334,242,0,0.0,0.0
1241,7.101099585062241,0.28592519444110753,1711.365,241,0,0.0,0.0
1242,8.009119565217391,0.29337383657247634,1842.0975,230,121,0.0,0.0
1243,6.528365606270171,0.30458444838322934,1573.3361111111112,241,0,0.0,0.0
1244,8.532774319963117,0.2970167291983626,2056.398611111111,241,231,1.703333333333335,0.007067773167358236
1245,6.116035665294925,0.3123830747861736,1486.1966666666667,243,0,0.0,0.0
1246,6.523863745210728,0.3042107673147392,1513.536388888889,232,0,0.0,0.0
1247,9.67660063752277,0.28128705009967275,2361.0905555555555,244,244,165.09055555555557,0.6766006375227687
1248,6.487590218423552,0.28433865921069273,1518.0961111111112,234,0,0.0,0.0
1249,8.919851394604482,0.2863838000694362,2167.523888888889,243,243,19.639999999999997,0.0808230452674897
1250,7.0866505968778695,0.31327423182165404,1714.9694444444444,242,1,0.0,0.0
1251,9.078667874396135,0.293064397352108,2088.093611111111,230,230,37.294999999999995,0.16215217391304346
1252,6.55703314659197,0.29765819275555605,1560.5738888888889,238,0,0.0,0.0
1253,6.188770339377034,0.2960335437623875,1479.1161111111112,239,0,0.0,0.0
1254,7.619807132459971,0.31971197194625034,1744.9358333333332,229,24,0.0,0.0
1255,7.6933150434385,0.2923361413154629,1869.4755555555555,243,41,0.0,0.0
1256,6.842362854486285,0.2991451761927564,1635.3247222222221,239,0,0.0,0.0
1257,6.816597525473071,0.28691624282575956,1561.0008333333333,229,0,0.0,0.0
1258,5.962092430858807,0.3169532261851851,1365.3191666666667,229,0,0.0,0.0
1259,7.820035612535612,0.3016650431434363,1829.8883333333333,234,58,0.0,0.0
1260,6.10239417989418,0.2986239613436555,1409.6530555555555,231,0,0.0,0.0
1261,9.31843010018215,0.322952055988305,2273.6969444444444,244,244,84.64944444444444,0.34692395264116577
1262,6.9096932367149755,0.3117989659574408,1589.2294444444444,230,0,0.0,0.0
1263,9.295721982758621,0.2966609973596793,2156.6075,232,232,74.46083333333333,0.3209518678160919
1264,10.683428672316383,0.272444757065477,2521.2891666666665,236,236,397.2891666666667,1.6834286723163843
1265,9.386280345471523,0.3310268511697953,2233.9347222222223,238,238,96.73861111111113,0.4064647525676938
1266,9.509294421003283,0.3032764497301038,2253.702777777778,237,237,121.70972222222223,0.5135431317393343
1267,10.199422544951592,0.2927740515951627,2458.0608333333334,241,241,289.06083333333333,1.1994225449515905
1268,8.207739229024943,0.29435181147695216,2010.8961111111112,245,186,0.11833333333333407,0.0004829931972789146
1269,6.473378831417625,0.29854767202894045,1501.8238888888889,232,0,0.0,0.0
1270,8.788953266571292,0.2922022082781412,2047.826111111111,233,233,10.170277777777775,0.04364926084883165
1271,6.096067129629629,0.3104186595075348,1463.056111111111,240,0,0.0,0.0
1272,7.422623456790123,0.31758497692013676,1736.8938888888888,234,6,0.0,0.0
1273,8.10862809315866,0.2773053348001306,1856.8758333333333,229,143,0.0,0.0
1274,6.241581196581197,0.3000466932823226,1460.53,234,0,0.0,0.0
1275,9.531168091168093,0.2955811090797271,2230.2933333333335,234,234,124.92888888888889,0.5338841405508072
1276,6.9165189125295505,0.3114564662227825,1625.3819444444443,235,0,0.0,0.0
1277,6.004865112025605,0.3100407059674941,1459.1822222222222,243,0,0.0,0.0
1278,8.11400137741047,0.28142623132942524,1963.5883333333334,242,152,0.0,0.0
1279,7.215137053352913,0.2982890472052119,1637.8361111111112,227,2,0.0,0.0
1280,6.807199074074075,0.2748805007899195,1633.7277777777779,240,0,0.0,0.0
1281,6.101339326878746,0.30124120449728137,1470.4227777777778,241,0,0.0,0.0
1282,8.892940100594421,0.30241494180979817,2160.9844444444443,243,242,17.82694444444445,0.07336191129401008
1283,6.789967391304348,0.2879960285040491,1561.6925,230,0,0.0,0.0
1284,7.827854284369115,0.31176300701520565,1847.3736111111111,236,72,0.0,0.0
1285,6.300332125603865,0.2802329418719674,1449.076388888889,230,0,0.0,0.0
1286,7.522589903181189,0.3034429729713225,1812.9441666666667,241,10,0.0,0.0
1287,7.17987077294686,0.3141984263496437,1651.3702777777778,230,1,0.0,0.0
1288,6.095544077134986,0.30843768020032153,1475.1216666666667,242,0,0.0,0.0
1289,6.019582156308852,0.29093495913202766,1420.621388888889,236,0,0.0,0.0
1290,8.896670197740113,0.29656899393652203,2099.6141666666667,236,236,16.920277777777777,0.0716960922787194
1291,6.597208616780045,0.3106415001857461,1616.316111111111,245,0,0.0,0.0
1292,10.269981325863679,0.28300861983651976,2444.2555555555555,238,238,302.25555555555553,1.2699813258636787
1293,9.195694444444445,0.30277464446279373,2151.7925,234,234,57.80833333333334,0.24704415954415956
1294,7.903589559386973,0.2886832114400537,1833.6327777777778,232,85,0.0,0.0
1295,6.709723389355743,0.3058537143277748,1596.9141666666667,238,0,0.0,0.0
1296,8.81139985380117,0.289503021030552,2008.9991666666667,228,227,10.9975,0.04823464912280702
1297,8.008844123048668,0.31997344732153804,1938.1402777777778,242,134,0.0,0.0
1298,6.312178423236514,0.27045287974457427,1521.235,241,0,0.0,0.0
1299,6.405738719068413,0.30849344502492515,1466.9141666666667,229,0,0.0,0.0
1300,6.759082633053221,0.30260952144713876,1608.6616666666666,238,0,0.0,0.0
1301,7.617610882487426,0.3115522268161916,1851.0794444444446,243,30,0.0,0.0
1302,6.197463269054178,0.29446029003473784,1499.786111111111,242,0,0.0,0.0
1303,7.404682367149759,0.29552208107356226,1703.0769444444445,230,6,0.0,0.0
1304,10.087117467043315,0.28829194635738414,2380.5597222222223,236,236,256.5597222222222,1.0871174670433144
1305,8.071362994350283,0.3169168643451167,1904.8416666666667,236,137,0.0,0.0
1306,9.020947504708099,0.2985939024847116,2128.9436111111113,236,236,31.17083333333332,0.13207980225988694
1307,7.310940525587829,0.28170261312284084,1761.9366666666667,241,3,0.0,0.0
1308,7.585544029506686,0.28673629308109705,1828.1161111111112,241,14,0.0,0.0
1309,7.795473995271867,0.28313846268902093,1831.9363888888888,235,57,0.0,0.0
1310,5.990938934802571,0.269158223628986,1449.8072222222222,242,0,0.0,0.0
1311,7.07940355940356,0.2983510501061796,1635.3422222222223,231,0,0.0,0.0
1312,6.732844078646548,0.3010446296104829,1636.081111111111,243,0,0.0,0.0
1313,10.147261583445793,0.2904709401917975,2506.373611111111,247,247,283.3736111111111,1.1472615834457938
1314,7.960068850902185,0.2949576968420726,1862.6561111111112,234,112,0.0,0.0
1315,10.712137533875339,0.30812258130739956,2635.1858333333334,246,246,421.18583333333333,1.7121375338753388
1316,7.623057899671824,0.31000176130409357,1806.6647222222223,237,25,0.0,0.0
1317,7.783722943722943,0.2848023061395536,1798.04,231,50,0.0,0.0
1318,7.212025166191832,0.31395763436203084,1687.6138888888888,234,1,0.0,0.0
1319,9.58414878397711,0.305017746634091,2233.1066666666666,233,233,136.97444444444443,0.5878731521220791
1320,8.510076071922544,0.306897163027857,2050.9283333333333,241,227,1.8038888888888902,0.007485016136468424
1321,7.7015006915629325,0.3028612970725007,1856.0616666666667,241,39,0.0,0.0
1322,6.2620971074380165,0.31894300547440685,1515.4275,242,0,0.0,0.0
1323,7.4895734542073455,0.3189420558511613,1790.0080555555555,239,13,0.0,0.0
1324,8.218455882352941,0.28981932814514294,1955.9925,238,193,0.015000000000000568,6.3025210084036e-05
1325,8.143079710144928,0.2896353202677233,1872.9083333333333,230,148,0.0,0.0
1326,6.488012371615313,0.2956277292476439,1544.1469444444444,238,0,0.0,0.0
1327,5.9999050632911395,0.3211923772784713,1421.9775,237,0,0.0,0.0
1328,6.221693007662835,0.31692668830216036,1443.4327777777778,232,0,0.0,0.0
1329,7.855724789915966,0.27474169124280967,1869.6625,238,64,0.0,0.0
1330,7.984710550887021,0.2837842821095097,1900.361111111111,238,116,0.0,0.0
1331,7.499870448179272,0.2973891658162822,1784.9691666666668,238,8,0.0,0.0
1332,8.702949172576831,0.3215140744958076,2045.1930555555555,235,232,6.6713888888888935,0.028388888888888908
1333,7.911812169312169,0.28953455440087295,1827.628611111111,231,89,0.0,0.0
1334,6.708544810242341,0.28312872534172423,1630.1763888888888,243,0,0.0,0.0
1335,9.013333333333334,0.29741450178038503,2091.0933333333332,232,232,29.920277777777784,0.128966714559387
1336,6.686394675925926,0.29859453744878484,1604.7347222222222,240,0,0.0,0.0
1337,8.39816762041011,0.28344616517742965,1956.7730555555556,233,212,0.12527777777777693,0.0005376728659990427
1338,7.685123587570621,0.28502212383074765,1813.6891666666666,236,27,0.0,0.0
1339,7.54806861348528,0.29442309830922325,1766.2480555555555,234,13,0.0,0.0
1340,9.363881915388191,0.31508329383691314,2237.967777777778,239,239,90.74972222222223,0.3797059507205951
1341,6.379811676082863,0.299589734314162,1505.6355555555556,236,0,0.0,0.0
1342,7.194425925925926,0.2834321101858829,1726.6622222222222,240,0,0.0,0.0
1343,7.978614703065134,0.29514875161700693,1851.038611111111,232,111,0.0,0.0
1344,7.080387029288703,0.3039513417334477,1692.2125,239,1,0.0,0.0
1345,8.406022675736962,0.2862693610929796,2059.4755555555557,245,230,0.8558333333333348,0.0034931972789115705
1346,8.118852498786996,0.30224727412157126,1859.2172222222223,229,141,0.07416666666666671,0.00032387190684133937
1347,7.950108543417366,0.3098278984306951,1892.1258333333333,238,107,0.0,0.0
1348,6.79901247645951,0.3061653190922945,1604.5669444444445,236,0,0.0,0.0
1349,7.189976851851852,0.3091432293301611,1725.5944444444444,240,2,0.0,0.0
1350,7.877014739229025,0.30615357230976026,1929.868611111111,245,79,0.0,0.0
1351,7.793299199623353,0.30837657217983566,1839.2186111111112,236,56,0.0,0.0
1352,9.995206830206829,0.2811980732351284,2308.8927777777776,231,231,229.89277777777778,0.9952068302068302
1353,7.901718319559229,0.3094362667558942,1912.2158333333334,242,95,0.0,0.0
1354,7.374128019323671,0.2951091544218081,1696.0494444444444,230,4,0.0,0.0
1355,10.415906729900632,0.2869943579093192,2562.3130555555554,246,246,348.31305555555554,1.4159067299006323
1356,6.6802943262411345,0.27736978059564693,1569.8691666666666,235,0,0.0,0.0
1357,6.505978561549101,0.30222959109667824,1567.9408333333333,241,0,0.0,0.0
1358,6.720969785575049,0.31434983794267124,1532.381111111111,228,0,0.0,0.0
1359,6.39401559454191,0.3006485216274877,1457.8355555555556,228,0,0.0,0.0
1360,7.318976124885216,0.2936368048605506,1771.1922222222222,242,0,0.0,0.0
1361,8.016141843971631,0.283382936976012,1883.7933333333333,235,118,0.0,0.0
1362,6.380013774104683,0.2782226263959962,1543.9633333333334,242,0,0.0,0.0
1363,7.003960769980506,0.30564823480565606,1596.9030555555555,228,0,0.0,0.0
1364,7.395136494252873,0.30255441407304107,1715.6716666666666,232,5,0.0,0.0
1365,10.893168103448277,0.29912290610753545,2527.215,232,232,439.215,1.8931681034482757
1366,6.790741545893719,0.31009315297276846,1561.8705555555555,230,0,0.0,0.0
1367,7.907401891252955,0.301041373693575,1858.2394444444444,235,95,0.0,0.0
1368,6.09657368173258,0.30740513952113324,1438.7913888888888,236,0,0.0,0.0
1369,7.573564814814815,0.31652893341075616,1863.0969444444445,246,22,0.0,0.0
1370,9.988622402890694,0.30436332008012473,2457.201111111111,246,246,243.20111111111112,0.9886224028906956
1371,6.195923489278753,0.31082953810986136,1412.6705555555557,228,0,0.0,0.0
1372,6.977579022988506,0.2738109550060683,1618.7983333333334,232,0,0.0,0.0
1373,7.677799497027892,0.27849104563152516,1865.7052777777778,243,25,0.0,0.0
1374,6.300498366013072,0.30408125815153547,1499.518611111111,238,0,0.0,0.0
1375,6.532742905242905,0.29037133882669264,1509.0636111111112,231,0,0.0,0.0
1376,10.874485094850948,0.3056642811775096,2675.1233333333334,246,246,461.12333333333333,1.8744850948509486
1377,10.614749657064472,0.30913989986783635,2579.3841666666667,243,243,392.38416666666666,1.614749657064472
1378,6.208623032904149,0.29183614259004814,1446.6091666666666,233,0,0.0,0.0
1379,6.187160894660894,0.28417551479432884,1429.2341666666666,231,0,0.0,0.0
1380,6.9091439176245215,0.3038694336014904,1602.921388888889,232,0,0.0,0.0
1381,6.323777777777778,0.3144503296859644,1486.0877777777778,235,0,0.0,0.0
1382,6.933930795019157,0.3025134583943269,1608.6719444444445,232,0,0.0,0.0
1383,8.884953703703705,0.2802168090164649,2079.079166666667,234,234,14.408333333333335,0.06157407407407408
1384,7.5101751207729475,0.3087582155397587,1727.3402777777778,230,10,0.0,0.0
1385,7.4069647988505745,0.32045036099298335,1718.4158333333332,232,4,0.0,0.0
1386,6.809022458628842,0.2750799239377532,1600.1202777777778,235,0,0.0,0.0
1387,8.125163328564616,0.3041797332512148,1893.1630555555555,233,157,0.0,0.0
1388,8.283279826958106,0.2762994589773835,2021.1202777777778,244,203,0.052777777777777146,0.00021630236794170963
1389,6.78991822991823,0.30273222964511587,1568.4711111111112,231,0,0.0,0.0
1390,7.208066378066378,0.3040328388059094,1665.0633333333333,231,2,0.0,0.0
1391,6.921690307328605,0.3113492118456023,1626.5972222222222,235,0,0.0,0.0
1392,7.930844955834496,0.3081985849169904,1895.4719444444445,239,103,0.0,0.0
1393,10.362566807313643,0.30333418122692335,2455.9283333333333,237,237,322.92833333333334,1.3625668073136428
1394,6.247778935185185,0.2842955665278149,1499.4669444444444,240,0,0.0,0.0
1395,10.120157596371882,0.3003705842798097,2479.438611111111,245,245,274.43861111111113,1.1201575963718822
1396,6.78049154589372,0.29342236460204196,1559.5130555555556,230,0,0.0,0.0
1397,6.116384220354808,0.3009950473823827,1455.6994444444445,238,0,0.0,0.0
1398,7.521757369614512,0.32264472012375295,1842.8305555555555,245,18,0.0,0.0
1399,6.206365348399246,0.30499892362944236,1464.7022222222222,236,0,0.0,0.0
1400,6.105050827423168,0.3096727371431123,1434.6869444444444,235,0,0.0,0.0
1401,6.80057391091532,0.28998798537059367,1543.7302777777777,227,0,0.0,0.0
1402,7.393497365900383,0.28491257207735327,1715.2913888888888,232,7,0.0,0.0
1403,6.301128167641325,0.3107979548171246,1436.6572222222221,228,0,0.0,0.0
1404,7.527982580037665,0.29403903672722126,1776.6038888888888,236,13,0.0,0.0
1405,8.994780334728034,0.27455321292989693,2149.7525,239,239,26.186388888888892,0.10956648070664808
1406,8.013822362278244,0.2937675610060507,1907.2897222222223,238,127,0.03916666666666657,0.0001645658263305318
1407,6.181097709551658,0.28757694002486167,1409.2902777777779,228,0,0.0,0.0
1408,10.127794117647058,0.29363426426569117,2410.415,238,238,268.415,1.127794117647059
1409,6.0929427462396895,0.3047532535936942,1395.283888888889,229,0,0.0,0.0
1410,6.402202729044834,0.3385384718474166,1459.7022222222222,228,0,0.0,0.0
1411,6.292136184857424,0.31337074918808605,1422.0227777777777,226,0,0.0,0.0
1412,7.263687819618782,0.2956196706174575,1736.0213888888889,239,0,0.0,0.0
1413,6.51746151996152,0.32919799967420715,1505.5336111111112,231,0,0.0,0.0
1414,9.593414634146342,0.2850975690437623,2359.98,246,246,146.16194444444443,0.5941542457091237
1415,10.511366139846743,0.2797118010141365,2438.6369444444445,232,232,350.63694444444445,1.5113661398467433
1416,10.400718471636194,0.32116337930699096,2464.970277777778,237,237,331.97027777777777,1.4007184716361931
1417,8.36960401891253,0.312169961546556,1966.8569444444445,235,204,0.6752777777777776,0.002873522458628841
1418,6.706100780532599,0.3022974916488771,1622.8763888888889,242,0,0.0,0.0
1419,8.528221064814815,0.29194355246081244,2046.7730555555556,240,233,1.3794444444444416,0.005747685185185173
1420,7.500751563251563,0.30228031751867895,1732.673611111111,231,11,0.0,0.0
1421,6.091838741396264,0.28738616716708987,1376.7555555555555,226,0,0.0,0.0
1422,5.985083697234352,0.2850825111979464,1370.5841666666668,229,0,0.0,0.0
1423,7.782491795593062,0.30667603196740206,1844.4505555555556,237,58,0.0,0.0
1424,7.985305907172996,0.2831986460094695,1892.5175,237,120,0.0,0.0
1425,6.198006607929515,0.3242694817861014,1406.9475,227,0,0.0,0.0
1426,6.702637130801688,0.2796415424722681,1588.525,237,0,0.0,0.0
1427,8.525496376811594,0.314775180707134,1960.8641666666667,230,220,2.5677777777777777,0.011164251207729469
1428,9.09039870689655,0.3062436080150688,2108.9725,232,232,39.86277777777778,0.17182231800766284
1429,7.008028017241379,0.27268576646006676,1625.8625,232,0,0.0,0.0
1430,7.7852650462962965,0.2837975411754628,1868.463611111111,240,53,0.0,0.0
1431,6.593532265890344,0.31540381019398833,1509.918888888889,229,0,0.0,0.0
1432,6.422204184704185,0.2856602657849481,1483.5291666666667,231,0,0.0,0.0
1433,7.587336734693878,0.3102554605000653,1858.8975,245,25,0.0,0.0
1434,7.494024334251607,0.2649259682996408,1813.5538888888889,242,11,0.0,0.0
1435,10.134707175925927,0.2930896054654799,2432.3297222222222,240,240,272.32972222222224,1.134707175925926
1436,6.884387219837864,0.31522236615335486,1604.0622222222223,233,0,0.0,0.0
1437,5.994058070416095,0.300509437759801,1456.556111111111,243,0,0.0,0.0
1438,6.183065972222222,0.2911974722618272,1483.9358333333332,240,0,0.0,0.0
1439,6.95293388429752,0.2648302043384877,1682.61,242,0,0.0,0.0
1440,6.316933940242763,0.28245186986746773,1503.4302777777777,238,0,0.0,0.0
1441,5.994657943067034,0.30738540016205806,1450.7072222222223,242,0,0.0,0.0
1442,8.353527429102744,0.3065891843258556,1996.4930555555557,239,209,0.2716666666666683,0.0011366806136680681
1443,7.406395862389586,0.30597134400960824,1770.128611111111,239,13,0.0,0.0
1444,6.369136989553657,0.2834864299326319,1490.3780555555556,234,0,0.0,0.0
1445,6.719878547378547,0.30613416715725994,1552.2919444444444,231,0,0.0,0.0
1446,7.7046108716475095,0.29598837624789726,1787.4697222222221,232,43,0.0,0.0
1447,10.884872534872535,0.2942918683163847,2514.4055555555556,231,231,435.40555555555557,1.8848725348725348
1448,9.287386254789272,0.32758086821654747,2154.6736111111113,232,232,74.51472222222223,0.3211841475095786
1449,7.099097222222222,0.2969411751223314,1703.7833333333333,240,0,0.0,0.0
1450,8.798592278719397,0.29717133018887815,2076.467777777778,236,235,8.643888888888894,0.036626647834274974
1451,7.99284693877551,0.3270092396578754,1958.2475,245,118,0.0,0.0
1452,10.195875000000001,0.29373572010510496,2447.01,240,240,287.01,1.195875
1453,6.318844537815126,0.30315172583955974,1503.885,238,0,0.0,0.0
1454,6.236712962962963,0.26497636124738494,1496.8111111111111,240,0,0.0,0.0
1455,6.114475308641976,0.28692386366500605,1485.8175,243,0,0.0,0.0
1456,7.430190179806362,0.304250994585302,1790.6758333333332,241,8,0.0,0.0
1457,6.911509456264776,0.3119774779614549,1624.2047222222222,235,0,0.0,0.0
1458,7.313733521657251,0.2934119560761686,1726.0411111111111,236,5,0.0,0.0
1459,6.78583455165692,0.27603658703116,1547.1702777777778,228,0,0.0,0.0
1460,6.4319160756501175,0.28387286485672686,1511.5002777777777,235,0,0.0,0.0
1461,7.563755935422602,0.29303546941063563,1769.918888888889,234,18,0.0,0.0
1462,8.010291179337232,0.3087110892052789,1826.346388888889,228,119,0.0,0.0
1463,7.120705868205868,0.3042228630058985,1644.8830555555555,231,0,0.0,0.0
1464,7.3884734195402295,0.2976869975317063,1714.1258333333333,232,4,0.0,0.0
1465,7.298881915388192,0.3037530025919031,1744.4327777777778,239,3,0.0,0.0
1466,8.4856290174472,0.3049204940554832,2053.5222222222224,242,230,0.9966666666666661,0.00411845730027548
1467,6.099508003766479,0.2989542547869761,1439.483888888889,236,0,0.0,0.0
1468,7.696410608139003,0.31034431543249547,1870.2277777777779,243,45,0.0,0.0
1469,9.51556007226739,0.322622980674087,2340.8277777777776,246,246,128.84416666666667,0.5237567750677506
1470,7.036408382066277,0.3089474394007995,1604.3011111111111,228,0,0.0,0.0
1471,7.409417024320458,0.2924151945826007,1726.3941666666667,233,3,0.0,0.0
1472,7.658033910533911,0.29763601979755777,1769.0058333333334,231,30,0.0,0.0
1473,6.987566851083448,0.30845658720689345,1684.003611111111,241,0,0.0,0.0
1474,7.204082491582492,0.2892520332232635,1664.1430555555555,231,1,0.0,0.0
1475,8.00852013585638,0.30624623916210697,1833.951111111111,229,115,0.0,0.0
1476,10.77499403910348,0.3039147531912365,2510.573611111111,233,233,413.5736111111111,1.7749940391034813
1477,6.909532163742689,0.30898391567437444,1575.3733333333332,228,0,0.0,0.0
1478,6.717725035161744,0.2579247272605279,1592.1008333333334,237,0,0.0,0.0
1479,7.2146174463937625,0.2986641340768744,1644.9327777777778,228,2,0.0,0.0
1480,7.1283810205054845,0.318997395172664,1660.9127777777778,233,1,0.0,0.0
1481,8.398237922705313,0.29569906887132985,1931.5947222222221,230,212,0.2572222222222216,0.0011183574879227024
1482,7.075151406771578,0.31033703548927644,1648.5102777777777,233,0,0.0,0.0
1483,9.295658137390504,0.30191319928714627,2240.2536111111112,241,241,77.95,0.32344398340248964
1484,9.44614095500459,0.2943431561165509,2285.966111111111,242,242,109.96111111111111,0.4543847566574839
1485,6.116240338164252,0.30861065812974875,1406.7352777777778,230,0,0.0,0.0
1486,6.704287837219936,0.30880216290387674,1629.1419444444443,243,0,0.0,0.0
1487,6.6049799905838045,0.3113292968958566,1558.7752777777778,236,0,0.0,0.0
1488,11.019594467885607,0.29418236483639326,2611.643888888889,237,237,478.6438888888889,2.0195944678856073
1489,6.9847222222222225,0.32037997644604504,1613.4708333333333,231,0,0.0,0.0
1490,9.286795224977043,0.3102193914359004,2247.4044444444444,242,242,77.24750000000002,0.3192045454545455
1491,7.601738128169663,0.29669861180233437,1832.0188888888888,241,22,0.0,0.0
1492,5.97706712962963,0.28124847066600583,1434.496111111111,240,0,0.0,0.0
1493,8.413626347866854,0.2870161293201417,1994.0294444444444,237,219,0.5574999999999992,0.002352320675105482
1494,6.788833333333333,0.2954546645625954,1561.4316666666666,230,0,0.0,0.0
1495,7.062236111111111,0.27896341539710384,1694.9366666666667,240,0,0.0,0.0
1496,9.410524425287356,0.3132691608959394,2183.241666666667,232,232,98.50666666666667,0.4245977011494253
1497,11.014791373652132,0.29057364713703615,2610.5055555555555,237,237,477.5055555555556,2.0147913736521335
1498,7.629000953743443,0.328746289192235,1777.5572222222222,233,35,0.0,0.0
1499,11.000575998075998,0.29212281661237427,2541.1330555555555,231,231,462.1330555555556,2.0005759980759983
1500,6.820862029384757,0.2942595577320428,1650.6486111111112,242,0,0.0,0.0
1501,10.109967811158798,0.2765925467633504,2355.6225,233,233,258.6225,1.1099678111587983
1502,6.702303051001821,0.2877618720701649,1635.3619444444444,244,0,0.0,0.0
1503,10.487479338842974,0.2894115804313533,2537.97,242,242,359.97,1.4874793388429752
1504,6.193597768073751,0.29809446469959044,1418.3338888888889,229,0,0.0,0.0
1505,6.607998817966903,0.31988143455640444,1552.8797222222222,235,0,0.0,0.0
1506,10.260264282501126,0.3032390371858564,2534.285277777778,247,247,311.28527777777776,1.2602642825011245
1507,9.995476680384087,0.30576511482367175,2428.900833333333,243,243,241.90083333333334,0.9954766803840878
1508,5.992563025210084,0.28430645707003716,1426.23,238,0,0.0,0.0
1509,6.816210488505748,0.277127561086433,1581.3608333333334,232,0,0.0,0.0
1510,7.720096982758621,0.3007867673504304,1791.0625,232,39,0.0,0.0
1511,7.185832136015326,0.28945789379384934,1667.1130555555555,232,0,0.0,0.0
1512,7.571935990338164,0.31375554762223307,1741.5452777777778,230,19,0.0,0.0
1513,6.877735507246377,0.3024430807672619,1581.8791666666666,230,0,0.0,0.0
1514,6.992057656395891,0.2983075924874044,1664.1097222222222,238,0,0.0,0.0
1515,7.170924782807498,0.26155310659243486,1742.5347222222222,243,0,0.0,0.0
1516,7.164225083452552,0.30169907007104146,1669.2644444444445,233,0,0.0,0.0
1517,7.603831417624521,0.30244674795713966,1764.088888888889,232,19,0.0,0.0
1518,7.817613035113035,0.2902318802843215,1805.868611111111,231,67,0.0,0.0
1519,6.989849587578846,0.31678925911352834,1600.6755555555555,229,0,0.0,0.0
1520,6.903497307880568,0.30138181487982446,1567.0938888888888,227,0,0.0,0.0
1521,10.92023792780122,0.32140855544171565,2588.096388888889,237,237,455.0963888888889,1.920237927801219
1522,9.106765306122448,0.2994407672742842,2231.1575,245,245,44.955833333333345,0.1834931972789116
1523,6.793423095584668,0.3170002966632219,1555.693888888889,229,0,0.0,0.0
1524,7.290649678604224,0.3224480110531436,1764.3372222222222,242,2,0.0,0.0
1525,8.60325265099124,0.28923344595947065,2073.383888888889,241,235,1.9188888888888922,0.007962194559704946
1526,6.794387464387465,0.2904613570688448,1589.8866666666668,234,0,0.0,0.0
1527,10.980500929800092,0.30318160637614755,2624.339722222222,239,239,473.33972222222224,1.980500929800093
1528,7.724989711934156,0.29760095796030867,1877.1725,243,43,0.0,0.0
1529,9.971033057851239,0.3017368596163386,2412.99,242,242,234.99,0.9710330578512397
1530,7.877022821576763,0.32101491915823804,1898.3625,241,80,0.0,0.0
1531,10.713731292517007,0.29730226467353327,2624.8641666666667,245,245,419.8641666666667,1.7137312925170067
1532,10.537320048309178,0.3112582019945968,2423.583611111111,230,230,353.5836111111111,1.5373200483091787
1533,10.101125910746811,0.27661610792577657,2464.674722222222,244,244,268.6747222222222,1.1011259107468123
1534,6.600159069325737,0.28753008066078506,1544.4372222222223,234,0,0.0,0.0
1535,7.516145075206211,0.2849389006835188,1721.1972222222223,229,10,0.0,0.0
1536,10.711125603864733,0.3130610083048604,2463.5588888888888,230,230,393.5588888888889,1.7111256038647342
1537,6.20291134751773,0.29889256080991644,1457.6841666666667,235,0,0.0,0.0
1538,6.6084375,0.3168485435726246,1533.1575,232,0,0.0,0.0
1539,6.060223404255319,0.3071789125851498,1424.1525,235,0,0.0,0.0
1540,10.00678841607565,0.3016740141796479,2351.595277777778,235,235,236.59527777777777,1.0067884160756502
1541,7.39196240421456,0.2859201252182869,1714.9352777777779,232,4,0.0,0.0
1542,6.526635049683831,0.30796907085900627,1605.5522222222223,246,0,0.0,0.0
1543,6.352892512077295,0.28728459465451534,1461.1652777777779,230,0,0.0,0.0
1544,9.278894849785408,0.3069144194915529,2161.9825,233,233,71.2527777777778,0.30580591320934675
1545,6.092101769911505,0.2840877510737827,1376.815,226,0,0.0,0.0
1546,7.203633101851851,0.3060916652136209,1728.8719444444444,240,0,0.0,0.0
1547,7.106525500910746,0.28907554982646066,1733.9922222222222,244,0,0.0,0.0
1548,9.905172292545709,0.30441048594342585,2347.525833333333,237,237,214.64527777777778,0.9056762775433661
1549,10.49205736224029,0.284929707238058,2581.0461111111113,246,246,367.0461111111111,1.492057362240289
1550,6.909123116760829,0.29496612601702094,1630.5530555555556,236,0,0.0,0.0
1551,7.615994585687383,0.30145691101432526,1797.3747222222223,236,25,0.0,0.0
1552,6.110617283950617,0.281879865498386,1374.888888888889,225,0,0.0,0.0
1553,6.001789351851852,0.2956313963994789,1440.4294444444445,240,0,0.0,0.0
1554,9.012154195011338,0.2778085270469997,2207.9777777777776,245,245,27.776111111111113,0.11337188208616782
1555,10.414085395439107,0.31354687297878947,2384.8255555555556,229,229,323.8255555555556,1.4140853954391073
1556,8.419563492063492,0.28302061965962666,1944.9191666666666,231,216,0.6300000000000008,0.0027272727272727305
1557,7.913552886948083,0.3168343586733091,1812.203611111111,229,98,0.0,0.0
1558,7.066395804518211,0.28464266721143944,1703.0013888888889,241,0,0.0,0.0
1559,9.70906462585034,0.2994979169713126,2378.7208333333333,245,245,173.77916666666667,0.7093027210884354
1560,7.816196311858077,0.29775560220762665,1860.2547222222222,238,69,0.0,0.0
1561,6.293512857836002,0.28795653849631403,1441.2144444444446,229,0,0.0,0.0
1562,6.319985935302391,0.2897050986576645,1497.8366666666666,237,0,0.0,0.0
1563,8.805406445406446,0.3040229523042423,2034.048888888889,231,230,12.2825,0.053170995670995674
1564,7.729661636945588,0.30477269977947025,1878.3077777777778,243,46,0.0,0.0
1565,7.294775870290892,0.29116857345332425,1699.6827777777778,233,5,0.0,0.0
1566,10.803298171589311,0.27041519233068706,2560.3816666666667,237,237,427.38166666666666,1.8032981715893108
1567,10.400979840600094,0.3161609058082507,2465.032222222222,237,237,332.03222222222223,1.4009798406000937
1568,5.976393617021277,0.30424034475826095,1404.4525,235,0,0.0,0.0
1569,6.0972750229568415,0.29816878164521443,1475.5405555555556,242,0,0.0,0.0
1570,8.101884756657483,0.30120807317942244,1960.6561111111112,242,152,0.0,0.0
1571,7.29282733978792,0.296577991090571,1757.5713888888888,241,2,0.0,0.0
1572,7.077489270386266,0.30742688387688166,1649.055,233,0,0.0,0.0
1573,6.312606927010692,0.3107335344813046,1508.7130555555555,239,0,0.0,0.0
1574,8.090185185185184,0.2768924926920949,1917.3738888888888,237,151,0.0,0.0
1575,7.978398692810457,0.31085577854832763,1898.858888888889,238,116,0.0,0.0
1576,10.495708218549128,0.3080297569667392,2539.961388888889,242,242,361.9613888888889,1.4957082185491277
1577,8.022877314814815,0.29013970309337667,1925.4905555555556,240,122,0.0,0.0
1578,6.114069501600365,0.29064829060189484,1485.7188888888888,243,0,0.0,0.0
1579,7.573262691570881,0.286521033809187,1756.9969444444444,232,16,0.0,0.0
1580,6.918520408163265,0.2948485515451005,1695.0375,245,0,0.0,0.0
1581,9.31036556036556,0.29547461861409957,2150.6944444444443,231,231,76.58361111111111,0.331530784030784
1582,10.802310386473431,0.29672592063905423,2484.531388888889,230,230,414.5313888888889,1.80231038647343
1583,5.988076302443522,0.2989390934874497,1443.1263888888889,241,0,0.0,0.0
1584,7.785495620101429,0.30990098062437715,1876.3044444444445,241,54,0.0,0.0
1585,7.712429691101891,0.3206094123791803,1858.6955555555555,241,40,0.0,0.0
1586,6.210790314650934,0.3083056274837523,1403.638611111111,226,0,0.0,0.0
1587,7.08545035460993,0.3149443179325022,1665.0808333333334,235,0,0.0,0.0
1588,7.795346618357487,0.3166479235463631,1792.9297222222222,230,58,0.0,0.0
1589,7.598426313342632,0.3105606297376123,1816.023888888889,239,27,0.0,0.0
1590,6.010319383259912,0.29781869139084793,1364.3425,227,0,0.0,0.0
1591,9.08493879472693,0.30472283292562186,2144.0455555555554,236,236,40.441944444444445,0.1713641713747646
1592,8.690298309178743,0.29414718623142644,1998.768611111111,230,227,5.248333333333337,0.02281884057971016
1593,10.014321513002365,0.2956331532366176,2353.3655555555556,235,235,238.36555555555555,1.014321513002364
1594,6.898669082125604,0.3160355846235657,1586.693888888889,230,1,0.0,0.0
1595,7.021446150097466,0.3111426705197965,1600.8897222222222,228,0,0.0,0.0
1596,6.258094035594035,0.3082778911545304,1445.6197222222222,231,0,0.0,0.0
1597,6.397392787524367,0.2961324308200937,1458.6055555555556,228,0,0.0,0.0
1598,8.186094702297234,0.29492611038974215,1940.1044444444444,237,173,0.21250000000000036,0.0008966244725738411
1599,6.464834960483496,0.281876052262384,1545.0955555555556,239,0,0.0,0.0
1600,6.675874355368026,0.328219295422259,1582.1822222222222,237,0,0.0,0.0
1601,7.480514846743295,0.2994860968457991,1735.4794444444444,232,7,0.0,0.0
1602,9.921687242798352,0.29252144340349706,2410.97,243,243,223.97,0.9216872427983539
1603,7.356879873294346,0.31532759351214007,1677.368611111111,228,7,0.0,0.0
1604,7.50868979494516,0.3117631005711563,1749.5247222222222,233,17,0.0,0.0
1605,5.975955882352941,0.2821206263388055,1422.2775,238,0,0.0,0.0
1606,6.872604308390023,0.3028532441404937,1683.7880555555555,245,0,0.0,0.0
1607,6.0742691256830605,0.3054325555752154,1482.1216666666667,244,0,0.0,0.0
1608,7.727606039649608,0.290295023676773,1862.3530555555556,241,40,0.0,0.0
1609,8.935685990338163,0.2890705719091491,2055.2077777777777,230,230,19.524722222222216,0.08489009661835746
1610,10.902481247069854,0.27671034602419015,2583.8880555555556,237,237,450.8880555555555,1.9024812470698544
1611,10.736613247863247,0.3115533913568418,2512.3675,234,234,406.3675,1.7366132478632479
1612,7.1278874269005845,0.28373308568542993,1625.1583333333333,228,0,0.0,0.0
1613,9.015948974725799,0.3184332250815169,2100.716111111111,233,233,32.361111111111114,0.1388888888888889
1614,7.38608117816092,0.28875777743244,1713.5708333333334,232,4,0.0,0.0
1615,7.5873362445414845,0.3305946754615277,1737.5,229,28,0.0,0.0
1616,6.6446671455938695,0.29468949099631253,1541.5627777777777,232,0,0.0,0.0
1617,6.213860073766713,0.31102322688442335,1497.5402777777779,241,0,0.0,0.0
1618,6.494295422031474,0.2846912362472375,1513.1708333333333,233,0,0.0,0.0
1619,8.202250957854407,0.29874019297897414,1902.9222222222222,232,180,0.0,0.0
1620,6.778304843304843,0.3131284236833208,1586.1233333333332,234,0,0.0,0.0
1621,7.309269972451791,0.28385343027500765,1768.8433333333332,242,0,0.0,0.0
1622,6.824301001821494,0.28775478259849113,1665.1294444444445,244,0,0.0,0.0
1623,7.28737680148768,0.3027507531409579,1741.6830555555555,239,2,0.0,0.0
1624,6.163477496483825,0.30460261712020886,1460.7441666666666,237,0,0.0,0.0
1625,7.601014544587506,0.320131304317325,1771.036388888889,233,28,0.0,0.0
1626,6.612837552742616,0.32441842694051076,1567.2425,237,0,0.0,0.0
1627,10.603659863945577,0.3065402690600956,2597.8966666666665,245,245,392.89666666666665,1.6036598639455781
1628,6.181501377410469,0.2813997839880178,1495.9233333333334,242,0,0.0,0.0
1629,8.653300376647834,0.2782422975783242,2042.1788888888889,236,235,2.9013888888888903,0.01229402071563089
1630,6.014923816221285,0.27961441380698204,1425.5369444444445,237,0,0.0,0.0
1631,6.269028384279476,0.32322075342955237,1435.6075,229,0,0.0,0.0
1632,7.88355984740105,0.30466288047665785,1836.8694444444445,233,80,0.1936111111111103,0.0008309489747257953
1633,7.193886514719848,0.26479166786754177,1683.3694444444445,234,0,0.0,0.0
1634,6.605290249433106,0.31307243589066497,1618.296111111111,245,0,0.0,0.0
1635,7.875434681543468,0.31070439974332115,1882.2288888888888,239,77,0.0,0.0
1636,6.6783856345885635,0.283069256459319,1596.1341666666667,239,0,0.0,0.0
1637,6.336791027429103,0.3310478796766717,1514.4930555555557,239,0,0.0,0.0
1638,7.2048990978157645,0.2997560649030647,1685.9463888888888,234,1,0.0,0.0
1639,6.263877826941986,0.30915481083919455,1415.6363888888889,226,0,0.0,0.0
1640,7.205101566324033,0.3255209041931,1635.5580555555555,227,1,0.0,0.0
1641,7.799077681577682,0.30564411007862646,1801.5869444444445,231,57,0.0,0.0
1642,6.790909197012137,0.3327067389954929,1616.2363888888888,238,0,0.0,0.0
1643,6.5296072796934865,0.28723171779851003,1514.868888888889,232,0,0.0,0.0
1644,7.676790633608816,0.29860983884792963,1857.7833333333333,242,28,0.0,0.0
1645,7.611215998155832,0.26672299549690204,1834.3030555555556,241,17,0.0,0.0
1646,9.220456916099772,0.28438349620458486,2259.0119444444445,245,245,62.461111111111116,0.2549433106575964
1647,6.411356881572931,0.29307068860482055,1557.9597222222221,243,0,0.0,0.0
1648,8.510061088059013,0.2947733593453753,2050.924722222222,241,231,1.7255555555555553,0.0071599815583218065
1649,7.017434364744491,0.2847453798216119,1663.1319444444443,237,0,0.0,0.0
1650,6.538957175925926,0.3282503923272081,1569.3497222222222,240,0,0.0,0.0
1651,8.908956868260665,0.29677983219061393,2111.422777777778,237,236,17.92527777777778,0.07563408345053915
1652,6.609761088248743,0.3166628340808049,1606.1719444444445,243,0,0.0,0.0
1653,10.986562213039486,0.27709144277567477,2658.7480555555558,242,242,480.74805555555554,1.9865622130394858
1654,7.7818857271906055,0.28900417909684323,1914.3438888888888,246,58,0.0,0.0
1655,7.232681577681578,0.29931193364107367,1670.7494444444444,231,1,0.0,0.0
1656,6.447918439716312,0.2997117268143193,1515.2608333333333,235,0,0.0,0.0
1657,6.795801144492131,0.2928038562650473,1583.4216666666666,233,0,0.0,0.0
1658,7.367503443526171,0.26749248340413057,1782.9358333333332,242,2,0.0,0.0
1659,6.218216183574879,0.30512004829477024,1430.1897222222221,230,0,0.0,0.0
1660,5.992435990338164,0.3079233851860785,1378.2602777777777,230,0,0.0,0.0
1661,7.319618502622795,0.3238456277601307,1705.4711111111112,233,2,0.0,0.0
1662,7.117489583333334,0.3047167942764539,1708.1975,240,1,0.0,0.0
1663,8.677375910746811,0.28456770724943675,2117.279722222222,244,241,4.370555555555557,0.01791211293260474
1664,10.774355791962174,0.29572646029535676,2531.973611111111,235,235,416.9736111111111,1.7743557919621749
1665,7.426807992202729,0.30520593455330874,1693.3122222222223,228,6,0.0,0.0
1666,9.168659122085048,0.314149364699289,2227.9841666666666,243,243,55.09527777777777,0.22672953818015543
1667,7.402640086206896,0.312996111459451,1717.4125,232,5,0.0,0.0
1668,7.377401960784314,0.3245054712003775,1755.8216666666667,238,4,0.0,0.0
1669,6.706642406598738,0.2973254317518363,1535.8211111111111,229,0,0.0,0.0
1670,9.177018140589569,0.28596743885674736,2248.3694444444445,245,245,54.83777777777778,0.223827664399093
1671,6.911605067410507,0.2829628530490692,1651.8736111111111,239,0,0.0,0.0
1672,9.313776340996169,0.3102792660518094,2160.7961111111113,232,232,78.37944444444445,0.33784243295019156
1673,5.995600472813239,0.28961684723395864,1408.966111111111,235,0,0.0,0.0
1674,6.3117309458218545,0.3364958052881201,1527.4388888888889,242,0,0.0,0.0
1675,6.438360254527656,0.28742292766293887,1461.5077777777778,227,0,0.0,0.0
1676,8.709504781420765,0.30466684236985103,2125.119166666667,244,243,8.042222222222222,0.03295992714025501
1677,7.4239807162534435,0.3001940196770438,1796.6033333333332,242,6,0.0,0.0
1678,6.167455889365761,0.31158817009146544,1437.0172222222222,233,0,0.0,0.0
1679,7.716770680372002,0.3139340803628586,1751.7069444444444,227,45,0.0,0.0
1680,7.489332125603865,0.2931659792258111,1722.546388888889,230,7,0.0,0.0
1681,9.078804644808743,0.27245742078909796,2215.2283333333335,244,244,37.205000000000005,0.15247950819672135
1682,6.009575650118203,0.2966393916848495,1412.2502777777777,235,0,0.0,0.0
1683,5.974057710727969,0.2905351142164019,1385.981388888889,232,0,0.0,0.0
1684,6.0161342592592595,0.2982557473055501,1371.6786111111112,228,0,0.0,0.0
1685,6.891148388648388,0.3084676889020312,1591.8552777777777,231,0,0.0,0.0
1686,10.797482923497268,0.32106103944969144,2634.5858333333335,244,244,438.58583333333337,1.797482923497268
1687,9.008302600472813,0.29162603565599565,2116.951111111111,235,234,28.11527777777777,0.11963947990543732
1688,7.3836464424951265,0.2781541914334791,1683.471388888889,228,1,0.0,0.0
1689,6.786804407713499,0.3013702594008373,1642.4066666666668,242,0,0.0,0.0
1690,6.773574380165289,0.27935143790945993,1639.205,242,0,0.0,0.0
1691,7.405586419753086,0.29081797903307977,1799.5575,243,8,0.0,0.0
1692,10.796519396551725,0.30100250799068623,2504.7925,232,232,416.7925,1.7965193965517243
1693,6.946756854256854,0.2873885561090033,1604.7008333333333,231,0,0.0,0.0
1694,8.880400709219858,0.2809619187936321,2086.8941666666665,235,235,14.679166666666667,0.0624645390070922
1695,6.698702887909937,0.28452441879583823,1520.6055555555556,227,0,0.0,0.0
1696,7.861873306233062,0.2937783039686048,1934.0208333333333,246,80,0.0,0.0
1697,6.28636680613668,0.2868091411422672,1502.4416666666666,239,0,0.0,0.0
1698,7.854169071669072,0.3149208848403513,1814.3130555555556,231,74,0.0,0.0
1699,8.908952903520804,0.31092430168369006,2164.8755555555554,243,243,20.550833333333337,0.08457133058984913
1700,7.093976057647605,0.30674800924214335,1695.4602777777777,239,0,0.0,0.0
1701,7.506218038121804,0.3364594360068873,1793.986111111111,239,16,0.0,0.0
1702,8.721149626517272,0.29879302204717284,2075.633611111111,238,236,6.887777777777778,0.028940242763772175
1703,6.794996423462089,0.302589776161967,1583.2341666666666,233,0,0.0,0.0
1704,9.141189458689459,0.3088230382916701,2139.0383333333334,234,234,48.275277777777774,0.2063046058879392
1705,7.0068008072174734,0.2849616108860661,1639.5913888888888,234,1,0.0,0.0
1706,6.698729024943311,0.288005309617413,1641.1886111111112,245,0,0.0,0.0
1707,8.38059541062802,0.28619875441521647,1927.5369444444445,230,206,0.10111111111111093,0.00043961352657004754
1708,6.505614338404794,0.2858006126033295,1567.8530555555556,241,0,0.0,0.0
1709,7.197285954785955,0.31458266646324634,1662.5730555555556,231,1,0.0,0.0
1710,8.654981325863679,0.3169702265814737,2059.8855555555556,238,232,5.802222222222229,0.02437908496732029
1711,6.003892390289449,0.29585566430411825,1428.9263888888888,238,0,0.0,0.0
1712,7.329120971620972,0.30720476411078596,1693.0269444444446,231,3,0.0,0.0
1713,9.394063492063491,0.3156348817738465,2301.5455555555554,245,245,100.75972222222222,0.4112641723356009
1714,7.306887433284813,0.31958802781769585,1673.2772222222222,229,2,0.0,0.0
1715,7.1054965277777775,0.26426147090952185,1705.3191666666667,240,0,0.0,0.0
1716,7.402895955165692,0.2974941252742298,1687.8602777777778,228,8,0.0,0.0
1717,7.61566087962963,0.30149714910918274,1827.7586111111111,240,23,0.0,0.0
1718,10.005085377585377,0.2759785578226103,2311.174722222222,231,231,232.17472222222221,1.0050853775853776
1719,6.17747594997595,0.301329291436266,1426.9969444444444,231,0,0.0,0.0
1720,6.80102422907489,0.28325407797524654,1543.8325,227,0,0.0,0.0
1721,6.727743352326685,0.30968131034496094,1574.2919444444444,234,0,0.0,0.0
1722,7.496162037037037,0.2720456084240846,1799.078888888889,240,8,0.0,0.0
1723,6.397855603448276,0.3177355606583332,1484.3025,232,0,0.0,0.0
1724,10.705447916666666,0.30238483525152793,2569.3075,240,240,409.3075,1.7054479166666667
1725,7.000167394468705,0.31140229278910075,1603.0383333333334,229,0,0.0,0.0
1726,8.610434532042415,0.3152537472757408,2075.114722222222,241,233,4.183611111111116,0.017359382203780565
1727,10.42268987341772,0.2996846059476982,2470.1775,237,237,337.1775,1.4226898734177216
1728,6.66601394604481,0.27921693606232534,1619.8413888888888,243,0,0.0,0.0
1729,7.071160673121254,0.29536113708708567,1704.1497222222222,241,0,0.0,0.0
1730,7.7076554641060815,0.3203014365294417,1872.9602777777777,243,48,0.0,0.0
1731,6.807263374485596,0.30014106461092976,1654.165,243,0,0.0,0.0
1732,7.775427708042771,0.3033087270724695,1858.3272222222222,239,56,0.0,0.0
1733,7.118721524872153,0.28970204411889433,1701.3744444444444,239,0,0.0,0.0
1734,8.938866430260047,0.2992622020521983,2100.633611111111,235,234,21.488333333333337,0.09143971631205675
1735,7.565030218503021,0.2830026500105025,1808.042222222222,239,18,0.0,0.0
1736,9.12480329041488,0.30177185584173416,2126.079166666667,233,233,45.71499999999999,0.1962017167381974
1737,6.781649232914923,0.30637367982971586,1620.8141666666666,239,0,0.0,0.0
1738,7.503401056014693,0.30418543492440525,1815.8230555555556,242,10,0.0,0.0
1739,6.74090564738292,0.28996180397811594,1631.2991666666667,242,0,0.0,0.0
1740,7.892434573002755,0.32272603911669806,1909.9691666666668,242,93,0.0,0.0
1741,8.207366522366522,0.2863819725699859,1895.9016666666666,231,175,0.15222222222222292,0.000658970658970662
1742,7.198367149758454,0.2798728094815026,1655.6244444444444,230,1,0.0,0.0
1743,6.449521475256769,0.2938302123809455,1534.986111111111,238,0,0.0,0.0
1744,7.892938775510204,0.2981688732393854,1933.77,245,86,0.0,0.0
1745,6.676836219336219,0.2939893877501769,1542.3491666666666,231,0,0.0,0.0
1746,8.571869747899159,0.29958437309973623,2040.105,238,234,3.42,0.014369747899159664
1747,6.812551263710062,0.29019653500686293,1587.3244444444445,233,0,0.0,0.0
1748,7.706537494284408,0.3211917420818509,1872.6886111111112,243,44,0.0,0.0
1749,6.60321497584541,0.32299423582667375,1518.7394444444444,230,0,0.0,0.0
1750,7.412207049486461,0.2926621450247502,1764.1052777777777,238,5,0.0,0.0
1751,6.236250581125058,0.2856116654075916,1490.463888888889,239,0,0.0,0.0
1752,7.406968918257464,0.29691597373631295,1681.3819444444443,227,6,0.0,0.0
1753,8.10100622406639,0.2923653968625592,1952.3425,241,146,0.0,0.0
1754,5.98372763653484,0.2850806188483417,1412.1597222222222,236,0,0.0,0.0
1755,9.841307617661329,0.31764931952653347,2253.6594444444445,229,229,192.65944444444443,0.8413076176613294
1756,6.123103408029879,0.29687447065392025,1457.298611111111,238,0,0.0,0.0
1757,8.299020531400966,0.30071160086188636,1908.7747222222222,230,200,0.07444444444444365,0.0003236714975845376
1758,7.521344671201814,0.28717938838042256,1842.7294444444444,245,14,0.0,0.0
1759,6.429023456790124,0.3144986199599168,1446.5302777777779,225,0,0.0,0.0
1760,9.95740664845173,0.3064990496596686,2429.6072222222224,244,244,233.60722222222222,0.9574066484517304
1761,7.118760775862069,0.3078437051442799,1651.5525,232,0,0.0,0.0
1762,6.394135536398467,0.3010023389235597,1483.4394444444445,232,0,0.0,0.0
1763,7.805959699453552,0.28696280540649516,1904.6541666666667,244,61,0.0,0.0
1764,6.285127217553688,0.28280673527250827,1495.8602777777778,238,0,0.0,0.0
1765,7.095374244537425,0.3021968200038757,1695.7944444444445,239,0,0.0,0.0
1766,8.797861336946703,0.2981049101558152,2164.273888888889,246,246,11.168611111111113,0.04540085817524843
1767,7.492104481024234,0.31288413251358155,1820.5813888888888,243,14,0.0,0.0
1768,7.0666621499548326,0.29782059415615836,1738.398888888889,246,0,0.0,0.0
1769,6.3258297101449275,0.27752715462458044,1454.9408333333333,230,0,0.0,0.0
1770,7.077205743879473,0.3101157875231389,1670.2205555555556,236,0,0.0,0.0
1771,7.808465986394558,0.28931136086689613,1913.0741666666668,245,58,0.0,0.0
1772,10.874641723356008,0.3257745421684897,2664.287222222222,245,245,459.2872222222222,1.874641723356009
1773,6.170700431034483,0.30354707633587164,1431.6025,232,0,0.0,0.0
1774,5.995460107684777,0.29801352429473554,1360.9694444444444,227,0,0.0,0.0
1775,9.98832877959927,0.3204072278401275,2437.152222222222,244,244,241.1522222222222,0.9883287795992713
1776,7.7169027777777774,0.3130790438833144,1852.0566666666666,240,41,0.0,0.0
1777,5.9940800865800865,0.32239969373373456,1384.6325,231,0,0.0,0.0
1778,7.997055555555556,0.29733290990893674,1959.278611111111,245,116,0.0,0.0
1779,10.009682033096926,0.2937391743647232,2352.275277777778,235,235,237.27527777777777,1.0096820330969267
1780,7.804073275862069,0.30785389373313365,1810.545,232,58,0.0,0.0
1781,8.05094806763285,0.29270496076062796,1851.7180555555556,230,128,0.0,0.0
1782,7.396366898148148,0.29697329625301033,1775.1280555555556,240,3,0.0,0.0
1783,7.245820105820106,0.3041280369863484,1673.7844444444445,231,0,0.0,0.0
1784,7.090755017131668,0.30388588686656753,1609.6013888888888,227,2,0.0,0.0
1785,6.279730461393597,0.3203582555052413,1482.016388888889,236,0,0.0,0.0
1786,6.197631766381766,0.29144863001034166,1450.2458333333334,234,0,0.0,0.0
1787,6.203041125541125,0.31541741750901575,1432.9025,231,0,0.0,0.0
1788,8.896373188405796,0.27230564319619227,2046.1658333333332,230,230,15.20777777777778,0.06612077294685992
1789,6.805050505050505,0.30580954907141633,1646.8222222222223,242,0,0.0,0.0
1790,9.499684944684944,0.2863584614159775,2194.427222222222,231,231,116.12972222222223,0.5027260702260703
1791,10.821924119241192,0.2887507435499426,2662.193333333333,246,246,448.1933333333333,1.8219241192411924
1792,6.887651300236406,0.311880765754911,1618.5980555555554,235,0,0.0,0.0
1793,7.8023307656395895,0.3108105049397097,1856.9547222222222,238,62,0.0,0.0
1794,7.1923405797101445,0.3091470908332268,1654.2383333333332,230,1,0.0,0.0
1795,6.371433615819209,0.3041401323105423,1503.6583333333333,236,0,0.0,0.0
1796,7.89317270531401,0.2792405071376551,1815.4297222222222,230,82,0.0,0.0
1797,7.821308321308321,0.3025853450266983,1806.7222222222222,231,61,0.0,0.0
1798,7.9969965986394556,0.31522488150023803,1959.2641666666666,245,121,0.038333333333333997,0.0001564625850340163
1799,6.749403910348116,0.32754301483017284,1572.611111111111,233,0,0.0,0.0
1800,6.058953625235405,0.3024757001477428,1429.9130555555555,236,0,0.0,0.0
1801,6.363878515444906,0.2891699813601404,1533.6947222222223,241,0,0.0,0.0
1802,10.674197154471544,0.3040287446734892,2625.8525,246,246,411.8525,1.6741971544715448
1803,6.994114507520621,0.2888001338098871,1601.6522222222222,229,0,0.0,0.0
1804,8.022934782608695,0.3139970060444655,1845.275,230,124,0.0,0.0
1805,9.502909544159545,0.2825402729472265,2223.6808333333333,234,234,118.41277777777776,0.5060375118708451
1806,7.686010101010101,0.3149592658951282,1860.0144444444445,242,42,0.0,0.0
1807,7.688039990421456,0.28441952566764056,1783.6252777777777,232,32,0.0,0.0
1808,8.896928240740742,0.2898748302571013,2135.262777777778,240,240,16.211388888888887,0.0675474537037037
1809,7.759774805669867,0.2962297421779381,1885.6252777777777,243,45,0.0,0.0
1810,10.498053181386513,0.30592689967255393,2456.5444444444443,234,234,350.5444444444445,1.4980531813865148
1811,6.219219122556032,0.30298833130926306,1449.0780555555555,233,0,0.0,0.0
1812,6.590180375180375,0.3013007610626786,1522.3316666666667,231,0,0.0,0.0
1813,7.9929382969034615,0.29306058009792074,1950.2769444444446,244,114,0.0,0.0
1814,6.905994886099489,0.2988166861038082,1650.5327777777777,239,0,0.0,0.0
1815,9.40196485260771,0.33087794462575476,2303.481388888889,245,245,102.56888888888889,0.4186485260770975
1816,6.6021959942775394,0.3259946893589997,1538.3116666666667,233,0,0.0,0.0
1817,7.626456552706553,0.3148179808553561,1784.5908333333334,234,27,0.0,0.0
1818,7.593121693121693,0.2887926272086015,1754.0111111111112,231,20,0.0,0.0
1819,6.909130434782608,0.31437506418679395,1589.1,230,0,0.0,0.0
1820,6.313039855072464,0.3003003893212469,1451.9991666666667,230,0,0.0,0.0
1821,6.389931693989071,0.30965877226375554,1559.1433333333334,244,0,0.0,0.0
1822,7.2855543785310735,0.2947990866827515,1719.3908333333334,236,1,0.0,0.0
1823,10.525373015873017,0.3038932090780914,2578.716388888889,245,245,373.7163888888889,1.5253730158730159
1824,7.024023532265891,0.29227283802354553,1608.5013888888889,229,1,0.0,0.0
1825,9.911441256830601,0.3066886974783392,2418.391666666667,244,244,222.41,0.9115163934426229
1826,6.913744769874477,0.2911009272838952,1652.385,239,0,0.0,0.0
1827,8.012555315055314,0.2700622299360879,1850.9002777777778,231,114,0.0,0.0
1828,7.249490338164252,0.3070825819789849,1667.3827777777778,230,3,0.0,0.0
1829,6.08176429567643,0.3034573621264718,1453.5416666666667,239,0,0.0,0.0
1830,6.295518755935423,0.3151327144236356,1473.151388888889,234,0,0.0,0.0
1831,6.377411835748792,0.2811765480429456,1466.8047222222222,230,0,0.0,0.0
1832,6.023360136452241,0.30342826425362274,1373.326111111111,228,0,0.0,0.0
1833,6.895604075691412,0.2945657466796717,1579.0933333333332,229,0,0.0,0.0
1834,9.710834500466852,0.32914329984250046,2311.178611111111,238,238,169.33416666666668,0.7114880952380953
1835,7.8313574879227055,0.31273763031558843,1801.2122222222222,230,67,0.0,0.0
1836,6.379905817835002,0.3088008262018447,1486.5180555555555,233,0,0.0,0.0
1837,10.363845704948647,0.30403765096124186,2466.595277777778,238,238,324.59527777777777,1.363845704948646
1838,8.491444931773879,0.29822677272972287,1936.0494444444444,228,217,0.33000000000000185,0.0014473684210526397
1839,6.633939603503919,0.29248696484377784,1598.7794444444444,241,0,0.0,0.0
1840,7.627005910165485,0.315867061904023,1792.346388888889,235,27,0.0,0.0
1841,6.1029396235078055,0.3059844379144276,1476.911388888889,242,0,0.0,0.0
1842,6.290355509830818,0.32213216784631915,1528.556388888889,243,0,0.0,0.0
1843,6.472758112094395,0.302728957932568,1462.8433333333332,226,0,0.0,0.0
1844,10.991957939721097,0.29611116058785275,2715.013611111111,247,247,492.0136111111111,1.9919579397210976
1845,8.005260631001372,0.28153730554035944,1945.2783333333334,243,121,0.0,0.0
1846,7.605230090605627,0.29555802283790916,1772.018611111111,233,18,0.0,0.0
1847,10.396100517890773,0.30107589812727087,2453.4797222222223,236,236,329.4797222222222,1.3961005178907722
1848,8.77790469348659,0.2858062837047907,2036.473888888889,232,232,7.823055555555554,0.03372006704980842
1849,9.974883286647993,0.2989403765752253,2374.0222222222224,238,238,232.0222222222222,0.9748832866479925
1850,7.89870778267254,0.30186127305764443,1793.0066666666667,227,80,0.0,0.0
1851,7.782481087470449,0.3096377663644382,1828.8830555555555,235,56,0.0,0.0
1852,7.517452919020716,0.30086377772401957,1774.118888888889,236,12,0.0,0.0
1853,7.592135933806147,0.29507965598752933,1784.1519444444446,235,21,0.0,0.0
1854,6.819206516643226,0.2914282526623327,1616.1519444444446,237,0,0.0,0.0
1855,6.937852387511478,0.3021408612765425,1678.9602777777777,242,1,0.0,0.0
1856,9.599522972339427,0.29578642549776807,2275.0869444444443,237,237,142.11111111111111,0.5996249413970933
1857,10.097114734299517,0.32624877063029273,2322.336388888889,230,230,252.33638888888888,1.097114734299517
1858,9.408224932249322,0.2944484354201489,2314.423333333333,246,246,102.78777777777779,0.417836495031617
1859,6.412745821042281,0.31300160018394874,1449.2805555555556,226,0,0.0,0.0
1860,7.119608585858586,0.29731621063843156,1722.9452777777778,242,0,0.0,0.0
1861,7.4012350780532605,0.3236060716664652,1791.098888888889,242,8,0.0,0.0
1862,6.695520977408944,0.31419858240477855,1613.6205555555555,241,0,0.0,0.0
1863,7.641500721500722,0.29957528284792073,1765.1866666666667,231,34,0.0,0.0
1864,10.676666666666666,0.2892505551514024,2466.31,231,231,387.31,1.6766666666666667
1865,8.275650860065086,0.2915472377124858,1977.8805555555555,239,198,0.35249999999999915,0.0014748953974895362
1866,6.584802114060964,0.3191682586564376,1488.1652777777779,226,0,0.0,0.0
1867,6.927850445382091,0.30586735171473073,1641.9005555555555,237,1,0.0,0.0
1868,9.426710465652375,0.2739759095241433,2271.8372222222224,241,241,104.57472222222222,0.43392000922083906
1869,9.99858249880782,0.28722241301020807,2329.6697222222224,233,233,232.66972222222222,0.9985824988078207
1870,6.395422953818016,0.31616223972164464,1554.0877777777778,243,0,0.0,0.0
1871,9.816530172413794,0.3247424383140739,2277.435,232,232,189.66472222222222,0.8175203544061302
1872,6.42939393939394,0.27717052002290077,1485.19,231,0,0.0,0.0
1873,10.503385634588563,0.3055393343708014,2510.3091666666664,239,239,359.30916666666667,1.5033856345885634
1874,6.603793981481482,0.3221407031010573,1584.9105555555557,240,1,0.0,0.0
1875,7.130230716253443,0.29410348268686964,1725.5158333333334,242,0,0.0,0.0
1876,7.927981562348375,0.3074310401882199,1815.5077777777778,229,94,0.0,0.0
1877,10.273963122605364,0.27789721784647914,2383.5594444444446,232,232,295.55944444444447,1.273963122605364
1878,8.480695011337868,0.30280344222926475,2077.7702777777777,245,233,0.8850000000000016,0.00361224489795919
1879,9.81487680148768,0.2985964292893891,2345.7555555555555,239,239,194.75666666666666,0.814881450488145
1880,10.448494277539341,0.30760874461016463,2434.4991666666665,233,233,337.49916666666667,1.448494277539342
1881,7.680597677595628,0.2906459677240594,1874.0658333333333,244,34,0.0,0.0
1882,10.69226602120793,0.3153164226235684,2576.836111111111,241,241,407.8361111111111,1.69226602120793
1883,7.698942495126706,0.30502277757630963,1755.358888888889,228,38,0.0,0.0
1884,7.68913912835249,0.2802799394827493,1783.8802777777778,232,35,0.0,0.0
1885,6.935080409356725,0.28746652325115596,1581.1983333333333,228,0,0.0,0.0
1886,10.528982624599909,0.2979485358157963,2558.5427777777777,243,243,371.5427777777778,1.5289826245999087
1887,8.276629867046534,0.3103105945362698,1936.731388888889,234,189,0.03305555555555628,0.0001412630579297277
1888,6.118653198653199,0.2925241006633885,1413.408888888889,231,0,0.0,0.0
1889,10.39381549232159,0.2806411949316136,2556.8786111111112,246,246,342.8786111111111,1.39381549232159
1890,6.988901018922853,0.31459199571709157,1600.4583333333333,229,0,0.0,0.0
1891,6.698589651883643,0.31221335438493125,1560.7713888888889,233,0,0.0,0.0
1892,7.084774743230625,0.2922055580727256,1686.1763888888888,238,0,0.0,0.0
1893,6.518061415846226,0.29372991025680084,1544.7805555555556,237,0,0.0,0.0
1894,7.100772386310361,0.3053103710430692,1682.8830555555555,237,0,0.0,0.0
1895,7.129615029967727,0.30798108899827975,1718.2372222222223,241,1,0.0,0.0
1896,8.87862433862434,0.296444728086563,2050.9622222222224,231,230,15.226388888888895,0.06591510341510344
1897,6.146567632850242,0.31237282967731167,1413.7105555555556,230,0,0.0,0.0
1898,7.617936170212766,0.2968039874508069,1790.215,235,27,0.0,0.0
1899,10.680597461685824,0.299441733628486,2477.898611111111,232,232,389.8986111111111,1.6805974616858237
1900,7.10312833575934,0.3164193959304728,1626.6163888888889,229,0,0.0,0.0
1901,10.603697033898305,0.28383972178100914,2502.4725,236,236,378.4725,1.6036970338983052
1902,6.124794945159752,0.2904912338181113,1427.0772222222222,233,0,0.0,0.0
1903,8.312946343779677,0.3089981232812987,1945.2294444444444,234,197,0.43472222222222356,0.0018577872744539468
1904,8.087346986817325,0.31287838997843015,1908.6138888888888,236,145,0.0,0.0
1905,7.88483543417367,0.3156272552194701,1876.5908333333334,238,75,0.0,0.0
1906,9.798302083333335,0.2985243757151186,2351.5925,240,240,191.5925,0.7983020833333333
1907,6.025150462962963,0.28552449057390317,1446.036111111111,240,0,0.0,0.0
1908,6.278001713166911,0.2880821794887227,1425.106388888889,227,0,0.0,0.0
1909,6.265175925925926,0.2885897427786261,1503.6422222222222,240,0,0.0,0.0
1910,7.607713414634146,0.295788178977951,1871.4975,246,19,0.0,0.0
1911,6.359511784511785,0.30008455286832647,1469.0472222222222,231,0,0.0,0.0
1912,7.022838114754098,0.2962046387550763,1713.5725,244,0,0.0,0.0
1913,7.52389231824417,0.2828785212883274,1828.3058333333333,243,9,0.0,0.0
1914,6.507214944201844,0.29118770420172063,1490.1522222222222,229,0,0.0,0.0
1915,8.010463728191,0.2841493999145281,1938.5322222222221,242,129,0.0,0.0
1916,8.10753457814661,0.3065849391784552,1953.9158333333332,241,151,0.15249999999999986,0.0006327800829875513
1917,7.2910107684777286,0.28824602071264094,1655.0594444444444,227,0,0.0,0.0
1918,6.524470560303894,0.3199749269962408,1526.726111111111,234,0,0.0,0.0
1919,9.496721981721983,0.32484486823583697,2193.742777777778,231,231,117.2811111111111,0.5077104377104377
1920,10.112135053463506,0.28684175304187787,2416.800277777778,239,239,265.80027777777775,1.1121350534635053
1921,6.763366620752985,0.3283144403693369,1636.7347222222222,242,0,0.0,0.0
1922,8.197051553672317,0.2759485098462386,1934.5041666666666,236,186,0.05194444444444457,0.00022010357815442614
1923,7.91394995210728,0.3039476539632089,1836.036388888889,232,96,0.0,0.0
1924,10.298806458897923,0.2969483571697903,2533.506388888889,246,246,319.5063888888889,1.2988064588979225
1925,7.516345598845599,0.3005955544062058,1736.2758333333334,231,16,0.0,0.0
1926,6.998797112090063,0.2762096805035648,1588.7269444444444,227,0,0.0,0.0
1927,7.395396486229819,0.29003147072117674,1730.5227777777777,234,4,0.0,0.0
1928,8.975154958677686,0.30654071855750964,2171.9875,242,242,27.206111111111106,0.11242194674012854
1929,7.89010795730228,0.2985153788306258,1806.8347222222221,229,90,0.0,0.0
1930,7.092681010928962,0.3068149946185752,1730.6141666666667,244,0,0.0,0.0
1931,8.691242030965393,0.2774465038806877,2120.6630555555557,244,241,4.138055555555555,0.016959244080145718
1932,8.015667824074074,0.28223812709587637,1923.7602777777777,240,126,0.0,0.0
1933,10.489197796934866,0.29286652413924313,2433.4938888888887,232,232,345.4938888888889,1.4891977969348658
1934,9.492560835629018,0.2931401076257085,2297.199722222222,242,242,120.52777777777779,0.498048668503214
1935,7.6981253006253,0.33245688491366726,1778.2669444444443,231,39,0.0,0.0
1936,6.909803051001822,0.3064639375685616,1685.9919444444445,244,0,0.0,0.0
1937,6.552236286919832,0.2979677744433864,1552.88,237,0,0.0,0.0
1938,9.331365176151762,0.30792661332865673,2295.5158333333334,246,246,86.33611111111112,0.35095980126467935
1939,6.272699249882794,0.2930313156913265,1486.6297222222222,237,0,0.0,0.0
1940,6.321853070175439,0.28950270030760156,1441.3825,228,0,0.0,0.0
1941,6.600274276377217,0.30653496602225055,1570.8652777777777,238,0,0.0,0.0
1942,9.598844907407408,0.2723896853380077,2303.722777777778,240,240,144.5125,0.6021354166666666
1943,10.098746584699454,0.2991531686294579,2464.0941666666668,244,244,268.09416666666664,1.0987465846994535
1944,8.31152717127608,0.292916446137253,1903.3397222222222,229,201,0.14250000000000007,0.0006222707423580789
1945,7.59495867768595,0.31503512944045586,1837.98,242,24,0.0,0.0
1946,7.939711492608488,0.28092043072391215,1849.9527777777778,233,101,0.0,0.0
1947,7.302466475095786,0.31959699737996705,1694.1722222222222,232,5,0.0,0.0
1948,8.018559101654846,0.2968132274896144,1884.361388888889,235,116,0.0,0.0
1949,6.501231884057971,0.2963939224815473,1495.2833333333333,230,0,0.0,0.0
1950,6.912519353369763,0.2937599939093295,1686.6547222222223,244,0,0.0,0.0
1951,7.095823129251701,0.30305619451211196,1738.4766666666667,245,0,0.0,0.0
1952,7.298778935185185,0.28852755370065364,1751.7069444444444,240,1,0.0,0.0
1953,6.932994754411063,0.32526508035432866,1615.3877777777777,233,1,0.0,0.0
1954,8.008321411540296,0.29421349264224045,1865.9388888888889,233,119,0.0,0.0
1955,6.182229468599034,0.3101565410861574,1421.9127777777778,230,0,0.0,0.0
1956,10.114922586520947,0.2827947752858839,2468.041111111111,244,244,272.0411111111111,1.1149225865209471
1957,6.593880820654679,0.2895091613847164,1589.1252777777777,241,0,0.0,0.0
1958,8.587631458619112,0.29071736971185486,2086.7944444444443,243,237,1.924999999999999,0.007921810699588474
1959,6.287888176638177,0.2926268184828137,1471.3658333333333,234,0,0.0,0.0
1960,8.395889577594122,0.31143475840276946,2031.8052777777777,242,220,1.2858333333333327,0.005313360881542697
1961,7.712278254649499,0.31457813250001354,1796.9608333333333,233,45,0.0,0.0
1962,6.017824074074074,0.30531271748673006,1444.2777777777778,240,0,0.0,0.0
1963,10.903643162393163,0.29093021557459264,2551.4525,234,234,445.4525,1.9036431623931622
1964,6.506327025715672,0.30226842072527194,1489.9488888888889,229,0,0.0,0.0
1965,7.778434449093445,0.30345276109195696,1859.0458333333333,239,51,0.0,0.0
1966,10.819688697318007,0.27740907506246276,2510.1677777777777,232,232,422.16777777777776,1.8196886973180075
1967,7.579043209876543,0.3132109122254034,1773.496111111111,234,24,0.0,0.0
1968,7.403393108298172,0.3118314831081186,1754.6041666666667,237,9,0.0,0.0
1969,7.2294230769230765,0.3032730057992791,1691.685,234,2,0.0,0.0
1970,7.093754172627563,0.2822386932297557,1652.8447222222221,233,0,0.0,0.0
1971,8.101909007773205,0.2897121506659522,1968.763888888889,243,152,0.0,0.0
1972,6.705666438042981,0.28283920674691765,1629.4769444444444,243,0,0.0,0.0
1973,7.802464975845411,0.2763504592104462,1794.5669444444445,230,53,0.0,0.0
1974,6.082717127607957,0.29152297066103094,1392.9422222222222,229,0,0.0,0.0
1975,8.196520890725436,0.28332790154668613,1983.5580555555555,242,180,0.0,0.0
1976,9.19380871725384,0.30224371052691384,2261.6769444444444,246,246,59.00138888888888,0.23984304426377595
1977,7.8358046372819095,0.3036228538595437,1896.2647222222222,242,78,0.0,0.0
1978,7.57216550925926,0.2833888373018362,1817.3197222222223,240,17,0.0,0.0
1979,9.595780261969287,0.29154607593465653,2360.5619444444446,246,246,146.865,0.5970121951219513
1980,7.308251207729469,0.3104735606175989,1680.8977777777777,230,5,0.0,0.0
1981,6.0773942969518195,0.3244075962471575,1373.4911111111112,226,0,0.0,0.0
1982,7.70509728082513,0.30910214563198846,1826.1080555555557,237,35,0.0,0.0
1983,7.416584490740741,0.3047919201204134,1779.9802777777777,240,5,0.0,0.0
1984,7.663896166909267,0.29218688976926344,1755.0322222222221,229,27,0.0,0.0
1985,6.907202297233942,0.28730583102933244,1637.0069444444443,237,0,0.0,0.0
1986,6.615435145445875,0.3112279940124693,1541.3963888888889,233,0,0.0,0.0
1987,6.079126492194674,0.31280296616438585,1471.148611111111,242,0,0.0,0.0
1988,7.917314030131827,0.3175125218685415,1868.486111111111,236,97,0.0,0.0
1989,9.131183523266856,0.2887897531163874,2136.6969444444444,234,234,45.3913888888889,0.1939802943969611
1990,6.645199093943729,0.2753189313329635,1548.3313888888888,233,0,0.0,0.0
1991,10.97084705075446,0.3262278618308464,2665.9158333333335,243,243,478.91583333333335,1.9708470507544582
1992,8.685112064854554,0.29200149436411926,2023.631111111111,233,230,4.894722222222221,0.021007391511683352
1993,7.391012396694215,0.32834716987721224,1788.625,242,11,0.0,0.0
1994,7.490146923783287,0.3018516095853849,1812.6155555555556,242,8,0.0,0.0
1995,6.240185185185185,0.2864084271439432,1516.365,243,0,0.0,0.0
1996,7.893505668934241,0.326258698649177,1933.908888888889,245,92,0.0,0.0
1997,7.289444444444445,0.3061472784634746,1742.1772222222223,239,3,0.0,0.0
1998,7.923896041964712,0.3222797161461566,1846.2677777777778,233,97,0.0,0.0
1999,7.991452282157677,0.28534985951485164,1925.94,241,113,0.0,0.0
2000,6.704065972222223,0.3017268972426675,1608.9758333333334,240,0,0.0,0.0
2001,6.568142791551883,0.3036256512649459,1589.4905555555556,242,0,0.0,0.0
2002,6.171379184861718,0.29743640246738406,1413.2458333333334,229,0,0.0,0.0
2003,6.380267489711934,0.29783965452659755,1550.405,243,0,0.0,0.0
2004,9.781843220338983,0.3150399378146341,2308.515,236,236,184.88722222222222,0.7834204331450094
2005,7.778514292300599,0.318280606696993,1874.6219444444444,241,60,0.0,0.0
2006,6.709533195020747,0.29783843961211154,1616.9975,241,0,0.0,0.0
2007,6.721144957983193,0.30674668394611876,1599.6325,238,0,0.0,0.0
2008,10.592145947176686,0.30196483354074305,2584.4836111111113,244,244,388.4836111111111,1.5921459471766848
2009,10.865674264007598,0.28166479683477563,2542.567777777778,234,234,436.5677777777778,1.8656742640075974
2010,7.7896793037672865,0.319285422082447,1814.9952777777778,233,65,0.0,0.0
2011,10.216215419501134,0.29583534480119034,2502.972777777778,245,245,297.9727777777778,1.2162154195011339
2012,6.808238425925926,0.2974276316237279,1633.9772222222223,240,0,0.0,0.0
2013,6.281261134552274,0.28163464773161934,1488.658888888889,237,0,0.0,0.0
2014,10.508785612535613,0.30689590091967694,2459.0558333333333,234,234,353.05583333333334,1.5087856125356125
2015,8.008199152542373,0.2812478590130707,1889.935,236,115,0.0,0.0
2016,7.104967992684042,0.30516586343406465,1726.5072222222223,243,0,0.0,0.0
2017,6.198536324786325,0.28416897354084025,1450.4575,234,0,0.0,0.0
2018,6.020285913528592,0.29767902691328957,1438.8483333333334,239,0,0.0,0.0
2019,8.013191411935953,0.295596520692263,1835.0208333333333,229,115,0.0,0.0
2020,10.692461645746166,0.27814891198960023,2555.4983333333334,239,239,404.49833333333333,1.6924616457461645
2021,6.31456611570248,0.2970867190950707,1528.125,242,0,0.0,0.0
2022,6.909151101532567,0.2986056306037291,1602.9230555555555,232,0,0.0,0.0
2023,6.393413225172075,0.30372726551855567,1444.911388888889,226,0,0.0,0.0
2024,7.3784764309764315,0.3166486443389231,1704.4280555555556,231,5,0.0,0.0
2025,7.070169880624427,0.28711198321752635,1710.9811111111112,242,0,0.0,0.0
2026,7.210405143134401,0.29587194586890025,1651.1827777777778,229,1,0.0,0.0
2027,6.00847508001829,0.3053834793477913,1460.0594444444444,243,0,0.0,0.0
2028,10.507815055315056,0.30712620628786647,2427.305277777778,231,231,348.30527777777775,1.507815055315055
2029,6.212142203932327,0.3019384358144877,1509.5505555555555,243,0,0.0,0.0
2030,7.214043468154347,0.2966484667962308,1724.1563888888888,239,0,0.0,0.0
2031,6.611494928538497,0.30691254803251566,1593.3702777777778,241,0,0.0,0.0
2032,7.5153891233005155,0.29256846782809864,1781.1472222222221,237,12,0.0,0.0
2033,6.602540381791483,0.29522144180798554,1498.7766666666666,227,0,0.0,0.0
2034,7.179248024174803,0.29804425464873063,1715.8402777777778,239,2,0.0,0.0
2035,8.006655188246096,0.293838673070064,1937.6105555555555,242,121,0.0,0.0
2036,7.090194444444445,0.2740536633643673,1701.6466666666668,240,0,0.0,0.0
2037,7.204965127465128,0.2889602646400197,1664.3469444444445,231,2,0.0,0.0
2038,10.868111343561134,0.278521316005982,2597.478611111111,239,239,446.4786111111111,1.8681113435611343
2039,6.522217412217413,0.2908674591652354,1506.6322222222223,231,0,0.0,0.0
2040,10.723506375227688,0.2847347105514396,2616.5355555555557,244,244,420.53555555555556,1.7235063752276867
2041,6.990631091617933,0.2820570835500653,1593.8638888888888,228,0,0.0,0.0
2042,8.961151761517614,0.33127590327453466,2204.443333333333,246,246,28.91111111111112,0.11752484191508585
2043,8.104184472934472,0.31332690312909256,1896.3791666666666,234,149,0.0,0.0
2044,7.059042185338866,0.3094879042234381,1701.2291666666667,241,0,0.0,0.0
2045,7.960137759710931,0.31634628813391236,1958.193888888889,246,117,0.0,0.0
2046,7.396815776815776,0.3049832472087203,1708.6644444444444,231,6,0.0,0.0
2047,7.093543131739334,0.311808002291972,1681.1697222222222,237,0,0.0,0.0
2048,6.788368770004573,0.3134740838594986,1649.5736111111112,243,0,0.0,0.0
2049,6.798305898491083,0.30022302763797,1651.9883333333332,243,0,0.0,0.0
2050,6.733001867413631,0.29306326999022925,1602.4544444444443,238,0,0.0,0.0
2051,8.040693296602388,0.3215738429480489,1945.8477777777778,242,131,0.1341666666666672,0.0005544077134986248
2052,7.692869167869167,0.28750732971337073,1777.0527777777777,231,35,0.0,0.0
2053,7.069662261380323,0.30495180386263754,1604.8133333333333,227,0,0.0,0.0
2054,7.866042884990254,0.296411409472318,1793.457777777778,228,84,0.0,0.0
2055,10.264871332371332,0.297591645580314,2371.1852777777776,231,231,292.1852777777778,1.2648713323713325
2056,7.49410320881226,0.30336419645202084,1738.6319444444443,232,11,0.0,0.0
2057,7.706898540489642,0.31157171585325516,1818.8280555555555,236,42,0.0,0.0
2058,10.537147754137116,0.2874750380905084,2476.2297222222223,235,235,361.2297222222222,1.537147754137116
2059,6.889265710382514,0.29242701856776676,1680.9808333333333,244,0,0.0,0.0
2060,7.5504219409282705,0.2959949897636533,1789.45,237,13,0.0,0.0
2061,7.985769774011299,0.27385994411864506,1884.6416666666667,236,114,0.0,0.0
2062,7.502324074074074,0.2797930866885626,1800.5577777777778,240,6,0.0,0.0
2063,6.622759181775919,0.28733373233434395,1582.8394444444446,239,0,0.0,0.0
2064,6.281313969571231,0.3078278480114208,1513.7966666666666,241,0,0.0,0.0
2065,7.507831425846447,0.3185231406186772,1749.3247222222221,233,18,0.0,0.0
2066,7.278348570089077,0.3021105575145839,1724.9686111111112,237,1,0.0,0.0
2067,8.794382716049382,0.298121972122421,2057.8855555555556,234,234,9.441666666666665,0.04034900284900284
2068,6.77259789525208,0.28710978452000285,1537.3797222222222,227,0,0.0,0.0
2069,6.7084629629629635,0.2975619469800864,1610.0311111111112,240,0,0.0,0.0
2070,10.428269318701417,0.3003219951611129,2534.0694444444443,243,243,347.06944444444446,1.4282693187014175
2071,5.99468024691358,0.28723266128339486,1348.8030555555556,225,0,0.0,0.0
2072,8.899403910348116,0.29413312008576425,2073.561111111111,233,233,16.50444444444445,0.07083452551263712
2073,9.89105984740105,0.28716116470977304,2304.6169444444445,233,233,207.61694444444444,0.8910598474010492
2074,6.031081999029597,0.294209447240469,1381.1177777777777,229,0,0.0,0.0
2075,6.196875603864734,0.2886340883065524,1425.2813888888888,230,0,0.0,0.0
2076,7.840530612244899,0.297574461891506,1920.93,245,71,0.0,0.0
2077,7.201252314814814,0.3036237227959417,1728.3005555555555,240,0,0.0,0.0
2078,7.48769516283525,0.2814456532560923,1737.145277777778,232,7,0.0,0.0
2079,6.7654257741347905,0.29150189825106415,1650.763888888889,244,0,0.0,0.0
2080,7.20008226037196,0.2982749915788463,1677.6191666666666,233,1,0.0,0.0
2081,7.164030683403069,0.29762153672060193,1712.2033333333334,239,0,0.0,0.0
2082,7.305633101851852,0.29404189163855204,1753.3519444444444,240,1,0.0,0.0
2083,8.515865209471766,0.30517086749229977,2077.871111111111,244,230,1.5402777777777779,0.006312613843351548
2084,6.630590886939571,0.3060649834433649,1511.7747222222222,228,0,0.0,0.0
2085,5.950504160548213,0.2934327472746556,1350.7644444444445,227,0,0.0,0.0
2086,6.629711352657005,0.2783946586971452,1524.8336111111112,230,0,0.0,0.0
2087,5.99736409155937,0.29972750869700493,1397.3858333333333,233,0,0.0,0.0
2088,7.625331284153006,0.2926408383125735,1860.5808333333334,244,28,0.0,0.0
2089,6.315777550091075,0.292179592943781,1541.0497222222223,244,0,0.0,0.0
2090,6.200008101851852,0.28842235533730215,1488.0019444444445,240,0,0.0,0.0
2091,7.506798185941043,0.2922578518707407,1839.1655555555556,245,10,0.0,0.0
2092,8.590920138888889,0.29956711409668535,2061.820833333333,240,233,2.2622222222222224,0.009425925925925926
2093,7.303264760576476,0.3031470031095946,1745.4802777777777,239,2,0.0,0.0
2094,8.455582287308228,0.31218873635573846,2020.8841666666667,239,221,0.8222222222222229,0.003440260344026037
2095,8.00474648229015,0.27260630640802275,1833.0869444444445,229,122,0.0,0.0
2096,6.08662962962963,0.3058909742053215,1460.7911111111111,240,0,0.0,0.0
2097,7.340324473180077,0.3176272846685945,1702.9552777777778,232,8,0.0,0.0
2098,8.001937260536398,0.30076857164218396,1856.4494444444445,232,118,0.0,0.0
2099,9.193778475127846,0.3111633511846769,2197.3130555555554,239,239,59.38138888888888,0.24845769409576937
2100,9.488813457854405,0.30167383834522987,2201.404722222222,232,232,114.63194444444444,0.49410320881226055
2101,9.791557621671258,0.28476370662632433,2369.5569444444445,242,242,191.6875,0.7920971074380165
2102,9.207650759734094,0.29692220209164844,2154.590277777778,234,234,58.876388888888876,0.2516084995251661
2103,6.369145390070922,0.30266637860094553,1496.7491666666667,235,0,0.0,0.0
2104,5.98418388429752,0.31086759907302497,1448.1725,242,0,0.0,0.0
2105,8.402396125116713,0.2780130483491379,1999.770277777778,238,221,0.14361111111111136,0.0006034080298786192
2106,7.395566059757236,0.26789674361692634,1760.1447222222223,238,3,0.0,0.0
2107,7.695237068965517,0.32918922928968325,1785.295,232,39,0.0,0.0
2108,8.594112021857923,0.32005867894492834,2096.963333333333,244,236,3.9388888888888864,0.016142987249544615
2109,7.301323529411764,0.29305916826279954,1737.715,238,1,0.0,0.0
2110,7.44285927456382,0.29268531867272257,1801.1719444444445,242,8,0.0,0.0
2111,6.608296845574388,0.30027774056066303,1559.5580555555555,236,0,0.0,0.0
2112,6.688532088122606,0.3058182204491421,1551.7394444444444,232,0,0.0,0.0
2113,6.095977496483826,0.3066969272644833,1444.7466666666667,237,0,0.0,0.0
2114,6.110347222222222,0.3032895130500526,1393.1591666666666,228,0,0.0,0.0
2115,8.001521438450899,0.30976418402658956,1928.3666666666666,241,121,0.0,0.0
2116,8.799048288795126,0.3047561941465657,2085.3744444444446,237,234,10.196388888888889,0.043022737927801216
2117,6.18902658045977,0.3011057031327007,1435.8541666666667,232,0,0.0,0.0
2118,6.878174931129477,0.2926544172188189,1664.5183333333334,242,0,0.0,0.0
2119,6.000829861111112,0.3138702054000752,1440.1991666666668,240,0,0.0,0.0
2120,6.99462077294686,0.30395396350179843,1608.7627777777777,230,0,0.0,0.0
2121,11.025822087269455,0.32337448827830895,2723.3780555555554,247,247,500.37805555555553,2.0258220872694555
2122,10.811617104656523,0.29250415109948397,2605.599722222222,241,241,436.5997222222222,1.8116171046565237
2123,7.476028368794326,0.3215573969407662,1756.8666666666666,235,14,0.0,0.0
2124,9.166382797270954,0.31208180420114834,2089.9352777777776,228,228,51.31555555555558,0.22506822612085778
2125,8.707262583095916,0.3120709151141583,2037.4994444444444,234,231,7.058611111111114,0.030165004748338095
2126,9.911379818594105,0.2892700125702658,2428.2880555555557,245,245,223.28805555555556,0.9113798185941043
2127,9.58409155937053,0.2855321894078272,2233.0933333333332,233,233,136.61694444444444,0.5863388173581306
2128,7.613900511390051,0.28301475997146236,1819.7222222222222,239,23,0.0,0.0
2129,6.879879070881225,0.2957095559683952,1596.1319444444443,232,0,0.0,0.0
2130,8.909026019690575,0.2902702059990818,2111.4391666666666,237,237,17.768333333333345,0.07497187060478204
2131,11.006115879828327,0.3023875620095665,2564.425,233,233,467.425,2.006115879828326
2132,6.608805441243713,0.3053493873443309,1605.9397222222221,243,0,0.0,0.0
2133,6.784572368421053,0.2909587676776143,1546.8825,228,0,0.0,0.0
2134,10.420616140832191,0.30165361704809535,2532.2097222222224,243,243,345.20972222222224,1.4206161408321902
2135,7.802089424951267,0.28683988921742726,1778.8763888888889,228,62,0.0,0.0
2136,7.470801005747127,0.29225215625795015,1733.2258333333334,232,6,0.0,0.0
2137,10.503479591836735,0.3360358583835141,2573.3525,245,245,368.35249999999996,1.5034795918367345
2138,9.41620634920635,0.30660241433758495,2306.9705555555556,245,245,106.5136111111111,0.43474943310657593
2139,6.409671276079573,0.3017311278864405,1467.8147222222221,229,0,0.0,0.0
2140,10.607794995408632,0.27020297430893625,2567.086388888889,242,242,389.0863888888889,1.607794995408632
2141,6.012525584795322,0.3152739514656892,1370.8558333333333,228,0,0.0,0.0
2142,9.679196599616857,0.2752167973603488,2245.573611111111,232,232,157.89055555555555,0.6805627394636015
2143,7.017285781544255,0.3035450737242584,1656.0794444444443,236,0,0.0,0.0
2144,9.497514124293785,0.3183573265611682,2241.4133333333334,236,236,119.05694444444445,0.5044785781544256
2145,8.39062440645774,0.2989797530574281,1963.4061111111112,234,215,0.11777777777777843,0.0005033238366571728
2146,6.765892330383481,0.3015421256944879,1529.0916666666667,226,0,0.0,0.0
2147,7.982099673202614,0.3362403839637522,1899.7397222222223,238,101,0.11805555555555536,0.0004960317460317452
2148,6.8195002374169045,0.29650405570495164,1595.7630555555556,234,0,0.0,0.0
2149,5.978748241912799,0.2809440084309614,1416.9633333333334,237,0,0.0,0.0
2150,8.400860404896422,0.29292472725278,1982.6030555555556,236,219,0.6588888888888889,0.0027919020715630885
2151,5.993010869565217,0.30635118561400637,1378.3925,230,0,0.0,0.0
2152,6.479733992467043,0.2762114037307591,1529.2172222222223,236,0,0.0,0.0
2153,7.703856421356422,0.2861007079414402,1779.5908333333334,231,31,0.0,0.0
2154,6.166816415180613,0.3081002334798408,1498.536388888889,243,0,0.0,0.0
2155,6.711335009578544,0.29332329880817143,1557.0297222222223,232,0,0.0,0.0
2156,7.706544995408632,0.30385804596124666,1864.983888888889,242,40,0.0,0.0
2157,7.984185660018993,0.30732344641861215,1868.2994444444444,234,113,0.0,0.0
2158,10.441048085901027,0.29833640737710965,2484.9694444444444,238,238,342.96944444444443,1.441048085901027
2159,9.797106082375478,0.31199716128555943,2272.928611111111,232,232,185.3011111111111,0.7987116858237548
2160,10.018041894353368,0.2781050823233491,2444.402222222222,244,244,248.4022222222222,1.0180418943533698
2161,10.361327825670498,0.31268670110330665,2403.8280555555557,232,232,315.8280555555556,1.3613278256704981
2162,5.976122448979592,0.3085266236763878,1464.15,245,0,0.0,0.0
2163,10.101002109704641,0.31780611384507507,2393.9375,237,237,260.9375,1.1010021097046414
2164,7.795501133786848,0.2968185727251187,1909.8977777777777,245,55,0.0,0.0
2165,9.135941290635614,0.2878610553210322,2092.1305555555555,229,229,44.339166666666664,0.1936208151382824
2166,6.027372245663385,0.305404185278919,1428.4872222222223,237,0,0.0,0.0
2167,9.710156955736224,0.32203284100595386,2388.698611111111,246,246,175.14138888888888,0.7119568654019873
2168,6.629416786916787,0.3190626823573489,1531.3952777777777,231,0,0.0,0.0
2169,7.995408022130015,0.3062905249582566,1926.8933333333334,241,120,0.0,0.0
2170,7.337527538314176,0.29722936449896686,1702.306388888889,232,2,0.0,0.0
2171,7.4184357344632765,0.3063855324151705,1750.7508333333333,236,6,0.0,0.0
2172,5.998701388888889,0.2617822101816042,1439.6883333333333,240,0,0.0,0.0
2173,7.690605200945626,0.3205302341113584,1807.292222222222,235,40,0.0,0.0
2174,9.508205128205129,0.29706787279266794,2348.5266666666666,247,247,126.1775,0.5108400809716599
2175,9.48023530762167,0.30614335167480533,2294.2169444444444,242,242,118.51277777777779,0.4897222222222222
2176,6.585955743879473,0.31094635654103187,1554.2855555555557,236,0,0.0,0.0
2177,7.23356081390032,0.2707853175119943,1757.7552777777778,243,0,0.0,0.0
2178,6.2904,0.28919087962608114,1415.34,225,0,0.0,0.0
2179,8.488845153664302,0.3042173011873125,1994.878611111111,235,224,1.6655555555555548,0.0070874704491725735
2180,6.117230461393596,0.298394129640225,1443.6663888888888,236,0,0.0,0.0
2181,6.086681839402428,0.30681071545428323,1448.6302777777778,238,0,0.0,0.0
2182,7.596445652173912,0.2768931665155198,1747.1825,230,15,0.0,0.0
2183,7.097427983539094,0.2839767204107848,1724.675,243,0,0.0,0.0
2184,7.494571708272149,0.28218049993965705,1701.2677777777778,227,9,0.0,0.0
2185,7.905436671239141,0.27679774055277234,1921.0211111111112,243,85,0.0,0.0
2186,7.180452898550724,0.29021197596312986,1651.5041666666666,230,0,0.0,0.0
2187,7.352186609686609,0.27311497683539393,1720.4116666666666,234,2,0.0,0.0
2188,8.68269090077732,0.2912692623807957,2109.893888888889,243,242,5.147500000000004,0.02118312757201648
2189,10.380261904761904,0.30486887632168325,2543.1641666666665,245,245,338.1641666666667,1.380261904761905
2190,6.379191176470588,0.29357522871895897,1518.2475,238,0,0.0,0.0
2191,6.479356113435611,0.3222866223559063,1548.566111111111,239,0,0.0,0.0
2192,7.176949192782526,0.3054808021510363,1679.4061111111112,234,1,0.0,0.0
2193,7.673500228623685,0.3003305464167051,1864.6605555555554,243,34,0.0,0.0
2194,9.072801783264746,0.29189677135138903,2204.690833333333,243,243,38.40805555555555,0.15805784179240967
2195,6.375856481481481,0.30218333900053057,1530.2055555555555,240,0,0.0,0.0
2196,7.906698939603504,0.28297028003144165,1905.5144444444445,241,87,0.0,0.0
2197,6.683007544581619,0.31763165958027395,1623.9708333333333,243,0,0.0,0.0
2198,10.88627205531712,0.28925793067206024,2536.501388888889,233,233,439.50138888888887,1.8862720553171195
2199,10.322546695402298,0.29761025120139656,2394.8308333333334,232,232,306.8308333333333,1.3225466954022989
2200,7.07558970856102,0.30296937213772035,1726.443888888889,244,0,0.0,0.0
2201,10.669363086936308,0.312059747721555,2549.9777777777776,239,239,398.97777777777776,1.6693630869363085
2202,10.39074152542373,0.31315314524366156,2452.215,236,236,328.215,1.3907415254237288
2203,7.778146961063628,0.2997092806996933,1820.086388888889,234,52,0.0,0.0
2204,10.395856950067476,0.3136105176243039,2567.7766666666666,247,247,344.77666666666664,1.3958569500674762
2205,6.594622175141243,0.3149070749406035,1556.3308333333334,236,0,0.0,0.0
2206,7.208837844254512,0.2904194939299504,1686.8680555555557,234,1,0.0,0.0
2207,9.086195856873822,0.2859799350615025,2144.342222222222,236,236,38.79083333333333,0.16436793785310733
2208,9.686829297245964,0.30951499372075003,2266.7180555555556,234,234,160.9297222222222,0.6877338556505223
2209,10.314973708276177,0.31451074197533735,2506.538611111111,243,243,319.5386111111111,1.3149737082761774
2210,10.004661835748792,0.31567128599959354,2301.072222222222,230,230,231.07222222222222,1.0046618357487922
2211,6.323119288119288,0.30216916229742496,1460.6405555555555,231,0,0.0,0.0
2212,6.1295948568656,0.3021225904091753,1403.6772222222223,229,0,0.0,0.0
2213,6.50694675925926,0.2985991861777999,1561.6672222222223,240,0,0.0,0.0
2214,7.46818281938326,0.2931882050256939,1695.2775,227,8,0.0,0.0
2215,7.665282466010314,0.29891314047941947,1816.6719444444445,237,34,0.0,0.0
2216,7.995907331511839,0.294353165060293,1951.0013888888889,244,119,0.0,0.0
2217,6.798512802926383,0.2858333743632661,1652.038611111111,243,0,0.0,0.0
2218,6.206890838206627,0.3079310728495066,1415.171111111111,228,0,0.0,0.0
2219,7.049729052823315,0.2992488085900394,1720.1338888888888,244,0,0.0,0.0
2220,8.612993956299395,0.3057825048688903,2058.5055555555555,239,234,2.5594444444444466,0.010708972570897266
2221,6.248981481481481,0.28795397600087463,1499.7555555555555,240,0,0.0,0.0
2222,10.56941384180791,0.3128926716739433,2494.3816666666667,236,236,370.38166666666666,1.5694138418079095
2223,7.494744680851064,0.30260892371627457,1761.265,235,12,0.0,0.0
2224,9.398778229448961,0.2984624573084051,2312.0994444444445,246,246,100.81472222222222,0.4098159439927732
2225,7.304688232536335,0.279016277063321,1731.2111111111112,237,3,0.0,0.0
2226,7.491903248587571,0.30890651779789735,1768.0891666666666,236,10,0.0,0.0
2227,7.301046647913736,0.28186142024156047,1730.3480555555554,237,0,0.0,0.0
2228,7.592990664845173,0.29195052579529757,1852.6897222222221,244,20,0.0,0.0
2229,8.002105442176871,0.2787105307719424,1960.5158333333334,245,125,0.0,0.0
2230,7.18484126984127,0.2913556640536068,1760.286111111111,245,0,0.0,0.0
2231,6.319475172074729,0.2839098288008903,1428.201388888889,226,0,0.0,0.0
2232,7.314436376210235,0.30807736330144125,1762.7791666666667,241,3,0.0,0.0
2233,7.79139822595705,0.2795953648544582,1854.3527777777779,238,47,0.0,0.0
2234,7.1928152173913045,0.29457184450406204,1654.3475,230,0,0.0,0.0
2235,7.562411616161616,0.2886660623359486,1830.1036111111111,242,17,0.0,0.0
2236,6.6068304221251815,0.30527744709799765,1512.9641666666666,229,0,0.0,0.0
2237,6.341896551724138,0.29553589847333034,1471.32,232,0,0.0,0.0
2238,9.69560841205578,0.316407100972516,2394.8152777777777,247,247,172.1761111111111,0.6970692757534863
2239,7.510473995271868,0.31192241587070313,1764.961388888889,235,14,0.0,0.0
2240,6.132323959762232,0.3137794898234795,1490.1547222222223,243,0,0.0,0.0
2241,10.501243607624362,0.3097452529525745,2509.7972222222224,239,239,358.7972222222222,1.5012436076243607
2242,6.365344868173258,0.2915829279954975,1502.221388888889,236,0,0.0,0.0
2243,6.728463693957115,0.27406171280173564,1534.0897222222222,228,0,0.0,0.0
2244,6.684526570048309,0.3089309265747787,1537.441111111111,230,0,0.0,0.0
2245,9.3863808870599,0.2981651039539698,2280.8905555555557,243,243,96.33000000000001,0.3964197530864198
2246,6.794415866483768,0.29359379763916554,1651.0430555555556,243,0,0.0,0.0
2247,10.508590277777778,0.2790773740280275,2522.0616666666665,240,240,362.06166666666667,1.5085902777777778
2248,6.730294540229885,0.3265255228399273,1561.4283333333333,232,0,0.0,0.0
2249,10.276630532971996,0.29258177349089054,2528.051111111111,246,246,314.0511111111111,1.2766305329719962
2250,10.565856774496014,0.31150117542279376,2504.1080555555554,237,237,371.10805555555555,1.565856774496015
2251,7.085850767085077,0.33495044835204363,1693.5183333333334,239,1,0.0,0.0
2252,7.422883428300095,0.3033337127941463,1736.9547222222222,234,6,0.0,0.0
2253,7.985139470013947,0.28350831371400953,1908.4483333333333,239,116,0.0,0.0
2254,6.513891156462585,0.28796091828109943,1595.9033333333334,245,0,0.0,0.0
2255,6.589474506974508,0.2838111228503214,1522.1686111111112,231,0,0.0,0.0
2256,6.901845760233918,0.29298703433693785,1573.6208333333334,228,0,0.0,0.0
2257,6.786344907407408,0.29003191001632905,1628.7227777777778,240,0,0.0,0.0
2258,6.50914847161572,0.3072192061501479,1490.595,229,0,0.0,0.0
2259,6.917345545977012,0.28906454130520254,1604.8241666666668,232,0,0.0,0.0
2260,7.285915103415103,0.3073365967085987,1683.046388888889,231,3,0.0,0.0
2261,6.873781435756745,0.2951080209309553,1670.328888888889,243,0,0.0,0.0
2262,6.1275962000962005,0.2884751288957203,1415.4747222222222,231,0,0.0,0.0
2263,7.286386583679115,0.2977397946767782,1756.0191666666667,241,3,0.0,0.0
2264,7.600639124293785,0.2998223007337528,1793.7508333333333,236,22,0.0,0.0
2265,6.172838214783821,0.29687842183076235,1475.3083333333334,239,0,0.0,0.0
2266,7.604345067049809,0.2970734970344937,1764.2080555555556,232,19,0.0,0.0
2267,6.907296539961013,0.2860068305034458,1574.8636111111111,228,0,0.0,0.0
2268,6.293506172839507,0.3065580039321878,1416.038888888889,225,0,0.0,0.0
2269,6.492943287037037,0.3056417685080799,1558.306388888889,240,0,0.0,0.0
2270,7.808987142163998,0.2839522122114288,1788.2580555555555,229,54,0.0,0.0
2271,8.527089890319504,0.2854880098165123,1986.8119444444444,233,229,1.1869444444444444,0.0050941821649976154
2272,6.614800538423887,0.3053450221975622,1501.5597222222223,227,0,0.0,0.0
2273,8.507790456431536,0.29410992117950674,2050.3775,241,228,0.8466666666666658,0.003513139695712306
2274,7.406158172635446,0.2685872790561048,1792.2902777777779,242,0,0.0,0.0
2275,10.296231006647673,0.27256703112477626,2409.3180555555555,234,234,303.31805555555553,1.2962310066476732
2276,6.980078860640301,0.2977214494435438,1647.298611111111,236,0,0.0,0.0
2277,6.101316738816739,0.31108109349643787,1409.4041666666667,231,0,0.0,0.0
2278,10.700993369913123,0.27560376610910076,2600.341388888889,243,243,413.3413888888889,1.700993369913123
2279,7.897586956521739,0.28727571225197646,1816.445,230,84,0.0,0.0
2280,10.884125781625782,0.28426989225688964,2514.2330555555554,231,231,435.23305555555555,1.8841257816257817
2281,7.586788268955651,0.293666239964756,1767.7216666666666,233,20,0.0,0.0
2282,6.109356167608286,0.29953494904455596,1441.8080555555555,236,0,0.0,0.0
2283,7.035802600472813,0.32638067472812465,1653.413611111111,235,0,0.0,0.0
2284,6.4073997584541065,0.2976310899038212,1473.7019444444445,230,0,0.0,0.0
2285,7.117046336729743,0.3025487061928939,1629.8036111111112,229,0,0.0,0.0
2286,5.98655510018215,0.2886876676894764,1460.7194444444444,244,0,0.0,0.0
2287,8.49256427915519,0.295835705655959,2055.2005555555556,242,232,1.0002777777777787,0.004133379247015614
2288,7.435967391304348,0.2875749986152723,1710.2725,230,6,0.0,0.0
2289,6.972867149758454,0.29800179373767954,1603.7594444444444,230,0,0.0,0.0
2290,6.55087706855792,0.3068054000761769,1539.456111111111,235,0,0.0,0.0
2291,7.896398071625344,0.3136070553937219,1910.9283333333333,242,88,0.0,0.0
2292,7.12839598108747,0.2897085385856937,1675.1730555555555,235,0,0.0,0.0
2293,7.025510973936901,0.3239241209693755,1707.1991666666668,243,1,0.0,0.0
2294,6.21111917934532,0.3021953968367209,1496.8797222222222,241,0,0.0,0.0
2295,7.679793981481481,0.33144093226384747,1843.1505555555555,240,33,0.0,0.0
2296,7.59134970032273,0.31532681907869076,1829.5152777777778,241,21,0.0,0.0
2297,10.29017173812817,0.3005333794103591,2479.9313888888887,241,241,310.9313888888889,1.2901717381281697
2298,6.366089181286549,0.2881765077239681,1451.4683333333332,228,0,0.0,0.0
2299,9.990187943262411,0.3123277996700129,2347.6941666666667,235,235,232.69416666666666,0.9901879432624113
2300,10.499565972222223,0.28702608290576676,2519.8958333333335,240,240,359.8958333333333,1.499565972222222
2301,6.572412764003674,0.308216556566709,1590.523888888889,242,0,0.0,0.0
2302,8.039399717514124,0.28410195880626354,1897.2983333333334,236,136,0.0,0.0
2303,6.17307438794727,0.28773669743576186,1456.8455555555556,236,0,0.0,0.0
2304,7.202849239280775,0.30120603027740556,1735.8866666666668,241,0,0.0,0.0
2305,5.9808260233918125,0.3022915607734716,1363.6283333333333,228,0,0.0,0.0
2306,8.106577635327636,0.2865956324907868,1896.9391666666668,234,154,0.0,0.0
2307,6.2953141678796705,0.28912294185270054,1441.6269444444445,229,0,0.0,0.0
2308,10.623160569105691,0.28670094510283645,2613.2975,246,246,399.2975,1.6231605691056912
2309,8.38660327339788,0.3092051636376846,2021.171388888889,241,216,1.036944444444444,0.004302674043337942
2310,6.112486111111111,0.3100297710235507,1466.9966666666667,240,0,0.0,0.0
2311,8.397320127504553,0.2982416141489401,2048.946111111111,244,224,0.4733333333333327,0.0019398907103825112
2312,6.563907163742691,0.305620651196403,1496.5708333333334,228,0,0.0,0.0
2313,7.803651927437642,0.31102645538952867,1911.8947222222223,245,66,0.0,0.0
2314,7.286747538677919,0.3081957991130464,1726.9591666666668,237,2,0.0,0.0
2315,9.097270685579197,0.2753488474435009,2137.8586111111113,235,235,38.52166666666666,0.1639219858156028
2316,7.873355696798493,0.3142416047260024,1858.1119444444444,236,84,0.0,0.0
2317,7.791838913148957,0.2984789090076556,1784.331111111111,229,59,0.0,0.0
2318,7.0970976223136715,0.2993210090027114,1724.5947222222221,243,0,0.0,0.0
2319,7.3961793372319695,0.3097077599713184,1686.328888888889,228,7,0.0,0.0
2320,6.897724051211705,0.3082289209237424,1676.1469444444444,243,0,0.0,0.0
2321,6.7887954876273655,0.2929872701530767,1554.6341666666667,229,0,0.0,0.0
2322,6.514131179637788,0.3073200212574485,1478.707777777778,227,0,0.0,0.0
2323,9.681411443494778,0.3092077274246052,2265.450277777778,234,234,159.725,0.6825854700854701
2324,6.491736975564776,0.2660691376229565,1564.5086111111111,241,0,0.0,0.0
2325,7.6132035519125685,0.30171161899563737,1857.6216666666667,244,23,0.0,0.0
2326,7.3854804189435335,0.3087343514781953,1802.0572222222222,244,10,0.0,0.0
2327,7.093524154589372,0.28407204284938603,1631.5105555555556,230,0,0.0,0.0
2328,7.419126461988305,0.3151209711935989,1691.5608333333334,228,7,0.0,0.0
2329,6.409076113558492,0.28948969125176083,1454.8602777777778,227,0,0.0,0.0
2330,6.112743362831859,0.3132575156339539,1381.48,226,0,0.0,0.0
2331,7.3095327754532775,0.30494231807701716,1746.9783333333332,239,1,0.0,0.0
2332,6.966947859744991,0.28971228577882696,1699.9352777777779,244,0,0.0,0.0
2333,7.21000233426704,0.2863820616445884,1715.9805555555556,238,0,0.0,0.0
2334,7.38565289648623,0.2921144570305471,1728.2427777777777,234,5,0.0,0.0
2335,8.066179971988795,0.2996481167047856,1919.7508333333333,238,145,0.0,0.0
2336,9.31344467885607,0.31206085744308576,2207.2863888888887,237,237,80.60583333333334,0.34010900140646977
2337,7.799657651072125,0.29633685148032346,1778.3219444444444,228,60,0.0,0.0
2338,6.81141339869281,0.31182186573902654,1621.1163888888889,238,0,0.0,0.0
2339,9.386987810595404,0.28541184639490486,2224.716111111111,237,237,94.02055555555553,0.3967112048757617
2340,6.714817670093,0.2933518712845666,1524.263611111111,227,0,0.0,0.0
2341,9.199428946113494,0.2904470442450433,2143.4669444444444,233,233,56.327222222222225,0.24174773485932285
2342,5.996066159520517,0.3273391617120986,1445.0519444444444,241,0,0.0,0.0
2343,6.42009219348659,0.2944746480488197,1489.461388888889,232,0,0.0,0.0
2344,6.023118239921337,0.31366602789364745,1361.2247222222222,226,0,0.0,0.0
2345,6.508975256769375,0.28635491423524945,1549.1361111111112,238,0,0.0,0.0
2346,6.996113465160076,0.3098669482296425,1651.082777777778,236,0,0.0,0.0
2347,7.355165198237885,0.3248223429632962,1669.6225,227,4,0.0,0.0
2348,6.600259502923977,0.2894007041885492,1504.8591666666666,228,0,0.0,0.0
2349,8.397721755368813,0.295555522684681,1998.6577777777777,238,219,0.375,0.0015756302521008404
2350,8.8755463728191,0.2920682079405445,2147.882222222222,242,242,16.054722222222217,0.06634182736455461
2351,9.396084770114943,0.3124467438527277,2179.891666666667,232,232,94.90805555555556,0.4090864463601533
2352,6.289856973995271,0.29866184262727036,1478.1163888888889,235,0,0.0,0.0
2353,8.780275462962964,0.2746534287227832,2107.266111111111,240,240,8.338055555555556,0.03474189814814815
2354,6.612596200096201,0.2873258768698809,1527.5097222222223,231,0,0.0,0.0
2355,8.90795908879591,0.3008777211014623,2129.0022222222224,239,238,18.742222222222225,0.078419339841934
2356,7.881596648301194,0.3056121409233772,1907.346388888889,242,85,0.0,0.0
2357,7.217484230955846,0.3020939016221806,1652.8038888888889,229,0,0.0,0.0
2358,10.913562948028675,0.30924740071407847,2706.563611111111,248,248,474.56361111111113,1.913562948028674
2359,6.067014814814815,0.3074454286186141,1365.0783333333334,225,0,0.0,0.0
2360,7.268998178506376,0.2863649551520193,1773.6355555555556,244,2,0.0,0.0
2361,6.571264749262537,0.2963490635090182,1485.1058333333333,226,0,0.0,0.0
2362,6.109443247126437,0.3163966749597017,1417.3908333333334,232,0,0.0,0.0
2363,7.590426328502415,0.3219052859270281,1745.7980555555555,230,26,0.0,0.0
2364,7.4313206214689265,0.295159461107949,1753.7916666666667,236,6,0.0,0.0
2365,7.932450023245003,0.2967039367911213,1895.8555555555556,239,93,0.0,0.0
2366,8.383343037360504,0.2932277388127744,1919.7855555555554,229,208,0.3652777777777789,0.0015950994662785106
2367,6.011422413793104,0.27808881613143666,1394.65,232,0,0.0,0.0
2368,6.8945231071779745,0.29819618538487114,1558.1622222222222,226,0,0.0,0.0
2369,7.528335717691941,0.31477745251053163,1754.1022222222223,233,16,0.0,0.0
2370,6.192031400966183,0.30984889830812873,1424.167222222222,230,0,0.0,0.0
2371,8.02385815118397,0.301459073989317,1957.8213888888888,244,136,0.0,0.0
2372,6.660232860520095,0.26587285885523254,1565.1547222222223,235,0,0.0,0.0
2373,7.3266199908925325,0.300230245832605,1787.6952777777778,244,6,0.0,0.0
2374,9.60052240512117,0.3004452902652568,2332.9269444444444,243,243,146.44944444444445,0.6026726108824875
2375,5.999986942070275,0.322310454269141,1403.9969444444444,234,0,0.0,0.0
2376,7.986035024154589,0.29991265651235066,1836.7880555555555,230,109,0.050277777777777644,0.00021859903381642453
2377,9.199227316836488,0.2774259437784823,2106.6230555555558,229,229,54.22027777777779,0.23676977195536153
2378,8.615238961669093,0.30383017958109426,1972.8897222222222,229,223,3.115555555555556,0.013605046094129065
2379,7.076158564814815,0.2954102068710021,1698.2780555555555,240,0,0.0,0.0
2380,10.702550607287451,0.3134217254900175,2643.53,247,247,420.53000000000003,1.7025506072874494
2381,8.66787419651056,0.2884642424417478,2097.6255555555554,242,240,4.936666666666666,0.02039944903581267
2382,7.234342706904435,0.28796075964092577,1757.9452777777778,243,1,0.0,0.0
2383,6.4214987922705316,0.3136316111631183,1476.9447222222223,230,0,0.0,0.0
2384,10.471295918367348,0.27524521995953777,2565.4675,245,245,360.46750000000003,1.471295918367347
2385,7.3178529143898,0.313552147968423,1785.556111111111,244,4,0.0,0.0
2386,7.927488568815729,0.2824336225454897,1926.3797222222222,243,95,0.0,0.0
2387,6.126019736842106,0.3250814312897251,1396.7325,228,0,0.0,0.0
2388,6.755457302280447,0.27239924697036516,1546.9997222222223,229,0,0.0,0.0
2389,7.779442028985508,0.31391335409727805,1789.2716666666668,230,58,0.0,0.0
2390,7.804605200945627,0.3079512324958465,1834.0822222222223,235,71,0.0,0.0
2391,6.620019323671498,0.29794936769060915,1522.6044444444444,230,0,0.0,0.0
2392,7.673401600753296,0.317021266635847,1810.9227777777778,236,36,0.0,0.0
2393,5.97903727445394,0.2997907394131879,1399.0947222222221,234,0,0.0,0.0
2394,8.466084379358438,0.3049622628922737,2023.3941666666667,239,227,1.446944444444446,0.0060541608554160915
2395,8.007373842592592,0.30594401868105003,1921.7697222222223,240,125,0.0,0.0
2396,6.281566713156671,0.30113397004701326,1501.2944444444445,239,0,0.0,0.0
2397,7.595829694323144,0.3291302346988433,1739.445,229,20,0.0,0.0
2398,7.581850262279447,0.27370854706948566,1766.5711111111111,233,13,0.0,0.0
2399,8.39245527306968,0.2906917229495136,1980.6194444444445,236,212,0.299722222222222,0.0012700094161958559
2400,7.190964791952446,0.30837522495231773,1747.4044444444444,243,1,0.0,0.0
2401,10.692972910927457,0.31741807158094315,2587.6994444444445,242,242,409.69944444444445,1.6929729109274565
2402,6.363958333333334,0.30556317057102,1450.9825,228,0,0.0,0.0
2403,6.588329889807162,0.2954171319961457,1594.3758333333333,242,0,0.0,0.0
2404,7.418722451790634,0.3048613315866684,1795.3308333333334,242,8,0.0,0.0
2405,9.698152664859983,0.3022771391676287,2385.7455555555557,246,246,171.89972222222224,0.6987793586269196
2406,7.830377068557919,0.2821996760479563,1840.138611111111,235,60,0.0,0.0
2407,6.737826867816091,0.31635144589268505,1563.1758333333332,232,0,0.0,0.0
2408,6.414545873674505,0.29880504461909807,1545.9055555555556,241,0,0.0,0.0
2409,10.988097643097642,0.2934493483161342,2538.2505555555554,231,231,459.25055555555554,1.988097643097643
2410,7.6711191129401,0.3076928147563972,1864.0819444444444,243,31,0.0,0.0
2411,9.468951760402376,0.28873051863089166,2300.9552777777776,243,243,115.4697222222222,0.475184042066758
2412,5.988968089990817,0.30041933905497503,1449.3302777777778,242,0,0.0,0.0
2413,8.491249418874942,0.31110146947436124,2029.4086111111112,239,227,1.1313888888888908,0.00473384472338448
2414,8.12734473556526,0.3016617139354156,1861.1619444444445,229,147,0.0,0.0
2415,7.387090220385675,0.3008868961438069,1787.6758333333332,242,5,0.0,0.0
2416,8.002307692307692,0.27588678823872403,1872.54,234,116,0.0,0.0
2417,9.926055786076533,0.293998079751519,2392.1794444444445,241,241,223.17944444444447,0.926055786076533
2418,7.4886062590975255,0.30337391682073467,1714.8908333333334,229,12,0.0,0.0
2419,7.173929738562091,0.2870913117249501,1707.3952777777777,238,1,0.0,0.0
2420,7.686730955846676,0.3217474702639401,1760.2613888888889,229,39,0.0,0.0
2421,7.9967980009298,0.3075599658240425,1911.2347222222222,239,116,0.0,0.0
2422,6.19178280651341,0.2981803482958206,1436.493611111111,232,0,0.0,0.0
2423,7.78063557384545,0.30874543200682775,1890.6944444444443,243,56,0.0,0.0
2424,6.484710351377018,0.29520228544205146,1517.4222222222222,234,0,0.0,0.0
2425,7.116946721311476,0.28065585474817234,1736.535,244,0,0.0,0.0
2426,9.21426044634378,0.3122375729188888,2156.1369444444445,234,234,60.5563888888889,0.2587879867046534
2427,8.4743629476584,0.29074603775160707,2050.795833333333,242,228,0.9438888888888872,0.0039003673094582117
2428,8.168764124293785,0.2694909871757772,1927.8283333333334,236,168,0.0,0.0
2429,8.106120857699805,0.29782197217228423,1848.1955555555555,228,146,0.0,0.0
2430,6.7184988179669025,0.30752439731634673,1578.8472222222222,235,0,0.0,0.0
2431,6.9887229437229434,0.31794549683155177,1614.395,231,0,0.0,0.0
2432,7.874943236714976,0.2861087754197589,1811.2369444444444,230,87,0.0,0.0
2433,6.298267085076708,0.3043186690946003,1505.2858333333334,239,0,0.0,0.0
2434,6.324778481012658,0.27736484979100573,1498.9725,237,0,0.0,0.0
2435,6.430741134751773,0.279313563161503,1511.2241666666666,235,0,0.0,0.0
2436,6.796874090247453,0.3036780242068385,1556.4841666666666,229,0,0.0,0.0
2437,7.681713534522176,0.30341200186200756,1866.6563888888888,243,37,0.0,0.0
2438,6.625135233918129,0.2927041409786388,1510.5308333333332,228,0,0.0,0.0
2439,6.893607565011821,0.2777030531981006,1619.9977777777779,235,0,0.0,0.0
2440,7.198543735224586,0.3066016707586553,1691.6577777777777,235,0,0.0,0.0
2441,7.69978044638525,0.29607769329458106,1763.2497222222223,229,33,0.0,0.0
2442,9.824216149347729,0.2944531380073781,2426.581388888889,247,247,203.58138888888888,0.8242161493477282
2443,6.013961202938475,0.3219718520028403,1455.378611111111,242,0,0.0,0.0
2444,7.563393458393458,0.3054598319413637,1747.1438888888888,231,19,0.0,0.0
2445,7.413913043478261,0.28597730807865196,1705.2,230,6,0.0,0.0
2446,7.298294175232501,0.2801389638350388,1656.7127777777778,227,2,0.0,0.0
2447,7.683868086147822,0.3073857573352619,1744.2380555555555,227,38,0.0,0.0
2448,9.79296449976948,0.3037440256146983,2360.1044444444447,241,241,191.20722222222224,0.7933909635776857
2449,10.406761133603238,0.2905796664087773,2570.47,247,247,347.47,1.406761133603239
2450,7.000198087431694,0.28913963626269995,1708.0483333333334,244,0,0.0,0.0
2451,6.011363425925926,0.3148023595685863,1442.7272222222223,240,0,0.0,0.0
2452,6.504944903581268,0.29895725886099245,1574.1966666666667,242,0,0.0,0.0
2453,10.174394353369763,0.2985724568858688,2482.552222222222,244,244,286.5522222222222,1.1743943533697632
2454,7.647353556485355,0.2880649530067389,1827.7175,239,30,0.0,0.0
2455,7.936594516594516,0.3006747245687485,1833.3533333333332,231,93,0.0,0.0
2456,7.796080498866213,0.3023384268413844,1910.0397222222223,245,61,0.0,0.0
2457,6.204518762183236,0.30603795336211964,1414.6302777777778,228,0,0.0,0.0
2458,5.991230822873082,0.29486979225266646,1431.9041666666667,239,0,0.0,0.0
2459,6.712487425697302,0.3106031999242381,1631.1344444444444,243,0,0.0,0.0
2460,7.615965986394558,0.3062621854500374,1865.9116666666666,245,27,0.0,0.0
2461,6.324247828074989,0.30539543881383285,1536.7922222222223,243,0,0.0,0.0
2462,6.80957787481805,0.3074398919013722,1559.3933333333334,229,0,0.0,0.0
2463,8.806621338912134,0.2894565202363198,2104.7825,239,239,10.32611111111111,0.04320548582054858
2464,7.966133879781421,0.30177117356642286,1943.7366666666667,244,110,0.0,0.0
2465,9.900068860877685,0.31955397863931784,2356.216388888889,238,238,214.2163888888889,0.9000688608776845
2466,7.385372315592904,0.31793254982496777,1757.7186111111112,238,5,0.0,0.0
2467,7.704099815583218,0.29997451239975714,1856.6880555555556,241,33,0.0,0.0
2468,8.287419501133787,0.29562059555029724,2030.4177777777777,245,205,0.0,0.0
2469,7.855806878306878,0.2988585346730133,1814.691388888889,231,72,0.0,0.0
2470,6.192894226103833,0.28741297601588106,1418.1727777777778,229,0,0.0,0.0
2471,6.334084406294707,0.2957800948660764,1475.8416666666667,233,0,0.0,0.0
2472,6.778561946902655,0.3129535353173232,1531.955,226,0,0.0,0.0
2473,5.983953544061302,0.27221413063765826,1388.2772222222222,232,0,0.0,0.0
2474,9.004004922644164,0.2977584889089601,2133.9491666666668,237,237,28.12305555555556,0.1186626816690108
2475,8.375763888888889,0.3012278716959881,1943.177222222222,232,206,0.08055555555555571,0.0003472222222222229
2476,6.706082498807821,0.2949720158896634,1562.5172222222222,233,0,0.0,0.0
2477,7.595277777777778,0.2898374646281963,1739.318611111111,229,16,0.0,0.0
2478,6.700411479944675,0.29856557155225444,1614.7991666666667,241,0,0.0,0.0
2479,6.29044806763285,0.3144264731360211,1446.8030555555556,230,0,0.0,0.0
2480,8.18945486111111,0.2921119128495599,1965.4691666666668,240,185,0.48249999999999993,0.0020104166666666664
2481,8.10130935422602,0.31099951259476416,1895.7063888888888,234,148,0.0,0.0
2482,6.09770474137931,0.31593520162809985,1414.6675,232,0,0.0,0.0
2483,7.7039595516569195,0.31591749860715657,1756.5027777777777,228,36,0.0,0.0
2484,7.524425369575583,0.3143666963702955,1753.191111111111,233,16,0.0,0.0
2485,6.388770180436847,0.30474725927653423,1494.9722222222222,234,0,0.0,0.0
2486,8.890420081967212,0.2817448314598415,2169.2625,244,244,16.235833333333332,0.06654030054644808
2487,7.280066193853428,0.2948201558947732,1710.8155555555556,235,2,0.0,0.0
2488,6.703338102050548,0.3223618167754897,1561.8777777777777,233,0,0.0,0.0
2489,8.021012583095917,0.3182274861872019,1876.9169444444444,234,119,0.0,0.0
2490,9.994054373522458,0.3138023766368877,2348.6027777777776,235,235,233.60277777777776,0.9940543735224585
2491,9.504157210401893,0.31850543257239705,2233.4769444444446,235,235,121.30055555555558,0.5161725768321513
2492,9.287852011494254,0.30666673824545243,2154.7816666666668,232,232,73.23194444444445,0.3156549329501916
2493,6.133804044630405,0.2960771947994027,1465.9791666666667,239,0,0.0,0.0
2494,8.582574919317658,0.3126291757035073,2068.4005555555555,241,235,2.4736111111111097,0.010263946519133236
2495,7.992180316091954,0.3151863599813618,1854.1858333333332,232,113,0.0,0.0
2496,7.389827423167849,0.30919464950126524,1736.6094444444445,235,7,0.0,0.0
2497,6.908993800667621,0.3191564829258315,1609.7955555555557,233,0,0.0,0.0
2498,6.691906090190609,0.3031321939323414,1599.3655555555556,239,0,0.0,0.0
2499,6.555122819100092,0.3196408779700662,1586.3397222222222,242,0,0.0,0.0
2500,6.6004096638655465,0.29187145342827425,1570.8975,238,0,0.0,0.0
2501,6.702782350251486,0.28743031584208195,1628.776111111111,243,0,0.0,0.0
2502,7.757895439107229,0.2766235693409178,1776.5580555555555,229,46,0.0,0.0
2503,7.888297258297259,0.31445068152853467,1822.1966666666667,231,84,0.0,0.0
2504,6.19627662037037,0.2838465453663091,1487.106388888889,240,0,0.0,0.0
2505,6.196037758537758,0.2982701271283738,1431.2847222222222,231,0,0.0,0.0
2506,7.399991582491583,0.29377223011091336,1709.3980555555556,231,4,0.0,0.0
2507,7.812406189083821,0.3159003267867048,1781.2286111111111,228,59,0.0,0.0
2508,10.281769675925926,0.2889374825001602,2467.6247222222223,240,240,307.6247222222222,1.2817696759259258
2509,7.114706790123456,0.28235184211836617,1664.8413888888888,234,1,0.0,0.0
2510,8.71812324929972,0.3126343633972971,2074.9133333333334,238,238,8.061666666666657,0.0338725490196078
2511,8.025100472813238,0.27890046760296366,1885.898611111111,235,135,0.0,0.0
2512,6.611040528233151,0.2980194195544727,1613.0938888888888,244,0,0.0,0.0
2513,7.37671412037037,0.29505344990569604,1770.411388888889,240,4,0.0,0.0
2514,6.598882058287796,0.3054442713405761,1610.1272222222221,244,0,0.0,0.0
2515,7.410872849837285,0.3122995244301938,1771.1986111111112,239,5,0.0,0.0
2516,10.678910165484634,0.2865244381099431,2509.543888888889,235,235,394.5438888888889,1.6789101654846335
2517,7.227091714559387,0.30704585719255256,1676.6852777777779,232,0,0.0,0.0
2518,7.074631268436578,0.3079480207115951,1598.8666666666666,226,0,0.0,0.0
2519,7.494165453663269,0.29342979981314704,1716.1638888888888,229,10,0.0,0.0
2520,7.611939871970736,0.2899454195555022,1849.701388888889,243,25,0.0,0.0
2521,9.500636716963877,0.3030651822599013,2308.654722222222,243,243,123.16972222222222,0.506871284865112
2522,6.115757149554618,0.3154716903133499,1449.4344444444444,237,0,0.0,0.0
2523,9.615240362811791,0.2995597485989079,2355.733888888889,245,245,151.43416666666667,0.6180986394557824
2524,7.631033478893741,0.30274435592757826,1747.5066666666667,229,25,0.0,0.0
2525,6.141918767507002,0.30361607112109995,1461.7766666666666,238,0,0.0,0.0
2526,8.672918925022584,0.27939191535728636,2133.5380555555557,246,245,3.8236111111111093,0.01554313459801264
2527,7.199625122910521,0.2956404450777327,1627.1152777777777,226,0,0.0,0.0
2528,10.682005532503457,0.2986258229280743,2574.3633333333332,241,241,405.36333333333334,1.682005532503458
2529,7.031896433470507,0.30793689755485304,1708.7508333333333,243,0,0.0,0.0
2530,10.221362811791384,0.31208937342759835,2504.233888888889,245,245,299.2338888888889,1.2213628117913833
2531,7.692630315500686,0.30699449277978874,1869.3091666666667,243,37,0.0,0.0
2532,7.596130519165453,0.2834784706921413,1739.513888888889,229,17,0.0,0.0
2533,6.496671315667132,0.31978219566651417,1552.7044444444446,239,0,0.0,0.0
2534,6.1155828584995255,0.29962781953627726,1431.046388888889,234,0,0.0,0.0
2535,7.192263244256916,0.3160415234277069,1704.566388888889,237,1,0.0,0.0
2536,7.716707027540361,0.29884288288263045,1805.7094444444444,234,39,0.0,0.0
2537,8.041272583559168,0.3010563621531104,1978.1530555555555,246,132,0.0,0.0
2538,6.596468764902242,0.28193520768299435,1536.9772222222223,233,0,0.0,0.0
2539,10.426699954086319,0.3241376411192423,2523.261388888889,242,242,345.2613888888889,1.426699954086318
2540,7.880292397660819,0.2982982324071992,1796.7066666666667,228,74,0.0,0.0
2541,7.124595624385448,0.2863739617582003,1610.1586111111112,226,0,0.0,0.0
2542,7.963377871542429,0.29431892684269534,1887.3205555555555,237,105,0.0,0.0
2543,6.286693587860988,0.32511641211331477,1427.0794444444443,227,0,0.0,0.0
2544,6.085625909752547,0.2981653044372949,1393.6083333333333,229,0,0.0,0.0
2545,8.599234594856865,0.29918730523058157,1969.2247222222222,229,222,2.3386111111111134,0.010212275594371675
2546,7.8881041666666665,0.30281156466274856,1893.145,240,89,0.0,0.0
2547,7.678046139359698,0.28148015010723415,1812.0188888888888,236,34,0.0,0.0
2548,6.535387205387205,0.3342608086936021,1509.6744444444444,231,0,0.0,0.0
2549,6.190505162241887,0.3106830937798398,1399.0541666666666,226,0,0.0,0.0
2550,6.993290686952513,0.2876223434219595,1685.3830555555555,241,0,0.0,0.0
2551,7.683623685413808,0.2888838971135676,1867.1205555555555,243,36,0.0,0.0
2552,10.50865587695133,0.3017950999617847,2543.094722222222,242,242,365.09472222222223,1.5086558769513316
2553,9.496987922705314,0.30938788781925186,2184.307222222222,230,230,116.24444444444444,0.5054106280193237
2554,7.516973022405121,0.2697435010435166,1826.6244444444444,243,11,0.0,0.0
2555,8.095313852813852,0.31701440464260366,1870.0175,231,140,0.0,0.0
2556,7.075585399449036,0.32247800455379755,1712.2916666666667,242,1,0.0,0.0
2557,8.70323188405797,0.29999123891109236,2001.7433333333333,230,226,5.878888888888884,0.02556038647342993
2558,10.515715105601469,0.2887179741650572,2544.8030555555556,242,242,366.80305555555555,1.5157151056014693
2559,7.114031279178338,0.300057222159753,1693.1394444444445,238,1,0.0,0.0
2560,6.537147667147667,0.3177201358565419,1510.081111111111,231,0,0.0,0.0
2561,6.808731725146199,0.30707430482269704,1552.3908333333334,228,0,0.0,0.0
2562,9.306218303365608,0.3097043712220142,2242.7986111111113,241,241,80.29083333333332,0.33315698478561545
2563,7.593683261183261,0.3019531208702698,1754.1408333333334,231,20,0.0,0.0
2564,7.185576131687243,0.3138440765094976,1746.095,243,0,0.0,0.0
2565,7.078182471264368,0.28898876684911906,1642.1383333333333,232,0,0.0,0.0
2566,10.214114959114958,0.3028412638953128,2359.4605555555554,231,231,280.4605555555556,1.2141149591149591
2567,6.8956180555555555,0.3163154814975675,1654.9483333333333,240,0,0.0,0.0
2568,7.319204331450094,0.2603613321264993,1727.3322222222223,236,3,0.0,0.0
2569,6.396317358130663,0.29606284074345884,1490.3419444444444,233,0,0.0,0.0
2570,7.415789855072464,0.31377893951696817,1705.6316666666667,230,9,0.0,0.0
2571,8.317417480241748,0.28841274701828495,1987.8627777777779,239,204,0.017777777777777004,7.438400743839751e-05
2572,9.213606557377048,0.2750642068556246,2248.12,244,244,60.0775,0.24621926229508198
2573,6.783251705653021,0.3064139919970329,1546.5813888888888,228,0,0.0,0.0
2574,6.094803383630544,0.30024468935707477,1481.0372222222222,243,0,0.0,0.0
2575,7.7881630086877,0.3022652830856909,1892.5236111111112,243,57,0.0,0.0
2576,6.3669327731092435,0.3029371559412202,1515.33,238,0,0.0,0.0
2577,10.595948195030473,0.291516264398703,2511.239722222222,237,237,378.2397222222222,1.5959481950304735
2578,6.790143442622951,0.30520845362574306,1656.795,244,0,0.0,0.0
2579,6.2782693236714975,0.291697687167053,1444.0019444444445,230,0,0.0,0.0
2580,7.282654195011338,0.30746036438217905,1784.2502777777777,245,3,0.0,0.0
2581,8.898696493624772,0.291879926142962,2171.2819444444444,244,244,17.380000000000003,0.07122950819672132
2582,9.392832403533241,0.3295062493677578,2244.8869444444445,239,239,97.53888888888889,0.4081125058112506
2583,5.995739568682606,0.28394058630411295,1420.9902777777777,237,0,0.0,0.0
2584,7.906703783524904,0.3054734469556826,1834.3552777777777,232,86,0.0,0.0
2585,7.018032693187013,0.2896898587268026,1705.3819444444443,243,0,0.0,0.0
2586,10.800123716153127,0.3054537915982362,2570.4294444444445,238,238,428.42944444444447,1.800123716153128
2587,9.88089598108747,0.2958341409101818,2322.0105555555556,235,235,207.27750000000003,0.8820319148936172
2588,10.220263593380615,0.2928664901135937,2401.7619444444445,235,235,286.76194444444445,1.2202635933806147
2589,7.61587962962963,0.26852815086096804,1827.8111111111111,240,17,0.0,0.0
2590,6.336143790849673,0.30481279470213407,1508.0022222222221,238,0,0.0,0.0
2591,8.703656028368794,0.30727681996118167,2045.3591666666666,235,231,5.995833333333332,0.025514184397163114
2592,6.4536290708812265,0.301304468701908,1497.2419444444445,232,0,0.0,0.0
2593,6.594681026365348,0.30351206632599864,1556.3447222222221,236,0,0.0,0.0
2594,6.666081999029597,0.31297775775722575,1526.5327777777777,229,0,0.0,0.0
2595,9.78247256515775,0.29859783408971396,2377.1408333333334,243,243,190.14083333333335,0.7824725651577504
2596,7.088763888888889,0.2951472600612258,1701.3033333333333,240,0,0.0,0.0
2597,5.997830459770115,0.299320442711098,1391.4966666666667,232,0,0.0,0.0
2598,6.761289351851852,0.3145151362052506,1622.7094444444444,240,0,0.0,0.0
2599,6.794783406754772,0.30907623910826076,1542.4158333333332,227,0,0.0,0.0
2600,7.750866858237547,0.32277266277145433,1798.201111111111,232,46,0.0,0.0
2601,6.60344301382928,0.2947191153144739,1538.6022222222223,233,0,0.0,0.0
2602,6.878268247326825,0.3079811135830791,1643.9061111111112,239,0,0.0,0.0
2603,6.291164759179781,0.3114059618493448,1465.8413888888888,233,0,0.0,0.0
2604,7.1801578822412155,0.32413769674620707,1680.1569444444444,234,2,0.0,0.0
2605,8.805177083333332,0.2962521129187677,2113.2425,240,239,10.31111111111111,0.04296296296296296
2606,7.9143746993747,0.29447041030187354,1828.2205555555556,231,97,0.0,0.0
2607,7.296955828779599,0.3074303685574697,1780.4572222222223,244,6,0.0,0.0
2608,10.304995291902072,0.30611735690824055,2431.978888888889,236,236,307.9788888888889,1.3049952919020715
2609,10.803005910165485,0.2893931517498,2538.706388888889,235,235,423.7063888888889,1.8030059101654847
2610,7.91128699660359,0.29928232463664917,1811.6847222222223,229,89,0.0,0.0
2611,7.88844228927203,0.32504574183128865,1830.118611111111,232,80,0.0,0.0
2612,7.4919927536231885,0.2990500154179572,1723.1583333333333,230,10,0.0,0.0
2613,8.016118084611808,0.31170756454922305,1915.8522222222223,239,121,0.0,0.0
2614,8.237924285044539,0.3069523112726162,1952.3880555555556,237,186,0.4013888888888886,0.0016936240037505846
2615,10.800426997245179,0.2860755158790504,2613.7033333333334,242,242,435.7033333333333,1.800426997245179
2616,6.100789894833105,0.2805635994591957,1482.4919444444445,243,0,0.0,0.0
2617,6.5954124940391035,0.32794362331683696,1536.7311111111112,233,0,0.0,0.0
2618,6.112748665696263,0.2973285466197554,1399.8194444444443,229,0,0.0,0.0
2619,10.46367270531401,0.3117926528450299,2406.6447222222223,230,230,336.64472222222224,1.4636727053140097
2620,6.87842056932966,0.2796449899699048,1664.5777777777778,242,0,0.0,0.0
2621,6.989227053140096,0.2785760322613137,1607.5222222222221,230,0,0.0,0.0
2622,7.8108961352657005,0.2994974227130334,1796.506111111111,230,59,0.0,0.0
2623,6.2057952973720605,0.2710062283375641,1495.5966666666666,241,0,0.0,0.0
2624,6.186274717514125,0.28049475450722133,1459.9608333333333,236,0,0.0,0.0
2625,6.082886122637159,0.29243457516790483,1465.9755555555555,241,0,0.0,0.0
2626,10.186044685990337,0.3034966137675704,2342.7902777777776,230,230,272.79027777777776,1.1860446859903382
2627,7.804060283687943,0.30665267161647447,1833.9541666666667,235,68,0.0,0.0
2628,6.20551536643026,0.3396875829610234,1458.296111111111,235,0,0.0,0.0
2629,7.88748847395113,0.2875024275176312,1900.8847222222223,241,92,0.0,0.0
2630,7.20173928077455,0.29932988887246526,1735.6191666666666,241,0,0.0,0.0
2631,6.505002286236854,0.32456537772028093,1580.7155555555555,243,0,0.0,0.0
2632,9.820030473511485,0.2929539005483005,2327.347222222222,237,237,194.4283333333333,0.8203727144866384
2633,7.692067510548523,0.2971110267743748,1823.02,237,43,0.0,0.0
2634,7.175159752026706,0.296236301498379,1671.8122222222223,233,0,0.0,0.0
2635,10.434484618916436,0.31329221694241133,2525.1452777777777,242,242,347.1452777777778,1.434484618916437
2636,6.435723593964335,0.29057431222240937,1563.8808333333334,243,0,0.0,0.0
2637,8.021547281323878,0.3004723568386354,1885.0636111111112,235,126,0.0,0.0
2638,9.09485935302391,0.3191363900099809,2155.4816666666666,237,237,42.86750000000001,0.18087552742616037
2639,7.001826878745966,0.26361032862807043,1687.4402777777777,241,0,0.0,0.0
2640,6.184851394604481,0.30154127345089793,1502.918888888889,243,0,0.0,0.0
2641,6.001692028985507,0.3097837583981644,1380.3891666666666,230,0,0.0,0.0
2642,8.016600694444444,0.29561578295625335,1923.9841666666666,240,127,0.0,0.0
2643,8.024595410628018,0.29709761105259536,1845.6569444444444,230,123,0.12638888888888822,0.0005495169082125575
2644,7.8913028007346195,0.28451944265933365,1909.6952777777778,242,87,0.0,0.0
2645,9.417802185030219,0.32066582825585976,2250.8547222222223,239,239,103.19611111111112,0.4317828916782892
2646,8.030438218390804,0.2944479819341125,1863.0616666666667,232,129,0.0,0.0
2647,6.812064471879287,0.30138276328002744,1655.3316666666667,243,0,0.0,0.0
2648,10.769022131887986,0.3111889193469222,2649.1794444444445,246,246,435.17944444444447,1.7690221318879857
2649,8.209698275862069,0.29081436447906484,1904.65,232,179,0.0,0.0
2650,6.314996312684366,0.30587505796278486,1427.1891666666668,226,0,0.0,0.0
2651,7.957643061516452,0.2995844769155163,1854.1308333333334,233,106,0.0,0.0
2652,7.830423338185347,0.3007366546315398,1793.1669444444444,229,61,0.0,0.0
2653,7.825021008403361,0.31716856402307403,1862.355,238,69,0.0,0.0
2654,6.62011158594492,0.2962802070367552,1549.1061111111112,234,0,0.0,0.0
2655,10.876961134954698,0.30235845640772957,2534.3319444444446,233,233,437.33194444444445,1.8769611349546973
2656,7.3782815442561205,0.31034767218749065,1741.2744444444445,236,5,0.0,0.0
2657,6.812821327683616,0.2644911934456064,1607.8258333333333,236,0,0.0,0.0
2658,7.812496468926554,0.27713432031278157,1843.7491666666667,236,57,0.0,0.0
2659,7.357590187590187,0.3035434799267403,1699.6033333333332,231,5,0.0,0.0
2660,7.69374655647383,0.28314425460380743,1861.8866666666668,242,35,0.0,0.0
2661,7.083069561157797,0.34490716814776223,1685.7705555555556,238,1,0.0,0.0
2662,6.697839896858884,0.31287711977471333,1587.3880555555556,237,0,0.0,0.0
2663,10.48613070539419,0.28852829714582195,2527.1575,241,241,358.1575,1.486130705394191
2664,6.913981102003643,0.2891651101714843,1687.0113888888889,244,0,0.0,0.0
2665,7.196671394799055,0.2786943921904267,1691.2177777777779,235,1,0.0,0.0
2666,6.297541666666667,0.287058431227311,1511.41,240,0,0.0,0.0
2667,6.082725321888413,0.29699809472800703,1417.275,233,0,0.0,0.0
2668,6.21671196948021,0.28890863348622625,1448.493888888889,233,0,0.0,0.0
2669,8.381166666666667,0.2839226217219765,2053.3858333333333,245,220,0.5405555555555548,0.002206349206349203
2670,7.506722222222222,0.30132062976225027,1726.546111111111,230,11,0.0,0.0
2671,6.899807504873294,0.3008862205427574,1573.1561111111112,228,0,0.0,0.0
2672,9.795089869281046,0.324671794284362,2331.231388888889,238,238,189.30055555555555,0.7953804855275444
2673,6.116676499508358,0.2925673745091295,1382.368888888889,226,0,0.0,0.0
2674,9.596655982905983,0.3088947610954794,2245.6175,234,234,140.0236111111111,0.5983915004748338
2675,7.494827134000953,0.29636306786722344,1746.2947222222222,233,10,0.0,0.0
2676,7.26115721040189,0.28612903928725947,1706.3719444444444,235,1,0.0,0.0
2677,7.523019005847954,0.30620381443366884,1715.2483333333334,228,13,0.0,0.0
2678,7.697297358834244,0.2873960906146444,1878.1405555555555,244,37,0.0,0.0
2679,5.987375910746812,0.32360060470461677,1460.9197222222222,244,0,0.0,0.0
2680,9.295790330079033,0.2760372543657645,2221.693888888889,239,239,75.50416666666666,0.3159170153417015
2681,6.415900997150998,0.3011180667565914,1501.3208333333334,234,0,0.0,0.0
2682,6.470493025493026,0.30472244697562406,1494.683888888889,231,0,0.0,0.0
2683,8.594232301922176,0.3140292862853443,2036.8330555555556,237,230,3.5572222222222223,0.015009376465072667
2684,6.697707115009746,0.29764468037573544,1527.0772222222222,228,0,0.0,0.0
2685,8.492027417027417,0.3419310484851387,1961.6583333333333,231,209,1.5583333333333353,0.006746031746031755
2686,9.517201779701779,0.27317727305492917,2198.473611111111,231,231,120.69,0.5224675324675324
2687,6.3870397153351695,0.3013774601077041,1545.663611111111,242,0,0.0,0.0
2688,7.246658462259728,0.29960489103701604,1717.4580555555556,237,2,0.0,0.0
2689,9.969735006973501,0.287109446684073,2382.766666666667,239,239,231.76666666666665,0.9697350069735007
2690,6.396685660018993,0.30212231626300806,1496.8244444444445,234,0,0.0,0.0
2691,7.990215537113877,0.31490173971869334,1925.6419444444443,241,111,0.0,0.0
2692,7.820515173764072,0.30673035431320217,1775.2569444444443,227,58,0.0,0.0
2693,7.497904896421845,0.27372269722798265,1769.5055555555555,236,9,0.0,0.0
2694,10.72930316091954,0.3216873774646206,2489.1983333333333,232,232,401.1983333333333,1.7293031609195402
2695,6.335467224546723,0.28454890299482516,1514.1766666666667,239,0,0.0,0.0
2696,7.589471982758621,0.3017411188338268,1760.7575,232,16,0.0,0.0
2697,10.514124371284865,0.31805257785198476,2554.932222222222,243,243,367.9322222222222,1.514124371284865
2698,8.0110807860262,0.30043400841983936,1834.5375,229,125,0.0,0.0
2699,10.69983190271817,0.29492298146975393,2493.0608333333334,233,233,396.06083333333333,1.6998319027181688
2700,9.987742486338798,0.3039587412066855,2437.0091666666667,244,244,241.00916666666666,0.9877424863387978
2701,8.013222455648926,0.2936837320777314,1907.1469444444444,238,122,0.0,0.0
2702,9.679868113912232,0.2733685865142653,2303.808611111111,238,238,161.87777777777777,0.6801587301587301
2703,6.901887706855792,0.3126316659397174,1621.943611111111,235,1,0.0,0.0
2704,6.500812621832359,0.30048817700884667,1482.1852777777779,228,0,0.0,0.0
2705,6.120792349726776,0.31059333479834883,1493.4733333333334,244,0,0.0,0.0
2706,5.9806673881673875,0.2899721130408901,1381.5341666666666,231,0,0.0,0.0
2707,7.7862403628117915,0.2999929031297615,1907.628888888889,245,55,0.0,0.0
2708,7.499900875979714,0.29279401249835685,1807.476111111111,241,6,0.0,0.0
2709,9.491586648376773,0.3104715041938572,2306.4555555555557,243,243,121.05944444444447,0.4981870141746686
2710,6.884506172839506,0.32499549538777933,1610.9744444444445,234,0,0.0,0.0
2711,7.094737394957983,0.2991303868679364,1688.5475,238,0,0.0,0.0
2712,8.01465541490858,0.31605740469881743,1899.4733333333334,237,115,0.0,0.0
2713,6.460929038281979,0.31546045271951784,1537.701111111111,238,0,0.0,0.0
2714,8.498006535947711,0.28273556820864143,2022.5255555555555,238,230,1.387777777777778,0.005830999066293185
2715,6.097253213957759,0.29997124325765623,1475.5352777777778,242,0,0.0,0.0
2716,6.489479458450046,0.2862171491916711,1544.496111111111,238,0,0.0,0.0
2717,9.689935720844812,0.3018958657380371,2344.9644444444443,242,242,167.3636111111111,0.6915851698806245
2718,6.499559426229508,0.30103642647396084,1585.8925,244,0,0.0,0.0
2719,8.894330543933053,0.26568352960970404,2125.745,239,238,13.97833333333333,0.05848675034867502
2720,7.104071327683616,0.2921779562239686,1676.5608333333332,236,0,0.0,0.0
2721,9.130807971014494,0.3164524432886423,2100.0858333333335,230,230,46.78777777777778,0.20342512077294686
2722,6.599109929078014,0.2979901603784217,1550.7908333333332,235,0,0.0,0.0
2723,6.1866900093370685,0.32378040423885823,1472.4322222222222,238,0,0.0,0.0
2724,7.5895013947001395,0.298745246486162,1813.8908333333334,239,17,0.0,0.0
2725,7.700121671258035,0.31312689263221416,1863.4294444444445,242,42,0.0,0.0
2726,6.773530543530543,0.2955143727250568,1564.6855555555555,231,0,0.0,0.0
2727,6.813341335162322,0.29001566630065306,1655.6419444444443,243,0,0.0,0.0
2728,6.006660855416086,0.29236945635452066,1435.5919444444444,239,0,0.0,0.0
2729,7.779143026004728,0.2892672573194233,1828.098611111111,235,48,0.0,0.0
2730,6.083371980676328,0.31782440052645244,1399.1755555555555,230,0,0.0,0.0
2731,9.295620490620491,0.2946266637057697,2147.2883333333334,231,231,73.27916666666667,0.31722582972582974
2732,6.919921802054155,0.30266435944737424,1646.941388888889,238,0,0.0,0.0
2733,9.309293684710351,0.30687467680304187,2178.3747222222223,234,234,78.54666666666667,0.3356695156695157
2734,10.671643614568925,0.32539376981353674,2571.866111111111,241,241,402.86611111111114,1.671643614568926
2735,9.391213080168777,0.29601681768623367,2225.7175,237,237,96.09027777777779,0.40544421003281766
2736,9.484306742640076,0.30585187678766274,2219.3277777777776,234,234,114.70916666666666,0.49021011396011394
2737,10.19218287037037,0.32029697105437394,2446.123888888889,240,240,286.1238888888889,1.1921828703703705
2738,8.223002267573696,0.28525273224047426,2014.6355555555556,245,188,0.0,0.0
2739,6.477757246376812,0.29682628685523227,1489.8841666666667,230,0,0.0,0.0
2740,8.797342403628118,0.307270935357396,2155.3488888888887,245,244,11.717500000000008,0.047826530612244934
2741,6.0799437102300535,0.30221320526705103,1380.1472222222221,227,0,0.0,0.0
2742,7.412775403608737,0.30471433601324,1734.5894444444446,234,6,0.0,0.0
2743,8.112133190883192,0.29293742121995897,1898.2391666666667,234,153,0.06305555555555564,0.00026946818613485317
2744,6.184593079922027,0.31957052286451115,1410.0872222222222,228,0,0.0,0.0
2745,9.529191609977325,0.3106602371505255,2334.6519444444443,245,245,130.57416666666668,0.5329557823129253
2746,6.9034710648148145,0.3111525757695491,1656.8330555555556,240,0,0.0,0.0
2747,6.0043942577030815,0.2867313458666888,1429.0458333333333,238,0,0.0,0.0
2748,8.11756763285024,0.28593628060837195,1867.0405555555556,230,152,0.0,0.0
2749,7.211824074074074,0.28850902978635595,1730.8377777777778,240,0,0.0,0.0
2750,6.770771475256769,0.2892152597604706,1611.443611111111,238,0,0.0,0.0
2751,6.08270863137816,0.3034345641314796,1417.2711111111112,233,0,0.0,0.0
2752,8.87298726851852,0.26294000073145246,2129.5169444444446,240,240,12.98777777777778,0.05411574074074075
2753,6.809138418079097,0.2952115601308166,1606.9566666666667,236,0,0.0,0.0
2754,7.797563131313131,0.28590435336639936,1887.0102777777777,242,51,0.0,0.0
2755,6.308999302649931,0.3184914097358936,1507.8508333333334,239,0,0.0,0.0
2756,7.5021654846335695,0.2999052547025759,1763.0088888888888,235,13,0.0,0.0
2757,7.192458804143126,0.3218710943562647,1697.4202777777778,236,0,0.0,0.0
2758,6.103305898491083,0.33089643628332543,1483.1033333333332,243,0,0.0,0.0
2759,6.036447626040137,0.29825816181901404,1370.273611111111,227,0,0.0,0.0
2760,8.942251334303736,0.3004873382928234,2047.7755555555555,229,229,20.628888888888888,0.09008248423095584
2761,6.592121101364522,0.2950089821127642,1503.003611111111,228,0,0.0,0.0
2762,10.29169289461135,0.30025532358310336,2397.9644444444443,233,233,300.96444444444444,1.2916928946113495
2763,9.193685666185667,0.2959468944447479,2123.741388888889,231,231,54.81611111111112,0.23729918229918234
2764,7.903942768199234,0.2927905123031957,1833.7147222222222,232,85,0.0,0.0
2765,6.689085038986355,0.32143099627207233,1525.111388888889,228,0,0.0,0.0
2766,8.799516203703705,0.3033601277536144,2111.883888888889,240,240,12.219722222222224,0.050915509259259265
2767,7.969375917767988,0.31210668911509254,1809.0483333333334,227,102,0.0,0.0
2768,6.303037974683544,0.30667650492526677,1493.82,237,0,0.0,0.0
2769,6.400710514233242,0.3111307673895724,1548.9719444444445,242,0,0.0,0.0
2770,6.680548668503214,0.3075293847371867,1616.6927777777778,242,0,0.0,0.0
2771,7.580297291092746,0.2844733322793976,1834.4319444444445,242,18,0.0,0.0
2772,6.2123274231678485,0.2957125087617919,1459.8969444444444,235,0,0.0,0.0
2773,7.393092592592593,0.28705884237046964,1774.3422222222223,240,2,0.0,0.0
2774,10.108070175438597,0.3106576416715046,2496.693333333333,247,247,273.6933333333333,1.1080701754385964
2775,8.0854113018598,0.2849399668292307,1883.9008333333334,233,139,0.0,0.0
2776,9.029782559198543,0.2932895979383004,2203.2669444444446,244,244,32.24805555555555,0.13216416211293258
2777,7.266001182033096,0.3154789438772987,1707.5102777777777,235,3,0.0,0.0
2778,7.6289959981167605,0.28795670199619605,1800.4430555555555,236,23,0.0,0.0
2779,7.780240271917487,0.3115426230870962,1843.9169444444444,237,56,0.0,0.0
2780,5.9836557971014495,0.2833836596140479,1376.2408333333333,230,0,0.0,0.0
2781,7.103534836065574,0.3006452772784791,1733.2625,244,0,0.0,0.0
2782,6.709030092592593,0.30910634437796514,1610.1672222222223,240,0,0.0,0.0
2783,10.150894557823129,0.28311140484398417,2486.9691666666668,245,245,281.9691666666667,1.1508945578231293
2784,7.979950266860747,0.29729465904864644,1827.4086111111112,229,99,0.0,0.0
2785,10.725876251788268,0.3074458284523307,2499.1291666666666,233,233,402.12916666666666,1.7258762517882689
2786,7.589314128943759,0.273444577021405,1844.2033333333334,243,14,0.0,0.0
2787,7.763286838340487,0.3006943584322604,1808.8458333333333,233,49,0.0,0.0
2788,7.192599290780142,0.2863518508237958,1690.2608333333333,235,0,0.0,0.0
2789,9.614590643274855,0.3024877932150061,2374.803888888889,247,247,152.2436111111111,0.6163708951866846
2790,8.532735760971056,0.3018990313538362,2030.7911111111111,238,229,1.850555555555557,0.007775443510737634
2791,7.7015386473429945,0.30219675094717585,1771.3538888888888,230,37,0.0,0.0
2792,6.311839371980676,0.3255572695348326,1451.7230555555554,230,0,0.0,0.0
2793,7.474746326905417,0.30225369219413056,1808.888611111111,242,10,0.0,0.0
2794,8.195805795019156,0.3120441695645479,1901.4269444444444,232,171,0.026666666666667282,0.00011494252873563484
2795,8.075190748688602,0.27854111121847114,1881.5194444444444,233,143,0.0,0.0
2796,6.530900673400674,0.2757900611300499,1508.6380555555556,231,0,0.0,0.0
2797,6.0196475770925115,0.3037285475674407,1366.46,227,0,0.0,0.0
2798,6.219499029597283,0.3113071505787116,1424.2652777777778,229,0,0.0,0.0
2799,7.892017224648229,0.3030468899680636,1807.2719444444444,229,80,0.0,0.0
2800,8.026875283446712,0.30913375866955495,1966.5844444444444,245,122,0.0,0.0
2801,7.506159003831417,0.2851107768283791,1741.4288888888889,232,8,0.0,0.0
2802,8.667025273224043,0.30653936598791093,2114.7541666666666,244,243,4.595833333333331,0.018835382513661195
2803,7.911322081575246,0.3090772608402796,1874.9833333333333,237,85,0.0,0.0
2804,6.736566859066859,0.28111014992477673,1556.1469444444444,231,0,0.0,0.0
2805,9.003661723163843,0.3078324244428585,2124.8641666666667,236,236,29.809722222222224,0.1263123822975518
2806,6.718495762711864,0.29046663029111564,1585.565,236,0,0.0,0.0
2807,8.396202908917502,0.2866154022268369,1956.3152777777777,233,222,0.833055555555557,0.0035753457319980986
2808,7.718274853801169,0.29702222669566974,1759.7666666666667,228,40,0.0,0.0
2809,7.566837068160597,0.2915330361822806,1800.9072222222221,238,22,0.0,0.0
2810,9.410347512784751,0.3021287088479387,2249.0730555555556,239,239,100.54305555555555,0.4206822408182241
2811,6.39757696007696,0.31770346853190456,1477.8402777777778,231,0,0.0,0.0
2812,7.196874704491726,0.3056368871011751,1691.2655555555555,235,1,0.0,0.0
2813,7.990022675736961,0.2847848249445829,1957.5555555555554,245,120,0.0,0.0
2814,7.084341339155749,0.29456483471158684,1622.3141666666666,229,0,0.0,0.0
2815,8.386093749999999,0.2994077052016525,2012.6625,240,217,0.20027777777777622,0.0008344907407407343
2816,8.089008916323731,0.2989720732627391,1965.6291666666666,243,150,0.0,0.0
2817,7.87903371320038,0.30819783890953495,1843.693888888889,234,70,0.0,0.0
2818,6.792215419501134,0.308489411962778,1664.0927777777779,245,0,0.0,0.0
2819,7.193490896358543,0.2892782504184269,1712.0508333333332,238,1,0.0,0.0
2820,7.93308615819209,0.2817325806927021,1872.2083333333333,236,106,0.0,0.0
2821,7.785092208390964,0.3111530433484869,1876.2072222222223,241,52,0.0,0.0
2822,10.030638039786512,0.2771482668348643,2297.016111111111,229,229,236.01611111111112,1.0306380397865114
2823,7.915311065197429,0.3228699588833949,1915.5052777777778,242,90,0.0,0.0
2824,7.409882478632478,0.30255752572908506,1733.9125,234,7,0.0,0.0
2825,10.426072295002426,0.2768921172860284,2387.5705555555555,229,229,326.57055555555553,1.4260722950024258
2826,6.693944901691815,0.29628293559621655,1626.628611111111,243,0,0.0,0.0
2827,6.489492544492544,0.307212098898474,1499.0727777777777,231,0,0.0,0.0
2828,6.674859903381643,0.3177768900232765,1535.2177777777779,230,0,0.0,0.0
2829,6.430403608736943,0.28880505046009575,1504.7144444444446,234,0,0.0,0.0
2830,7.281752955082743,0.31446745454563635,1711.2119444444445,235,1,0.0,0.0
2831,7.996069739952719,0.3003277309861223,1879.076388888889,235,125,0.0,0.0
2832,6.412936507936507,0.30228284229619135,1526.2788888888888,238,0,0.0,0.0
2833,7.022685969868173,0.287953089839021,1657.3538888888888,236,0,0.0,0.0
2834,7.3577151300236405,0.31091825452566413,1729.0630555555556,235,2,0.0,0.0
2835,10.932706855791963,0.27613207697502745,2569.186111111111,235,235,454.1861111111111,1.932706855791962
2836,6.843852157943067,0.2731702471776965,1656.2122222222222,242,0,0.0,0.0
2837,7.894804526748971,0.3020150810912322,1918.4375,243,83,0.0,0.0
2838,6.118706018518519,0.2739999802894281,1468.4894444444444,240,0,0.0,0.0
2839,7.583658625730995,0.29391802026302494,1729.0741666666668,228,22,0.0,0.0
2840,9.953753472222221,0.3228066076759829,2388.900833333333,240,240,228.93916666666667,0.9539131944444444
2841,6.194080543425521,0.29223185920376044,1418.4444444444443,229,0,0.0,0.0
2842,7.026667884990253,0.3116189625266719,1602.0802777777778,228,0,0.0,0.0
2843,7.703482552800734,0.3039913387024357,1864.2427777777777,242,41,0.0,0.0
2844,6.2832463768115945,0.29957903814067155,1445.1466666666668,230,0,0.0,0.0
2845,6.489963042441583,0.2988607722225913,1512.161388888889,233,0,0.0,0.0
2846,10.88718439716312,0.2948695291382286,2558.4883333333332,235,235,443.48833333333334,1.8871843971631206
2847,10.613379818594105,0.30350701364195826,2600.2780555555555,245,245,395.27805555555557,1.6133798185941044
2848,6.223148148148148,0.31706157311121885,1512.225,243,0,0.0,0.0
2849,6.183541666666667,0.2931508605050609,1434.5816666666667,232,0,0.0,0.0
2850,6.886836355183636,0.31357563031862684,1645.953888888889,239,0,0.0,0.0
2851,6.278257887517146,0.3099246930692882,1525.6166666666666,243,0,0.0,0.0
2852,6.930907651072125,0.3012989379697428,1580.2469444444444,228,0,0.0,0.0
2853,8.924711761971176,0.32383149139411854,2133.0061111111113,239,239,23.273888888888887,0.09738028823802881
2854,7.514374090247453,0.2928241231787961,1720.7916666666667,229,11,0.0,0.0
2855,7.428980696798494,0.2964271165092737,1753.2394444444444,236,2,0.0,0.0
2856,6.828885445362718,0.29190480901420013,1652.5902777777778,242,0,0.0,0.0
2857,8.11569214876033,0.28654589943507114,1963.9975,242,158,0.0,0.0
2858,8.298600780532599,0.28597957462467133,2008.2613888888889,242,200,0.2599999999999998,0.0010743801652892554
2859,6.8169341138659325,0.29325322545008115,1649.6980555555556,242,0,0.0,0.0
2860,7.1971643518518515,0.29885558985533445,1727.3194444444443,240,2,0.0,0.0
2861,6.8578174603174595,0.2864976074150016,1584.1558333333332,231,0,0.0,0.0
2862,7.900873015873016,0.3016972903345342,1880.4077777777777,238,88,0.0,0.0
2863,10.368086675887506,0.30880892269796956,2498.708888888889,241,241,329.7088888888889,1.3680866758875059
2864,6.208591787439613,0.2998641953695771,1427.976111111111,230,0,0.0,0.0
2865,10.05429196217494,0.3120014976058519,2362.758611111111,235,235,247.75861111111112,1.054291962174941
2866,6.77911814653081,0.2850195132975236,1552.4180555555556,229,0,0.0,0.0
2867,6.132815602836879,0.27350687345524566,1441.2116666666666,235,0,0.0,0.0
2868,7.506620370370371,0.2938614546241734,1801.588888888889,240,14,0.0,0.0
2869,6.2197065217391305,0.3084970443823871,1430.5325,230,0,0.0,0.0
2870,6.09393365472911,0.31677818617950465,1474.7319444444445,242,0,0.0,0.0
2871,6.819717553688142,0.2929273370822837,1623.0927777777779,238,0,0.0,0.0
2872,7.382190214906265,0.30831408144261596,1793.8722222222223,243,5,0.0,0.0
2873,6.266114798426745,0.2975943631744426,1416.1419444444443,226,0,0.0,0.0
2874,7.528170068027211,0.2995819591682344,1844.4016666666666,245,14,0.0,0.0
2875,8.999426937441642,0.27081303436174303,2141.863611111111,238,238,25.889444444444447,0.10877917833800188
2876,8.014231601731602,0.2937527477153748,1851.2875,231,122,0.011944444444443647,5.1707551707548256e-05
2877,6.208377871542429,0.28494622114415025,1471.3855555555556,237,0,0.0,0.0
2878,10.083961556493202,0.29413781969464114,2389.898888888889,237,237,256.8988888888889,1.0839615564932021
2879,6.1174161877394635,0.28994502463474425,1419.2405555555556,232,0,0.0,0.0
2880,6.392047884704788,0.2882441281899477,1527.6994444444445,239,0,0.0,0.0
2881,6.299181481481481,0.281248395155131,1417.3158333333333,225,0,0.0,0.0
2882,7.283589743589743,0.30091157636320615,1704.36,234,1,0.0,0.0
2883,6.521139005113901,0.3027892430895485,1558.5522222222223,239,0,0.0,0.0
2884,9.59264058956916,0.2814672530226918,2350.1969444444444,245,245,145.55222222222224,0.5940907029478458
2885,10.514044772620721,0.31605238804394237,2491.828611111111,237,237,358.8286111111111,1.514044772620722
2886,10.400431972789116,0.2873563281682792,2548.1058333333335,245,245,343.10583333333335,1.4004319727891157
2887,8.400432367149758,0.3163930527779811,1932.0994444444445,230,204,0.7833333333333332,0.0034057971014492747
2888,6.715693277310924,0.3084540557074996,1598.335,238,0,0.0,0.0
2889,8.494217391304348,0.30640896675317025,1953.67,230,217,0.8980555555555547,0.003904589371980673
2890,7.506036556036555,0.2922169488967514,1733.8944444444444,231,9,0.0,0.0
2891,6.108284662867996,0.2950133335934274,1429.338611111111,234,0,0.0,0.0
2892,6.019111346516007,0.29765238620379864,1420.5102777777777,236,0,0.0,0.0
2893,7.798501821493625,0.3208718700588968,1902.8344444444444,244,69,0.0,0.0
2894,8.02510401891253,0.2868321257871743,1885.8994444444445,235,124,0.0,0.0
2895,6.187480506822612,0.331055359135176,1410.7455555555555,228,0,0.0,0.0
2896,6.688292654579265,0.33142638466152974,1598.5019444444445,239,0,0.0,0.0
2897,8.48314309056956,0.29993737808455717,2018.9880555555555,238,223,0.9047222222222224,0.0038013538748832877
2898,9.080530838041431,0.30962903120018254,2143.005277777778,236,236,39.784444444444446,0.16857815442561205
2899,7.004625755462576,0.31532910082955956,1674.1055555555556,239,1,0.0,0.0
2900,7.803890056022409,0.2819756471754753,1857.3258333333333,238,59,0.0,0.0
2901,6.583583900226757,0.32114290277938895,1612.9780555555556,245,0,0.0,0.0
2902,6.371495815899581,0.3145005013380694,1522.7875,239,0,0.0,0.0
2903,7.622738095238095,0.29602231777145976,1814.2116666666666,238,25,0.0,0.0
2904,7.508465829846583,0.3081740886919205,1794.5233333333333,239,12,0.0,0.0
2905,10.113996647509579,0.3003659668370008,2346.447222222222,232,232,258.4472222222222,1.1139966475095784
2906,6.934340277777777,0.2880295837070703,1608.7669444444443,232,0,0.0,0.0
2907,5.972023319615912,0.2884156440912498,1451.2016666666666,243,0,0.0,0.0
2908,6.214212570621468,0.2955422221409231,1466.5541666666666,236,0,0.0,0.0
2909,7.020965550703542,0.292242251561864,1607.8011111111111,229,1,0.0,0.0
2910,6.28642361111111,0.3119251022900099,1508.7416666666666,240,0,0.0,0.0
2911,5.982920768870136,0.29095767068859085,1417.9522222222222,237,0,0.0,0.0
2912,8.36599815583218,0.28238540602824586,2016.2055555555555,241,218,0.279166666666665,0.0011583679114799377
2913,7.386176963601533,0.28794216123826605,1713.5930555555556,232,2,0.0,0.0
2914,6.401950405340963,0.30640338276589085,1491.6544444444444,233,0,0.0,0.0
2915,6.696338061465721,0.27880223193084847,1573.6394444444445,235,0,0.0,0.0
2916,7.682673041894354,0.3077566517039465,1874.5722222222223,244,38,0.0,0.0
2917,10.900699275362319,0.29882035616489766,2507.1608333333334,230,230,437.16083333333336,1.9006992753623189
2918,9.317622549019609,0.29452795870250476,2217.5941666666668,238,238,80.67194444444443,0.3389577497665733
2919,7.10071346242508,0.3133793046459091,1711.2719444444444,241,1,0.0,0.0
2920,8.800496376811594,0.2894625344865743,2024.1141666666667,230,229,9.765833333333338,0.042460144927536254
2921,8.019951590594744,0.31649757947158774,1932.8083333333334,241,125,0.0,0.0
2922,10.182786087369422,0.3008507893869734,2382.7719444444447,234,234,276.77194444444444,1.1827860873694207
2923,6.318539351851852,0.2798422838909258,1516.4494444444445,240,0,0.0,0.0
2924,6.210912193973635,0.284271797890304,1465.7752777777778,236,0,0.0,0.0
2925,6.091800281293952,0.3109144234056264,1443.7566666666667,237,0,0.0,0.0
2926,7.3476493930905695,0.29002583978909807,1748.7405555555556,238,3,0.0,0.0
2927,6.942974137931034,0.2932672794679137,1610.77,232,0,0.0,0.0
2928,7.324519890260631,0.2785006892963188,1779.8583333333333,243,2,0.0,0.0
2929,6.760009832841691,0.30301270063790825,1527.7622222222221,226,0,0.0,0.0
2930,6.393331056466303,0.30710195419049163,1559.9727777777778,244,0,0.0,0.0
2931,7.593826530612245,0.29706872741678503,1860.4875,245,26,0.0,0.0
2932,8.004546533713201,0.31213360781091887,1873.0638888888889,234,117,0.0,0.0
2933,7.07385431568908,0.30384845175732406,1648.2080555555556,233,0,0.0,0.0
2934,7.441578884078884,0.28501182039571005,1719.0047222222222,231,6,0.0,0.0
2935,7.301593507087334,0.3103957206126819,1774.2872222222222,243,2,0.0,0.0
2936,8.51441897137312,0.2910354216806578,1949.8019444444444,229,223,1.5449999999999982,0.006746724890829686
2937,6.081796951819076,0.27476122585921836,1374.486111111111,226,0,0.0,0.0
2938,7.718641078838175,0.30075057383654036,1860.1925,241,47,0.0,0.0
2939,9.495627572016462,0.2914543537602704,2307.4375,243,243,122.41388888888888,0.5037608596250571
2940,7.01772427140255,0.2934834439340405,1712.3247222222221,244,0,0.0,0.0
2941,7.420300625300626,0.29284431762115437,1714.0894444444446,231,6,0.0,0.0
2942,7.702797702766057,0.30830270891235756,1825.5630555555556,237,40,0.0,0.0
2943,7.0129084967320265,0.31586875610514387,1669.0722222222223,238,0,0.0,0.0
2944,7.221461925287356,0.2902551031055559,1675.3791666666666,232,1,0.0,0.0
2945,7.9793561676082865,0.29050672148667767,1883.1280555555556,236,110,0.0,0.0
2946,10.815976890756302,0.28626202752206475,2574.2025,238,238,432.2025,1.8159768907563025
2947,6.895297787193974,0.2899476573503619,1627.2902777777779,236,0,0.0,0.0
2948,6.726156189083821,0.31901053070270524,1533.5636111111112,228,0,0.0,0.0
2949,7.226828989483311,0.2933462566092094,1756.1194444444445,243,2,0.0,0.0
2950,7.08512741046832,0.2736623680243199,1714.6008333333334,242,0,0.0,0.0
2951,8.40964906264289,0.284111412921157,2043.5447222222222,243,228,0.28250000000000064,0.0011625514403292207
2952,7.072117467043315,0.2994969709215123,1669.0197222222223,236,0,0.0,0.0
2953,9.27186226851852,0.28991994398068227,2225.2469444444446,240,240,70.93416666666667,0.2955590277777778
2954,9.422889344262295,0.2967355062191162,2299.185,244,244,105.4022222222222,0.4319763205828779
2955,6.066950589970502,0.31241909399280104,1371.1308333333334,226,0,0.0,0.0
2956,6.701199813258637,0.28377548035274475,1594.8855555555556,238,0,0.0,0.0
2957,6.594208572796935,0.29248698501584997,1529.856388888889,232,0,0.0,0.0
2958,11.001878952122855,0.27782620911421346,2706.4622222222224,246,246,492.46222222222224,2.001878952122855
2959,7.030591168091168,0.30684562176945807,1645.1583333333333,234,0,0.0,0.0
2960,9.294923215898825,0.30330662026522864,2286.551111111111,246,246,78.9536111111111,0.32094963866305326
2961,7.546754571026724,0.30573186001743974,1788.5808333333334,237,20,0.0,0.0
2962,5.9777025715672,0.28984159638608176,1368.8938888888888,229,0,0.0,0.0
2963,8.349351851851852,0.2841797930274813,1903.6522222222222,228,197,0.38555555555555543,0.0016910331384015589
2964,6.814167890357317,0.3166795003111513,1546.816111111111,227,0,0.0,0.0
2965,7.103465491923642,0.2952038005526615,1612.4866666666667,227,1,0.0,0.0
2966,9.400733867054829,0.31301212132680223,2152.7680555555557,229,229,95.22277777777778,0.41581999029597283
2967,11.00306473829201,0.3009141744238674,2662.741666666667,242,242,484.7416666666667,2.0030647382920113
2968,7.611183891314895,0.27640001047757534,1742.961111111111,229,22,0.0,0.0
2969,11.021406771578446,0.2900623478961333,2567.987777777778,233,233,470.98777777777775,2.0214067715784454
2970,6.781370056497176,0.3239331537716423,1600.4033333333334,236,0,0.0,0.0
2971,10.13693533697632,0.2788141912035945,2473.412222222222,244,244,277.4122222222222,1.1369353369763207
2972,6.700665954415955,0.3162561026155914,1567.9558333333334,234,0,0.0,0.0
2973,10.511506734006733,0.30903234861964074,2428.1580555555556,231,231,349.15805555555556,1.511506734006734
2974,6.1994655414908575,0.2962502657728426,1469.2733333333333,237,0,0.0,0.0
2975,6.5930073461891645,0.2754355903942416,1595.5077777777778,242,0,0.0,0.0
2976,10.273392687559353,0.3179918828071062,2403.9738888888887,234,234,297.9738888888889,1.2733926875593542
2977,10.029451476793248,0.28963483943585994,2376.98,237,237,243.98,1.029451476793249
2978,6.0334113060428844,0.2942506138692027,1375.6177777777777,228,0,0.0,0.0
2979,6.770954785954785,0.28842346894258014,1564.0905555555555,231,0,0.0,0.0
2980,7.696398109727985,0.29773846853417274,1854.8319444444444,241,35,0.0,0.0
2981,7.18869976359338,0.2986599482269871,1689.3444444444444,235,0,0.0,0.0
2982,7.606370214752567,0.298132810676484,1810.316111111111,238,23,0.0,0.0
2983,6.925646591970121,0.2824557495747579,1648.3038888888889,238,0,0.0,0.0
2984,6.973782231598688,0.2987914578568106,1652.786388888889,237,0,0.0,0.0
2985,7.201891701828411,0.30783063229123325,1706.8483333333334,237,1,0.0,0.0
2986,7.210875979714154,0.2983790114995368,1737.8211111111111,241,0,0.0,0.0
2987,7.600149051490515,0.2893528147247221,1869.6366666666668,246,20,0.0,0.0
2988,7.826676286676286,0.27324372434053606,1807.9622222222222,231,67,0.0,0.0
2989,6.953546918767507,0.2819779294213112,1654.9441666666667,238,0,0.0,0.0
2990,6.88454523107178,0.30206140774569334,1555.9072222222221,226,0,0.0,0.0
2991,10.898085399449036,0.275983832112289,2637.3366666666666,242,242,459.33666666666664,1.8980853994490356
2992,9.100579297245964,0.2765077249903665,2129.5355555555557,234,234,38.55333333333332,0.1647578347578347
2993,6.827082175925926,0.29367046947991887,1638.4997222222223,240,0,0.0,0.0
2994,7.299360991893181,0.31817049246353896,1700.7511111111112,233,3,0.0,0.0
2995,8.61594744121715,0.30463055397034317,2076.443333333333,241,234,3.007777777777777,0.012480405716920237
2996,6.763073997233748,0.31152070473476745,1629.9008333333334,241,0,0.0,0.0
2997,10.997257089725709,0.2929929242585018,2628.3444444444444,239,239,477.34444444444443,1.997257089725709
2998,7.680348725348725,0.3127930016259777,1774.1605555555554,231,36,0.0,0.0
2999,9.991833098921706,0.29837963859525557,2368.0644444444442,237,237,235.06444444444446,0.9918330989217066
3000,7.913886473429952,0.32463795735066414,1820.193888888889,230,87,0.0,0.0
3001,10.689522996357013,0.3279272197592532,2608.243611111111,244,244,412.2436111111111,1.6895229963570126
3002,10.529409576940958,0.30374259831636413,2516.528888888889,239,239,365.5288888888889,1.5294095769409577
3003,10.103739050253573,0.2871857424736534,2435.001111111111,241,241,266.00111111111113,1.103739050253573
3004,6.624016548463357,0.3039970063097156,1556.6438888888888,235,0,0.0,0.0
3005,7.500045695045695,0.3109008853157372,1732.5105555555556,231,10,0.0,0.0
3006,10.722796296296297,0.2787519337083988,2573.471111111111,240,240,413.4711111111111,1.7227962962962962
3007,6.20279012345679,0.3063062891186693,1395.6277777777777,225,0,0.0,0.0
3008,6.587253734827264,0.280480582519911,1567.766388888889,238,0,0.0,0.0
3009,6.085376728659991,0.30184938833559216,1417.8927777777778,233,0,0.0,0.0
3010,10.018378250591017,0.2851807543126901,2354.318888888889,235,235,239.3188888888889,1.0183782505910166
3011,7.38912970910825,0.31885484218671434,1721.6672222222223,233,7,0.0,0.0
3012,6.50920269642027,0.2812703272611151,1555.6994444444445,239,0,0.0,0.0
3013,6.316731884057971,0.3015636618098252,1452.8483333333334,230,0,0.0,0.0
3014,9.298370132953467,0.2879544910843309,2175.8186111111113,234,234,75.02888888888889,0.320636277302944
3015,6.113697556477639,0.31232409537880584,1473.401111111111,241,0,0.0,0.0
3016,7.199790748898678,0.2843763290873515,1634.3525,227,0,0.0,0.0
3017,7.089812021072797,0.2881167164572229,1644.836388888889,232,1,0.0,0.0
3018,9.893391393442624,0.29484116298756896,2413.9875,244,244,217.98749999999998,0.8933913934426229
3019,10.506102906704173,0.2934745115305055,2489.946388888889,237,237,356.94638888888886,1.5061029067041725
3020,6.917478369763206,0.27972110550595075,1687.8647222222223,244,0,0.0,0.0
3021,7.593638888888889,0.3126076846335795,1822.4733333333334,240,27,0.0,0.0
3022,6.125528252611586,0.28419975659552366,1433.3736111111111,234,0,0.0,0.0
3023,6.0287616713352,0.29617826873755165,1434.8452777777777,238,0,0.0,0.0
3024,8.990253164556963,0.3118565247492514,2130.69,237,237,28.32500000000001,0.1195147679324895
3025,10.400454648526077,0.30801194536796506,2548.111388888889,245,245,343.1113888888889,1.4004546485260772
3026,8.375703309692671,0.3067510974576428,1968.2902777777779,235,207,0.8319444444444457,0.0035401891252955136
3027,7.913146945646946,0.32738441300205656,1827.9369444444444,231,90,0.0,0.0
3028,7.131063458856346,0.3075569491377176,1704.3241666666668,239,0,0.0,0.0
3029,9.68606325863679,0.2898573790826847,2305.2830555555556,238,238,163.5625,0.6872373949579832
3030,7.781565972222222,0.2934978751527531,1867.5758333333333,240,57,0.0,0.0
3031,6.323136473429951,0.28638444773406696,1454.3213888888888,230,0,0.0,0.0
3032,6.295467278719397,0.2988337617157825,1485.7302777777777,236,0,0.0,0.0
3033,8.775288238028823,0.31249005931958096,2097.293888888889,239,237,10.372222222222224,0.04339841933984194
3034,7.719472101972102,0.30860483689271917,1783.1980555555556,231,41,0.0,0.0
3035,7.304210144927536,0.3038924515749681,1679.9683333333332,230,3,0.0,0.0
3036,10.815693863319387,0.30078202020973294,2584.9508333333333,239,239,433.9508333333333,1.8156938633193862
3037,10.423221500721501,0.2956556686570234,2407.764166666667,231,231,328.76416666666665,1.4232215007215008
3038,5.980144675925926,0.3054824771533857,1435.2347222222222,240,0,0.0,0.0
3039,6.077879515317787,0.28316979426750355,1476.9247222222223,243,0,0.0,0.0
3040,8.080786052009456,0.2937239967541311,1898.9847222222222,235,145,0.0,0.0
3041,7.304043073910916,0.28001789465237215,1658.0177777777778,227,2,0.0,0.0
3042,7.088579710144927,0.3039095464223231,1630.3733333333332,230,1,0.0,0.0
3043,6.295064855604504,0.2912675282158843,1428.9797222222223,227,0,0.0,0.0
3044,8.112756944444445,0.3176260763856608,1947.0616666666667,240,156,0.0011111111111112848,4.629629629630353e-06
3045,7.990563725490196,0.30221151665728063,1901.7541666666666,238,113,0.0,0.0
3046,10.470368055555555,0.3086424911319232,2512.8883333333333,240,240,352.8883333333333,1.4703680555555556
3047,8.02378502415459,0.3101355418905164,1845.4705555555556,230,125,0.0,0.0
3048,6.10015690376569,0.28865312415490496,1457.9375,239,0,0.0,0.0
3049,7.621844397363465,0.3131543647388224,1798.7552777777778,236,26,0.0,0.0
3050,6.919409722222222,0.2880686590111527,1660.6583333333333,240,1,0.0,0.0
3051,9.277705979284368,0.29222108582387135,2189.538611111111,236,236,71.03194444444443,0.30098281544256117
3052,10.785730286738351,0.2975245360257526,2674.8611111111113,248,248,442.86111111111114,1.7857302867383513
3053,5.978644261545496,0.30002905044354833,1452.8105555555555,243,0,0.0,0.0
3054,7.767982993197278,0.3113318499135662,1903.1558333333332,245,55,0.0,0.0
3055,7.7136485260770975,0.26417201674430296,1889.8438888888888,245,28,0.0,0.0
3056,6.20977207977208,0.3141521227236314,1453.0866666666666,234,0,0.0,0.0
3057,7.11750354609929,0.29095051417622747,1672.6133333333332,235,0,0.0,0.0
3058,7.829485123198512,0.3191712883775605,1871.2469444444444,239,71,0.0,0.0
3059,7.598457977207977,0.30977544598762613,1778.0391666666667,234,17,0.0,0.0
3060,6.036071265938069,0.30264371168206056,1472.8013888888888,244,0,0.0,0.0
3061,9.121058429118774,0.2998413936232905,2116.0855555555554,232,232,44.55111111111112,0.1920306513409962
3062,8.711053955189758,0.31599413147784144,2116.786111111111,243,239,7.2261111111111145,0.029737082761774135
3063,10.002121007647323,0.2934382838431209,2470.523888888889,247,247,247.5238888888889,1.0021210076473235
3064,6.882211160275319,0.3232211021552603,1555.3797222222222,226,0,0.0,0.0
3065,6.9786171236171235,0.3034179139722112,1612.0605555555555,231,0,0.0,0.0
3066,6.301039649608114,0.3195190241290989,1518.5505555555555,241,0,0.0,0.0
3067,6.397997635933806,0.301444190347309,1503.5294444444444,235,0,0.0,0.0
3068,8.179294871794871,0.29466633795959135,1913.955,234,166,0.007777777777777217,3.323836657169751e-05
3069,6.481071769194087,0.2969994377606675,1510.0897222222222,233,0,0.0,0.0
3070,6.71229196217494,0.32175628121110206,1577.388611111111,235,0,0.0,0.0
3071,7.534024390243902,0.3093322837761356,1853.37,246,18,0.0,0.0
3072,9.865617283950616,0.285977260362684,2397.345,243,243,210.345,0.8656172839506173
3073,7.4287553191489355,0.31214151574144827,1745.7575,235,8,0.0,0.0
3074,7.496623931623931,0.33035971989394575,1754.21,234,10,0.0,0.0
3075,5.990690198932557,0.32824107987606094,1371.8680555555557,229,0,0.0,0.0
3076,6.85219621749409,0.30183759008201394,1610.266111111111,235,0,0.0,0.0
3077,6.1033751229105215,0.3052542076775594,1379.3627777777779,226,0,0.0,0.0
3078,7.7028631602914395,0.29941114049163375,1879.4986111111111,244,38,0.0,0.0
3079,8.903843586075347,0.304631314981876,2074.5955555555556,233,233,17.76583333333334,0.07624821173104437
3080,10.906502415458938,0.29836521734532306,2508.4955555555557,230,230,438.49555555555554,1.9065024154589372
3081,10.685216942148761,0.3282722383188593,2585.8225,242,242,407.8225,1.6852169421487604
3082,7.138725694444444,0.2894009327326064,1713.2941666666666,240,1,0.0,0.0
3083,8.98591836734694,0.31318243035330506,2201.55,245,245,28.318055555555556,0.11558390022675738
3084,7.440674253548703,0.31224349002119406,1689.0330555555556,227,9,0.0,0.0
3085,7.581409985935302,0.2761256936525624,1796.7941666666666,237,13,0.0,0.0
3086,6.603824152542373,0.3098870381593318,1558.5025,236,0,0.0,0.0
3087,6.203099290780141,0.31341423047446887,1457.7283333333332,235,0,0.0,0.0
3088,6.4915693858415375,0.2907194139112909,1538.5019444444445,237,0,0.0,0.0
3089,8.206621363853124,0.2953481880154526,1912.1427777777778,233,173,0.009444444444444144,4.053409632808646e-05
3090,6.792599862258953,0.29728612768256724,1643.8091666666667,242,0,0.0,0.0
3091,7.300627314814815,0.30121905664062276,1752.1505555555555,240,4,0.0,0.0
3092,6.798831496786042,0.2905538826590267,1645.3172222222222,242,0,0.0,0.0
3093,7.315416666666667,0.3046435682327786,1784.9616666666666,244,4,0.0,0.0
3094,6.205156544256121,0.3069536861175241,1464.4169444444444,236,0,0.0,0.0
3095,7.580708568738229,0.3088181864962279,1789.0472222222222,236,20,0.0,0.0
3096,6.615400572246066,0.309626168177903,1541.3883333333333,233,0,0.0,0.0
3097,10.635645458736745,0.28801378918070286,2563.1905555555554,241,241,394.1905555555556,1.6356454587367453
3098,6.200646551724137,0.30421661199701194,1438.55,232,0,0.0,0.0
3099,8.592567663817665,0.27877285710537764,2010.6608333333334,234,231,1.968055555555555,0.008410493827160491
3100,6.006141044061303,0.29444682692209684,1393.4247222222223,232,0,0.0,0.0
3101,6.303130761766133,0.30521377261538546,1443.4169444444444,229,0,0.0,0.0
3102,7.906804407713499,0.29702186885704857,1913.4466666666667,242,86,0.0,0.0
3103,7.181322126847878,0.3023207782961021,1673.2480555555555,233,2,0.0,0.0
3104,6.599958576998051,0.28072368687526134,1504.7905555555556,228,0,0.0,0.0
3105,7.9253648775894545,0.2993821393339684,1870.3861111111112,236,97,0.0,0.0
3106,6.711006944444445,0.2946830598153909,1610.6416666666667,240,0,0.0,0.0
3107,6.319523635477583,0.30962086290761165,1440.8513888888888,228,0,0.0,0.0
3108,7.219125603864734,0.2830270241193429,1660.398888888889,230,1,0.0,0.0
3109,6.288169577874818,0.30132228100784975,1439.9908333333333,229,0,0.0,0.0
3110,7.198991898148148,0.2894016343328783,1727.7580555555555,240,0,0.0,0.0
3111,7.784305555555556,0.3268917039555841,1868.2333333333333,240,62,0.0,0.0
3112,6.780565175565176,0.30314791104762523,1566.3105555555555,231,0,0.0,0.0
3113,6.487327986982799,0.3258641998920343,1550.471388888889,239,0,0.0,0.0
3114,7.7066478342749525,0.30098462058596914,1818.7688888888888,236,41,0.0,0.0
3115,7.56542270531401,0.28830274917942,1740.0472222222222,230,21,0.0,0.0
3116,9.194820936639118,0.30311293444269904,2225.1466666666665,242,242,58.57277777777777,0.24203627180899906
3117,6.413506493506493,0.2977192750196941,1481.52,231,0,0.0,0.0
3118,8.488653757491932,0.30644470448305045,2045.7655555555555,241,228,1.5513888888888872,0.00643729829414476
3119,6.980869363086936,0.31062517539826806,1668.4277777777777,239,0,0.0,0.0
3120,6.498657796451915,0.3039457665671207,1546.6805555555557,238,0,0.0,0.0
3121,8.896620956399437,0.2912690066594579,2108.4991666666665,237,237,17.537500000000012,0.0739978902953587
3122,6.606826066572902,0.30466638620987324,1565.8177777777778,237,0,0.0,0.0
3123,11.012135565052231,0.3142252578312592,2576.839722222222,234,234,470.83972222222224,2.012135565052232
3124,7.799356725146199,0.27599212480722435,1778.2533333333333,228,55,0.0,0.0
3125,7.2011238958623895,0.30378794627637956,1721.068611111111,239,0,0.0,0.0
3126,6.430002384358608,0.3029481598088033,1498.1905555555556,233,0,0.0,0.0
3127,6.771397093295827,0.28847520176936525,1604.8211111111111,237,0,0.0,0.0
3128,7.418745754488113,0.30801396341911613,1698.8927777777778,229,9,0.0,0.0
3129,6.181212226871223,0.29275034405475914,1477.3097222222223,239,0,0.0,0.0
3130,6.007819618781962,0.30196094415716285,1435.868888888889,239,0,0.0,0.0
3131,7.32916785884597,0.2932688405754122,1707.6961111111111,233,2,0.0,0.0
3132,7.065051139005114,0.296664024157283,1688.5472222222222,239,1,0.0,0.0
3133,8.68571088435374,0.2817420594921427,2127.9991666666665,245,243,4.939166666666665,0.020159863945578223
3134,10.796660654160656,0.27895888805057867,2494.0286111111113,231,231,415.0286111111111,1.7966606541606542
3135,7.365032467532467,0.3129785685228113,1701.3225,231,3,0.0,0.0
3136,9.178884200656352,0.32294553408243115,2175.3955555555553,237,237,56.754722222222235,0.23947140178152843
3137,7.425431697931698,0.32118140511630333,1715.2747222222222,231,7,0.0,0.0
3138,7.4132265890344495,0.31443982090656153,1697.628888888889,229,6,0.0,0.0
3139,6.695462194559705,0.30444006177566457,1613.606388888889,241,0,0.0,0.0
3140,9.204595744680852,0.30487819155169216,2163.08,235,235,59.38166666666666,0.25268794326241134
3141,6.857323343079922,0.3217597861832965,1563.4697222222221,228,0,0.0,0.0
3142,9.29387554585153,0.2952981851225082,2128.2975,229,229,72.91444444444444,0.31840368753032505
3143,5.988631120527307,0.28526244015538427,1413.3169444444445,236,0,0.0,0.0
3144,6.2932205240174675,0.298821169844696,1441.1475,229,0,0.0,0.0
3145,6.3876744719926535,0.29762793720853425,1545.8172222222222,242,0,0.0,0.0
3146,8.699645593869732,0.2992509534463295,2018.3177777777778,232,229,5.241111111111113,0.022590996168582386
3147,7.397629392212726,0.2996602143226187,1731.0452777777778,234,8,0.0,0.0
3148,6.240668812589413,0.293478040612203,1454.0758333333333,233,0,0.0,0.0
3149,7.72220068027211,0.28263681482130093,1891.9391666666668,245,37,0.0,0.0
3150,7.506805555555556,0.28471119392814637,1771.6061111111112,236,9,0.0,0.0
3151,9.07803094233474,0.319694463865113,2151.4933333333333,237,237,40.68111111111111,0.17165025785278948
3152,5.98072800925926,0.31813493164559153,1435.3747222222223,240,0,0.0,0.0
3153,5.993148148148148,0.30673035773255863,1366.4377777777777,228,0,0.0,0.0
3154,6.010115641392465,0.28583970768211314,1400.3569444444445,233,0,0.0,0.0
3155,6.8842312125403415,0.28256474081284005,1659.0997222222222,241,0,0.0,0.0
3156,10.810944669365721,0.2647906899658142,2670.3033333333333,247,247,447.30333333333334,1.810944669365722
3157,9.029714187327823,0.30458802073978986,2185.190833333333,242,242,32.87277777777778,0.13583792470156106
3158,7.4096365740740735,0.27051107923643397,1778.3127777777777,240,2,0.0,0.0
3159,6.796458333333333,0.2826205070745263,1549.5925,228,0,0.0,0.0
3160,6.80873417721519,0.30789071660635603,1613.67,237,0,0.0,0.0
3161,7.404134199134199,0.30059005302891095,1710.355,231,5,0.0,0.0
3162,10.791623300515704,0.30825336123331787,2557.614722222222,237,237,424.6147222222222,1.7916233005157056
3163,6.91139233241506,0.29231261265486475,1672.5569444444445,242,0,0.0,0.0
3164,8.937468123861565,0.3099782117591219,2180.742222222222,244,244,23.02361111111111,0.09435906193078324
3165,6.717291962174941,0.2975060573874789,1578.5636111111112,235,0,0.0,0.0
3166,7.893947056030389,0.30505369151820105,1847.183611111111,234,82,0.0,0.0
3167,6.314440928270042,0.31349877062024795,1496.5225,237,0,0.0,0.0
3168,7.891020833333333,0.31083994201562226,1893.845,240,87,0.0,0.0
3169,8.928014571949,0.3021200033656114,2178.4355555555558,244,244,20.683888888888887,0.08477003642987249
3170,7.145572989307299,0.30918640457069135,1707.7919444444444,239,0,0.0,0.0
3171,7.480773635477583,0.29368546056777295,1705.6163888888889,228,9,0.0,0.0
3172,8.685696202531647,0.2953270975399784,2058.51,237,234,4.848611111111115,0.020458274730426645
3173,6.786083562901744,0.29453526310830824,1642.2322222222222,242,0,0.0,0.0
3174,9.060249766573296,0.28315804928672494,2156.3394444444443,238,238,34.24444444444443,0.14388422035480855
3175,7.013436474449132,0.3001149685350676,1662.1844444444444,237,0,0.0,0.0
3176,6.716417704011065,0.27599571444135584,1618.6566666666668,241,0,0.0,0.0
3177,8.410260270774977,0.2940285976108824,2001.6419444444443,238,218,0.5294444444444437,0.0022245564892623684
3178,6.512541062801932,0.2807055213440377,1497.8844444444444,230,0,0.0,0.0
3179,7.165077546296296,0.27198867597743803,1719.618611111111,240,0,0.0,0.0
3180,8.711613865932048,0.3079162710303393,2108.2105555555554,242,238,7.1502777777777755,0.02954660238751147
3181,5.9946639980591945,0.2872785234839478,1372.7780555555555,229,0,0.0,0.0
3182,7.303262436076244,0.2883493958313964,1745.4797222222223,239,2,0.0,0.0
3183,9.408271604938271,0.3079349702427086,2286.21,243,243,101.75972222222222,0.41876428898033835
3184,7.319099859353023,0.29423716370366,1734.6266666666666,237,2,0.0,0.0
3185,7.110381083562902,0.2937282431797149,1720.7122222222222,242,0,0.0,0.0
3186,7.383673724954463,0.29513922448269414,1801.6163888888889,244,4,0.0,0.0
3187,7.603039855072464,0.2980336377482903,1748.6991666666668,230,23,0.0,0.0
3188,9.990916305916306,0.3105675215634823,2307.9016666666666,231,231,228.90166666666667,0.990916305916306
3189,6.228323795898903,0.2678539554451231,1451.1994444444445,233,0,0.0,0.0
3190,6.803848547717842,0.32032428848477623,1639.7275,241,0,0.0,0.0
3191,6.678400095374344,0.3000100520594766,1556.0672222222222,233,0,0.0,0.0
3192,7.480845570239842,0.3282474238404272,1698.1519444444443,227,9,0.0,0.0
3193,6.402996376811594,0.2998984019389703,1472.6891666666668,230,0,0.0,0.0
3194,10.695917015341703,0.28945576626361513,2556.3241666666668,239,239,405.32416666666666,1.6959170153417016
3195,6.983818015546411,0.3071096290982307,1697.0677777777778,243,0,0.0,0.0
3196,8.586739526411659,0.2815200022449066,2095.1644444444446,244,240,2.0469444444444385,0.008389116575591962
3197,10.374517797017797,0.3146898798952915,2396.513611111111,231,231,317.5136111111111,1.374517797017797
3198,6.723173216885007,0.2943512911193224,1539.6066666666666,229,0,0.0,0.0
3199,7.078298156234838,0.2880221321500107,1620.9302777777777,229,1,0.0,0.0
3200,7.679447975517891,0.2883122762970757,1812.3497222222222,236,27,0.0,0.0
3201,6.811202107279693,0.3122251135092784,1580.1988888888889,232,0,0.0,0.0
3202,7.774786324786325,0.3042866875705883,1819.3,234,52,0.0,0.0
3203,7.108345463367297,0.28559719451373927,1627.8111111111111,229,0,0.0,0.0
3204,8.891393596986816,0.3008034999429854,2098.3688888888887,236,236,16.176388888888887,0.06854402071563087
3205,7.5609477124183,0.31218434995901556,1799.5055555555555,238,20,0.0,0.0
3206,9.110238935969868,0.29730696212831764,2150.0163888888887,236,236,42.92222222222223,0.18187382297551793
3207,6.781759661835748,0.30011406870832186,1559.8047222222222,230,0,0.0,0.0
3208,7.514184941520468,0.31394142631050076,1713.2341666666666,228,13,0.0,0.0
3209,6.674282700421942,0.29948210994108676,1581.805,237,0,0.0,0.0
3210,7.880511254789272,0.319784662659779,1828.278611111111,232,75,0.0,0.0
3211,8.18686974789916,0.3000897069813114,1948.475,238,174,0.0,0.0
3212,7.195928362573099,0.3045033921090743,1640.6716666666666,228,1,0.0,0.0
3213,6.4921731321839085,0.3053285558448361,1506.1841666666667,232,0,0.0,0.0
3214,7.872965399610136,0.3008355530200195,1795.036111111111,228,82,0.0,0.0
3215,6.696672358834244,0.2857157045155544,1633.9880555555555,244,0,0.0,0.0
3216,8.61273776863283,0.30147261575360584,2092.8952777777777,243,237,3.9358333333333313,0.01619684499314128
3217,6.809521604938272,0.3154490941112602,1593.4280555555556,234,0,0.0,0.0
3218,7.724133986928105,0.3078711414810177,1838.3438888888888,238,46,0.0,0.0
3219,6.591772486772487,0.2778437690188837,1522.6994444444445,231,0,0.0,0.0
3220,7.398501461988304,0.30712424633124297,1686.8583333333333,228,3,0.0,0.0
3221,6.2199187853107345,0.28886329834502916,1467.9008333333334,236,0,0.0,0.0
3222,7.399452789699571,0.28643079705669594,1724.0725,233,4,0.0,0.0
3223,8.102418503213958,0.3033563350399267,1960.7852777777778,242,155,0.0,0.0
3224,6.0103244631185815,0.3083108719097161,1430.4572222222223,238,0,0.0,0.0
3225,9.792004629629629,0.28644668202265167,2350.081111111111,240,240,190.0811111111111,0.7920046296296296
3226,6.090522030651341,0.28926488637550785,1413.0011111111112,232,0,0.0,0.0
3227,8.281967213114754,0.30923823185326643,2020.8,244,205,0.3761111111111113,0.0015414389799635708
3228,7.524912764003672,0.29153101091937034,1821.0288888888888,242,10,0.0,0.0
3229,6.440665053019824,0.3057930156590946,1552.2002777777777,241,0,0.0,0.0
3230,9.94542497625831,0.28794084971882816,2327.2294444444447,234,234,221.22944444444445,0.9454249762583097
3231,7.093515283842795,0.27502122862094097,1624.415,229,0,0.0,0.0
3232,6.403804347826087,0.2896858854884321,1472.875,230,0,0.0,0.0
3233,7.827048762736536,0.2921587859035605,1792.3941666666667,229,66,0.0,0.0
3234,6.30848981077147,0.31737091370960097,1444.6441666666667,229,0,0.0,0.0
3235,7.119548898071625,0.2887986761457499,1722.9308333333333,242,0,0.0,0.0
3236,8.80456675811614,0.2930683501165013,2139.509722222222,243,242,10.433055555555551,0.04293438500228622
3237,7.493230676328502,0.2885456613902311,1723.4430555555555,230,11,0.0,0.0
3238,7.091451129552789,0.3163073324206792,1709.0397222222223,241,0,0.0,0.0
3239,6.282684792843691,0.2865167982418687,1482.713611111111,236,0,0.0,0.0
3240,7.127432659932659,0.2964543245436089,1646.4369444444444,231,1,0.0,0.0
3241,7.783390070921985,0.306842321103573,1829.0966666666666,235,54,0.0,0.0
3242,10.898861678004534,0.28536885213736035,2670.221111111111,245,245,465.2211111111111,1.898861678004535
3243,6.180956399437412,0.3115984297945437,1464.8866666666668,237,0,0.0,0.0
3244,5.995623219373219,0.28682526876969683,1402.9758333333334,234,0,0.0,0.0
3245,10.02339609483961,0.3280189661023803,2395.5916666666667,239,239,244.59166666666667,1.0233960948396095
3246,7.709783950617283,0.29931066221070174,1873.4775,243,41,0.0,0.0
3247,5.9889547413793105,0.29298747522923685,1389.4375,232,0,0.0,0.0
3248,8.017960676726108,0.27867617726038413,1948.3644444444444,243,128,0.0,0.0
3249,10.028770354406129,0.3042860081111404,2326.674722222222,232,232,238.67472222222221,1.0287703544061302
3250,7.766991898148148,0.3055408146965373,1864.0780555555555,240,54,0.0,0.0
3251,8.032659069325737,0.29372916177885394,1879.6422222222222,234,126,0.0,0.0
3252,7.417550505050505,0.3017338607447849,1713.4541666666667,231,6,0.0,0.0
3253,7.197127343392776,0.3027126979588891,1748.9019444444446,243,1,0.0,0.0
3254,7.121989522417154,0.28508922301591216,1623.8136111111112,228,1,0.0,0.0
3255,6.297399758454107,0.3000263216074239,1448.4019444444446,230,0,0.0,0.0
3256,6.157829936923823,0.29607297771365443,1410.1430555555555,229,0,0.0,0.0
3257,6.222678571428571,0.28919819885227804,1480.9975,238,0,0.0,0.0
3258,8.904882338670548,0.29022534193981087,2039.2180555555556,229,229,17.02361111111111,0.07433891314895681
3259,6.835637115839244,0.3036698561959677,1606.3747222222223,235,0,0.0,0.0
3260,9.532072383586907,0.304949141447298,2297.2294444444447,241,241,129.49805555555554,0.5373363301060395
3261,10.801050164088139,0.30521483238932007,2559.8488888888887,237,237,426.8488888888889,1.801050164088139
3262,6.855058782849239,0.27333176554020794,1652.0691666666667,241,0,0.0,0.0
3263,7.784760047281324,0.3147769384174748,1829.4186111111112,235,54,0.0,0.0
3264,7.160638075313807,0.3228048315964892,1711.3925,239,1,0.0,0.0
3265,6.360885565052232,0.2945955378694335,1488.4472222222223,234,0,0.0,0.0
3266,7.914244492337165,0.2944047744274972,1836.1047222222223,232,92,0.0,0.0
3267,7.8034794061302675,0.3215452055708472,1810.4072222222221,232,60,0.0,0.0
3268,7.983474499089254,0.29755679400078405,1947.9677777777779,244,120,0.0,0.0
3269,6.81390056022409,0.2894082701189608,1621.7083333333333,238,0,0.0,0.0
3270,6.109673758865248,0.30930198913587686,1435.7733333333333,235,0,0.0,0.0
3271,6.421843765162543,0.32176467361044914,1470.6022222222223,229,0,0.0,0.0
3272,10.66860992402659,0.31054476870248243,2496.4547222222222,234,234,390.45472222222224,1.6686099240265908
3273,7.04480278980279,0.29062923939796903,1627.3494444444445,231,0,0.0,0.0
3274,7.963464791952446,0.32016976613201187,1935.1219444444444,243,118,0.0,0.0
3275,9.543667133520074,0.2839981389614606,2271.3927777777776,238,238,129.8388888888889,0.5455415499533147
3276,7.685820548582055,0.29339222151780175,1836.911111111111,239,35,0.0,0.0
3277,7.683185990338164,0.28336307252698395,1767.1327777777778,230,27,0.0,0.0
3278,8.926272749042145,0.2987703242590149,2070.8952777777777,232,232,19.32972222222223,0.08331776819923375
3279,7.792069383794274,0.28401814521601976,1784.3838888888888,229,48,0.0,0.0
3280,10.508887731481481,0.2805615859554117,2522.1330555555555,240,240,362.13305555555553,1.5088877314814815
3281,6.249610419548179,0.2879685292341027,1506.1561111111112,241,0,0.0,0.0
3282,6.590610200364299,0.29618144773328603,1608.108888888889,244,0,0.0,0.0
3283,7.9963123822975515,0.28833920306857447,1887.1297222222222,236,117,0.0,0.0
3284,6.904626113455227,0.31395050144267356,1636.3963888888889,237,0,0.0,0.0
3285,9.370607856810786,0.29955221520555697,2239.575277777778,239,239,91.61166666666666,0.3833124128312413
3286,6.59881051175657,0.28831056719718245,1590.3133333333333,241,0,0.0,0.0
3287,7.614132241215574,0.29786602234014137,1781.7069444444444,234,21,0.0,0.0
3288,7.583628618113912,0.28407402062162174,1804.903611111111,238,12,0.0,0.0
3289,6.900036730945822,0.29099249169263924,1669.808888888889,242,0,0.0,0.0
3290,6.285461744639376,0.29606509228729105,1433.0852777777777,228,0,0.0,0.0
3291,6.378344346549192,0.29676621821340765,1447.8841666666667,227,0,0.0,0.0
3292,7.298232738911752,0.30897694850891183,1773.4705555555556,243,5,0.0,0.0
3293,10.484794061302681,0.3004769406393442,2432.472222222222,232,232,344.47222222222223,1.484794061302682
3294,7.007824675324675,0.2912249095435845,1618.8075,231,0,0.0,0.0
3295,9.899078884078884,0.28870735071486425,2286.6872222222223,231,231,207.68722222222223,0.8990788840788841
3296,6.877794540229885,0.30629124950576075,1595.6483333333333,232,0,0.0,0.0
3297,8.024657287157288,0.3152891384110691,1853.6958333333334,231,118,0.0,0.0
3298,7.299756944444445,0.2651466578682541,1693.5436111111112,232,1,0.0,0.0
3299,6.110529770276606,0.3260719972433823,1448.1955555555555,237,0,0.0,0.0
3300,6.288274231678487,0.30405699246109197,1477.7444444444445,235,0,0.0,0.0
3301,6.398666197843413,0.2955159454076103,1516.483888888889,237,0,0.0,0.0
3302,5.9922647754137115,0.30823632176203364,1408.1822222222222,235,0,0.0,0.0
3303,6.9156135265700485,0.30357885825823566,1590.591111111111,230,0,0.0,0.0
3304,9.690696818613485,0.3131994892164901,2267.6230555555558,234,234,161.91111111111113,0.6919278252611587
3305,7.827509220839096,0.2917951721617862,1886.4297222222222,241,60,0.0,0.0
3306,6.400223192624939,0.32716679940019394,1465.651111111111,229,0,0.0,0.0
3307,10.413876518218624,0.3144236300282754,2572.2275,247,247,349.2275,1.4138765182186235
3308,8.501261574074073,0.2986914245424407,2040.3027777777777,240,227,0.8530555555555566,0.0035543981481481524
3309,6.597560226155359,0.28969944122650615,1491.048611111111,226,0,0.0,0.0
3310,7.587263418079097,0.314468438074825,1790.5941666666668,236,22,0.0,0.0
3311,6.080773979107312,0.322719708351956,1422.901111111111,234,0,0.0,0.0
3312,6.343983918128655,0.29616090591978805,1446.4283333333333,228,0,0.0,0.0
3313,6.520177595628415,0.2955781045662313,1590.9233333333334,244,0,0.0,0.0
3314,10.969163292847503,0.2984910385278165,2709.383333333333,247,247,486.3833333333333,1.9691632928475034
3315,7.9979126325495615,0.2957964147320829,1927.4969444444444,241,126,0.0,0.0
3316,7.627617880485528,0.3061947647100688,1815.3730555555555,238,23,0.0,0.0
3317,10.406759637188207,0.284601194097484,2549.656111111111,245,245,344.6561111111111,1.4067596371882085
3318,8.78671918767507,0.27525696112682074,2091.2391666666667,238,238,8.62722222222222,0.03624883286647992
3319,9.962005029721078,0.3283712902568917,2420.7672222222222,243,243,233.79,0.9620987654320987
3320,7.890476694915254,0.3017617084775902,1862.1525,236,80,0.0,0.0
3321,7.8078167641325535,0.28722675570513706,1780.1822222222222,228,48,0.0,0.0
3322,7.488967911877395,0.2801069074912849,1737.4405555555556,232,10,0.0,0.0
3323,7.586379184861717,0.31190610976704286,1737.2808333333332,229,25,0.0,0.0
3324,6.822150500910746,0.3080583776400085,1664.604722222222,244,0,0.0,0.0
3325,7.0055765639589165,0.3013551963504732,1667.3272222222222,238,1,0.0,0.0
3326,9.61358806404658,0.3188169399442879,2201.5116666666668,229,229,140.92555555555558,0.6153954391072296
3327,10.097124463519314,0.29662744245904743,2352.63,233,233,255.63,1.0971244635193134
3328,9.3763463356974,0.2996573482852368,2203.441388888889,235,235,91.87888888888888,0.3909739952718676
3329,6.390003591954023,0.29858337285243064,1482.4808333333333,232,0,0.0,0.0
3330,7.074260828625235,0.3011588830936568,1669.5255555555555,236,0,0.0,0.0
3331,7.370625285779607,0.29278692099593223,1791.0619444444444,243,2,0.0,0.0
3332,6.700677591817759,0.3264818971074509,1601.4619444444445,239,0,0.0,0.0
3333,7.623434012615236,0.2990572163667096,1745.766388888889,229,24,0.0,0.0
3334,10.684698017519594,0.3077357589158234,2575.012222222222,241,241,406.01222222222225,1.6846980175195945
3335,8.35173582295989,0.2993355827628473,2012.7683333333334,241,212,0.08249999999999957,0.00034232365145228037
3336,6.6320497685185185,0.31109360967235244,1591.6919444444445,240,0,0.0,0.0
3337,6.913459595959596,0.31004488038968353,1597.0091666666667,231,0,0.0,0.0
3338,9.403011204481793,0.31143500085617654,2237.9166666666665,238,238,99.2125,0.416859243697479
3339,10.006964769647695,0.29716967380588555,2461.713333333333,246,246,247.71333333333334,1.0069647696476964
3340,6.388003902662994,0.28725973551891903,1545.8969444444444,242,0,0.0,0.0
3341,9.783470402717128,0.2884073559099827,2240.4147222222223,229,229,179.4147222222222,0.7834704027171275
3342,6.395218599033816,0.3220715071495493,1470.9002777777778,230,0,0.0,0.0
3343,10.47176268861454,0.31942874904696406,2544.6383333333333,243,243,357.6383333333333,1.4717626886145405
3344,6.597585009578544,0.2981573127497092,1530.6397222222222,232,0,0.0,0.0
3345,7.086974248927039,0.2857212919290583,1651.265,233,0,0.0,0.0
3346,7.891711618257261,0.28897577190696666,1901.9025,241,90,0.0,0.0
3347,10.330182186234817,0.3081672158803552,2551.555,247,247,328.555,1.3301821862348178
3348,8.500371513488798,0.30009159992909834,2065.590277777778,243,235,2.1177777777777766,0.00871513488797439
3349,9.801010101010101,0.314420314243806,2264.0333333333333,231,231,185.1236111111111,0.8014009139009138
3350,10.40173314339981,0.3139811218460629,2434.0055555555555,234,234,328.00555555555553,1.40173314339981
3351,7.703818565400844,0.30503433802973484,1825.805,237,37,0.0,0.0
3352,10.708079297245963,0.3242379838807897,2505.6905555555554,234,234,399.69055555555553,1.7080792972459637
3353,7.710114657210402,0.30717365791253265,1811.8769444444445,235,40,0.0,0.0
3354,7.6936575963718825,0.3383545264782332,1884.9461111111111,245,45,0.0,0.0
3355,6.924135939036381,0.32197225310213595,1564.854722222222,226,2,0.0,0.0
3356,10.556096986817327,0.29777387736819966,2491.238888888889,236,236,367.2388888888889,1.5560969868173258
3357,8.330816924519457,0.29452940734273836,1974.403611111111,237,202,0.22861111111111043,0.0009646038443506769
3358,6.079077916090364,0.3309067706991323,1465.0577777777778,241,0,0.0,0.0
3359,10.389594374709437,0.30018009050402356,2483.1130555555555,239,239,332.11305555555555,1.3895943747094375
3360,7.004710743801653,0.3145306934773702,1695.14,242,0,0.0,0.0
3361,6.721184640522876,0.30409344078481193,1599.6419444444443,238,0,0.0,0.0
3362,7.059256080114449,0.2882024527221187,1644.8066666666666,233,0,0.0,0.0
3363,6.510334541062802,0.2916948759466934,1497.3769444444445,230,0,0.0,0.0
3364,7.084607984607985,0.2951377069773071,1636.5444444444445,231,0,0.0,0.0
3365,7.0712334247828075,0.29115395810930295,1718.3097222222223,243,0,0.0,0.0
3366,8.867931074227755,0.3060723699614614,2137.171388888889,241,241,16.945833333333333,0.07031466113416321
3367,6.112561327561328,0.30870515930663484,1412.0016666666668,231,0,0.0,0.0
3368,7.581857142857143,0.30392500900878777,1857.555,245,24,0.0,0.0
3369,10.652649219467401,0.31753296357781435,2577.9411111111112,242,242,399.9411111111111,1.6526492194674014
3370,7.097545913682278,0.306350267601632,1717.6061111111112,242,1,0.0,0.0
3371,10.619414845173042,0.2937545953971524,2591.137222222222,244,244,395.13722222222225,1.619414845173042
3372,6.091235349273324,0.3134863751870453,1443.6227777777779,237,0,0.0,0.0
3373,8.301600877192984,0.27634676502330807,1892.765,228,195,0.0,0.0
3374,8.097030092592593,0.3151357035357117,1943.2872222222222,240,146,0.0,0.0
3375,7.91362037037037,0.28976089968841506,1899.2688888888888,240,90,0.0,0.0
3376,9.800581847279378,0.31596705276502884,2381.541388888889,243,243,194.5413888888889,0.8005818472793781
3377,6.017222222222222,0.2917405436745525,1456.1677777777777,242,0,0.0,0.0
3378,6.330157367668098,0.30640542685555694,1474.9266666666667,233,0,0.0,0.0
3379,6.322636514719847,0.2966347398174012,1479.4969444444444,234,0,0.0,0.0
3380,7.602417695473251,0.30329756872703134,1847.3875,243,22,0.0,0.0
3381,6.378281174187288,0.3111814237836431,1460.6263888888889,229,0,0.0,0.0
3382,6.978609882005899,0.30574715148828685,1577.1658333333332,226,0,0.0,0.0
3383,7.469917874396136,0.29678523784544497,1718.081111111111,230,8,0.0,0.0
3384,6.521732026143791,0.3120862436822641,1552.1722222222222,238,0,0.0,0.0
3385,8.00522126022126,0.30250832059664595,1849.206111111111,231,113,0.0,0.0
3386,8.0829113018598,0.28637249652252617,1883.3183333333334,233,136,0.0,0.0
3387,7.335469995311768,0.30018502814162146,1738.506388888889,237,6,0.0,0.0
3388,6.500826086956522,0.284895656603106,1495.19,230,0,0.0,0.0
3389,9.510643518518519,0.29375274772410437,2282.5544444444445,240,240,123.76055555555557,0.5156689814814815
3390,10.079049886621315,0.3079862509820547,2469.367222222222,245,245,264.3672222222222,1.0790498866213152
3391,6.825506822612086,0.30066074795592407,1556.2155555555555,228,0,0.0,0.0
3392,8.19732426303855,0.3073978731331226,2008.3444444444444,245,178,0.0,0.0
3393,7.882856461611826,0.2939828301262352,1836.7055555555555,233,82,0.0,0.0
3394,10.325031380753138,0.27950274744211234,2467.6825,239,239,316.6825,1.3250313807531382
3395,7.481684861717613,0.2916554369980743,1713.3058333333333,229,10,0.0,0.0
3396,7.010718351548269,0.2959744303704452,1710.6152777777777,244,0,0.0,0.0
3397,7.3875034578146614,0.27444280846683994,1780.3883333333333,241,4,0.0,0.0
3398,8.979737458977965,0.2820605425800335,2128.197777777778,237,237,23.65916666666667,0.09982770745428975
3399,7.864643347050754,0.30250949110695635,1911.1083333333333,243,80,0.0,0.0
3400,7.098894604481024,0.3005264915198727,1725.0313888888888,243,0,0.0,0.0
3401,8.706717171717171,0.29640884707745735,2107.0255555555555,242,240,5.72527777777778,0.02365817263544537
3402,8.010337713231904,0.2658638382663423,1930.4913888888889,241,133,0.0,0.0
3403,10.491258309591643,0.29821834817543175,2454.9544444444446,234,234,348.95444444444445,1.491258309591643
3404,9.487657367668097,0.29398834633694204,2210.6241666666665,233,233,114.55250000000001,0.4916416309012876
3405,7.685276585598475,0.2915233130398328,1790.6694444444445,233,30,0.0,0.0
3406,6.9213774104683194,0.29208957110999273,1674.9733333333334,242,0,0.0,0.0
3407,6.585990860990861,0.31291410496707334,1521.3638888888888,231,0,0.0,0.0
3408,9.321214551371455,0.30919070042905894,2227.7702777777777,239,239,82.10166666666666,0.34352161785216173
3409,6.309143614568925,0.2917839074000163,1520.503611111111,241,0,0.0,0.0
3410,6.325607126113455,0.32970724274872093,1499.168888888889,237,0,0.0,0.0
3411,6.599765051395008,0.30496283890997117,1498.1466666666668,227,0,0.0,0.0
3412,9.599074074074073,0.2883886749206851,2217.386111111111,231,231,138.51333333333332,0.5996248196248196
3413,10.12023422787194,0.30301616680750576,2388.3752777777777,236,236,264.3752777777778,1.1202342278719397
3414,8.318101053639847,0.3071961443309877,1929.7994444444444,232,196,0.20777777777777828,0.0008955938697318029
3415,7.5866985428051,0.3038818967620477,1851.1544444444444,244,23,0.0,0.0
3416,7.900064279155188,0.30718915393897644,1911.8155555555556,242,87,0.0,0.0
3417,7.311087006427916,0.29736323485080884,1769.2830555555556,242,2,0.0,0.0
3418,8.020512117055327,0.2871846718211327,1948.9844444444445,243,126,0.0,0.0
3419,6.495245821042281,0.30293710102469457,1467.9255555555555,226,0,0.0,0.0
3420,6.910598108747045,0.30521184830417786,1623.9905555555556,235,0,0.0,0.0
3421,7.142438136826783,0.2943464206856932,1635.6183333333333,229,0,0.0,0.0
3422,7.3073318713450295,0.3025643237099857,1666.0716666666667,228,2,0.0,0.0
3423,6.875793816829382,0.31703638055037525,1643.3147222222221,239,0,0.0,0.0
3424,8.011233237547893,0.29437961520693673,1858.6061111111112,232,119,0.0,0.0
3425,6.232089218455744,0.29540861302922067,1470.7730555555556,236,0,0.0,0.0
3426,10.12087725546059,0.2839024744791012,2368.285277777778,234,234,262.28527777777776,1.1208772554605888
3427,6.598324879227054,0.30026570348714315,1517.6147222222223,230,0,0.0,0.0
3428,8.596978723404256,0.3039560621049602,2020.29,235,231,3.0250000000000004,0.012872340425531916
3429,6.30266713747646,0.29553598501619655,1487.4294444444445,236,0,0.0,0.0
3430,8.40627304964539,0.29056436386831563,1975.4741666666666,235,216,0.3588888888888899,0.0015271867612293188
3431,7.708031148303115,0.31682578641178877,1842.2194444444444,239,40,0.0,0.0
3432,6.012140661938535,0.28922412949798865,1412.8530555555556,235,0,0.0,0.0
3433,10.903012646793135,0.3027122014582767,2682.141111111111,246,246,468.1411111111111,1.9030126467931345
3434,6.484585106382979,0.3095957344916594,1523.8775,235,0,0.0,0.0
3435,7.800405282331512,0.314845645524021,1903.298888888889,244,64,0.0,0.0
3436,10.801917009602194,0.2815752646080208,2624.8658333333333,243,243,437.86583333333334,1.8019170096021948
3437,7.580263830776383,0.28539485315688534,1811.6830555555555,239,16,0.0,0.0
3438,7.386112268518518,0.282043673979618,1772.6669444444444,240,3,0.0,0.0
3439,7.179573002754821,0.30304052333729675,1737.4566666666667,242,0,0.0,0.0
3440,7.1077053656220315,0.30129408094279736,1663.2030555555555,234,0,0.0,0.0
3441,8.113466235632185,0.29911476753457195,1882.3241666666668,232,155,0.0,0.0
3442,6.688949172576832,0.32159737259148025,1571.9030555555555,235,0,0.0,0.0
3443,7.778898071625345,0.2785272483431789,1882.4933333333333,242,46,0.0,0.0
3444,6.073075909961686,0.3275343652296892,1408.953611111111,232,0,0.0,0.0
3445,8.203772663877267,0.29111761611445897,1960.7016666666666,239,175,0.0,0.0
3446,9.214501182033098,0.2811863297115286,2165.407777777778,235,235,58.45666666666667,0.2487517730496454
3447,7.788128019323671,0.32362586014030237,1791.2694444444444,230,56,0.0,0.0
3448,7.593654970760234,0.29878114392962457,1731.3533333333332,228,19,0.0,0.0
3449,9.583764528126453,0.291118200189472,2290.5197222222223,239,239,140.38333333333333,0.5873779637377964
3450,7.283771630236794,0.3008435127840115,1777.2402777777777,244,2,0.0,0.0
3451,6.090655006858711,0.28243916563783955,1480.0291666666667,243,0,0.0,0.0
3452,7.712686372269705,0.3015015615500568,1804.768611111111,234,41,0.0,0.0
3453,7.385222681359045,0.286408507921748,1787.223888888889,242,3,0.0,0.0
3454,7.60615162037037,0.29839369058989923,1825.4763888888888,240,20,0.0,0.0
3455,6.9204613935969865,0.2966542101676914,1633.2288888888888,236,0,0.0,0.0
3456,6.633445881226054,0.3072337468351015,1538.9594444444444,232,0,0.0,0.0
3457,6.1019621749408985,0.27699580343786473,1433.9611111111112,235,0,0.0,0.0
3458,7.891980834546336,0.29964796984744463,1807.263611111111,229,78,0.0,0.0
3459,9.083067528735631,0.29008268065585047,2107.2716666666665,232,232,38.020833333333336,0.16388290229885058
3460,6.597937675070028,0.30428889212838445,1570.3091666666667,238,0,0.0,0.0
3461,10.990522130013831,0.3164447695131883,2648.715833333333,241,241,479.71583333333336,1.9905221300138314
3462,8.701324879227053,0.31916948527028444,2001.3047222222222,230,223,6.11333333333333,0.02657971014492752
3463,7.378290414878397,0.2815419316687743,1719.1416666666667,233,3,0.0,0.0
3464,7.516356280193237,0.2911195776072717,1728.7619444444445,230,11,0.0,0.0
3465,6.194155140617796,0.3103516604736919,1492.7913888888888,241,0,0.0,0.0
3466,7.90969571230982,0.3176610649946496,1906.2366666666667,241,84,0.0,0.0
3467,7.317914847161572,0.29651803801390186,1675.8025,229,2,0.0,0.0
3468,7.902443522360534,0.319956899262975,1904.4888888888888,241,94,0.0,0.0
3469,7.992474105461394,0.3055908285836332,1886.223888888889,236,118,0.055277777777778425,0.0002342278719397391
3470,6.679911778731522,0.31577903366257876,1556.4194444444445,233,0,0.0,0.0
3471,6.563898265353961,0.2787580113515444,1555.6438888888888,237,0,0.0,0.0
3472,6.177514860539552,0.2938336474892932,1501.1361111111112,243,0,0.0,0.0
3473,6.365669934640523,0.27700811541230624,1515.0294444444444,238,0,0.0,0.0
3474,9.818430962343097,0.2924738211636091,2346.605,239,239,195.86,0.8194979079497908
3475,7.775195942830798,0.3141586343423092,1873.8222222222223,241,62,0.0,0.0
3476,6.7280754805438345,0.2828205623759556,1594.5538888888889,237,0,0.0,0.0
3477,6.6730165692007795,0.30154949948216,1521.4477777777777,228,0,0.0,0.0
3478,10.62246835443038,0.32115589291682933,2517.525,237,237,384.525,1.6224683544303797
3479,10.9408540802213,0.28686450197737595,2636.7458333333334,241,241,467.74583333333334,1.9408540802213001
3480,7.828946563088513,0.3171085728910659,1847.631388888889,236,73,0.0,0.0
3481,10.199945799457995,0.2820275949648614,2509.1866666666665,246,246,295.18666666666667,1.1999457994579945
3482,6.818579196217494,0.2980480136001232,1602.3661111111112,235,0,0.0,0.0
3483,6.300432761087268,0.31384910863900545,1468.0008333333333,233,0,0.0,0.0
3484,10.509589834515367,0.3080363906740166,2469.7536111111112,235,235,354.7536111111111,1.5095898345153664
3485,8.024171239140376,0.3030536343786271,1949.8736111111111,243,132,0.0,0.0
3486,7.0848657407407405,0.292635929015807,1700.3677777777777,240,0,0.0,0.0
3487,6.170675451092118,0.3044735836790151,1443.9380555555556,234,0,0.0,0.0
3488,6.009245511887433,0.27717217399514,1376.1172222222222,229,0,0.0,0.0
3489,7.9938816108685105,0.2799763540014573,1830.598888888889,229,113,0.0,0.0
3490,10.689997704315887,0.3056354813859628,2586.9794444444447,242,242,408.9794444444445,1.6899977043158863
3491,6.3341506882989185,0.2902365658335444,1431.5180555555555,226,0,0.0,0.0
3492,6.904346549192364,0.3000911992909299,1567.2866666666666,227,0,0.0,0.0
3493,6.390338164251208,0.27913937223117474,1469.7777777777778,230,0,0.0,0.0
3494,7.405821462488129,0.2952056878726037,1732.9622222222222,234,5,0.0,0.0
3495,7.083995633187772,0.29659806311441994,1622.235,229,1,0.0,0.0
3496,7.179473745897797,0.2946676360475172,1701.5352777777778,237,0,0.0,0.0
3497,6.024019323671498,0.31055967588102845,1385.5244444444445,230,0,0.0,0.0
3498,10.468798920377868,0.29687358830711286,2585.7933333333335,247,247,362.79333333333335,1.4687989203778677
3499,6.19212518195051,0.29133660548747203,1417.9966666666667,229,0,0.0,0.0
3500,7.1970604781997185,0.2872343596867229,1705.7033333333334,237,1,0.0,0.0
3501,6.595106744298883,0.30101871911466527,1510.2794444444444,229,0,0.0,0.0
3502,7.493436474449132,0.30110294095459467,1775.9444444444443,237,17,0.0,0.0
3503,6.6179576603034755,0.28177541167134845,1502.276388888889,227,0,0.0,0.0
3504,7.224192343604108,0.30378314633018333,1719.3577777777778,238,1,0.0,0.0
3505,7.982483451536643,0.3008012974261426,1875.8836111111111,235,117,0.0,0.0
3506,7.0917477348593225,0.28719498608847366,1652.3772222222221,233,0,0.0,0.0
3507,7.204237640724425,0.29855939685092364,1635.3619444444444,227,1,0.0,0.0
3508,10.900306238615665,0.2858479332370141,2659.674722222222,244,244,463.6747222222222,1.9003062386156648
3509,6.495622032288699,0.2890381665361557,1519.9755555555555,234,0,0.0,0.0
3510,10.676222687122268,0.3094137891381031,2551.617222222222,239,239,400.6172222222222,1.6762226871222687
3511,7.010858690640848,0.31550288402418586,1689.6169444444445,241,0,0.0,0.0
3512,8.98498040571692,0.2973477721379992,2165.380277777778,241,241,27.058888888888887,0.11227754725680036
3513,8.098481087470448,0.3147251886154468,1903.1430555555555,235,145,0.0,0.0
3514,7.127894420394421,0.27917126457409924,1646.5436111111112,231,0,0.0,0.0
3515,7.974104803493449,0.31267554937170483,1826.07,229,102,0.0,0.0
3516,7.363422826592283,0.2973903532598186,1759.8580555555557,239,3,0.0,0.0
3517,7.086201716738198,0.3070223345690721,1651.085,233,1,0.0,0.0
3518,6.79575311302682,0.3381039903810299,1576.6147222222223,232,0,0.0,0.0
3519,6.771594304388422,0.292376657922914,1611.6394444444445,238,0,0.0,0.0
3520,6.717986997635934,0.3046799234136458,1578.7269444444444,235,0,0.0,0.0
3521,8.053107714701602,0.26323567772346845,1844.1616666666666,229,146,0.0,0.0
3522,7.705268073750607,0.2836982047249475,1764.506388888889,229,38,0.0,0.0
3523,7.119267009300049,0.3275311985933494,1616.0736111111112,227,1,0.0,0.0
3524,7.937359924026591,0.2939258680634077,1857.3422222222223,234,101,0.0,0.0
3525,10.338630385487528,0.2946576397961238,2532.9644444444443,245,245,327.96444444444444,1.3386303854875283
3526,7.471162374821173,0.31283231323223776,1740.7808333333332,233,10,0.0,0.0
3527,7.689747044917257,0.3116930581429875,1807.0905555555555,235,38,0.0,0.0
3528,10.46398261065944,0.3103294587234744,2574.139722222222,246,246,360.13972222222225,1.46398261065944
3529,6.91156457739791,0.2888492189168317,1617.306111111111,234,0,0.0,0.0
3530,7.522875816993464,0.2847637359836181,1790.4444444444443,238,8,0.0,0.0
3531,7.963982638888889,0.30779827678636523,1911.3558333333333,240,115,0.0,0.0
3532,7.493321360153257,0.26683325096897687,1738.4505555555556,232,9,0.0,0.0
3533,6.594707175925927,0.3157634921124162,1582.7297222222223,240,0,0.0,0.0
3534,6.287570323488045,0.3251473616503802,1490.1541666666667,237,0,0.0,0.0
3535,7.50720652173913,0.30719974259622007,1726.6575,230,16,0.0,0.0
3536,7.311391283524904,0.2923667483782632,1696.2427777777777,232,6,0.0,0.0
3537,8.789366760828624,0.2915651188428829,2074.2905555555553,236,236,10.054999999999996,0.04260593220338981
3538,6.832842066957787,0.2970101940061579,1564.7208333333333,229,0,0.0,0.0
3539,6.6843594348659,0.29935915581654304,1550.7713888888889,232,0,0.0,0.0
3540,10.408523391812865,0.3071710769073787,2570.905277777778,247,247,347.90527777777777,1.4085233918128655
3541,6.025689257722452,0.30149051888106215,1452.191111111111,241,0,0.0,0.0
3542,8.911738128169663,0.2995988745184403,2147.728888888889,241,241,17.98583333333334,0.07463001383125867
3543,9.879404761904762,0.29608630268713765,2420.454166666667,245,245,215.45416666666665,0.8794047619047618
3544,5.988304597701149,0.335399984481556,1389.2866666666666,232,0,0.0,0.0
3545,6.1978668091168085,0.3154054033432122,1450.3008333333332,234,0,0.0,0.0
3546,7.7994613821138215,0.31757996459870436,1918.6675,246,62,0.0,0.0
3547,7.183438069216757,0.30897695161189626,1752.7588888888888,244,0,0.0,0.0
3548,7.510671010516689,0.3035725709026398,1825.0930555555556,243,13,0.0,0.0
3549,6.809596926713948,0.3087208601520055,1600.2552777777778,235,0,0.0,0.0
3550,7.172575973409307,0.3130084072352728,1678.3827777777778,234,1,0.0,0.0
3551,7.151254137115839,0.2993813410034441,1680.5447222222222,235,0,0.0,0.0
3552,7.307771990740741,0.29769068567208146,1753.8652777777777,240,1,0.0,0.0
3553,8.48795238095238,0.3229913540554545,2079.548333333333,245,233,2.8602777777777746,0.011674603174603162
3554,6.598539312617702,0.29434055620377875,1557.2552777777778,236,0,0.0,0.0
3555,6.0181877141458635,0.2706368375613741,1366.128611111111,227,0,0.0,0.0
3556,6.6119981325863675,0.3003691367672088,1573.6555555555556,238,0,0.0,0.0
3557,6.015647754137117,0.26598343302952,1413.6772222222223,235,0,0.0,0.0
3558,7.60671768707483,0.29496431445490784,1863.6458333333333,245,23,0.0,0.0
3559,6.301012857836002,0.290673599681942,1442.9319444444445,229,0,0.0,0.0
3560,6.224990623534927,0.3246925091653154,1475.3227777777777,237,0,0.0,0.0
3561,7.486526639344262,0.2798341425678146,1826.7125,244,8,0.0,0.0
3562,8.602125850340137,0.28834215962804083,2107.5208333333335,245,240,2.539722222222224,0.010366213151927445
3563,7.289922267946959,0.28088742598307687,1771.451111111111,243,0,0.0,0.0
3564,8.40896686159844,0.31936670298096503,1917.2444444444445,228,204,0.5183333333333344,0.002273391812865502
3565,7.989745467224547,0.2926160963964656,1909.5491666666667,239,117,0.0,0.0
3566,6.125854044834308,0.2930229726804887,1396.6947222222223,228,0,0.0,0.0
3567,7.32233574879227,0.30748191869541885,1684.1372222222221,230,3,0.0,0.0
3568,8.015267489711935,0.2871649635443951,1947.71,243,126,0.0,0.0
3569,9.186699763593381,0.31531985458720235,2158.8744444444446,235,235,56.42694444444444,0.24011465721040187
3570,9.4596490004649,0.31946248598897625,2260.856111111111,239,239,113.0636111111111,0.47306950255695024
3571,9.811535269709543,0.2803596584565196,2364.58,241,241,195.64249999999998,0.8117946058091285
3572,9.161649011299435,0.2719937841433604,2162.1491666666666,236,236,48.76472222222222,0.20663017890772126
3573,6.281152433425161,0.3064914168094871,1520.038888888889,242,0,0.0,0.0
3574,6.012280521262003,0.3055855901301747,1460.9841666666666,243,0,0.0,0.0
3575,8.410409663865547,0.2761601205752865,2001.6775,238,222,0.37833333333333385,0.001589635854341739
3576,7.381258381226054,0.29812749006135725,1712.4519444444445,232,5,0.0,0.0
3577,7.696354595336077,0.2816209962242298,1870.2141666666666,243,30,0.0,0.0
3578,8.616800281293951,0.29925383638065123,2042.1816666666666,237,231,3.5736111111111075,0.015078527894983576
3579,7.3063901179941,0.3166673288901324,1651.2441666666666,226,2,0.0,0.0
3580,7.375862445414847,0.2850919386093031,1689.0725,229,4,0.0,0.0
3581,6.567780182780183,0.2921518669454814,1517.1572222222223,231,0,0.0,0.0
3582,6.6836437198067635,0.3048629417075823,1537.2380555555555,230,0,0.0,0.0
3583,6.057707423580785,0.2944350007393366,1387.215,229,0,0.0,0.0
3584,6.084178691678692,0.32334706710829286,1405.4452777777778,231,0,0.0,0.0
3585,7.9875104602510465,0.2945667019876793,1909.015,239,115,0.0,0.0
3586,8.767204415954415,0.28869151581208646,2051.525833333333,234,233,7.650277777777783,0.03269349477682813
3587,6.171156835848194,0.31362422684659225,1499.591111111111,243,0,0.0,0.0
3588,6.8710367271036725,0.3063549622917703,1642.1777777777777,239,0,0.0,0.0
3589,6.001669010782935,0.28905318646630607,1422.3955555555556,237,0,0.0,0.0
3590,7.018062865497076,0.2986149989172546,1600.1183333333333,228,0,0.0,0.0
3591,10.974695821854914,0.2953468087972482,2655.876388888889,242,242,477.8763888888889,1.9746958218549129
3592,10.772186192468618,0.31944558264070755,2574.5525,239,239,423.5525,1.7721861924686193
3593,7.4808517750115255,0.2917036930519987,1802.8852777777777,241,10,0.0,0.0
3594,9.216998866213153,0.3105300714169631,2258.1647222222223,245,245,63.40222222222222,0.2587845804988662
3595,8.701572504708096,0.3022177759206093,2053.571111111111,236,232,6.268611111111117,0.02656191148775897
3596,9.921010536398468,0.3029117661099932,2301.6744444444444,232,232,213.67444444444445,0.9210105363984674
3597,9.585816854990584,0.283278248231597,2262.2527777777777,236,236,138.35972222222222,0.5862700094161958
3598,7.574681712962962,0.31291270897923457,1817.923611111111,240,22,0.0,0.0
3599,6.890804473304473,0.2957058850384187,1591.7758333333334,231,0,0.0,0.0
3600,8.90358126721763,0.29729886121637833,2154.6666666666665,242,242,19.098888888888894,0.07892102846648304
3601,11.016749058380414,0.31610071322298733,2599.9527777777776,236,236,475.9527777777778,2.016749058380414
3602,6.611488842398884,0.28674403031186463,1580.1458333333333,239,0,0.0,0.0
3603,6.784612048757618,0.2897810103332075,1607.9530555555555,237,0,0.0,0.0
3604,10.41130662851693,0.2884672672122687,2425.8344444444447,233,233,328.83444444444444,1.411306628516929
3605,7.800247973295184,0.30333975531819374,1817.457777777778,233,61,0.0,0.0
3606,7.502873015873016,0.28438249379625624,1838.203888888889,245,4,0.0,0.0
3607,10.486299475441106,0.31123430403052343,2443.3077777777776,233,233,346.3077777777778,1.4862994754411065
3608,9.393627946127946,0.278012820336477,2169.9280555555556,231,231,93.18361111111112,0.4033922558922559
3609,6.400272967772968,0.2702888109188938,1478.4630555555555,231,0,0.0,0.0
3610,10.60671158392435,0.2921914781938005,2492.577222222222,235,235,377.57722222222225,1.60671158392435
3611,6.000892687559354,0.30437673141790783,1404.2088888888889,234,0,0.0,0.0
3612,9.693598218471637,0.2662981765825209,2297.382777777778,237,237,164.46222222222224,0.6939334270979841
3613,6.988612329434698,0.3243366741905292,1593.403611111111,228,0,0.0,0.0
3614,9.523287037037038,0.2818444853942918,2228.4491666666668,234,234,123.33805555555556,0.5270857075023742
3615,8.415431074227754,0.3195448350715506,2028.118888888889,241,218,0.7405555555555559,0.0030728446288612278
3616,6.853197374589779,0.32477243732435096,1624.2077777777777,237,0,0.0,0.0
3617,8.023296999531176,0.29887194458610683,1901.5213888888889,237,127,0.0,0.0
3618,6.810012236906511,0.2877252700022243,1545.8727777777779,227,0,0.0,0.0
3619,6.005568502824858,0.3106718321460288,1417.3141666666666,236,0,0.0,0.0
3620,8.409169082125604,0.2753482116947619,1934.108888888889,230,215,0.3063888888888897,0.001332125603864738
3621,5.99651125795399,0.30383952627669375,1361.2080555555556,227,0,0.0,0.0
3622,6.469036643026004,0.31077262617799956,1520.223611111111,235,0,0.0,0.0
3623,7.7087741046831955,0.3155721982227679,1865.5233333333333,242,41,0.0,0.0
3624,6.203796695402298,0.28379507914509633,1439.2808333333332,232,0,0.0,0.0
3625,6.693960113960115,0.307786373945894,1566.3866666666668,234,0,0.0,0.0
3626,7.701045751633987,0.2949293440368547,1832.848888888889,238,38,0.0,0.0
3627,8.003764650726676,0.30034908686309125,1896.8922222222222,237,120,0.0,0.0
3628,10.389254385964913,0.2949245615688751,2566.1458333333335,247,247,343.1458333333333,1.3892543859649122
3629,9.79205054840248,0.2980619744747017,2281.547777777778,233,233,184.54777777777778,0.7920505484024798
3630,10.045850023843586,0.28486622559137853,2340.6830555555557,233,233,243.68305555555554,1.045850023843586
3631,10.366412529550827,0.3036806721047415,2436.1069444444443,235,235,321.1069444444444,1.3664125295508274
3632,5.983080137659784,0.2882673502786187,1352.1761111111111,226,0,0.0,0.0
3633,10.114511784511784,0.3105881498067874,2336.452222222222,231,231,257.45222222222225,1.1145117845117847
3634,7.79622335600907,0.29178011227024786,1910.0747222222221,245,66,0.0,0.0
3635,9.076394927536231,0.28355355942316784,2087.570833333333,230,230,36.28694444444445,0.15776932367149762
3636,6.025931513409962,0.31695299674590754,1398.016111111111,232,0,0.0,0.0
3637,9.696563829787234,0.2993119796748735,2278.6925,235,235,164.27583333333334,0.6990460992907802
3638,6.592413632119515,0.2957718483632002,1568.9944444444445,238,0,0.0,0.0
3639,7.954343765162542,0.28817963272315467,1821.5447222222222,229,103,0.0,0.0
3640,7.242989028944911,0.30308699878776246,1723.8313888888888,238,1,0.0,0.0
3641,7.407423371647509,0.29647637194045784,1718.5222222222221,232,3,0.0,0.0
3642,6.011237373737374,0.2966735325929824,1388.5958333333333,231,0,0.0,0.0
3643,7.692890733056708,0.29850963507772943,1853.9866666666667,241,32,0.0,0.0
3644,9.53671522131888,0.2952994759775938,2346.0319444444444,246,246,133.0388888888889,0.5408084914182475
3645,9.520574751580849,0.3059261552927281,2342.061388888889,246,246,128.4413888888889,0.5221194670280036
3646,6.602037795992714,0.2896211758618755,1610.8972222222221,244,0,0.0,0.0
3647,7.220665204678363,0.30555788193485645,1646.3116666666667,228,1,0.0,0.0
3648,6.35966849565615,0.2652830865900032,1545.3994444444445,243,0,0.0,0.0
3649,8.51428014184397,0.2825514851187849,2000.8558333333333,235,228,1.025833333333333,0.004365248226950353
3650,6.070584370677731,0.31296899293238906,1463.0108333333333,241,0,0.0,0.0
3651,6.125462555066079,0.30752531083963186,1390.48,227,0,0.0,0.0
3652,7.6162530062530065,0.2780875420914667,1759.3544444444444,231,15,0.0,0.0
3653,7.0897234093067425,0.30636085031338733,1658.9952777777778,234,1,0.0,0.0
3654,7.49251859600186,0.28882335304060214,1790.7119444444445,239,10,0.0,0.0
3655,7.886312299954275,0.2917836424916945,1916.3738888888888,243,82,0.0,0.0
3656,7.2445999085505255,0.3061921960823499,1760.4377777777777,243,3,0.0,0.0
3657,7.425011622501162,0.2897149863413445,1774.5777777777778,239,3,0.0,0.0
3658,8.667409344490935,0.3006768916693107,2071.5108333333333,239,236,4.653888888888886,0.019472338447233836
3659,10.390627394636015,0.27397477771906537,2410.6255555555554,232,232,322.62555555555554,1.3906273946360153
3660,6.378502155172414,0.3090053167013543,1479.8125,232,0,0.0,0.0
3661,6.527122079160705,0.29240101958481024,1520.8194444444443,233,0,0.0,0.0
3662,7.176608309990662,0.30714040966993117,1708.0327777777777,238,1,0.0,0.0
3663,7.710824188385916,0.2822961058645382,1873.7302777777777,243,38,0.0,0.0
3664,9.076310835629016,0.31446936644640117,2196.467222222222,242,242,41.00944444444445,0.16946051423324152
3665,6.445643886564389,0.2962647090917162,1540.5088888888888,239,0,0.0,0.0
3666,7.897642390289449,0.30176678410710683,1879.638888888889,238,89,0.0,0.0
3667,6.683855703048181,0.30636401451154865,1510.5513888888888,226,0,0.0,0.0
3668,10.903695116487453,0.29428614129450775,2704.1163888888887,248,248,472.1163888888889,1.9036951164874552
3669,10.287627563185502,0.3181782637056864,2397.0172222222222,233,233,300.01722222222224,1.2876275631855032
3670,7.073883994126286,0.2990486640898225,1605.7716666666668,227,0,0.0,0.0
3671,10.689122983870968,0.30014395405923455,2650.9025,248,248,418.90250000000003,1.6891229838709678
3672,10.39913439372983,0.3185194572688619,2506.191388888889,241,241,337.1913888888889,1.3991343937298295
3673,7.783477680737506,0.2984832272749502,1782.4163888888888,229,48,0.0,0.0
3674,10.383338956365272,0.2810063708862151,2564.6847222222223,247,247,341.6847222222222,1.383338956365272
3675,6.585826055312955,0.31852660212192435,1508.1541666666667,229,0,0.0,0.0
3676,7.1940625,0.297314517842448,1726.575,240,1,0.0,0.0
3677,9.143808668582375,0.29726697080734443,2121.363611111111,232,232,46.99916666666667,0.20258261494252874
3678,9.664248501613647,0.2893375378402006,2329.083888888889,241,241,160.26194444444445,0.6649873213462425
3679,10.299616620752984,0.27178029765488776,2492.507222222222,242,242,314.50722222222225,1.2996166207529845
3680,10.01185030218503,0.2771930876984752,2392.8322222222223,239,239,241.8322222222222,1.0118503021850302
3681,6.279298611111112,0.3059530157923542,1507.0316666666668,240,0,0.0,0.0
3682,6.14515716374269,0.2964057763784809,1401.0958333333333,228,0,0.0,0.0
3683,6.4800471014492755,0.30274993550289014,1490.4108333333334,230,0,0.0,0.0
3684,7.524732905982906,0.2974050455495765,1760.7875,234,12,0.0,0.0
3685,7.715177304964539,0.31527352634203576,1813.0666666666666,235,45,0.0,0.0
3686,8.00537623066104,0.330350498910422,1897.2741666666666,237,113,0.0,0.0
3687,6.806834733893558,0.2969643555391972,1620.0266666666666,238,0,0.0,0.0
3688,6.2170480225988705,0.3258782022490771,1467.2233333333334,236,0,0.0,0.0
3689,7.146965247185511,0.30082123935710076,1622.361111111111,227,1,0.0,0.0
3690,8.60672268907563,0.30267114812046114,2048.4,238,235,3.7872222222222245,0.015912698412698423
3691,6.210766806722689,0.2777414681782044,1478.1625,238,0,0.0,0.0
3692,10.573188405797103,0.28475041244056076,2431.8333333333335,230,230,361.8333333333333,1.5731884057971013
3693,7.50081450094162,0.2845475067443907,1770.1922222222222,236,10,0.0,0.0
3694,9.384681026365348,0.29491965967647205,2214.784722222222,236,236,93.84916666666668,0.39766596045197744
3695,7.268322649572649,0.29977539027999683,1700.7875,234,0,0.0,0.0
3696,7.474860539551897,0.2865761145146588,1816.391111111111,243,8,0.0,0.0
3697,7.293228260869566,0.26975148455500025,1677.4425,230,1,0.0,0.0
3698,7.606465477823503,0.289805481372553,1848.371111111111,243,20,0.0,0.0
3699,8.01226122931442,0.27593453874655444,1882.881388888889,235,114,0.0,0.0
3700,7.164859963269055,0.3074475585112454,1733.8961111111112,242,1,0.0,0.0
3701,6.290197885939036,0.32148174299427734,1421.5847222222221,226,0,0.0,0.0
3702,7.269016393442623,0.287304914268035,1773.64,244,3,0.0,0.0
3703,7.817304189435337,0.29284431985622983,1907.4222222222222,244,63,0.0,0.0
3704,7.215596926713949,0.2922593161391401,1695.6652777777779,235,0,0.0,0.0
3705,7.582773029439696,0.2839883577361206,1774.368888888889,234,15,0.0,0.0
3706,6.627811158798283,0.2909069828718217,1544.28,233,0,0.0,0.0
3707,6.330012838468721,0.2993482596107466,1506.5430555555556,238,0,0.0,0.0
3708,9.708145048814506,0.30384839934986385,2320.246666666667,239,239,169.52027777777778,0.7092898651789865
3709,7.5200012236906515,0.3163072442919529,1707.0402777777779,227,12,0.0,0.0
3710,6.111951690821256,0.2798767879694686,1405.7488888888888,230,0,0.0,0.0
3711,10.50881560283688,0.2830670263821199,2469.5716666666667,235,235,354.57166666666666,1.5088156028368793
3712,6.403198478561549,0.27527092913377843,1543.1708333333333,241,0,0.0,0.0
3713,6.688143776824035,0.2922604146817932,1558.3375,233,0,0.0,0.0
3714,6.692377450980392,0.2981386976480291,1592.7858333333334,238,0,0.0,0.0
3715,9.36961226851852,0.2800572277035267,2248.7069444444446,240,240,91.06194444444444,0.3794247685185185
3716,6.805786026200874,0.30668713269331777,1558.525,229,0,0.0,0.0
3717,10.470683668582375,0.31362384130951604,2429.198611111111,232,232,341.1986111111111,1.4706836685823754
3718,6.6833535137701805,0.3018203756948847,1563.9047222222223,234,0,0.0,0.0
3719,10.278979963570126,0.2908195876210929,2508.071111111111,244,244,312.0711111111111,1.2789799635701276
3720,10.609763770180438,0.29349474103004225,2482.6847222222223,234,234,376.6847222222222,1.6097637701804368
3721,7.076479963570128,0.3128556066275002,1726.661111111111,244,0,0.0,0.0
3722,7.413740892531876,0.32040998130525744,1808.9527777777778,244,11,0.0,0.0
3723,8.012629009762902,0.2972519059889674,1915.0183333333334,239,127,0.0,0.0
3724,6.501115963124696,0.32260406536529657,1488.7555555555555,229,0,0.0,0.0
3725,6.59900319567355,0.3068798098140349,1491.3747222222223,226,0,0.0,0.0
3726,6.87007215007215,0.3045208063545295,1586.9866666666667,231,0,0.0,0.0
3727,6.816737329434698,0.3057265125173699,1554.216111111111,228,0,0.0,0.0
3728,6.47205227379278,0.29922184636902577,1533.8763888888889,237,0,0.0,0.0
3729,6.888664990421455,0.2896857870683242,1598.1702777777778,232,0,0.0,0.0
3730,7.328463693957115,0.3023009976052688,1670.8897222222222,228,3,0.0,0.0
3731,6.878664021164021,0.27739645421975034,1588.971388888889,231,0,0.0,0.0
3732,6.120525097465888,0.30132088645637267,1395.4797222222223,228,0,0.0,0.0
3733,7.282114132961413,0.31250273824493613,1740.4252777777779,239,4,0.0,0.0
3734,7.5813290229885055,0.2696071527544428,1758.8683333333333,232,16,0.0,0.0
3735,6.110862068965518,0.30262342637429224,1417.72,232,0,0.0,0.0
3736,7.5545,0.29621834818968495,1813.08,240,17,0.0,0.0
3737,6.896046374764595,0.31763341511997145,1627.4669444444444,236,0,0.0,0.0
3738,6.355290068829892,0.2953926390987393,1436.2955555555557,226,0,0.0,0.0
3739,6.476399618502623,0.27339769173059436,1509.0011111111112,233,0,0.0,0.0
3740,7.797684042066758,0.2860089663215573,1894.8372222222222,243,57,0.0,0.0
3741,8.517214153988013,0.29407097033818347,2052.648611111111,241,231,1.2633333333333336,0.005242047026279392
3742,6.575756427915519,0.31555932303440304,1591.3330555555556,242,0,0.0,0.0
3743,8.48602859135286,0.32451913534415416,2028.1608333333334,239,222,1.8986111111111121,0.00794397954439796
3744,7.415129706152434,0.3012341001083478,1794.461388888889,242,8,0.0,0.0
3745,10.306210488505748,0.2944223444257543,2391.0408333333335,232,232,303.04083333333335,1.3062104885057473
3746,6.997050094966762,0.3181855193140495,1637.3097222222223,234,0,0.0,0.0
3747,6.1372968673519335,0.31232595208231634,1393.1663888888888,227,0,0.0,0.0
3748,10.667377589453862,0.31199134603882284,2517.501111111111,236,236,393.50111111111113,1.6673775894538607
3749,7.871218407248451,0.29470065347906843,1833.993888888889,233,83,0.0,0.0
3750,10.865613668061366,0.2851504167512866,2596.8816666666667,239,239,445.88166666666666,1.8656136680613669
3751,7.60069262493935,0.29758598531626845,1740.558611111111,229,23,0.0,0.0
3752,6.122678311499272,0.28420874909052535,1402.0933333333332,229,0,0.0,0.0
3753,7.012275948788295,0.29644149234467887,1703.9830555555557,243,0,0.0,0.0
3754,6.390999755261869,0.2967566519007354,1450.7569444444443,227,0,0.0,0.0
3755,7.1276185344827585,0.3039475720712894,1653.6075,232,0,0.0,0.0
3756,5.980724163027657,0.3176704015952929,1369.5858333333333,229,0,0.0,0.0
3757,8.461341236634123,0.3044375704011413,2022.2605555555556,239,227,0.9627777777777808,0.004028358902835903
3758,7.386145374449339,0.2993276296116136,1676.655,227,2,0.0,0.0
3759,6.993237311385459,0.31393017139308665,1699.3566666666666,243,0,0.0,0.0
3760,6.535202127659574,0.2900296952467541,1535.7725,235,0,0.0,0.0
3761,7.908601851851852,0.2953465954841714,1898.0644444444445,240,93,0.0,0.0
3762,7.073531571218796,0.3228269648872684,1605.6916666666666,227,0,0.0,0.0
3763,7.023066331417624,0.3054867268290276,1629.3513888888888,232,0,0.0,0.0
3764,6.167354609929078,0.30032678390915474,1449.3283333333334,235,0,0.0,0.0
3765,7.698163240332844,0.2860601690464388,1747.4830555555557,227,28,0.0,0.0
3766,7.602527071563088,0.295655298740371,1794.1963888888888,236,26,0.0,0.0
3767,10.299240063233965,0.28744863038897545,2533.6130555555555,246,246,319.61305555555555,1.2992400632339656
3768,6.394126984126984,0.30667445966226103,1521.8022222222223,238,0,0.0,0.0
3769,9.987019489247311,0.3061965227958962,2476.7808333333332,248,248,244.7808333333333,0.9870194892473118
3770,10.508235827664398,0.30094570706493884,2574.5177777777776,245,245,369.5177777777778,1.508235827664399
3771,6.594873213462425,0.3131831893110535,1589.3644444444444,241,0,0.0,0.0
3772,7.990005860290671,0.2975464360332394,1893.631388888889,237,109,0.00416666666666643,1.758087201125076e-05
3773,6.185179172679173,0.297062547345874,1428.776388888889,231,0,0.0,0.0
3774,7.201067821067821,0.2872820128513929,1663.4466666666667,231,1,0.0,0.0
3775,6.026891860996799,0.2885791649163899,1464.5347222222222,243,0,0.0,0.0
3776,8.09764403292181,0.3098960600133014,1967.7275,243,147,0.22611111111111093,0.0009304983996342014
3777,6.277050905531081,0.29873544075194675,1424.8905555555555,227,0,0.0,0.0
3778,10.619531321444903,0.30410217848228943,2580.5461111111113,243,243,393.5461111111111,1.6195313214449016
3779,8.402318738229756,0.30008847608980266,1982.9472222222223,236,214,0.16000000000000014,0.0006779661016949158
3780,6.094551371455137,0.2992220048016883,1456.5977777777778,239,0,0.0,0.0
3781,8.410671296296297,0.30414267491137176,1917.6330555555555,228,205,0.7794444444444455,0.003418615984405463
3782,6.609450354609929,0.3128665502958623,1553.2208333333333,235,0,0.0,0.0
3783,7.809914707238359,0.271883476452465,1882.1894444444445,241,57,0.0,0.0
3784,7.300513085399449,0.2877040657872222,1766.7241666666666,242,0,0.0,0.0
3785,9.103744354110209,0.2678172829827078,2239.521111111111,246,246,41.48888888888889,0.16865401987353207
3786,7.913028233151183,0.2799970852819587,1930.7788888888888,244,88,0.0,0.0
3787,7.811518759018759,0.32384896377384076,1804.4608333333333,231,60,0.0,0.0
3788,7.1189434740417274,0.2711289410882033,1630.2380555555555,229,0,0.0,0.0
3789,7.41584186159844,0.299154527105225,1690.8119444444444,228,7,0.0,0.0
3790,6.910209219858156,0.29567074818677763,1623.8991666666666,235,0,0.0,0.0
3791,6.799035947712419,0.30801468103872504,1618.1705555555557,238,0,0.0,0.0
3792,6.506272638277044,0.2946515067344183,1476.923888888889,227,0,0.0,0.0
3793,9.706298185941042,0.3207174040257654,2378.0430555555554,245,245,173.38583333333332,0.7076972789115645
3794,6.484923928077454,0.29363179475599227,1562.8666666666666,241,0,0.0,0.0
3795,7.579077868852459,0.3103483330469461,1849.295,244,25,0.0,0.0
3796,7.384378809188935,0.29717681133107493,1750.0977777777778,237,5,0.0,0.0
3797,7.085148851383028,0.3094775657389545,1679.1802777777777,237,1,0.0,0.0
3798,7.385408212560386,0.30437442378794644,1698.6438888888888,230,6,0.0,0.0
3799,6.403510516689529,0.29623453339678485,1556.0530555555556,243,0,0.0,0.0
3800,6.1076279391424615,0.288945294682285,1471.9383333333333,241,0,0.0,0.0
3801,7.28372418879056,0.30197761442204224,1646.1216666666667,226,2,0.0,0.0
3802,7.04831161408322,0.31395325972858706,1712.7397222222223,243,0,0.0,0.0
3803,7.214350321395776,0.3140574524926343,1745.8727777777779,242,1,0.0,0.0
3804,7.401679505135387,0.2745396093219574,1761.5997222222222,238,5,0.0,0.0
3805,8.098837719298245,0.3207119240965669,1846.535,228,141,0.0,0.0
3806,9.314351449275362,0.31683112808725994,2142.3008333333332,230,230,77.64277777777777,0.3375772946859903
3807,7.808459699453552,0.3052616621410968,1905.2641666666666,244,68,0.0,0.0
3808,6.787518912529551,0.30628922371935985,1595.0669444444445,235,0,0.0,0.0
3809,9.415903642231443,0.30281801654558305,2269.2327777777778,241,241,103.12666666666667,0.42791147994467493
3810,6.687368541380887,0.29437361438220927,1625.0305555555556,243,0,0.0,0.0
3811,9.190074696545285,0.3088532417140498,2187.237777777778,238,238,57.706388888888895,0.2424638188608777
3812,6.006545521292217,0.26900293901247463,1363.4858333333334,227,0,0.0,0.0
3813,6.404425120772947,0.290635747025562,1473.0177777777778,230,0,0.0,0.0
3814,5.998565386374029,0.30177768220999984,1457.651388888889,243,0,0.0,0.0
3815,6.462534425451093,0.30497518440039995,1512.2330555555557,234,0,0.0,0.0
3816,7.004932071809802,0.32027640956771036,1604.1294444444445,229,0,0.0,0.0
3817,7.27691190144119,0.3022720555301292,1739.1819444444445,239,1,0.0,0.0
3818,6.595099290780142,0.30194068002769753,1549.8483333333334,235,0,0.0,0.0
3819,8.415110640301318,0.3071652883514777,1985.966111111111,236,214,0.6150000000000002,0.0026059322033898315
3820,8.86907327586207,0.3012319214823834,2057.625,232,231,14.378888888888886,0.06197796934865899
3821,9.398416099773243,0.3049188635071825,2302.6119444444444,245,245,101.04138888888889,0.41241383219954647
3822,6.317826725403818,0.33026443150928914,1434.1466666666668,227,0,0.0,0.0
3823,8.81188775510204,0.3055012587313585,2158.9125,245,245,12.982500000000003,0.05298979591836736
3824,6.624580327080327,0.2996960974827635,1530.2780555555555,231,0,0.0,0.0
3825,8.913924619640387,0.3149905788345366,2148.255833333333,241,241,22.469722222222224,0.09323536191793454
3826,7.914459000485201,0.29104183476165607,1812.411111111111,229,86,0.0,0.0
3827,7.231297498797498,0.3025247164079852,1670.4297222222222,231,3,0.0,0.0
3828,10.939724596391262,0.31229599709231254,2559.8955555555553,234,234,453.8955555555556,1.939724596391263
3829,6.109448051948052,0.32923413613814534,1411.2825,231,0,0.0,0.0
3830,7.313988095238096,0.29941063259574646,1740.7291666666667,238,3,0.0,0.0
3831,6.585563936781609,0.2939509332138555,1527.8508333333334,232,0,0.0,0.0
3832,6.09373482726424,0.27725721428147615,1450.308888888889,238,0,0.0,0.0
3833,7.603855932203389,0.29820927808323555,1794.51,236,21,0.0,0.0
3834,7.414982419127989,0.3074360959492423,1757.3508333333334,237,9,0.0,0.0
3835,7.892258503401361,0.3079447256024836,1933.6033333333332,245,89,0.0,0.0
3836,8.430085106382979,0.30999545263538864,1981.07,235,214,1.162222222222221,0.004945626477541366
3837,6.021607487922705,0.3044798555327127,1384.9697222222221,230,0,0.0,0.0
3838,6.9033239171374765,0.3111955019622865,1629.1844444444444,236,0,0.0,0.0
3839,7.585921237693389,0.3247220849190267,1797.8633333333332,237,22,0.0,0.0
3840,6.240396995708155,0.2821699461305955,1454.0125,233,0,0.0,0.0
3841,8.004658469945356,0.3109803328952683,1953.1366666666668,244,125,0.0,0.0
3842,6.680691609977324,0.29087663148077725,1636.7694444444444,245,0,0.0,0.0
3843,7.283664990421456,0.29150943119221684,1689.8102777777779,232,0,0.0,0.0
3844,9.603570089076419,0.30492852964132605,2276.0461111111113,237,237,143.61638888888888,0.6059763244256915
3845,5.993160310734463,0.32003271839710634,1414.3858333333333,236,0,0.0,0.0
3846,8.02535265700483,0.270005847366161,1845.831111111111,230,121,0.0,0.0
3847,9.25281101614435,0.29202689261736475,2165.157777777778,234,234,66.26138888888889,0.28316832858499524
3848,8.622644534778681,0.3122532381234193,2121.1705555555554,246,243,4.869444444444447,0.019794489611562792
3849,7.09489406779661,0.3010032867223658,1674.395,236,0,0.0,0.0
3850,10.698062471184878,0.3102141904542351,2578.2330555555554,241,241,409.23305555555555,1.6980624711848777
3851,8.67883310564663,0.3163048681427138,2117.635277777778,244,238,5.76888888888889,0.023642987249544632
3852,7.206112263715998,0.3074803438316042,1736.6730555555555,241,0,0.0,0.0
3853,6.40713601532567,0.3007660671644078,1486.4555555555555,232,0,0.0,0.0
3854,10.539048786181139,0.29691396999342545,2508.293611111111,238,238,366.2936111111111,1.539048786181139
3855,7.289530567685589,0.2941301578277539,1669.3025,229,1,0.0,0.0
3856,7.887590605627087,0.323371765168372,1837.808611111111,233,88,0.007222222222221575,3.0996661897946676e-05
3857,6.065146638054363,0.3118608929066635,1413.1791666666666,233,0,0.0,0.0
3858,6.776572855750487,0.32387341239831624,1545.058611111111,228,0,0.0,0.0
3859,7.813417257683215,0.31171059921303956,1836.1530555555555,235,70,0.0,0.0
3860,7.7877777777777775,0.2863686631108442,1915.7933333333333,246,59,0.0,0.0
3861,6.615295508274231,0.2882897887700183,1554.5944444444444,235,0,0.0,0.0
3862,7.691735253772291,0.3158191809339351,1869.0916666666667,243,36,0.0,0.0
3863,6.003140933140933,0.2844228148723844,1386.7255555555555,231,0,0.0,0.0
3864,8.480666666666666,0.3073107750585914,2077.7633333333333,245,227,2.2247222222222227,0.009080498866213154
3865,8.009613266283525,0.3078391292358417,1858.2302777777777,232,122,0.0,0.0
3866,6.313820037986705,0.305576857769567,1477.433888888889,234,0,0.0,0.0
3867,7.590807217473884,0.27791313936740125,1776.2488888888888,234,16,0.0,0.0
3868,7.6026572543618,0.2898734438823875,1839.8430555555556,242,18,0.0,0.0
3869,8.362878787878788,0.2938137693224938,2023.8166666666666,242,213,0.28888888888888964,0.0011937557392102877
3870,7.185211805555555,0.305589961220947,1724.4508333333333,240,1,0.0,0.0
3871,10.688967391304349,0.273347197851173,2458.4625,230,230,388.46250000000003,1.688967391304348
3872,6.380850480109739,0.3102448781167251,1550.5466666666666,243,0,0.0,0.0
3873,6.61519212962963,0.3076342154185627,1587.6461111111112,240,0,0.0,0.0
3874,7.40136158594492,0.2856451988999138,1731.9186111111112,234,4,0.0,0.0
3875,9.711996151996152,0.2931290489820296,2243.471111111111,231,231,164.60305555555556,0.7125673400673401
3876,7.781927966101695,0.26914796828434423,1836.535,236,52,0.0,0.0
3877,6.705334255417243,0.29621999544044075,1615.9855555555555,241,0,0.0,0.0
3878,6.390048879351455,0.31116918512085,1488.881388888889,233,0,0.0,0.0
3879,10.995572424651373,0.28697461043244876,2715.906388888889,247,247,492.9063888888889,1.995572424651372
3880,7.72235153256705,0.3249261815399854,1791.5855555555556,232,48,0.0,0.0
3881,9.51408906882591,0.31699929821329,2349.98,247,247,128.85944444444442,0.521698155645524
3882,6.011818287037037,0.3056619967471171,1442.836388888889,240,0,0.0,0.0
3883,8.514237588652483,0.3163655719183857,2000.8458333333333,235,223,1.8863888888888862,0.008027186761229304
3884,8.11039419087137,0.312946594810948,1954.605,241,144,0.3572222222222212,0.001482249884739507
3885,7.406556283357593,0.29136281561993926,1696.1013888888888,229,3,0.0,0.0
3886,8.02555795019157,0.2918307699221041,1861.9294444444445,232,129,0.0,0.0
3887,9.921207929921621,0.2721806083095102,2391.011111111111,241,241,222.0111111111111,0.9212079299216228
3888,7.502065118397086,0.30009172438080384,1830.503888888889,244,11,0.0,0.0
3889,7.179538958045182,0.2971345849617151,1730.2688888888888,241,1,0.0,0.0
3890,7.683146551724138,0.30899263104846136,1782.49,232,35,0.0,0.0
3891,7.9710895691609975,0.30032359677158066,1952.9169444444444,245,112,0.0,0.0
3892,6.223042824074074,0.30620258851457366,1493.5302777777779,240,0,0.0,0.0
3893,7.823783846872082,0.2731327520153306,1862.0605555555555,238,66,0.0,0.0
3894,6.504990503323836,0.3074965746066589,1522.1677777777777,234,0,0.0,0.0
3895,7.099637377963737,0.28323224537226915,1696.8133333333333,239,0,0.0,0.0
3896,9.224344070961717,0.3106859866878152,2195.393888888889,238,238,63.74305555555555,0.267827964519141
3897,8.53535123966942,0.30176262172210244,2065.555,242,232,1.7183333333333337,0.0071005509641873295
3898,8.18828031350853,0.2876095901905433,1973.3755555555556,241,177,0.009999999999999787,4.1493775933609077e-05
3899,8.078224586288416,0.2926064721268609,1898.3827777777778,235,139,0.0,0.0
3900,6.705840136054422,0.3094046058292607,1642.9308333333333,245,0,0.0,0.0
3901,6.995156175488794,0.29728620322594645,1629.871388888889,233,0,0.0,0.0
3902,7.864863526570049,0.289314370940966,1808.9186111111112,230,75,0.0,0.0
3903,6.277419278252612,0.28609015127524196,1468.9161111111111,234,0,0.0,0.0
3904,6.309411404796868,0.27356066684600683,1432.236388888889,227,0,0.0,0.0
3905,6.410934557438795,0.2715736476168557,1512.9805555555556,236,0,0.0,0.0
3906,6.805530092592592,0.2971252812618054,1633.3272222222222,240,0,0.0,0.0
3907,7.701706183170618,0.3124743381740635,1840.7077777777777,239,48,0.0,0.0
3908,6.575021186440678,0.32276668998826874,1551.705,236,0,0.0,0.0
3909,6.894498171010516,0.3162078579339054,1675.3630555555555,243,0,0.0,0.0
3910,7.224268115942029,0.320035452757449,1661.5816666666667,230,4,0.0,0.0
3911,7.710550786838341,0.30741216679271033,1796.5583333333334,233,47,0.0,0.0
3912,9.81645048814505,0.314297633464416,2346.1316666666667,239,239,195.19083333333333,0.8166980474198048
3913,5.979858229598893,0.31581983821623166,1441.1458333333333,241,0,0.0,0.0
3914,7.615646551724137,0.29909950781227046,1766.83,232,23,0.0,0.0
3915,7.4058831018518525,0.301184170305022,1777.4119444444445,240,6,0.0,0.0
3916,7.315814009661835,0.30241891722523895,1682.6372222222221,230,3,0.0,0.0
3917,7.717876647834275,0.29652991005356405,1821.418888888889,236,43,0.0,0.0
3918,9.827860750360749,0.3045428289613288,2270.235833333333,231,231,191.41777777777776,0.8286483886483885
3919,10.412180611785875,0.30119419186457363,2571.808611111111,247,247,348.80861111111113,1.412180611785875
3920,6.987964580300825,0.3026442482556607,1600.243888888889,229,0,0.0,0.0
3921,6.006363636363637,0.3164831165065821,1387.47,231,0,0.0,0.0
3922,6.496436988936988,0.29868173025960676,1500.6769444444444,231,0,0.0,0.0
3923,10.193314814814814,0.3064446243726216,2446.3955555555553,240,240,286.3955555555555,1.1933148148148147
3924,7.59164048269581,0.2906774233780599,1852.3602777777778,244,21,0.0,0.0
3925,7.906473799126638,0.2897958254339454,1810.5825,229,87,0.0,0.0
3926,7.790443469785576,0.3250388194647683,1776.2211111111112,228,61,0.0,0.0
3927,6.214679580896686,0.2949076577576786,1416.9469444444444,228,0,0.0,0.0
3928,5.98645112955279,0.3140947937302302,1442.7347222222222,241,0,0.0,0.0
3929,6.707549951267056,0.2980826036093585,1529.3213888888888,228,0,0.0,0.0
3930,7.606590702947846,0.2970605231664706,1863.6147222222223,245,23,0.0,0.0
3931,6.325555555555556,0.278827739092142,1442.2266666666667,228,0,0.0,0.0
3932,6.804979338842975,0.28591634000615973,1646.805,242,0,0.0,0.0
3933,8.795385735080059,0.2906677538475622,2014.1433333333334,229,226,8.867222222222223,0.038721494420184376
3934,8.002729885057471,0.2982235580884391,1856.6333333333334,232,123,0.0,0.0
3935,9.915464480874318,0.29013412431711094,2419.3733333333334,244,244,223.37333333333333,0.915464480874317
3936,7.424654811715482,0.3079724768211758,1774.4925,239,3,0.0,0.0
3937,7.713776150627615,0.3021954936997335,1843.5925,239,40,0.0,0.0
3938,8.306316526610644,0.31397245061883616,1976.9033333333334,238,198,0.11000000000000121,0.00046218487394958493
3939,7.912287308228731,0.3109110182535867,1891.0366666666666,239,93,0.0,0.0
3940,6.221997354497354,0.3099042832785091,1437.2813888888888,231,0,0.0,0.0
3941,6.287173611111111,0.2792701453697932,1508.9216666666666,240,0,0.0,0.0
3942,6.788280367231638,0.30679836570790486,1602.0341666666666,236,0,0.0,0.0
3943,5.982664742664743,0.2854990285439801,1381.9955555555555,231,0,0.0,0.0
3944,9.036384335154827,0.3182428335357986,2204.8777777777777,244,244,36.092777777777776,0.14792122040072858
3945,8.40061391223156,0.27151192140408537,1999.3461111111112,238,220,0.5622222222222231,0.002362278244631189
3946,6.699085309158531,0.2996285629701949,1601.0813888888888,239,0,0.0,0.0
3947,7.598850241545893,0.3039602190588094,1747.7355555555555,230,15,0.0,0.0
3948,6.731928506375228,0.28659523014196603,1642.5905555555555,244,0,0.0,0.0
3949,6.291201790633608,0.2878956504379077,1522.4708333333333,242,0,0.0,0.0
3950,8.186905255878285,0.30418670406017595,1973.0441666666666,241,176,0.3852777777777785,0.001598662978331031
3951,8.123122448979592,0.3187771237193932,1990.165,245,154,0.027499999999999858,0.00011224489795918309
3952,6.0869706284153,0.28790899949998094,1485.2208333333333,244,0,0.0,0.0
3953,7.696015046296297,0.2653239724650497,1847.0436111111112,240,32,0.0,0.0
3954,7.522102657004831,0.2547543835569432,1730.0836111111112,230,6,0.0,0.0
3955,6.394260431317393,0.27910363603624344,1515.4397222222221,237,0,0.0,0.0
3956,8.907727272727273,0.298505150767249,2155.67,242,241,18.915555555555557,0.07816345270890726
3957,7.295628072763028,0.2981014660931426,1648.8119444444444,226,1,0.0,0.0
3958,6.686816148775894,0.27623066717327205,1578.088611111111,236,0,0.0,0.0
3959,7.993744064577397,0.2995224271430134,1870.536111111111,234,115,0.0,0.0
3960,9.988379028379027,0.30713503588818103,2307.3155555555554,231,231,228.3202777777778,0.988399470899471
3961,9.481728650137741,0.28282331669484256,2294.5783333333334,242,242,117.67444444444445,0.48625803489439856
3962,9.291028806584361,0.28487749952223423,2257.72,243,243,75.62694444444445,0.3112219935985368
3963,6.068434119960669,0.27953350950860767,1371.466111111111,226,0,0.0,0.0
3964,8.594216643421664,0.2994472741688127,2054.0177777777776,239,237,3.3475,0.014006276150627616
3965,8.043768861454046,0.3159601275849647,1954.6358333333333,243,127,0.0,0.0
3966,7.366939890710382,0.3056113896769683,1797.5333333333333,244,5,0.0,0.0
3967,6.890665708812261,0.3168667289500292,1598.6344444444444,232,0,0.0,0.0
3968,6.701427895981087,0.30285816995472853,1574.8355555555556,235,0,0.0,0.0
3969,6.609389619883041,0.3103631368740586,1506.9408333333333,228,0,0.0,0.0
3970,6.610516366989396,0.298741887385825,1593.1344444444444,241,0,0.0,0.0
3971,6.684642531876138,0.3056784492844443,1631.0527777777777,244,0,0.0,0.0
3972,7.839338235294118,0.31389164591321755,1865.7625,238,70,0.0,0.0
3973,7.895517952450267,0.291469889066609,1808.0736111111112,229,67,0.0,0.0
3974,6.195063185503099,0.30220703799095205,1443.4497222222221,233,0,0.0,0.0
3975,6.194631566713157,0.30951986023357436,1480.5169444444443,239,0,0.0,0.0
3976,7.353812915479582,0.28337362641844627,1720.7922222222223,234,5,0.0,0.0
3977,7.818558590102708,0.2926555070786041,1860.8169444444445,238,59,0.0,0.0
3978,10.283835425383542,0.3092854707977491,2457.8366666666666,239,239,306.83666666666664,1.2838354253835425
3979,7.0870643153526975,0.30096575259262603,1707.9825,241,0,0.0,0.0
3980,8.706473922902495,0.2910065715652242,2133.086111111111,245,242,5.623888888888887,0.02295464852607709
3981,7.9803557504873295,0.33747049368302945,1819.5211111111112,228,107,0.0,0.0
3982,6.624849137931034,0.30928466568119234,1536.965,232,0,0.0,0.0
3983,7.404434071000461,0.29748223994688455,1784.4686111111112,241,9,0.0,0.0
3984,6.579242097701149,0.3040697202263183,1526.3841666666667,232,0,0.0,0.0
3985,7.400633569739953,0.32048812610748245,1739.148888888889,235,5,0.0,0.0
3986,10.694584520417854,0.26946197290185003,2502.532777777778,234,234,396.53277777777777,1.6945845204178538
3987,7.240177404295052,0.30902517536284696,1723.1622222222222,238,2,0.0,0.0
3988,7.059951945616503,0.29205221239460977,1673.2086111111112,237,0,0.0,0.0
3989,7.49025493025493,0.30061022067839194,1730.2488888888888,231,9,0.0,0.0
3990,7.590064463197375,0.2936851753813841,1798.8452777777777,237,19,0.0,0.0
3991,9.485377585377586,0.308804227168421,2191.1222222222223,231,231,113.86833333333334,0.49293650793650795
3992,6.127782505910165,0.31798092632070046,1440.0288888888888,235,0,0.0,0.0
3993,9.595179738562091,0.2879356412289285,2283.652777777778,238,238,142.07416666666666,0.5969502801120448
3994,7.612805799220272,0.292805522359897,1735.7197222222221,228,23,0.0,0.0
3995,6.054205146705146,0.2999667562806873,1398.5213888888889,231,0,0.0,0.0
3996,8.719821428571429,0.2833254762079316,2075.3175,238,236,6.052222222222225,0.0254295051353875
3997,7.173255462575547,0.29920436704818176,1714.4080555555556,239,1,0.0,0.0
3998,10.672969995311767,0.311299267004677,2529.4938888888887,237,237,396.4938888888889,1.6729699953117674
3999,6.983569915254237,0.28605918979028777,1648.1225,236,0,0.0,0.0
4000,10.215344907407406,0.2848778231277713,2451.6827777777776,240,240,291.6827777777778,1.2153449074074074
4001,7.707633524082022,0.30334197876885305,1795.878611111111,233,37,0.0,0.0
4002,7.611351931330471,0.28644591484491105,1773.445,233,20,0.0,0.0
4003,6.489173640167364,0.29285416735891645,1550.9125,239,0,0.0,0.0
4004,6.104896723646724,0.2845610519179783,1428.5458333333333,234,0,0.0,0.0
4005,7.183088842975206,0.2875288885760673,1738.3075,242,0,0.0,0.0
4006,7.699578460038986,0.28953020219655484,1755.503888888889,228,28,0.0,0.0
4007,8.028727524204703,0.3109187384077522,1934.9233333333334,241,136,0.0,0.0
4008,6.612405876951331,0.2990660891117963,1600.2022222222222,242,0,0.0,0.0
4009,10.377716830754805,0.2955671212490023,2459.518888888889,237,237,326.5188888888889,1.3777168307548056
4010,7.934115402956604,0.293734234077094,1848.648888888889,233,101,0.0,0.0
4011,7.055443262411347,0.2937947129740418,1658.0291666666667,235,0,0.0,0.0
4012,8.013264760576476,0.30218226265457565,1915.1702777777778,239,126,0.0,0.0
4013,6.280660442600277,0.310839683307675,1513.6391666666666,241,0,0.0,0.0
4014,6.11030064014632,0.31003958483469446,1484.8030555555556,243,0,0.0,0.0
4015,8.59643217893218,0.29076199033001027,1985.7758333333334,231,226,2.112777777777776,0.009146224146224138
4016,7.89895949074074,0.2995361778007904,1895.7502777777777,240,84,0.0,0.0
4017,7.688701741996234,0.2999669920315966,1814.5336111111112,236,26,0.0,0.0
4018,6.493613445378151,0.2989386176965662,1545.48,238,0,0.0,0.0
4019,6.17837367450438,0.28553450072628095,1488.9880555555555,241,0,0.0,0.0
4020,6.950778985507246,0.30484770917129633,1598.6791666666666,230,0,0.0,0.0
4021,7.718414893617021,0.3069930298166423,1813.8275,235,43,0.0,0.0
4022,10.512892924976258,0.32282228074882763,2460.0169444444446,234,234,354.01694444444445,1.5128929249762584
4023,9.49042972459639,0.2847531712495951,2220.7605555555556,234,234,115.63194444444446,0.49415360873694214
4024,7.527197962154293,0.30808548940662606,1723.7283333333332,229,13,0.0,0.0
4025,8.067217553688142,0.2749506210982065,1919.9977777777779,238,135,0.0,0.0
4026,7.119061065197428,0.30925230589213637,1722.8127777777777,242,0,0.0,0.0
4027,8.72363482384824,0.29660774488083114,2146.014166666667,246,243,6.65972222222222,0.02707204155374886
4028,10.506960580912862,0.30821426065989604,2532.1775,241,241,363.1775,1.506960580912863
4029,7.110689927732611,0.3134689450160386,1749.2297222222223,246,1,0.0,0.0
4030,6.48973898467433,0.3178027808069557,1505.6194444444445,232,0,0.0,0.0
4031,6.832436342592592,0.2886485621050059,1639.7847222222222,240,0,0.0,0.0
4032,9.305777074542897,0.2951994849051865,2205.4691666666668,237,237,77.57361111111112,0.32731481481481484
4033,7.554721050164088,0.27157772718369483,1790.4688888888888,237,11,0.0,0.0
4034,7.195166427203065,0.3058314453240704,1669.278611111111,232,1,0.0,0.0
4035,7.083899482109228,0.29186000496069897,1671.8002777777779,236,0,0.0,0.0
4036,10.200662851692893,0.32263470326685695,2376.7544444444443,233,233,279.75444444444446,1.2006628516928948
4037,6.8937583812260534,0.28892098335984373,1599.3519444444444,232,0,0.0,0.0
4038,7.322567722681359,0.2886543087162941,1772.0613888888888,242,3,0.0,0.0
4039,6.4082341269841265,0.294134023004778,1525.1597222222222,238,0,0.0,0.0
4040,7.421599576271186,0.29552942148863864,1751.4975,236,6,0.0,0.0
4041,8.306982212475633,0.29300062919133985,1893.9919444444445,228,195,0.07444444444444542,0.00032651072124756765
4042,9.197162131519274,0.30361112024289644,2253.304722222222,245,245,60.03444444444445,0.2450385487528345
4043,6.829941331417625,0.28393508062120354,1584.546388888889,232,0,0.0,0.0
4044,6.103722687122269,0.2949216627623368,1458.7897222222223,239,0,0.0,0.0
4045,7.825787439613526,0.3007073935913588,1799.931111111111,230,67,0.0,0.0
4046,6.405410575048733,0.3131585088237306,1460.433611111111,228,0,0.0,0.0
4047,10.561230803974706,0.2590889434176727,2598.0627777777777,246,246,384.0627777777778,1.5612308039747065
4048,6.7969338512241055,0.3057512443736447,1604.076388888889,236,0,0.0,0.0
4049,6.295510603964961,0.2918975710164042,1517.2180555555556,241,0,0.0,0.0
4050,7.257912494039104,0.3014079472701802,1691.0936111111112,233,2,0.0,0.0
4051,8.863294979079498,0.3201492450406725,2118.3275,239,238,16.94138888888889,0.07088447233844725
4052,9.371956521739131,0.2861749300919137,2155.55,230,230,88.86527777777776,0.38637077294685984
4053,5.99063475177305,0.30502142293273565,1407.7991666666667,235,0,0.0,0.0
4054,7.89697337962963,0.2882154754447783,1895.2736111111112,240,86,0.0,0.0
4055,7.016283068783069,0.26910098663484505,1620.7613888888889,231,0,0.0,0.0
4056,10.78147737455197,0.3117587273788857,2673.8063888888887,248,248,441.8063888888889,1.7814773745519712
4057,9.923890036730945,0.3126152044170146,2401.581388888889,242,242,223.58138888888888,0.9238900367309458
4058,10.213899527186761,0.3131667755487055,2400.2663888888887,235,235,285.2663888888889,1.2138995271867614
4059,7.610720164609053,0.2939636478735574,1849.405,243,24,0.0,0.0
4060,6.307485250737463,0.3012698225085478,1425.4916666666666,226,0,0.0,0.0
4061,8.693173758865248,0.294987829028965,2042.8958333333333,235,232,5.240555555555558,0.022300236406619395
4062,6.498731032794909,0.30061898959932337,1475.2119444444445,227,0,0.0,0.0
4063,6.553021990740741,0.34284718152267085,1572.7252777777778,240,0,0.0,0.0
4064,6.708564213564213,0.2970002943729465,1549.6783333333333,231,0,0.0,0.0
4065,9.772402659069325,0.2906410854022813,2286.742222222222,234,234,180.7422222222222,0.7724026590693257
4066,7.112342117758784,0.2995717170457832,1664.2880555555555,234,0,0.0,0.0
4067,5.9938015526443476,0.2957895226979586,1372.5805555555555,229,0,0.0,0.0
4068,6.793736225895318,0.30608024960807734,1644.0841666666668,242,0,0.0,0.0
4069,6.788305439330544,0.29640710501360096,1622.405,239,0,0.0,0.0
4070,7.710127504553734,0.29734466376099716,1881.2711111111112,244,40,0.0,0.0
4071,6.603065843621399,0.29025790057353457,1604.545,243,0,0.0,0.0
4072,6.93400070621469,0.2898441385041082,1636.4241666666667,236,0,0.0,0.0
4073,6.290863054412437,0.30558551027002157,1528.6797222222222,243,0,0.0,0.0
4074,7.242158931082981,0.32693608801194246,1716.3916666666667,237,1,0.0,0.0
4075,8.811529597282872,0.2872408930960519,2017.8402777777778,229,229,10.42638888888889,0.04553008248423096
4076,7.889389357712142,0.3205267047544624,1869.7852777777778,237,82,0.0727777777777785,0.00030707923112986707
4077,7.321815352697095,0.307775192376893,1764.5575,241,3,0.0,0.0
4078,10.317862787356322,0.26535063951543625,2393.744166666667,232,232,305.7441666666667,1.3178627873563218
4079,10.808652777777779,0.3080598574229732,2594.076666666667,240,240,434.07666666666665,1.8086527777777777
4080,7.858071256038647,0.32034421846816463,1807.356388888889,230,77,0.0,0.0
4081,7.887598308184728,0.3268658490510641,1916.6863888888888,243,85,0.0,0.0
4082,7.5202123507805325,0.30630065675452867,1819.891388888889,242,13,0.0,0.0
4083,8.003354519774012,0.3053703998581203,1888.7916666666667,236,112,0.0,0.0
4084,8.175601469237833,0.30192927802504893,1978.4955555555555,242,170,0.031388888888889355,0.0001297061524334271
4085,10.813751177024482,0.3169327233469386,2552.0452777777778,236,236,428.04527777777776,1.813751177024482
4086,6.089302083333333,0.3012977734327144,1461.4325,240,0,0.0,0.0
4087,6.598213768115942,0.3077294642572541,1517.5891666666666,230,0,0.0,0.0
4088,6.097765957446808,0.27754421660818485,1432.975,235,0,0.0,0.0
4089,10.500978997289973,0.3216627059046245,2583.2408333333333,246,246,369.24083333333334,1.500978997289973
4090,6.8744063421828905,0.3214640029532304,1553.6158333333333,226,1,0.0,0.0
4091,7.025246527777778,0.27991141397376823,1686.0591666666667,240,0,0.0,0.0
4092,7.799973599632691,0.30128557962696073,1887.5936111111112,242,57,0.0,0.0
4093,6.187881218038122,0.335569071934762,1478.903611111111,239,0,0.0,0.0
4094,6.211339243498818,0.3132874159461965,1459.6647222222223,235,0,0.0,0.0
4095,6.117868794326242,0.2855371226848449,1437.6991666666668,235,0,0.0,0.0
4096,10.196005910165484,0.31365528210380383,2396.061388888889,235,235,281.06138888888887,1.1960059101654845
4097,7.794042824074074,0.3126562542851345,1870.5702777777778,240,63,0.0,0.0
4098,6.203211805555555,0.29025902772136125,1488.7708333333333,240,0,0.0,0.0
4099,7.91453514739229,0.28810598466686665,1939.0611111111111,245,93,0.0,0.0
4100,7.226888888888889,0.32602138268027264,1698.318888888889,235,2,0.0,0.0
4101,6.494887706855792,0.2968575150328461,1526.298611111111,235,0,0.0,0.0
4102,9.803851165980797,0.2885081341347756,2382.3358333333335,243,243,195.3358333333333,0.8038511659807955
4103,7.67073629306162,0.2750217763964964,1756.598611111111,229,29,0.0,0.0
4104,7.2248530762167125,0.3247995012960852,1748.4144444444444,242,2,0.0,0.0
4105,10.381681839402427,0.29852972827152946,2470.840277777778,238,238,328.84027777777777,1.3816818394024275
4106,6.414363173216885,0.27610430569560673,1468.8891666666666,229,0,0.0,0.0
4107,7.986352859135286,0.32582663044498034,1908.7383333333332,239,114,0.0,0.0
4108,9.07009825327511,0.2843172286945776,2077.0525000000002,229,229,34.80916666666667,0.15200509461426492
4109,6.992426006792819,0.3157552763737247,1601.2655555555555,229,0,0.0,0.0
4110,6.217579033007903,0.29801947918556876,1486.0013888888889,239,0,0.0,0.0
4111,6.02121158392435,0.2829384737724529,1414.9847222222222,235,0,0.0,0.0
4112,8.004868173258004,0.31347730544571173,1889.148888888889,236,123,0.19972222222222236,0.0008462806026365354
4113,8.04372015610652,0.28837735976003176,1946.5802777777778,242,135,0.0,0.0
4114,7.899861111111111,0.2883504865939659,1880.1669444444444,238,87,0.0,0.0
4115,9.395383881735814,0.31871986424850074,2189.1244444444446,233,233,95.76833333333333,0.4110228898426323
4116,7.9726721763085395,0.314982177329921,1929.3866666666665,242,117,0.0,0.0
4117,6.776608063759962,0.28898127701776805,1606.056111111111,237,0,0.0,0.0
4118,10.79869467984934,0.2946129205099234,2548.4919444444445,236,236,424.4919444444444,1.7986946798493408
4119,8.192936676082862,0.2879590690674231,1933.5330555555556,236,168,0.11361111111111022,0.00048140301318267044
4120,6.270208042770804,0.2978937004228532,1498.5797222222222,239,0,0.0,0.0
4121,7.99859977324263,0.31172650355896586,1959.6569444444444,245,118,0.21888888888888935,0.000893424036281181
4122,7.8377682811016145,0.31505070019212555,1834.0377777777778,234,79,0.0,0.0
4123,7.801609510745314,0.3003529555851944,1895.7911111111111,243,62,0.0,0.0
4124,6.571621168582376,0.3099207733722994,1524.6161111111112,232,0,0.0,0.0
4125,10.940326135852452,0.29668393133449755,2702.2605555555556,247,247,479.2605555555556,1.9403261358524517
4126,7.3613338021565875,0.28707811991561516,1744.6361111111112,237,2,0.0,0.0
4127,6.8020810185185185,0.31099361552273935,1632.4994444444444,240,0,0.0,0.0
4128,7.7766064814814815,0.2697098224480938,1866.3855555555556,240,51,0.0,0.0
4129,7.387210837887067,0.31059550875267816,1802.4794444444444,244,10,0.0,0.0
4130,7.725861823361823,0.29502890811136495,1807.8516666666667,234,49,0.0,0.0
4131,7.090624999999999,0.2919878081627838,1616.6625,228,0,0.0,0.0
4132,6.66114406779661,0.2882913821576837,1572.03,236,0,0.0,0.0
4133,10.475925541724298,0.295414842367114,2524.6980555555556,241,241,355.6980555555556,1.4759255417242971
4134,6.927081560283688,0.3136248189252291,1627.8641666666667,235,0,0.0,0.0
4135,7.187586445366528,0.2831455666748929,1732.2083333333333,241,0,0.0,0.0
4136,6.304837369420703,0.3115624179039545,1475.3319444444444,234,0,0.0,0.0
4137,6.104605200945627,0.2859519360175826,1434.5822222222223,235,0,0.0,0.0
4138,6.195991379310345,0.2806518051581354,1437.47,232,0,0.0,0.0
4139,8.405673436041084,0.29910958467709603,2000.5502777777779,238,216,0.3011111111111102,0.0012651727357609673
4140,7.508661616161616,0.31867597146084375,1734.5008333333333,231,18,0.0,0.0
4141,6.858034934497817,0.310285949130077,1570.49,229,0,0.0,0.0
4142,9.82063457854406,0.28722858542068436,2278.387222222222,232,232,190.38722222222222,0.8206345785440613
4143,6.062686403508772,0.3134096042006638,1382.2925,228,0,0.0,0.0
4144,9.61787459658829,0.2829451786586137,2317.907777777778,241,241,149.26805555555555,0.6193695251267866
4145,7.5375743026977595,0.2857869148099316,1831.6305555555555,243,7,0.0,0.0
4146,7.313956056466302,0.28091382160852774,1784.6052777777777,244,5,0.0,0.0
4147,7.488528985507246,0.2997565367286322,1722.3616666666667,230,10,0.0,0.0
4148,7.731271990740741,0.29215933490459833,1855.5052777777778,240,41,0.0,0.0
4149,5.986141044061302,0.28409084332030543,1388.7847222222222,232,0,0.0,0.0
4150,9.328113275613275,0.3038781151913293,2154.7941666666666,231,231,80.46611111111113,0.34833814333814345
4151,6.417208333333334,0.2903789295220423,1540.13,240,0,0.0,0.0
4152,6.4703896263520155,0.26897847984454293,1462.3080555555555,226,0,0.0,0.0
4153,8.586371082621083,0.296128181395641,2009.2108333333333,234,226,1.6855555555555561,0.007203228869895539
4154,6.697658066015806,0.2976948097061964,1600.7402777777777,239,0,0.0,0.0
4155,8.490649320206282,0.30733115270039285,2012.283888888889,237,225,2.543055555555556,0.010730192217533992
4156,9.49848816029144,0.2939923629736695,2317.6311111111113,244,244,123.1322222222222,0.5046402550091074
4157,6.415852741387676,0.30744097160935024,1469.2302777777777,229,0,0.0,0.0
4158,7.343237667127708,0.29095779179220627,1769.7202777777777,241,1,0.0,0.0
4159,10.021274231678488,0.2735767792933946,2354.9994444444446,235,235,239.99944444444444,1.0212742316784869
4160,6.38853481163567,0.301827684145794,1488.528611111111,233,0,0.0,0.0
4161,7.987472222222221,0.30872608574592636,1837.118611111111,230,114,0.0,0.0
4162,7.807432336182336,0.30382087862752144,1826.9391666666666,234,60,0.0,0.0
4163,7.5059746168582375,0.30856644160580315,1741.3861111111112,232,13,0.0,0.0
4164,10.701363127240143,0.29509004947280665,2653.9380555555554,248,248,421.9380555555556,1.7013631272401435
4165,6.289178436911488,0.3032887632850018,1484.246111111111,236,0,0.0,0.0
4166,7.597329244829244,0.29963235362628293,1754.9830555555554,231,19,0.0,0.0
4167,10.496136584182436,0.28986813963463154,2403.615277777778,229,229,342.6152777777778,1.496136584182436
4168,8.015278964862299,0.2927588182303552,1875.5752777777777,234,124,0.0,0.0
4169,10.699560669456067,0.30029300527692054,2557.195,239,239,406.195,1.699560669456067
4170,9.981459836459836,0.2908628559933767,2305.717222222222,231,231,226.7172222222222,0.9814598364598364
4171,8.030597928436912,0.30750384052032587,1895.2211111111112,236,122,0.0,0.0
4172,9.70982456140351,0.2812350765965492,2398.326666666667,247,247,175.3763888888889,0.7100258659469186
4173,6.899938936781609,0.29278074738666615,1600.7858333333334,232,0,0.0,0.0
4174,6.495408357075024,0.28517057136427476,1519.9255555555555,234,0,0.0,0.0
4175,6.1428113425925925,0.2937645960402942,1474.2747222222222,240,0,0.0,0.0
4176,5.9861622807017545,0.30595076911939223,1364.845,228,0,0.0,0.0
4177,7.79967320261438,0.31872474655425875,1856.3222222222223,238,63,0.0,0.0
4178,7.515122448979591,0.3176591398116832,1841.205,245,15,0.0,0.0
4179,9.541501661918328,0.28901850955601505,2232.711388888889,234,234,127.46805555555555,0.5447352801519468
4180,6.92253032508491,0.3173311454787344,1585.2594444444444,229,0,0.0,0.0
4181,7.089795381801555,0.31087954779616056,1722.8202777777778,243,0,0.0,0.0
4182,8.047628472222222,0.31488886747220485,1931.4308333333333,240,132,0.1655555555555548,0.0006898148148148116
4183,6.498398345153665,0.27543208913127376,1527.1236111111111,235,0,0.0,0.0
4184,8.49551521438451,0.3094911226331889,2047.4191666666666,241,228,2.1291666666666647,0.008834716459197778
4185,6.059143421664341,0.3122893409304074,1448.1352777777777,239,0,0.0,0.0
4186,6.5079414476717385,0.3234791916042843,1568.413888888889,241,0,0.0,0.0
4187,9.683534013605442,0.292661354191564,2372.465833333333,245,245,167.4925,0.6836428571428572
4188,6.5083962488129155,0.307601645830329,1522.9647222222222,234,0,0.0,0.0
4189,8.930534934497816,0.2900861122702698,2045.0925,229,229,19.08722222222222,0.08335031538088306
4190,7.090280162136385,0.2779358697531495,1652.0352777777778,233,0,0.0,0.0
4191,9.11446905766526,0.30343507884154763,2160.1291666666666,237,237,44.02333333333333,0.18575246132208156
4192,6.563536727103673,0.3159554424300253,1568.6852777777779,239,0,0.0,0.0
4193,6.195321576763486,0.2741719752152082,1493.0725,241,0,0.0,0.0
4194,7.592880055788005,0.2938792182885323,1814.6983333333333,239,20,0.0,0.0
4195,7.717430254930254,0.30708840014939814,1782.7263888888888,231,36,0.0,0.0
4196,6.806234161793372,0.2963108200221199,1551.8213888888888,228,0,0.0,0.0
4197,6.819847940613027,0.3263711816952559,1582.2047222222222,232,0,0.0,0.0
4198,5.989205182072829,0.3124949363679817,1425.4308333333333,238,0,0.0,0.0
4199,7.813032503457815,0.31197286731322904,1882.9408333333333,241,73,0.0,0.0
4200,6.091138032305433,0.3132513996355776,1382.6883333333333,227,0,0.0,0.0
4201,9.277514124293786,0.2805358917984507,2189.4933333333333,236,236,70.50805555555556,0.2987629472693032
4202,6.892216459197787,0.3205171717103415,1661.0241666666666,241,0,0.0,0.0
4203,9.344940898345154,0.28608410732989475,2196.061111111111,235,235,84.46000000000001,0.359404255319149
4204,10.719073275862069,0.3019377442014787,2486.825,232,232,398.825,1.7190732758620688
4205,9.40453509995351,0.2932861924619814,2247.6838888888888,239,239,98.93972222222222,0.4139737331473733
4206,9.5451777306968,0.30691931659369853,2252.6619444444445,236,236,129.27722222222224,0.5477848399246705
4207,10.211988555078685,0.3028520019155847,2379.3933333333334,233,233,282.3933333333333,1.2119885550786837
4208,8.229783821478382,0.2835542732417982,1966.9183333333333,239,187,0.0,0.0
4209,6.509724596391263,0.2868878969028634,1523.2755555555555,234,0,0.0,0.0
4210,8.808449975949976,0.29450809189749266,2034.7519444444445,231,230,11.239722222222227,0.048656806156806176
4211,6.109294326241135,0.3113994212351662,1435.6841666666667,235,0,0.0,0.0
4212,7.374041727316836,0.2833310021884626,1688.6555555555556,229,3,0.0,0.0
4213,8.126881914381915,0.292029901661278,1877.3097222222223,231,150,0.0,0.0
4214,6.234996513249651,0.3111530088846864,1490.1641666666667,239,0,0.0,0.0
4215,9.482685569386813,0.3076380598621802,2285.327222222222,241,241,117.95361111111112,0.48943407100046105
4216,6.880628415300546,0.3009689824705981,1678.8733333333332,244,0,0.0,0.0
4217,5.989278262979136,0.31395924029150013,1371.5447222222222,229,0,0.0,0.0
4218,8.108733796296297,0.3070230593789905,1946.0961111111112,240,149,0.14194444444444443,0.0005914351851851851
4219,7.219032567049809,0.3181511064051363,1674.8155555555556,232,1,0.0,0.0
4220,6.76187922705314,0.29342718785092936,1555.2322222222222,230,0,0.0,0.0
4221,6.108751835535977,0.28910062556002836,1386.6866666666667,227,0,0.0,0.0
4222,8.89545844625113,0.2935409661279643,2188.282777777778,246,246,18.13444444444444,0.07371725383920505
4223,6.798518131101813,0.3107584260544412,1624.8458333333333,239,0,0.0,0.0
4224,7.813715846994535,0.28479908199635323,1906.5466666666666,244,66,0.0,0.0
4225,6.348673795476893,0.2986287140899135,1434.8002777777779,226,0,0.0,0.0
4226,7.515204011065007,0.29986440212078497,1811.1641666666667,241,11,0.0,0.0
4227,7.206301789077213,0.3051959310712787,1700.6872222222223,236,2,0.0,0.0
4228,6.118682367149759,0.2994345668923309,1407.2969444444445,230,0,0.0,0.0
4229,5.999399906235349,0.27376384381499963,1421.8577777777778,237,0,0.0,0.0
4230,8.909158496732028,0.2938948736326939,2120.3797222222224,238,238,18.39305555555556,0.07728174603174605
4231,6.56862073112073,0.32659108020550914,1517.3513888888888,231,0,0.0,0.0
4232,10.306561930783241,0.27792237509437606,2514.801111111111,244,244,318.80111111111114,1.3065619307832423
4233,9.17510808926081,0.28634462202052946,2192.8508333333334,239,239,52.87194444444445,0.22122152487215252
4234,7.8793479284369115,0.2793147605430273,1859.526111111111,236,78,0.0,0.0
4235,6.696436781609195,0.2660135946868201,1553.5733333333333,232,0,0.0,0.0
4236,8.80858660130719,0.30350043607646526,2096.4436111111113,238,238,12.75694444444444,0.053600606909430415
4237,7.978471641097165,0.30266953289402065,1906.8547222222223,239,108,0.0,0.0
4238,6.30531795224977,0.29585220457368433,1525.8869444444445,242,0,0.0,0.0
4239,6.401212121212121,0.2886716315720076,1478.68,231,0,0.0,0.0
4240,6.7253349336991315,0.28493239891563876,1634.256388888889,243,0,0.0,0.0
4241,7.587324074074074,0.30299873139587286,1820.9577777777777,240,17,0.0,0.0
4242,6.169058981889378,0.3149240832462072,1400.3763888888889,227,0,0.0,0.0
4243,7.406232281664381,0.3184120998894292,1799.7144444444446,243,9,0.0,0.0
4244,10.09669596812002,0.29298956020656464,2392.9169444444447,237,237,259.9169444444444,1.0966959681200186
4245,8.090893770339378,0.30461565327981527,1933.723611111111,239,143,0.0,0.0
4246,8.994402494331066,0.2832590683883795,2203.6286111111112,245,245,27.128333333333327,0.11072789115646256
4247,7.266617852161785,0.31408114088556793,1736.7216666666666,239,7,0.0,0.0
4248,7.627571256038647,0.3036024717323047,1754.3413888888888,230,24,0.0,0.0
4249,7.8056066945606695,0.2848982227426863,1865.54,239,56,0.0,0.0
4250,5.9833804143126175,0.2956502292534827,1412.0777777777778,236,0,0.0,0.0
4251,7.1178888888888885,0.2970330474152325,1708.2933333333333,240,0,0.0,0.0
4252,6.73713693957115,0.3338226780682513,1536.0672222222222,228,0,0.0,0.0
4253,10.096624371284866,0.29242125886364534,2453.4797222222223,243,243,266.4797222222222,1.0966243712848651
4254,8.000715307582261,0.2712436577180345,1864.1666666666667,233,121,0.0,0.0
4255,10.71681765790687,0.29905722263928375,2582.7530555555554,241,241,413.7530555555556,1.7168176579068697
4256,7.607830009496676,0.28669777353845993,1780.2322222222222,234,15,0.0,0.0
4257,7.75264407561088,0.29917628587112477,1868.3872222222221,241,49,0.0,0.0
4258,7.205767763471626,0.3221000870976387,1678.943888888889,233,1,0.0,0.0
4259,9.57719489981785,0.3001822083585284,2336.8355555555554,244,244,141.1602777777778,0.57852572859745
4260,8.478968089990818,0.27854956597230546,2051.910277777778,242,235,1.5019444444444456,0.0062063820018365525
4261,7.685013343037361,0.3115855357745958,1759.8680555555557,229,38,0.0,0.0
4262,6.2889583333333325,0.2979700502086132,1509.35,240,0,0.0,0.0
4263,7.503041125541126,0.2935185797551976,1733.2025,231,9,0.0,0.0
4264,8.177102836879433,0.303195781660663,1921.6191666666666,235,165,0.003055555555555145,1.3002364066192107e-05
4265,8.07852859135286,0.2872961676043588,1930.7683333333334,239,146,0.0,0.0
4266,6.51509139009139,0.31156231137821133,1504.986111111111,231,0,0.0,0.0
4267,6.020694444444445,0.293762273301963,1384.7597222222223,230,0,0.0,0.0
4268,6.211864568431092,0.2950627700657786,1447.3644444444444,233,0,0.0,0.0
4269,7.862405002405002,0.3081612709093203,1816.2155555555555,231,72,0.0,0.0
4270,8.021531914893616,0.2684703849050228,1885.06,235,121,0.0,0.0
4271,7.500177595628415,0.30447697999823636,1830.0433333333333,244,12,0.0,0.0
4272,8.757728758169934,0.2985077207312581,2084.3394444444443,238,236,8.292777777777772,0.034843604108309965
4273,7.892903187998125,0.28269955419727905,1870.6180555555557,237,81,0.0,0.0
4274,6.676623663412366,0.2742548469079155,1595.7130555555555,239,0,0.0,0.0
4275,8.992446493624772,0.3138135564106755,2194.1569444444444,244,244,30.261666666666667,0.12402322404371585
4276,6.678879743941473,0.27976111605368237,1622.9677777777779,243,0,0.0,0.0
4277,8.390953856749311,0.3052272343560874,2030.6108333333334,242,220,0.8124999999999982,0.0033574380165289183
4278,7.695775273224044,0.3008688298373044,1877.7691666666667,244,38,0.0,0.0
4279,7.626250586029068,0.31415319733031494,1807.421388888889,237,27,0.0,0.0
4280,9.407780082987552,0.3092370348437322,2267.275,241,241,101.47333333333333,0.42105117565698474
4281,6.380174220272904,0.3068981247076218,1454.6797222222222,228,0,0.0,0.0
4282,7.225774134790528,0.3041405512493798,1763.088888888889,244,0,0.0,0.0
4283,7.994240506329114,0.306354554907427,1894.635,237,118,0.038333333333333997,0.00016174402250351897
4284,7.110352564102564,0.31323050369816824,1663.8225,234,0,0.0,0.0
4285,8.409509015594542,0.2931286058166122,1917.3680555555557,228,209,0.40722222222222193,0.0017860623781676402
4286,8.12291910331384,0.27959171256017235,1852.0255555555555,228,152,0.0,0.0
4287,7.873234618916436,0.297460546461843,1905.3227777777777,242,87,0.0,0.0
4288,6.7485386989553655,0.30881908120662804,1579.1580555555556,234,0,0.0,0.0
4289,7.19089890319504,0.28570311018129935,1675.4794444444444,233,0,0.0,0.0
4290,7.905141770401106,0.29277819188778914,1905.1391666666666,241,90,0.0,0.0
4291,7.824501669051026,0.2909218905707,1823.108888888889,233,64,0.0,0.0
4292,10.019050141242937,0.2776771564034701,2364.4958333333334,236,236,240.49583333333334,1.0190501412429378
4293,7.873010869565218,0.30982408799095856,1810.7925,230,80,0.0,0.0
4294,7.431106538637403,0.3231294067209479,1805.7588888888888,243,8,0.0,0.0
4295,10.42669295839049,0.2994326904511376,2533.686388888889,243,243,346.68638888888887,1.4266929583904893
4296,6.679929981634527,0.3158599721953278,1616.5430555555556,242,0,0.0,0.0
4297,6.497091217855409,0.301816617296773,1487.8338888888889,229,0,0.0,0.0
4298,6.717123842592593,0.32214836423279974,1612.1097222222222,240,0,0.0,0.0
4299,6.389748677248678,0.3031721658607496,1476.0319444444444,231,0,0.0,0.0
4300,7.291085648148148,0.28804832697709426,1749.8605555555555,240,2,0.0,0.0
4301,8.00730787037037,0.28924962456681336,1921.753888888889,240,124,0.0,0.0
4302,6.3915671091445425,0.2993652062921631,1444.4941666666666,226,0,0.0,0.0
4303,7.00086966713549,0.3113334298986562,1659.206111111111,237,0,0.0,0.0
4304,7.405430032543003,0.2887891632330848,1769.8977777777777,239,7,0.0,0.0
4305,10.895969267139481,0.3131276827618258,2560.552777777778,235,235,445.55277777777775,1.8959692671394799
4306,6.787682811016144,0.2973719749456261,1588.3177777777778,234,0,0.0,0.0
4307,7.9063129251700675,0.2953261667032956,1937.0466666666666,245,98,0.0,0.0
4308,6.079574879227054,0.29027166643225627,1398.3022222222223,230,0,0.0,0.0
4309,7.573345410628019,0.3204906415102135,1741.8694444444445,230,22,0.0,0.0
4310,10.002300925925926,0.30493542939477775,2400.552222222222,240,240,240.5522222222222,1.002300925925926
4311,6.209419934640523,0.2977095167813774,1477.8419444444444,238,0,0.0,0.0
4312,7.023323996265173,0.3040654411211627,1671.5511111111111,238,0,0.0,0.0
4313,7.6878176328502414,0.2987120301946291,1768.1980555555556,230,35,0.0,0.0
4314,6.283424753867791,0.28444415152675906,1489.1716666666666,237,0,0.0,0.0
4315,6.481372126436781,0.3179641156436342,1503.6783333333333,232,0,0.0,0.0
4316,10.911611811391223,0.2995182998527583,2596.9636111111113,238,238,454.9636111111111,1.911611811391223
4317,10.577804659498208,0.32177819297969285,2623.2955555555554,248,248,391.29555555555555,1.5778046594982078
4318,6.260163194444444,0.2750464298290076,1502.4391666666666,240,0,0.0,0.0
4319,6.183946808510638,0.28900434561800925,1453.2275,235,0,0.0,0.0
4320,6.8905061205273075,0.2993454248650694,1626.1594444444445,236,0,0.0,0.0
4321,6.283979441997063,0.3062673872351325,1426.4633333333334,227,0,0.0,0.0
4322,6.908863636363637,0.3148722354459981,1595.9475,231,0,0.0,0.0
4323,8.91656512605042,0.3220195496423132,2122.1425,238,238,22.31972222222222,0.09378034547152193
4324,7.487804735114862,0.28033731487607216,1774.6097222222222,237,6,0.0,0.0
4325,7.3757114392873895,0.29133557364563967,1748.0436111111112,237,4,0.0,0.0
4326,6.768581306628517,0.3251117030165535,1577.0794444444446,233,0,0.0,0.0
4327,8.1273556998557,0.30913798239176704,1877.4191666666666,231,144,0.0066666666666659324,2.8860028860025682e-05
4328,8.299431330472103,0.2911339166585051,1933.7675,233,192,0.19194444444444514,0.0008237958989031981
4329,6.815491363211952,0.28852658831737915,1622.0869444444445,238,0,0.0,0.0
4330,7.2163328460038985,0.28629555256117,1645.3238888888889,228,0,0.0,0.0
4331,6.874954462659381,0.30425195245452746,1677.4888888888888,244,0,0.0,0.0
4332,7.907437198067633,0.2918984986101298,1818.7105555555556,230,88,0.0,0.0
4333,10.40992290249433,0.3169753697774932,2550.431111111111,245,245,345.43111111111114,1.4099229024943312
4334,6.19154970760234,0.3015747697153278,1411.6733333333334,228,0,0.0,0.0
4335,10.125495271867614,0.31181963180340916,2379.491388888889,235,235,264.4913888888889,1.1254952718676123
4336,6.774787439613526,0.29129647339471604,1558.201111111111,230,0,0.0,0.0
4337,6.100402661064425,0.3023573454511348,1451.8958333333333,238,0,0.0,0.0
4338,7.518541954817889,0.2966174148185022,1811.9686111111112,241,14,0.0,0.0
4339,6.1997328154425615,0.29550867525822266,1463.1369444444445,236,0,0.0,0.0
4340,6.076173872617387,0.29805383356589904,1452.2055555555555,239,0,0.0,0.0
4341,6.798693853427896,0.280522022027317,1597.6930555555555,235,0,0.0,0.0
4342,7.402082737243682,0.28747252992719,1724.6852777777779,233,5,0.0,0.0
4343,6.283778756730298,0.2917967415605575,1426.4177777777777,227,0,0.0,0.0
4344,7.48798463356974,0.2876106153881614,1759.6763888888888,235,12,0.0,0.0
4345,8.99865587695133,0.30638531073249975,2177.674722222222,242,242,29.479444444444454,0.12181588613406799
4346,8.022017797017797,0.31793392337650844,1853.0861111111112,231,116,0.0,0.0
4347,6.252302098235575,0.2773443336026306,1456.786388888889,233,0,0.0,0.0
4348,10.093918856615952,0.30175460679100274,2432.6344444444444,241,241,263.6344444444444,1.093918856615952
4349,6.084731481481482,0.31280446490217734,1460.3355555555556,240,0,0.0,0.0
4350,6.387923059042306,0.30113560248922167,1526.713611111111,239,0,0.0,0.0
4351,6.297548463356974,0.28912762699453814,1479.923888888889,235,0,0.0,0.0
4352,7.292095204178538,0.2877380269416215,1706.3502777777778,234,4,0.0,0.0
4353,6.508089120370371,0.30894832384828635,1561.941388888889,240,0,0.0,0.0
4354,9.578439046333784,0.2956163520476542,2365.8744444444446,247,247,143.28972222222222,0.5801203328834907
4355,10.523336834733895,0.298836112727053,2504.554166666667,238,238,362.5541666666667,1.5233368347338936
4356,10.387393857271906,0.2802658806747658,2555.298888888889,246,246,341.2988888888889,1.387393857271906
4357,8.37882823871907,0.30624688266867256,1918.7516666666668,229,206,0.7222222222222232,0.0031538088306647303
4358,6.695554331864905,0.3247058580958943,1519.8908333333334,227,0,0.0,0.0
4359,8.511136584182436,0.3083383355945293,1949.0502777777779,229,215,0.7919444444444448,0.0034582726831635146
4360,7.498819158664837,0.3029610704200215,1822.2130555555555,243,13,0.0,0.0
4361,6.102570048309179,0.2932435926040305,1403.591111111111,230,0,0.0,0.0
4362,6.036308668582375,0.31016309946869314,1400.423611111111,232,0,0.0,0.0
4363,7.797340579710145,0.2821993045077309,1793.3883333333333,230,52,0.0,0.0
4364,7.963074229691877,0.3021522229214834,1895.2116666666666,238,116,0.0,0.0
4365,6.196217494089835,0.2644083927313977,1456.111111111111,235,0,0.0,0.0
4366,6.716984978540772,0.3075159157184351,1565.0575,233,0,0.0,0.0
4367,8.49334167858846,0.275114190022828,1978.9486111111112,233,225,0.46888888888888935,0.0020123986647591816
4368,9.079756515775033,0.31560628806474383,2206.380833333333,243,243,41.38333333333334,0.17030178326474626
4369,6.992415458937198,0.29609996668624516,1608.2555555555555,230,0,0.0,0.0
4370,7.816956115779645,0.307252119684265,1860.4355555555555,238,62,0.0,0.0
4371,6.608641843971631,0.31688251394957395,1553.0308333333332,235,0,0.0,0.0
4372,6.409974851394604,0.28264351942531313,1557.6238888888888,243,0,0.0,0.0
4373,7.5909802571166205,0.301222715691425,1837.0172222222222,242,20,0.0,0.0
4374,7.464012345679013,0.30200350343181986,1813.755,243,9,0.0,0.0
4375,10.10788686459739,0.3050079868790696,2496.6480555555554,247,247,273.6480555555556,1.107886864597391
4376,6.9217973856209145,0.31253552972691,1647.3877777777777,238,1,0.0,0.0
4377,5.996345410628019,0.33293814636377467,1379.1594444444445,230,0,0.0,0.0
4378,6.164645593869731,0.31868259338494626,1430.1977777777777,232,0,0.0,0.0
4379,7.017593380614657,0.307146859108724,1649.1344444444444,235,1,0.0,0.0
4380,6.299962651727357,0.3041353688016062,1499.391111111111,238,0,0.0,0.0
4381,6.029894636015325,0.29009265877468743,1398.9355555555555,232,0,0.0,0.0
4382,8.406493491399349,0.32054475893799705,2009.1519444444446,239,215,1.1652777777777779,0.0048756392375639244
4383,7.407588383838384,0.31418398558090505,1792.6363888888889,242,4,0.0,0.0
4384,6.3959226627508565,0.30523050195023543,1451.8744444444444,227,0,0.0,0.0
4385,6.698972222222221,0.3214625975465593,1540.763611111111,230,0,0.0,0.0
4386,7.743357279693487,0.2848454872698287,1796.4588888888889,232,41,0.0,0.0
4387,10.915240820219362,0.30866851069226514,2543.251111111111,233,233,446.2511111111111,1.915240820219361
4388,9.265778246601032,0.2975176249960505,2195.9894444444444,237,237,71.0113888888889,0.29962611345522744
4389,7.096989130434782,0.31004010643234114,1632.3075,230,0,0.0,0.0
4390,8.808812613843351,0.29366825044284467,2149.3502777777776,244,243,11.212222222222218,0.045951730418943515
4391,8.046774496015002,0.2916512832723046,1907.0855555555556,237,129,0.0,0.0
4392,10.176452546296296,0.29646766819108133,2442.348611111111,240,240,282.3486111111111,1.1764525462962963
4393,6.312204861111111,0.3066136218172136,1514.9291666666666,240,0,0.0,0.0
4394,6.141971365638766,0.2907670538060419,1394.2275,227,0,0.0,0.0
4395,6.131716963877458,0.32004218541330776,1490.0072222222223,243,0,0.0,0.0
4396,7.400905695611578,0.29639282182015775,1761.4155555555556,238,8,0.0,0.0
4397,6.931283068783069,0.31116066854054947,1601.1263888888889,231,0,0.0,0.0
4398,7.298196173351775,0.3031367553406961,1758.8652777777777,241,1,0.0,0.0
4399,6.778947626040137,0.2851057192892006,1538.8211111111111,227,0,0.0,0.0
4400,6.414911894273128,0.307549261945733,1456.185,227,0,0.0,0.0
4401,7.610144581056466,0.3105427697977839,1856.8752777777777,244,26,0.0,0.0
4402,7.992223360655737,0.2979386799405952,1950.1025,244,123,0.0,0.0
4403,7.111666666666666,0.2869456023175444,1692.5766666666666,238,1,0.0,0.0
4404,7.392469806763285,0.31291169241549044,1700.2680555555555,230,5,0.0,0.0
4405,7.292814357567444,0.33107351800958,1772.1538888888888,243,5,0.0,0.0
4406,8.522277091906721,0.3011125980703885,2070.9133333333334,243,237,1.8388888888888868,0.007567443987197065
4407,6.0929541263254965,0.2788248251794004,1468.4019444444446,241,0,0.0,0.0
4408,7.706631794131794,0.3124676093569457,1780.2319444444445,231,41,0.0,0.0
4409,9.492594513600737,0.32576297653159514,2287.715277777778,241,241,120.7213888888889,0.5009186260949746
4410,6.988947557471265,0.31493099212198183,1621.4358333333334,232,0,0.0,0.0
