,Age,Attrition,BusinessTravel,Department,DistanceFromHome,Education,EducationField,EmployeeCount,EmployeeID,Gender,JobLevel,JobRole,MaritalStatus,MonthlyIncome,NumCompaniesWorked,Over18,PercentSalaryHike,StandardHours,StockOptionLevel,TotalWorkingYears,TrainingTimesLastYear,YearsAtCompany,YearsSinceLastPromotion,YearsWithCurrManager,EnvironmentSatisfaction,JobSatisfaction,WorkLifeBalance,JobInvolvement,PerformanceRating,AvgWorkingHours,StdWorkingHours,TotalHours,DaysWorked,OvertimeDays,TotalOvertimeHours,AvgOvertimePerDay
0,51,No,Travel_Rarely,Sales,6,2,Life Sciences,1,1,Female,1,Healthcare Representative,Married,131160,1.0,Y,11,8,0,1.0,6,1,0,0,3.0,4.0,2.0,3,3,7.373650622605364,0.2832243671302343,1710.6869444444444,232,0,0.0,0.0
1,31,Yes,Travel_Frequently,Research & Development,10,1,Life Sciences,1,2,Female,1,Research Scientist,Single,41890,0.0,Y,23,8,1,6.0,3,5,1,4,3.0,2.0,4.0,2,4,7.718968926553672,0.313350907412726,1821.6766666666667,236,42,0.0,0.0
2,32,No,Travel_Frequently,Research & Development,17,4,Other,1,3,Male,4,Sales Executive,Married,193280,1.0,Y,15,8,3,5.0,2,5,0,3,2.0,2.0,1.0,3,3,7.013240358126722,0.3115511391897781,1697.2041666666669,242,0,0.0,0.0
3,38,No,Non-Travel,Research & Development,2,5,Life Sciences,1,4,Male,3,Human Resources,Married,83210,3.0,Y,11,8,3,13.0,5,8,7,5,4.0,4.0,3.0,2,3,7.193678486997636,0.284132832844877,1690.5144444444445,235,0,0.0,0.0
4,32,No,Travel_Rarely,Research & Development,10,1,Medical,1,5,Male,1,Sales Executive,Single,23420,4.0,Y,12,8,2,9.0,2,6,0,4,4.0,1.0,3.0,3,3,8.006174603174603,0.3006564200435073,1961.5127777777775,245,115,0.0,0.0
5,46,No,Travel_Rarely,Research & Development,8,3,Life Sciences,1,6,Female,4,Research Director,Married,40710,3.0,Y,13,8,0,28.0,5,7,7,7,3.0,2.0,2.0,3,3,10.796095874355368,0.3062780195272168,2558.674722222222,237,237,425.6747222222222,1.796095874355368
6,28,Yes,Travel_Rarely,Research & Development,11,2,Medical,1,7,Male,2,Sales Executive,Single,58130,2.0,Y,20,8,1,5.0,2,0,0,0,1.0,3.0,1.0,3,4,6.923570402298851,0.3246115897328065,1606.2683333333334,232,1,0.0,0.0
7,29,No,Travel_Rarely,Research & Development,18,3,Life Sciences,1,8,Male,2,Sales Executive,Married,31430,2.0,Y,22,8,3,10.0,2,0,0,0,1.0,2.0,3.0,3,4,6.725620713305898,0.2785480594266,1634.325833333333,243,0,0.0,0.0
8,31,No,Travel_Rarely,Research & Development,1,3,Life Sciences,1,9,Male,3,Laboratory Technician,Married,20440,0.0,Y,21,8,0,10.0,2,9,7,8,2.0,4.0,3.0,3,4,7.236498792270532,0.3106995251062112,1664.3947222222223,230,1,0.0,0.0
9,25,No,Non-Travel,Research & Development,7,4,Medical,1,10,Female,4,Laboratory Technician,Divorced,134640,1.0,Y,13,8,1,6.0,2,6,1,5,2.0,1.0,3.0,3,3,7.080087844254511,0.2904905463580698,1656.7405555555556,234,0,0.0,0.0
10,45,No,Travel_Rarely,Research & Development,17,2,Medical,1,11,Male,2,Laboratory Technician,Married,79910,0.0,Y,13,8,2,21.0,2,20,4,10,3.0,4.0,3.0,2,3,8.403485477178423,0.3083233939115998,2025.24,241,222,0.8599999999999994,0.0035684647302904
11,36,No,Travel_Rarely,Research & Development,28,1,Life Sciences,1,12,Male,1,Laboratory Technician,Married,33770,0.0,Y,12,8,2,16.0,2,15,10,11,3.0,4.0,3.0,3,3,7.06895458736745,0.3097338331980486,1703.6180555555557,241,0,0.0,0.0
12,55,No,Travel_Rarely,Research & Development,14,4,Life Sciences,1,13,Female,1,Sales Executive,Single,55380,0.0,Y,17,8,0,37.0,2,36,4,13,4.0,1.0,3.0,3,3,9.301409509946629,0.2888632383707682,2130.0227777777777,229,229,74.49972222222222,0.3253262979136341
13,47,Yes,Non-Travel,Research & Development,1,1,Medical,1,14,Male,1,Research Scientist,Married,57620,1.0,Y,11,8,2,10.0,4,10,9,9,1.0,2.0,2.0,2,3,9.399931442080378,0.2922665278568033,2208.983888888889,235,235,95.81333333333332,0.4077163120567375
14,28,No,Travel_Rarely,Research & Development,1,3,Life Sciences,1,15,Male,1,Manufacturing Director,Married,25920,1.0,Y,14,8,0,5.0,2,5,0,4,4.0,4.0,2.0,3,3,6.089687644075611,0.2897538656914086,1467.6147222222223,241,0,0.0,0.0
15,37,No,Travel_Rarely,Research & Development,1,3,Life Sciences,1,16,Male,2,Healthcare Representative,Married,53460,4.0,Y,11,8,0,7.0,2,5,0,1,3.0,4.0,4.0,3,3,6.705174636661979,0.3172596432739161,1589.1263888888889,237,0,0.0,0.0
16,21,No,Travel_Rarely,Research & Development,3,2,Life Sciences,1,17,Male,1,Laboratory Technician,Single,42130,1.0,Y,12,8,3,3.0,3,3,1,0,4.0,3.0,4.0,2,3,6.619040626529613,0.3139625364259774,1502.522222222222,227,0,0.0,0.0
17,37,No,Non-Travel,Research & Development,1,3,Medical,1,18,Male,2,Sales Executive,Divorced,41270,2.0,Y,13,8,1,15.0,2,5,0,2,1.0,4.0,3.0,3,3,11.014328139114726,0.3096964342975209,2709.5247222222224,246,246,495.52472222222224,2.0143281391147245
18,35,No,Travel_Rarely,Sales,7,4,Life Sciences,1,19,Male,1,Sales Representative,Divorced,24380,7.0,Y,16,8,0,10.0,5,7,6,2,2.0,2.0,2.0,2,3,6.960253831417624,0.314945915821745,1614.7788888888888,232,0,0.0,0.0
19,38,No,Travel_Rarely,Research & Development,8,3,Life Sciences,1,20,Female,1,Manager,Divorced,68700,1.0,Y,11,8,1,8.0,5,8,7,7,1.0,1.0,3.0,3,3,9.293555796055797,0.2963884015180492,2146.811388888889,231,231,73.51861111111111,0.3182623857623857
20,26,No,Travel_Frequently,Research & Development,1,4,Other,1,21,Male,2,Laboratory Technician,Divorced,104470,1.0,Y,18,8,0,6.0,3,6,1,4,3.0,2.0,1.0,3,3,7.590778256704981,0.317876322859857,1761.0605555555555,232,27,0.0,0.0
21,50,No,Travel_Rarely,Sales,8,4,Life Sciences,1,22,Male,1,Research Scientist,Divorced,96670,3.0,Y,23,8,0,28.0,2,10,1,6,1.0,2.0,2.0,2,4,6.008613495469718,0.293009267321181,1400.0069444444443,233,0,0.0,0.0
22,53,No,Travel_Rarely,Research & Development,11,4,Life Sciences,1,23,Female,2,Research Scientist,Married,21480,3.0,Y,11,8,0,21.0,2,5,1,3,3.0,3.0,2.0,3,3,8.402108477011494,0.3029886705353011,1949.2891666666667,232,210,0.6477777777777796,0.0027921455938697
23,42,No,Travel_Rarely,Research & Development,4,4,Life Sciences,1,24,Male,1,Manufacturing Director,Married,89260,1.0,Y,14,8,0,10.0,4,20,11,6,2.0,3.0,3.0,1,3,6.8070052800734615,0.3155869205724915,1647.2952777777778,242,0,0.0,0.0
24,29,No,Travel_Frequently,Research & Development,16,4,Medical,1,25,Male,1,Laboratory Technician,Single,65130,1.0,Y,11,8,1,10.0,2,10,0,9,2.0,4.0,2.0,3,3,7.093167388167388,0.3219874360961484,1638.5216666666668,231,1,0.0,0.0
25,55,No,Travel_Rarely,Research & Development,1,4,Other,1,26,Female,1,Research Scientist,Married,67990,3.0,Y,11,8,0,12.0,2,10,0,8,2.0,4.0,3.0,3,3,9.362002074688796,0.2812382254202835,2256.2425,241,241,89.85472222222222,0.3728411710465652
26,26,No,Travel_Frequently,Research & Development,9,3,Life Sciences,1,27,Female,1,Manager,Married,162910,1.0,Y,22,8,0,5.0,3,5,3,3,1.0,1.0,3.0,3,4,10.977123430962342,0.2966332412542105,2623.5325,239,239,472.5325,1.977123430962343
27,37,No,Travel_Rarely,Sales,5,1,Marketing,1,28,Male,1,Research Scientist,Single,27050,1.0,Y,11,8,0,17.0,2,17,5,7,4.0,4.0,3.0,3,3,7.604444444444445,0.2958357789663501,1794.648888888889,236,22,0.0,0.0
28,44,Yes,Travel_Frequently,Research & Development,1,2,Medical,1,29,Male,2,Research Scientist,Divorced,103330,3.0,Y,14,8,1,19.0,2,1,0,0,4.0,3.0,1.0,2,3,10.97758573388203,0.3118214609950568,2667.5533333333333,243,243,480.5533333333333,1.9775857338820304
29,38,No,Travel_Rarely,Sales,2,3,Marketing,1,30,Female,1,Manager,Divorced,44480,9.0,Y,12,8,0,10.0,3,2,1,2,4.0,4.0,3.0,2,3,6.8312753623188405,0.2816235668075111,1571.1933333333334,230,0,0.0,0.0
30,26,Yes,Travel_Rarely,Research & Development,4,3,Medical,1,31,Male,3,Research Scientist,Divorced,68540,2.0,Y,11,8,0,5.0,5,3,0,2,1.0,2.0,3.0,2,3,10.10940826330532,0.3076482089710234,2406.0391666666665,238,238,264.0391666666667,1.1094082633053222
31,28,No,Travel_Rarely,Research & Development,7,3,Other,1,32,Male,1,Human Resources,Single,96370,1.0,Y,13,8,0,5.0,6,5,0,2,4.0,4.0,3.0,2,3,6.709665977961433,0.2999596428160107,1623.7391666666667,242,0,0.0,0.0
32,49,No,Travel_Frequently,Research & Development,1,1,Medical,1,33,Female,2,Research Scientist,Single,35910,9.0,Y,13,8,0,22.0,2,3,1,2,3.0,1.0,3.0,3,3,10.518214624881292,0.2988444964494485,2461.262222222222,234,234,355.26222222222225,1.5182146248812916
33,36,No,Travel_Rarely,Sales,5,3,Technical Degree,1,34,Male,3,Sales Executive,Single,54050,4.0,Y,14,8,0,10.0,2,8,7,7,3.0,2.0,3.0,3,3,6.182887517146776,0.2776026790150543,1502.4416666666666,243,0,0.0,0.0
34,31,No,Travel_Frequently,Research & Development,9,4,Medical,1,35,Male,1,Sales Executive,Divorced,46840,1.0,Y,16,8,1,2.0,4,2,2,2,4.0,2.0,2.0,3,3,6.586388888888889,0.2984167125865238,1580.7333333333331,240,0,0.0,0.0
35,26,Yes,Travel_Rarely,Research & Development,8,3,Medical,1,36,Male,2,Manager,Single,157870,1.0,Y,12,8,2,8.0,5,8,7,4,4.0,4.0,3.0,3,3,10.272241379310344,0.3035182369118389,2383.16,232,232,295.16,1.2722413793103449
36,37,No,Travel_Frequently,Sales,9,1,Marketing,1,37,Male,1,Laboratory Technician,Married,15140,1.0,Y,14,8,0,4.0,3,4,1,2,2.0,4.0,2.0,3,3,9.982733011937558,0.2858516734525314,2415.821388888889,242,242,237.8213888888889,0.9827330119375574
37,42,No,Travel_Frequently,Sales,2,2,Marketing,1,38,Male,3,Research Director,Married,29560,5.0,Y,13,8,0,23.0,2,20,4,8,3.0,2.0,4.0,3,3,5.979567632850242,0.2972133732676857,1375.3005555555555,230,0,0.0,0.0
38,18,Yes,Travel_Rarely,Research & Development,1,4,Life Sciences,1,39,Male,1,Sales Executive,Single,23350,1.0,Y,14,8,2,0.0,3,0,0,0,3.0,3.0,3.0,2,3,6.775967939304944,0.2921177931173167,1538.1447222222223,227,0,0.0,0.0
39,35,No,Travel_Rarely,Sales,20,2,Life Sciences,1,40,Male,1,Laboratory Technician,Married,51540,0.0,Y,19,8,0,12.0,2,11,6,9,3.0,2.0,2.0,2,3,7.690160390516039,0.3056256998247583,1837.9483333333333,239,34,0.0,0.0
40,36,No,Travel_Frequently,Research & Development,8,3,Other,1,41,Female,3,Sales Executive,Married,69620,4.0,Y,12,8,2,4.0,2,1,0,0,3.0,3.0,3.0,2,3,7.204732468123861,0.2845449299508923,1757.9547222222222,244,0,0.0,0.0
41,51,No,Travel_Rarely,Research & Development,2,3,Life Sciences,1,42,Male,2,Laboratory Technician,Divorced,56750,5.0,Y,13,8,0,13.0,2,4,1,2,4.0,2.0,3.0,2,3,7.594769503546099,0.3051429956720003,1784.7708333333333,235,26,0.0,0.0
42,41,No,Travel_Rarely,Research & Development,29,1,Life Sciences,1,43,Male,1,Laboratory Technician,Single,23790,1.0,Y,12,8,0,22.0,6,22,0,4,4.0,2.0,3.0,3,3,6.952642332415059,0.3178550153173411,1682.5394444444444,242,0,0.0,0.0
43,18,No,Travel_Rarely,Sales,7,3,Life Sciences,1,44,Male,1,Research Scientist,Single,38120,1.0,Y,15,8,0,0.0,3,0,0,0,4.0,3.0,3.0,3,3,7.008878472222222,0.3149531071288213,1682.1308333333334,240,0,0.0,0.0
44,28,No,Travel_Rarely,Research & Development,9,3,Medical,1,45,Male,1,Sales Representative,Single,46480,0.0,Y,23,8,2,9.0,2,8,0,7,2.0,1.0,3.0,2,4,7.201573315118398,0.2958945645712391,1757.183888888889,244,1,0.0,0.0
45,31,No,Travel_Rarely,Research & Development,8,1,Technical Degree,1,46,Male,1,Manufacturing Director,Married,29360,4.0,Y,12,8,1,10.0,2,8,7,7,2.0,4.0,2.0,3,3,7.172875,0.3081703336728252,1721.49,240,2,0.0,0.0
46,39,No,Travel_Rarely,Sales,5,4,Marketing,1,47,Female,2,Human Resources,Divorced,21050,0.0,Y,20,8,0,19.0,3,18,3,7,3.0,4.0,2.0,3,4,7.636801418439716,0.3116720861036216,1794.6483333333333,235,28,0.0,0.0
47,36,No,Non-Travel,Research & Development,5,4,Life Sciences,1,48,Male,1,Sales Executive,Married,85780,7.0,Y,21,8,0,11.0,4,9,0,8,2.0,2.0,3.0,3,4,7.83278129395218,0.2961809089177021,1856.3691666666664,237,62,0.0,0.0
48,32,No,Travel_Rarely,Sales,2,3,Marketing,1,49,Male,2,Laboratory Technician,Married,27060,1.0,Y,21,8,1,13.0,4,13,4,8,4.0,3.0,2.0,3,4,6.974765051395008,0.3119167284795887,1583.2716666666668,227,0,0.0,0.0
49,38,No,Travel_Rarely,Research & Development,5,2,Life Sciences,1,50,Female,3,Research Scientist,Married,63840,3.0,Y,19,8,2,19.0,4,10,0,1,1.0,2.0,3.0,2,3,6.906424220272905,0.289615187777074,1574.6647222222225,228,0,0.0,0.0
50,58,No,Non-Travel,Research & Development,2,3,Life Sciences,1,51,Male,2,Manufacturing Director,Divorced,39680,2.0,Y,13,8,2,12.0,3,5,1,2,4.0,3.0,3.0,2,3,10.895463728191,0.3042054456932412,2636.702222222222,242,242,458.7022222222223,1.895463728191001
51,31,No,Travel_Rarely,Research & Development,20,1,Technical Degree,1,52,Female,3,Research Scientist,Married,99070,0.0,Y,13,8,1,6.0,3,5,0,3,3.0,4.0,3.0,2,3,9.12566572902016,0.3031655721188994,2162.782777777778,237,237,45.56222222222223,0.1922456633849039
52,31,No,Travel_Rarely,Sales,7,4,Marketing,1,53,Male,2,Sales Executive,Married,132250,3.0,Y,21,8,1,9.0,2,2,1,0,1.0,1.0,3.0,3,4,6.831459786145978,0.2790618125054992,1632.7188888888888,239,0,0.0,0.0
53,45,No,Travel_Frequently,Research & Development,3,1,Medical,1,54,Female,1,Sales Executive,Divorced,35400,1.0,Y,13,8,0,24.0,6,24,9,11,1.0,1.0,3.0,3,3,7.3160499058380415,0.3104232425048928,1726.5877777777778,236,5,0.0,0.0
54,31,No,Travel_Rarely,Sales,16,4,Marketing,1,55,Female,2,Research Scientist,Divorced,28040,0.0,Y,19,8,2,3.0,0,2,2,2,3.0,4.0,1.0,3,3,8.610798041894354,0.3115838921999741,2101.034722222222,244,237,4.109722222222224,0.0168431238615664
55,33,No,Travel_Frequently,Research & Development,9,3,Life Sciences,1,56,Male,4,Research Director,Married,193920,6.0,Y,12,8,1,12.0,3,10,8,8,4.0,2.0,3.0,3,3,6.784845288326301,0.2950064383650507,1608.0083333333334,237,0,0.0,0.0
56,39,No,Travel_Rarely,Sales,1,4,Life Sciences,1,57,Male,1,Sales Executive,Married,196650,1.0,Y,22,8,1,21.0,6,21,11,10,3.0,1.0,3.0,3,4,10.98609977324263,0.3159426398769555,2691.5944444444444,245,245,486.5944444444444,1.9860997732426304
57,43,No,Travel_Frequently,Research & Development,7,4,Medical,1,58,Male,4,Research Scientist,Single,24390,0.0,Y,15,8,0,9.0,2,8,1,7,3.0,4.0,3.0,3,3,7.68658467939305,0.3027352732521384,1744.8547222222223,227,39,0.0,0.0
58,49,No,Travel_Rarely,Research & Development,1,3,Life Sciences,1,59,Male,3,Manufacturing Director,Single,73140,7.0,Y,22,8,0,25.0,2,7,0,7,3.0,3.0,3.0,3,4,9.948856881572931,0.3131942908594044,2417.572222222222,243,243,230.57222222222225,0.9488568815729308
59,52,Yes,Travel_Rarely,Research & Development,7,1,Life Sciences,1,60,Female,2,Research Scientist,Married,47740,2.0,Y,18,8,1,11.0,2,8,7,7,3.0,2.0,2.0,3,3,7.905527661552766,0.3120189510407192,1889.421111111111,239,93,0.0,0.0
60,27,No,Travel_Rarely,Research & Development,15,4,Medical,1,61,Male,3,Research Scientist,Single,39020,1.0,Y,22,8,0,4.0,2,4,1,2,3.0,2.0,2.0,3,4,10.67241461748634,0.3016282855220779,2604.0691666666667,244,244,408.06916666666666,1.6724146174863388
61,32,No,Travel_Rarely,Research & Development,1,3,Life Sciences,1,62,Male,3,Research Scientist,Married,26620,1.0,Y,11,8,1,13.0,6,13,11,9,3.0,2.0,3.0,4,3,10.496171548117156,0.2915206454350031,2508.585,239,239,357.585,1.4961715481171547
62,27,No,Travel_Rarely,Research & Development,13,2,Medical,1,63,Female,4,Research Director,Single,28560,1.0,Y,12,8,2,5.0,5,5,0,4,4.0,3.0,3.0,4,3,10.069261664261663,0.3127089725242034,2325.9994444444446,231,231,246.99944444444444,1.069261664261664
63,31,No,Travel_Rarely,Sales,24,3,Life Sciences,1,64,Male,2,Healthcare Representative,Divorced,10810,4.0,Y,11,8,3,13.0,4,7,1,7,4.0,4.0,3.0,4,3,6.607014174668496,0.2947691705712395,1605.5044444444443,243,0,0.0,0.0
64,32,No,Travel_Rarely,Research & Development,7,3,Technical Degree,1,65,Male,2,Healthcare Representative,Single,24720,7.0,Y,13,8,0,10.0,2,7,0,7,1.0,4.0,2.0,3,3,7.497914908579466,0.2832914658104324,1777.0058333333334,237,12,0.0,0.0
65,28,Yes,Travel_Rarely,Research & Development,9,4,Medical,1,66,Male,1,Sales Executive,Married,56730,5.0,Y,14,8,1,5.0,4,3,2,2,1.0,4.0,2.0,2,3,10.727235717498877,0.2729194524850313,2649.6272222222224,247,247,426.6272222222222,1.7272357174988753
66,30,No,Travel_Rarely,Research & Development,13,3,Life Sciences,1,67,Female,4,Research Director,Married,41970,1.0,Y,13,8,0,11.0,3,10,1,9,4.0,4.0,3.0,3,3,6.184816810344828,0.3013547077098444,1434.8775,232,0,0.0,0.0
67,31,No,Travel_Frequently,Research & Development,2,1,Life Sciences,1,68,Female,1,Manager,Married,97130,1.0,Y,17,8,0,10.0,5,10,8,9,3.0,3.0,3.0,2,3,6.609300048947627,0.278906284751874,1500.3111111111111,227,0,0.0,0.0
68,39,No,Travel_Frequently,Research & Development,19,4,Medical,1,69,Female,1,Research Scientist,Married,20620,1.0,Y,13,8,0,21.0,4,21,13,3,3.0,4.0,3.0,3,3,6.07624634502924,0.2804976538442188,1385.3841666666667,228,0,0.0,0.0
69,39,Yes,Travel_Rarely,Research & Development,1,1,Medical,1,70,Female,1,Laboratory Technician,Married,42840,4.0,Y,17,8,1,12.0,0,1,0,0,4.0,3.0,2.0,3,3,9.971745709123756,0.2854873603251528,2453.0494444444444,246,246,239.04944444444445,0.971745709123758
70,33,No,Travel_Frequently,Sales,4,2,Life Sciences,1,71,Male,4,Research Scientist,Single,47880,3.0,Y,11,8,1,9.0,0,7,0,1,2.0,4.0,2.0,3,3,7.42145202020202,0.2917561304865799,1795.9913888888889,242,5,0.0,0.0
71,47,No,Travel_Rarely,Research & Development,4,3,Life Sciences,1,72,Female,2,Healthcare Representative,Married,59060,4.0,Y,23,8,0,21.0,4,3,1,1,4.0,3.0,3.0,4,4,6.493810013717422,0.2847527394155275,1577.9958333333334,243,0,0.0,0.0
72,43,No,Travel_Frequently,Research & Development,14,3,Medical,1,73,Female,5,Research Director,Divorced,38860,1.0,Y,17,8,2,9.0,2,9,0,0,3.0,3.0,4.0,3,3,6.299470449172577,0.2845542656240089,1480.3755555555556,235,0,0.0,0.0
73,27,No,Non-Travel,Research & Development,2,3,Life Sciences,1,74,Male,1,Research Director,Married,168230,0.0,Y,17,8,0,6.0,3,5,1,4,3.0,2.0,3.0,3,3,9.316973304473304,0.2913385625814041,2152.2208333333333,231,231,78.12361111111109,0.3381974506974506
74,54,No,Travel_Frequently,Research & Development,1,4,Life Sciences,1,75,Male,2,Research Scientist,Single,29330,3.0,Y,12,8,2,20.0,2,4,0,3,4.0,3.0,2.0,3,3,6.097862787356322,0.2879511325468832,1414.7041666666669,232,0,0.0,0.0
75,43,No,Travel_Rarely,Research & Development,7,2,Life Sciences,1,76,Female,2,Manager,Married,65000,8.0,Y,23,8,0,10.0,3,1,0,0,3.0,1.0,2.0,3,4,7.217327264239029,0.2859770280849072,1717.723888888889,238,0,0.0,0.0
76,45,No,Travel_Rarely,Sales,3,1,Marketing,1,77,Female,1,Sales Executive,Married,171740,9.0,Y,14,8,1,12.0,6,10,9,8,4.0,4.0,3.0,3,3,7.100070018365472,0.3020577499190228,1718.2169444444444,242,0,0.0,0.0
77,40,No,Travel_Rarely,Research & Development,2,4,Other,1,78,Male,4,Research Scientist,Married,50330,2.0,Y,14,8,2,6.0,6,4,0,2,2.0,4.0,2.0,3,3,9.914107744107744,0.2982920757272086,2290.1588888888887,231,231,211.1588888888889,0.914107744107744
78,29,Yes,Travel_Rarely,Research & Development,29,3,Medical,1,79,Female,1,Research Scientist,Married,23070,1.0,Y,13,8,1,7.0,0,7,0,7,2.0,1.0,2.0,3,3,10.477788647342994,0.3013667810340339,2409.8913888888887,230,230,339.8913888888889,1.4777886473429953
79,29,No,Travel_Rarely,Human Resources,8,3,Medical,1,80,Male,3,Sales Representative,Single,25870,0.0,Y,22,8,2,4.0,3,3,2,2,2.0,4.0,3.0,3,4,6.906938633193864,0.2945512458116299,1650.7583333333334,239,0,0.0,0.0
80,30,No,Travel_Rarely,Research & Development,10,3,Life Sciences,1,81,Male,2,Research Scientist,Divorced,55070,1.0,Y,12,8,2,10.0,2,10,1,2,4.0,3.0,3.0,2,3,7.589092432950192,0.3033947116335247,1760.6694444444445,232,20,0.0,0.0
81,27,No,Travel_Rarely,Research & Development,11,2,Medical,1,82,Male,1,Manager,Married,43930,1.0,Y,18,8,1,8.0,2,8,0,7,2.0,2.0,3.0,2,3,6.079724499089253,0.2943418133372728,1483.4527777777778,244,0,0.0,0.0
82,37,No,Travel_Rarely,Sales,1,4,Life Sciences,1,83,Male,2,Healthcare Representative,Divorced,133480,7.0,Y,14,8,0,8.0,4,6,0,4,4.0,4.0,2.0,3,3,6.001112288135594,0.2869876466163706,1416.2625,236,0,0.0,0.0
83,38,No,Travel_Rarely,Research & Development,28,4,Medical,1,84,Male,1,Laboratory Technician,Divorced,65830,0.0,Y,12,8,0,12.0,1,11,2,9,3.0,4.0,3.0,3,3,8.983123278236915,0.3033705166083599,2173.915833333333,242,242,27.912777777777787,0.115342056932966
84,31,No,Travel_Rarely,Research & Development,6,3,Medical,1,85,Female,3,Manager,Single,81030,1.0,Y,15,8,1,11.0,5,11,4,10,3.0,4.0,3.0,3,3,10.426184640522877,0.3131386822963049,2481.4319444444445,238,238,339.43194444444447,1.426184640522876
85,29,No,Travel_Rarely,Research & Development,3,4,Life Sciences,1,86,Male,3,Sales Executive,Divorced,39780,1.0,Y,11,8,0,7.0,0,7,1,7,4.0,2.0,3.0,3,3,8.387526183970856,0.2728097417986211,2046.556388888889,244,225,0.2350000000000012,0.0009631147540983
86,35,No,Travel_Rarely,Sales,16,2,Technical Degree,1,87,Male,3,Manager,Single,25440,0.0,Y,13,8,1,17.0,3,16,0,13,3.0,2.0,3.0,4,3,7.912038626609442,0.29151719521946,1843.505,233,95,0.0,0.0
87,23,No,Travel_Rarely,Research & Development,20,4,Life Sciences,1,88,Male,1,Manufacturing Director,Divorced,53990,1.0,Y,23,8,0,4.0,2,4,0,2,3.0,4.0,2.0,2,4,7.105291842475387,0.291581088575411,1683.9541666666669,237,1,0.0,0.0
88,41,No,Travel_Rarely,Research & Development,9,2,Life Sciences,1,89,Female,1,Laboratory Technician,Single,54870,6.0,Y,19,8,2,8.0,0,5,1,2,4.0,2.0,3.0,3,3,9.68863319386332,0.2863867818652612,2315.583333333333,239,239,164.69722222222222,0.6891097164109716
89,47,No,Travel_Frequently,Sales,1,3,Medical,1,90,Female,2,Laboratory Technician,Single,68340,3.0,Y,16,8,1,5.0,2,0,0,0,2.0,3.0,3.0,4,3,7.770347512784752,0.3013260125248706,1857.1130555555555,239,52,0.0,0.0
90,42,No,Travel_Rarely,Research & Development,3,4,Life Sciences,1,91,Male,1,Manager,Single,10910,2.0,Y,22,8,0,16.0,0,1,0,0,1.0,4.0,3.0,1,4,6.284280356305673,0.2970647525484169,1489.3744444444444,237,0,0.0,0.0
91,29,No,Non-Travel,Sales,22,4,Marketing,1,92,Male,2,Human Resources,Married,57360,1.0,Y,22,8,0,4.0,1,4,0,2,4.0,3.0,2.0,2,4,6.306108726752504,0.3147514859255346,1469.3233333333333,233,0,0.0,0.0
92,42,No,Travel_Rarely,Sales,7,4,Medical,1,93,Male,3,Research Scientist,Divorced,22260,0.0,Y,12,8,1,4.0,3,3,1,0,3.0,3.0,3.0,2,3,8.831585038986354,0.3114763351845712,2013.6013888888888,228,227,13.79722222222222,0.0605141325536062
93,32,No,Travel_Rarely,Research & Development,2,3,Medical,1,94,Male,2,Research Scientist,Married,57470,1.0,Y,13,8,0,8.0,0,8,0,7,3.0,2.0,3.0,3,3,7.722377344877344,0.3036703829425293,1783.8691666666666,231,45,0.0,0.0
94,48,No,Travel_Rarely,Sales,13,4,Medical,1,95,Male,4,Sales Executive,Married,98540,3.0,Y,16,8,1,15.0,2,0,0,0,1.0,3.0,1.0,2,3,7.317479732951836,0.2713736160733709,1704.9727777777778,233,1,0.0,0.0
95,37,No,Travel_Rarely,Research & Development,8,5,Technical Degree,1,96,Male,2,Manufacturing Director,Divorced,54670,4.0,Y,12,8,0,13.0,2,7,6,7,3.0,1.0,3.0,3,3,10.798262483130904,0.2956162887590213,2667.170833333333,247,247,444.17083333333335,1.7982624831309042
96,30,No,Non-Travel,Sales,25,4,Other,1,97,Male,1,Healthcare Representative,Married,53800,7.0,Y,21,8,1,4.0,0,2,2,2,4.0,3.0,4.0,3,4,10.40136394557823,0.304398250259148,2548.3341666666665,245,245,343.33416666666665,1.4013639455782312
97,26,No,Travel_Rarely,Sales,28,3,Medical,1,98,Female,5,Laboratory Technician,Married,51510,1.0,Y,15,8,3,8.0,3,8,7,7,3.0,3.0,3.0,3,3,5.994326703246457,0.3034083959339801,1456.621388888889,243,0,0.0,0.0
98,42,No,Travel_Rarely,Sales,2,2,Medical,1,99,Female,1,Laboratory Technician,Single,21330,3.0,Y,13,8,2,14.0,2,1,0,0,1.0,4.0,3.0,3,3,6.113110181311018,0.321777304474421,1461.0333333333333,239,0,0.0,0.0
99,21,Yes,Travel_Frequently,Research & Development,9,3,Medical,1,100,Female,4,Manufacturing Director,Single,178750,1.0,Y,12,8,0,3.0,5,3,1,2,1.0,2.0,3.0,2,3,8.133578096539162,0.2979867210928539,1984.593055555556,244,170,0.0908333333333342,0.0003722677595628
100,36,No,Non-Travel,Human Resources,28,3,Human Resources,1,101,Male,2,Laboratory Technician,Single,24320,4.0,Y,22,8,0,7.0,4,1,0,0,4.0,4.0,3.0,1,4,7.306164990421457,0.3227369368620735,1695.030277777778,232,2,0.0,0.0
101,36,No,Travel_Frequently,Research & Development,6,3,Life Sciences,1,102,Female,2,Research Scientist,Married,47710,4.0,Y,13,8,1,16.0,2,13,1,12,1.0,4.0,3.0,3,3,7.105030345471522,0.3052452368512965,1690.9972222222225,238,0,0.0,0.0
102,57,No,Travel_Rarely,Research & Development,21,4,Life Sciences,1,103,Male,5,Research Scientist,Married,191610,2.0,Y,18,8,0,15.0,2,3,1,2,4.0,3.0,3.0,1,3,6.327729314420804,0.2956968539244834,1487.016388888889,235,0,0.0,0.0
103,40,No,Travel_Rarely,Research & Development,8,3,Other,1,104,Male,2,Sales Executive,Married,50870,3.0,Y,14,8,1,10.0,3,7,1,7,4.0,3.0,3.0,3,3,8.1285121602289,0.2861738073402625,1893.9433333333332,233,155,0.0313888888888893,0.0001347162613257
104,21,No,Non-Travel,Research & Development,1,5,Life Sciences,1,105,Female,2,Manager,Single,28630,1.0,Y,14,8,0,3.0,2,3,2,2,1.0,4.0,2.0,1,3,7.98643255701116,0.2672601004984339,1828.8930555555555,229,107,0.0,0.0
105,33,Yes,Travel_Rarely,Human Resources,28,2,Human Resources,1,106,Female,5,Manager,Single,55610,1.0,Y,21,8,1,1.0,3,1,0,0,4.0,3.0,3.0,1,4,10.50909692159692,0.3066504556629196,2427.601388888889,231,231,348.6013888888889,1.5090969215969217
106,37,No,Travel_Rarely,Research & Development,5,3,Life Sciences,1,107,Male,4,Research Scientist,Married,21440,6.0,Y,19,8,0,17.0,3,5,0,3,3.0,1.0,3.0,4,3,7.993284030784031,0.2918022262172735,1846.4486111111112,231,108,0.0,0.0
107,46,No,Non-Travel,Sales,2,4,Marketing,1,108,Female,2,Laboratory Technician,Married,30650,2.0,Y,11,8,0,7.0,3,1,0,0,3.0,3.0,4.0,3,3,6.103653752436647,0.2760742462786244,1391.6330555555555,228,0,0.0,0.0
108,41,Yes,Travel_Frequently,Research & Development,16,1,Medical,1,109,Female,1,Research Scientist,Single,28100,1.0,Y,11,8,0,8.0,3,8,7,7,1.0,2.0,3.0,4,3,7.587908917501192,0.28092136449258,1767.9827777777778,233,15,0.0,0.0
109,50,No,Travel_Rarely,Research & Development,9,3,Medical,1,110,Female,3,Laboratory Technician,Single,98880,6.0,Y,15,8,0,20.0,2,4,1,3,4.0,4.0,3.0,3,3,6.890321256038647,0.304093715629248,1584.773888888889,230,0,0.0,0.0
110,40,Yes,Travel_Rarely,Research & Development,8,3,Medical,1,111,Female,1,Healthcare Representative,Married,86280,2.0,Y,20,8,0,8.0,2,6,1,0,3.0,3.0,3.0,2,4,9.295999525166192,0.3191977828139923,2175.2638888888887,234,234,75.84416666666667,0.3241203703703704
111,31,No,Travel_Rarely,Research & Development,1,3,Life Sciences,1,112,Male,4,Human Resources,Single,28670,0.0,Y,24,8,0,3.0,5,2,2,2,3.0,2.0,3.0,3,4,10.806078364950316,0.2826356108226118,2658.2952777777778,246,246,444.29527777777776,1.806078364950316
112,21,Yes,Travel_Rarely,Human Resources,10,2,Human Resources,1,113,Male,1,Laboratory Technician,Single,53730,1.0,Y,12,8,1,1.0,2,1,0,0,3.0,2.0,3.0,3,3,5.995219806763284,0.3117684071979395,1378.9005555555557,230,0,0.0,0.0
113,29,No,Travel_Rarely,Research & Development,1,3,Life Sciences,1,114,Female,2,Research Director,Single,66670,9.0,Y,12,8,1,6.0,6,3,1,2,4.0,4.0,3.0,4,3,7.788609977324263,0.2951812462886468,1908.2094444444444,245,57,0.0,0.0
114,35,No,Travel_Rarely,Research & Development,29,3,Life Sciences,1,115,Female,3,Sales Executive,Single,50030,9.0,Y,15,8,0,10.0,2,1,0,0,3.0,2.0,3.0,3,3,7.717707156308851,0.2748778776679911,1821.378888888889,236,37,0.0,0.0
115,27,No,Travel_Rarely,Sales,2,3,Life Sciences,1,116,Male,1,Sales Executive,Divorced,23670,2.0,Y,12,8,1,5.0,2,5,0,4,4.0,2.0,3.0,3,3,6.189450379867046,0.2831699616965775,1448.3313888888888,234,0,0.0,0.0
116,28,No,Travel_Rarely,Research & Development,2,2,Medical,1,117,Male,3,Manager,Single,28580,1.0,Y,12,8,0,7.0,2,7,0,7,2.0,4.0,3.0,2,3,7.120614224137931,0.3245814917059362,1651.9825,232,3,0.0,0.0
117,49,No,Travel_Rarely,Sales,2,3,Technical Degree,1,118,Male,2,Manufacturing Director,Single,52040,8.0,Y,14,8,1,26.0,3,5,0,0,2.0,3.0,3.0,3,3,7.825193287037037,0.2762058666416943,1878.046388888889,240,71,0.0,0.0
118,51,No,Travel_Rarely,Research & Development,1,2,Life Sciences,1,119,Male,1,Sales Executive,Married,41050,4.0,Y,22,8,1,18.0,2,7,0,7,3.0,4.0,2.0,3,4,7.619401803118908,0.3080290881785042,1737.223611111111,228,27,0.0,0.0
119,36,No,Travel_Rarely,Sales,15,2,Life Sciences,1,120,Male,1,Sales Executive,Married,96790,4.0,Y,12,8,0,6.0,1,2,2,2,4.0,3.0,3.0,3,3,6.002463200379867,0.2793863492279386,1404.576388888889,234,0,0.0,0.0
120,34,Yes,Non-Travel,Research & Development,7,3,Life Sciences,1,121,Male,1,Sales Representative,Single,56170,8.0,Y,25,8,1,9.0,3,5,0,4,1.0,4.0,2.0,3,4,9.113126477541371,0.2968061611407184,2141.5847222222224,235,235,42.71444444444445,0.1817635933806147
121,55,No,Travel_Rarely,Sales,26,3,Marketing,1,122,Male,1,Laboratory Technician,Single,104480,2.0,Y,13,8,0,30.0,3,5,1,2,3.0,4.0,3.0,3,3,8.684139595103579,0.3230686032698425,2049.4569444444446,236,231,6.4327777777777815,0.0272575329566855
122,24,No,Travel_Rarely,Research & Development,1,3,Life Sciences,1,123,Female,5,Manager,Divorced,28970,1.0,Y,18,8,3,5.0,4,5,0,3,4.0,3.0,4.0,3,3,9.993131642512076,0.2929671106647449,2298.4202777777778,230,230,228.42027777777776,0.9931316425120772
123,30,No,Travel_Rarely,Research & Development,3,3,Life Sciences,1,124,Female,2,Manager,Married,59680,1.0,Y,13,8,0,1.0,3,1,0,0,3.0,2.0,3.0,3,3,6.900539923039923,0.2847968585269351,1594.0247222222222,231,0,0.0,0.0
124,26,Yes,Travel_Frequently,Sales,14,3,Life Sciences,1,125,Male,2,Manager,Single,75100,0.0,Y,18,8,3,7.0,3,6,0,4,3.0,3.0,3.0,3,3,6.999357638888889,0.3041732805740809,1679.8458333333333,240,0,0.0,0.0
125,22,No,Travel_Rarely,Research & Development,16,5,Other,1,126,Male,1,Research Scientist,Married,29910,1.0,Y,19,8,2,2.0,3,2,1,2,1.0,2.0,3.0,2,3,6.286230158730159,0.3140541987912136,1452.1191666666666,231,0,0.0,0.0
126,36,No,Travel_Rarely,Research & Development,1,3,Medical,1,127,Female,5,Healthcare Representative,Married,196360,1.0,Y,12,8,1,10.0,3,10,9,0,2.0,3.0,3.0,3,3,6.366151129943503,0.3056084765592562,1502.4116666666666,236,0,0.0,0.0
127,30,Yes,Travel_Frequently,Sales,3,2,Marketing,1,128,Male,3,Research Scientist,Single,11290,9.0,Y,19,8,0,3.0,2,1,0,0,3.0,4.0,3.0,2,3,8.19166087962963,0.297115735004979,1965.9986111111111,240,175,0.2327777777777768,0.0009699074074074
128,37,No,Travel_Rarely,Research & Development,10,1,Technical Degree,1,129,Male,1,Sales Executive,Divorced,133410,1.0,Y,14,8,1,18.0,3,18,12,17,4.0,1.0,2.0,3,3,6.4520891203703705,0.315143122004775,1548.5013888888889,240,0,0.0,0.0
129,40,No,Travel_Rarely,Research & Development,6,2,Medical,1,130,Male,3,Research Scientist,Divorced,43320,7.0,Y,14,8,2,8.0,3,5,1,3,4.0,2.0,3.0,2,3,6.682986714975845,0.3017011062198979,1537.0869444444445,230,0,0.0,0.0
130,42,No,Travel_Rarely,Research & Development,2,3,Medical,1,131,Female,4,Manager,Divorced,110310,3.0,Y,12,8,1,8.0,2,5,1,2,2.0,1.0,3.0,2,3,7.4826477541371155,0.2914009080192508,1758.4222222222222,235,9,0.0,0.0
131,37,No,Travel_Rarely,Sales,9,1,Marketing,1,132,Male,3,Sales Executive,Single,44400,2.0,Y,11,8,1,18.0,3,1,0,1,3.0,2.0,2.0,2,3,9.920131519274376,0.3128869861899561,2430.432222222222,245,245,225.4322222222222,0.9201315192743764
132,43,No,Travel_Rarely,Sales,10,2,Life Sciences,1,133,Female,1,Sales Executive,Divorced,46170,1.0,Y,11,8,0,25.0,2,25,3,9,1.0,2.0,3.0,3,3,7.41563829787234,0.2937137030826792,1742.675,235,2,0.0,0.0
133,40,No,Travel_Rarely,Sales,6,2,Life Sciences,1,134,Female,1,Laboratory Technician,Married,26470,6.0,Y,13,8,0,20.0,2,1,0,0,2.0,3.0,3.0,2,3,7.495338468720821,0.295297817659257,1783.8905555555557,238,10,0.0,0.0
134,54,No,Travel_Rarely,Human Resources,9,3,Life Sciences,1,135,Female,2,Manufacturing Director,Married,63230,4.0,Y,23,8,1,24.0,2,4,1,2,1.0,1.0,2.0,2,4,5.998969652471855,0.2875468261702454,1361.766111111111,227,0,0.0,0.0
135,34,No,Non-Travel,Research & Development,28,3,Medical,1,136,Male,1,Laboratory Technician,Married,56770,9.0,Y,20,8,1,6.0,3,3,1,2,3.0,3.0,3.0,3,4,6.85954534662868,0.2736884968860533,1605.1336111111111,234,0,0.0,0.0
136,31,No,Travel_Rarely,Research & Development,10,4,Life Sciences,1,137,Male,3,Sales Executive,Married,21870,1.0,Y,15,8,1,13.0,2,13,3,12,2.0,1.0,1.0,2,3,6.131909722222222,0.3007888388169094,1422.6030555555556,232,0,0.0,0.0
137,43,No,Travel_Frequently,Sales,14,3,Life Sciences,1,138,Female,1,Manufacturing Director,Married,37480,7.0,Y,14,8,2,10.0,3,3,1,2,4.0,4.0,3.0,2,3,7.67480543318649,0.2823217909904311,1742.180833333333,227,22,0.1877777777777769,0.0008272148800783
138,43,No,Travel_Rarely,Sales,27,4,Life Sciences,1,139,Male,2,Sales Representative,Divorced,39770,4.0,Y,18,8,1,8.0,3,5,0,2,3.0,3.0,3.0,3,3,8.878969421101774,0.3048386685733429,2113.194722222222,238,238,17.8125,0.0748424369747899
139,25,No,Travel_Rarely,Human Resources,7,2,Human Resources,1,140,Male,1,Manufacturing Director,Single,86330,1.0,Y,19,8,1,5.0,2,5,1,3,2.0,4.0,3.0,4,3,10.89584530651341,0.3035594941005067,2527.836111111111,232,232,439.8361111111111,1.89584530651341
140,37,No,Non-Travel,Research & Development,1,3,Medical,1,141,Male,3,Laboratory Technician,Married,20080,3.0,Y,22,8,0,15.0,5,13,10,7,2.0,3.0,3.0,2,4,10.692001669051026,0.316739645351325,2491.236388888889,233,233,394.2363888888889,1.6920016690510251
141,31,No,Travel_Rarely,Research & Development,24,1,Medical,1,142,Male,3,Laboratory Technician,Married,44400,1.0,Y,13,8,1,4.0,2,4,3,2,4.0,1.0,3.0,3,3,7.060316091954023,0.3016817394025219,1637.993333333333,232,0,0.0,0.0
142,39,No,Travel_Frequently,Research & Development,26,4,Technical Degree,1,143,Female,1,Sales Executive,Divorced,30670,1.0,Y,20,8,1,21.0,5,21,1,6,2.0,3.0,3.0,1,4,9.009179138321995,0.2940221428307152,2207.248888888889,245,245,30.595277777777767,0.1248786848072562
143,56,No,Travel_Frequently,Research & Development,20,4,Life Sciences,1,144,Female,3,Sales Executive,Married,53210,9.0,Y,14,8,0,36.0,1,7,7,7,3.0,1.0,2.0,3,3,7.420447466294746,0.2949671078665677,1773.4869444444444,239,8,0.0,0.0
144,30,No,Travel_Rarely,Sales,5,4,Medical,1,145,Female,2,Manufacturing Director,Single,54100,0.0,Y,17,8,1,6.0,2,5,4,4,2.0,3.0,3.0,3,3,7.585973922902495,0.304401869268774,1858.5636111111112,245,18,0.0,0.0
145,41,No,Travel_Rarely,Research & Development,7,3,Technical Degree,1,146,Female,3,Research Scientist,Married,27820,1.0,Y,14,8,0,10.0,2,10,0,7,2.0,1.0,3.0,2,3,6.624136698939603,0.3178489145537027,1596.4169444444444,241,0,0.0,0.0
146,28,No,Travel_Rarely,Research & Development,7,3,Medical,1,147,Male,3,Healthcare Representative,Divorced,119570,1.0,Y,13,8,0,10.0,2,10,1,8,3.0,1.0,3.0,2,3,6.192764830508475,0.3179692820147781,1461.4925,236,0,0.0,0.0
147,25,Yes,Travel_Rarely,Research & Development,5,2,Life Sciences,1,148,Female,3,Laboratory Technician,Married,26600,5.0,Y,13,8,0,6.0,3,2,0,2,1.0,1.0,3.0,3,3,6.472303436911488,0.3119169027133294,1527.463611111111,236,0,0.0,0.0
148,52,No,Travel_Rarely,Research & Development,26,2,Life Sciences,1,149,Female,2,Sales Representative,Married,33750,2.0,Y,21,8,0,28.0,2,5,0,4,4.0,3.0,3.0,2,4,8.195051440329218,0.3105541185251595,1991.3975,243,166,0.3341666666666665,0.001375171467764
149,45,No,Travel_Rarely,Research & Development,2,3,Medical,1,150,Female,1,Sales Executive,Married,50980,3.0,Y,14,8,1,8.0,4,2,0,2,1.0,4.0,2.0,3,3,6.787695733708392,0.2717460652981986,1608.683888888889,237,0,0.0,0.0
150,52,No,Travel_Rarely,Research & Development,12,3,Medical,1,151,Male,2,Research Scientist,Married,48780,2.0,Y,11,8,1,31.0,3,5,1,4,4.0,4.0,1.0,3,3,7.302139479905437,0.3030833790329483,1716.0027777777775,235,4,0.0,0.0
151,42,No,Travel_Frequently,Sales,10,3,Marketing,1,152,Female,2,Healthcare Representative,Divorced,28370,2.0,Y,13,8,1,19.0,0,5,0,2,1.0,3.0,3.0,2,3,6.822407010014307,0.3088207903208703,1589.6208333333334,233,0,0.0,0.0
152,30,No,Travel_Rarely,Sales,25,3,Marketing,1,153,Male,1,Sales Executive,Single,24060,2.0,Y,20,8,1,11.0,5,5,0,2,3.0,4.0,3.0,3,4,7.322458937198068,0.2980406645064434,1684.1655555555556,230,3,0.0,0.0
153,60,No,Travel_Rarely,Research & Development,10,3,Life Sciences,1,154,Female,1,Manufacturing Director,Married,22690,5.0,Y,18,8,1,33.0,4,29,11,10,1.0,1.0,1.0,3,3,6.164361829501916,0.3143821591654218,1430.1319444444443,232,0,0.0,0.0
154,46,No,Travel_Rarely,Sales,19,4,Marketing,1,155,Female,1,Sales Executive,Divorced,41080,2.0,Y,14,8,0,19.0,5,10,0,8,3.0,3.0,2.0,2,3,7.610284810126583,0.2938036667730017,1803.6375,237,22,0.0,0.0
155,42,No,Travel_Frequently,Research & Development,18,4,Technical Degree,1,156,Male,4,Sales Executive,Married,132060,0.0,Y,13,8,2,7.0,2,6,0,4,4.0,4.0,4.0,3,3,6.5951353874883285,0.3182953779986332,1569.6422222222222,238,0,0.0,0.0
156,24,Yes,Travel_Rarely,Research & Development,27,2,Medical,1,157,Male,1,Research Scientist,Single,104220,1.0,Y,17,8,1,6.0,0,5,1,4,1.0,2.0,3.0,2,3,10.648925376647837,0.2978148655761135,2513.146388888889,236,236,389.1463888888889,1.6489253766478345
157,34,Yes,Travel_Frequently,Research & Development,5,3,Medical,1,158,Male,2,Research Scientist,Divorced,137440,0.0,Y,20,8,1,3.0,3,2,1,0,4.0,3.0,2.0,3,4,6.20442731277533,0.2823785384971704,1408.405,227,0,0.0,0.0
158,38,No,Travel_Frequently,Sales,3,3,Marketing,1,159,Female,2,Sales Executive,Married,49070,1.0,Y,11,8,1,1.0,3,1,0,0,4.0,4.0,3.0,3,3,8.591902250351618,0.3000731063992162,2036.2808333333328,237,228,2.4638888888888903,0.0103961556493202
159,40,No,Travel_Rarely,Sales,26,4,Marketing,1,160,Female,1,Sales Executive,Married,34820,0.0,Y,18,8,1,21.0,2,20,1,12,3.0,3.0,3.0,2,3,6.001353864734299,0.2948516035328985,1380.3113888888888,230,0,0.0,0.0
160,26,No,Travel_Rarely,Research & Development,3,2,Medical,1,161,Female,4,Healthcare Representative,Divorced,24360,1.0,Y,24,8,0,3.0,2,3,0,2,1.0,4.0,1.0,4,4,6.281751101321586,0.3060211981320457,1425.9575,227,0,0.0,0.0
161,30,No,Non-Travel,Research & Development,15,3,Medical,1,162,Female,2,Sales Executive,Married,23800,4.0,Y,18,8,3,9.0,2,5,1,4,3.0,4.0,1.0,2,3,7.9055698005698,0.284207412495015,1849.9033333333332,234,83,0.0,0.0
162,29,No,Travel_Rarely,Research & Development,8,3,Medical,1,163,Female,3,Manufacturing Director,Married,194310,1.0,Y,11,8,0,10.0,3,10,0,7,2.0,3.0,3.0,3,3,7.175699035812673,0.2915206754617901,1736.5191666666667,242,0,0.0,0.0
163,29,Yes,Travel_Rarely,Research & Development,19,4,Life Sciences,1,164,Male,3,Research Scientist,Married,17900,5.0,Y,16,8,1,6.0,4,2,1,1,3.0,2.0,4.0,2,3,6.651255274261604,0.3065156841937335,1576.3475,237,0,0.0,0.0
164,19,Yes,Travel_Rarely,Research & Development,4,3,Medical,1,165,Male,1,Sales Executive,Single,76440,1.0,Y,15,8,2,1.0,2,1,0,0,1.0,4.0,4.0,3,3,7.906068376068376,0.3098415173969699,1850.02,234,90,0.0,0.0
165,30,No,Non-Travel,Research & Development,2,4,Life Sciences,1,166,Female,3,Research Scientist,Married,51310,0.0,Y,15,8,1,10.0,2,9,7,8,3.0,1.0,3.0,3,3,6.718815667131567,0.3106013054865066,1605.7969444444443,239,0,0.0,0.0
166,57,No,Travel_Rarely,Research & Development,2,2,Life Sciences,1,167,Male,4,Research Scientist,Divorced,63060,3.0,Y,12,8,1,32.0,3,1,0,0,1.0,4.0,2.0,3,3,6.290588023088023,0.3221292197973265,1453.1258333333333,231,0,0.0,0.0
167,50,No,Travel_Rarely,Sales,10,4,Life Sciences,1,168,Female,3,Manager,Married,47870,0.0,Y,12,8,0,28.0,3,27,15,7,2.0,3.0,3.0,3,3,7.178114997713763,0.2879177720771033,1744.2819444444444,243,0,0.0,0.0
168,30,No,Non-Travel,Sales,10,2,Life Sciences,1,169,Male,3,Laboratory Technician,Single,188800,0.0,Y,22,8,1,12.0,3,11,6,7,3.0,4.0,2.0,3,4,6.286431712962963,0.3185341462132187,1508.743611111111,240,0,0.0,0.0
169,60,No,Travel_Frequently,Research & Development,16,3,Life Sciences,1,170,Female,4,Laboratory Technician,Married,23390,4.0,Y,20,8,0,22.0,4,18,13,11,3.0,1.0,4.0,3,4,7.217978595478596,0.287359072013134,1667.3530555555556,231,1,0.0,0.0
170,47,No,Travel_Rarely,Research & Development,1,3,Technical Degree,1,171,Male,5,Manufacturing Director,Divorced,135700,5.0,Y,16,8,2,20.0,2,5,0,4,1.0,4.0,3.0,2,3,7.809089371980676,0.3000750363232914,1796.0905555555555,230,59,0.0,0.0
171,46,No,Travel_Rarely,Sales,4,1,Technical Degree,1,172,Male,1,Laboratory Technician,Married,67120,6.0,Y,21,8,1,26.0,3,3,0,1,1.0,3.0,1.0,2,4,6.805152662993573,0.3223801201660619,1646.8469444444445,242,0,0.0,0.0
172,35,No,Travel_Rarely,Research & Development,15,2,Medical,1,173,Female,2,Laboratory Technician,Single,54060,0.0,Y,12,8,1,6.0,2,5,4,3,4.0,3.0,3.0,3,3,6.484045584045584,0.2916407143451176,1517.2666666666669,234,0,0.0,0.0
173,54,No,Travel_Rarely,Research & Development,2,4,Medical,1,174,Male,2,Human Resources,Single,89380,7.0,Y,11,8,3,19.0,2,1,0,0,3.0,3.0,3.0,3,3,7.651214845550945,0.3120443923551523,1843.9427777777776,241,31,0.0,0.0
174,34,No,Travel_Rarely,Sales,8,2,Life Sciences,1,175,Male,1,Laboratory Technician,Divorced,24390,3.0,Y,11,8,2,14.0,2,7,5,7,4.0,3.0,3.0,4,3,7.585962725546058,0.2825372359912788,1775.1152777777777,234,11,0.0,0.0
175,46,No,Travel_Rarely,Research & Development,2,3,Life Sciences,1,176,Male,1,Healthcare Representative,Married,88370,2.0,Y,18,8,0,15.0,3,3,1,2,3.0,4.0,3.0,2,3,9.179540598290597,0.2802815078690476,2148.0125,234,234,51.315,0.2192948717948717
176,31,No,Travel_Rarely,Research & Development,7,3,Life Sciences,1,177,Male,2,Research Director,Divorced,53430,1.0,Y,14,8,1,13.0,3,13,0,8,3.0,2.0,4.0,3,3,6.37815324858757,0.2861808860552732,1505.2441666666666,236,0,0.0,0.0
177,33,Yes,Travel_Rarely,Research & Development,10,3,Life Sciences,1,178,Female,4,Research Director,Married,67280,7.0,Y,22,8,0,15.0,2,7,7,7,2.0,3.0,4.0,2,4,8.47764719848053,0.284255560024188,1983.7694444444444,234,227,0.6333333333333329,0.0027065527065527
178,33,Yes,Travel_Rarely,Sales,5,4,Marketing,1,179,Male,2,Research Director,Divorced,66520,7.0,Y,25,8,0,8.0,5,4,1,3,1.0,4.0,3.0,3,4,6.965121812386157,0.3113988122824903,1699.4897222222223,244,0,0.0,0.0
179,30,No,Travel_Rarely,Research & Development,2,3,Life Sciences,1,180,Male,1,Sales Executive,Single,48500,0.0,Y,12,8,1,4.0,4,3,1,2,4.0,2.0,3.0,3,3,6.474620792992162,0.3282406091001766,1560.3836111111111,241,0,0.0,0.0
180,35,No,Travel_Rarely,Research & Development,12,2,Medical,1,181,Female,2,Sales Representative,Married,28090,4.0,Y,23,8,1,10.0,2,8,0,0,4.0,3.0,3.0,1,4,8.876004361799817,0.2913333598297988,2147.993055555556,242,242,15.618333333333332,0.0645385674931129
181,31,Yes,Travel_Frequently,Research & Development,22,2,Medical,1,182,Female,2,Sales Executive,Married,56890,3.0,Y,15,8,2,12.0,2,1,0,0,1.0,3.0,3.0,2,3,6.58834186159844,0.2952611347619577,1502.1419444444443,228,0,0.0,0.0
182,34,Yes,Travel_Frequently,Sales,17,1,Marketing,1,183,Male,1,Research Director,Divorced,20010,9.0,Y,22,8,1,11.0,5,3,0,2,2.0,1.0,3.0,4,4,10.995573136427566,0.2986388394533272,2605.9508333333333,237,237,472.9508333333333,1.9955731364275668
183,42,No,Travel_Frequently,Research & Development,2,4,Medical,1,184,Female,1,Research Scientist,Married,29770,4.0,Y,15,8,3,8.0,3,2,2,0,2.0,3.0,3.0,2,3,7.810652071563088,0.2845646156122051,1843.3138888888889,236,59,0.0,0.0
184,36,No,Non-Travel,Research & Development,3,4,Medical,1,185,Male,1,Research Scientist,Single,40250,1.0,Y,11,8,0,10.0,3,10,9,7,2.0,4.0,2.0,3,3,7.22925660291439,0.2562826735526897,1763.9386111111112,244,0,0.0,0.0
185,22,Yes,Travel_Frequently,Research & Development,7,3,Medical,1,186,Female,2,Laboratory Technician,Single,37850,5.0,Y,13,8,2,4.0,2,2,1,2,3.0,3.0,3.0,3,3,6.419389838556505,0.3048313332581923,1502.137222222222,234,0,0.0,0.0
186,48,No,Travel_Rarely,Research & Development,6,3,Medical,1,187,Male,1,Laboratory Technician,Married,108540,2.0,Y,14,8,1,14.0,6,9,6,7,2.0,4.0,3.0,3,3,6.779623617123617,0.2994557803572176,1566.0930555555556,231,0,0.0,0.0
187,55,No,Travel_Rarely,Research & Development,1,3,Medical,1,188,Female,1,Sales Executive,Single,120310,3.0,Y,11,8,0,37.0,5,10,7,7,1.0,2.0,3.0,3,3,7.390809591642925,0.3011681292163029,1729.4494444444445,234,6,0.0,0.0
188,41,No,Non-Travel,Research & Development,3,2,Life Sciences,1,189,Female,2,Research Scientist,Single,99360,7.0,Y,17,8,1,16.0,2,14,1,10,4.0,4.0,3.0,2,3,6.192049516908213,0.3000614469813832,1424.171388888889,230,0,0.0,0.0
189,35,No,Travel_Rarely,Research & Development,22,3,Medical,1,190,Female,1,Sales Representative,Married,29660,9.0,Y,18,8,0,15.0,2,11,6,9,2.0,3.0,3.0,2,3,6.014660228898426,0.319916235184263,1401.4158333333332,233,0,0.0,0.0
190,40,No,Travel_Rarely,Research & Development,15,3,Life Sciences,1,191,Female,2,Laboratory Technician,Single,25710,7.0,Y,14,8,0,22.0,1,20,5,13,2.0,3.0,3.0,3,3,7.3010291438979955,0.2818507606039336,1781.451111111111,244,3,0.0,0.0
191,39,No,Travel_Frequently,Research & Development,12,1,Medical,1,192,Male,1,Research Scientist,Married,99910,1.0,Y,16,8,1,8.0,3,8,0,7,3.0,3.0,3.0,3,3,7.061997245179064,0.3228596247928963,1709.003333333333,242,0,0.0,0.0
192,31,No,Travel_Rarely,Research & Development,1,4,Life Sciences,1,193,Male,3,Research Director,Single,61420,4.0,Y,13,8,2,10.0,2,6,0,5,2.0,4.0,4.0,2,3,8.724735996326904,0.295011078368031,2111.386111111111,242,240,6.099722222222221,0.0252054637281909
193,42,No,Travel_Rarely,Research & Development,5,3,Medical,1,194,Male,3,Sales Executive,Married,53900,1.0,Y,14,8,0,10.0,3,10,5,8,4.0,1.0,2.0,3,3,10.807604755178907,0.2977175428190616,2550.594722222222,236,236,426.59472222222223,1.807604755178908
194,45,No,Travel_Rarely,Research & Development,2,1,Medical,1,195,Female,4,Sales Executive,Married,44040,0.0,Y,23,8,0,9.0,2,8,3,7,4.0,2.0,4.0,3,4,7.41028883972468,0.2971609851774917,1674.7252777777778,226,6,0.0,0.0
195,26,Yes,Travel_Frequently,Research & Development,2,1,Life Sciences,1,196,Female,2,Laboratory Technician,Divorced,59930,0.0,Y,12,8,0,8.0,3,7,1,0,3.0,3.0,2.0,3,3,9.190491803278688,0.2877807299804729,2242.48,244,244,56.73861111111111,0.2325352914389799
196,29,No,Travel_Rarely,Research & Development,5,3,Medical,1,197,Male,1,Research Scientist,Divorced,51300,4.0,Y,11,8,0,8.0,3,3,1,2,4.0,4.0,4.0,2,3,7.393010477582846,0.2966990176540525,1685.606388888889,228,2,0.0,0.0
197,33,No,Travel_Rarely,Research & Development,16,3,Medical,1,198,Female,1,Laboratory Technician,Divorced,20900,4.0,Y,16,8,0,10.0,2,6,0,5,1.0,3.0,3.0,3,3,7.402587597971416,0.2820023191564981,1784.0236111111112,241,3,0.0,0.0
198,31,No,Travel_Rarely,Research & Development,2,4,Life Sciences,1,199,Female,1,Sales Executive,Divorced,29090,9.0,Y,14,8,2,10.0,2,5,0,1,3.0,4.0,2.0,3,3,6.711708214624881,0.2809484869599171,1570.5397222222225,234,0,0.0,0.0
199,18,Yes,Travel_Frequently,Research & Development,2,3,Technical Degree,1,200,Male,1,Sales Executive,Single,34680,1.0,Y,18,8,2,0.0,4,0,0,0,2.0,2.0,3.0,4,3,9.230231673582296,0.34330303871246,2224.485833333333,241,241,69.06277777777778,0.2865675426463808
200,40,No,Non-Travel,Research & Development,1,4,Technical Degree,1,201,Female,2,Laboratory Technician,Divorced,30680,3.0,Y,19,8,0,20.0,3,1,0,1,3.0,1.0,3.0,2,3,6.880860065086006,0.2890133328280131,1644.5255555555557,239,0,0.0,0.0
201,41,No,Non-Travel,Research & Development,23,3,Life Sciences,1,202,Male,2,Manufacturing Director,Single,26700,2.0,Y,15,8,2,10.0,2,8,0,7,1.0,3.0,3.0,2,3,9.292572463768115,0.2956759617162559,2137.2916666666665,230,230,73.2188888888889,0.3183429951690821
202,26,No,Travel_Rarely,Research & Development,9,4,Medical,1,203,Male,3,Healthcare Representative,Divorced,26930,5.0,Y,17,8,3,8.0,3,0,0,0,1.0,3.0,3.0,2,3,6.0161487142164,0.2759922639313226,1377.6980555555556,229,0,0.0,0.0
203,35,No,Travel_Rarely,Research & Development,16,4,Medical,1,204,Male,2,Human Resources,Single,95260,1.0,Y,15,8,0,5.0,2,5,0,3,1.0,3.0,3.0,2,3,6.326000243664717,0.2995262336345191,1442.3280555555557,228,0,0.0,0.0
204,34,No,Travel_Rarely,Research & Development,26,3,Medical,1,205,Male,1,Laboratory Technician,Single,52370,1.0,Y,19,8,1,10.0,3,10,5,7,4.0,4.0,3.0,2,3,6.406121659634318,0.3039749676779021,1518.2508333333333,237,0,0.0,0.0
205,26,Yes,Travel_Rarely,Sales,1,3,Marketing,1,206,Female,2,Manufacturing Director,Single,24260,1.0,Y,22,8,0,1.0,3,1,0,0,3.0,4.0,1.0,1,4,8.751425846447306,0.2847639914668037,2039.0822222222223,233,232,6.5780555555555615,0.0282319980925131
206,37,No,Travel_Rarely,Research & Development,8,1,Life Sciences,1,207,Male,1,Sales Executive,Single,41930,4.0,Y,16,8,1,12.0,5,6,1,2,2.0,4.0,4.0,3,3,7.389827546296297,0.311824619367039,1773.558611111111,240,8,0.0,0.0
207,46,No,Travel_Frequently,Research & Development,4,1,Medical,1,208,Male,5,Human Resources,Married,29110,5.0,Y,13,8,0,28.0,3,2,1,2,1.0,3.0,2.0,3,3,6.196189083820663,0.2896130192424687,1412.7311111111112,228,0,0.0,0.0
208,41,No,Travel_Rarely,Research & Development,24,1,Life Sciences,1,209,Male,1,Research Director,Married,26610,7.0,Y,14,8,1,22.0,2,18,11,8,2.0,1.0,3.0,3,3,7.706279637377963,0.2993341359798613,1841.8008333333328,239,45,0.0,0.0
209,37,No,Non-Travel,Research & Development,7,2,Medical,1,210,Male,1,Sales Executive,Divorced,20280,1.0,Y,16,8,1,9.0,3,9,7,7,1.0,2.0,3.0,3,3,7.50663439372983,0.3000615145838678,1809.098888888889,241,15,0.0,0.0
210,52,No,Travel_Rarely,Sales,2,1,Medical,1,211,Male,1,Laboratory Technician,Divorced,99800,2.0,Y,11,8,1,18.0,2,10,6,9,4.0,1.0,3.0,3,3,9.075687613843352,0.2832627240014321,2214.467777777778,244,244,38.18666666666668,0.1565027322404372
211,32,Yes,Non-Travel,Research & Development,7,2,Life Sciences,1,212,Female,2,Research Director,Married,32980,8.0,Y,22,8,0,6.0,4,4,1,2,4.0,3.0,3.0,2,4,5.993242277547258,0.3164594854576625,1444.371388888889,241,0,0.0,0.0
212,24,No,Travel_Frequently,Sales,22,3,Life Sciences,1,213,Female,1,Healthcare Representative,Married,29350,0.0,Y,14,8,2,3.0,5,2,2,1,4.0,4.0,3.0,2,3,6.030856290174472,0.2945562521758578,1459.4672222222223,242,0,0.0,0.0
213,38,No,Travel_Rarely,Research & Development,5,3,Life Sciences,1,214,Female,1,Research Scientist,Married,154270,3.0,Y,16,8,1,18.0,2,1,0,0,3.0,3.0,3.0,3,3,6.020102278010228,0.2940902792657781,1438.8044444444445,239,0,0.0,0.0
214,37,No,Travel_Rarely,Research & Development,1,4,Technical Degree,1,215,Female,5,Research Scientist,Married,39440,6.0,Y,11,8,2,8.0,3,6,4,3,2.0,2.0,2.0,3,3,6.899095171120488,0.28436129303968,1635.0855555555556,237,0,0.0,0.0
215,49,No,Travel_Rarely,Sales,21,1,Life Sciences,1,216,Male,1,Sales Executive,Divorced,40110,1.0,Y,18,8,2,31.0,2,31,0,9,4.0,3.0,3.0,1,3,10.781685108344858,0.2931508659616118,2598.386111111111,241,241,429.3861111111111,1.7816851083448595
216,24,No,Travel_Rarely,Sales,1,3,Marketing,1,217,Female,1,Sales Executive,Married,34070,1.0,Y,15,8,2,6.0,2,6,1,4,2.0,4.0,3.0,2,3,8.983126503126503,0.313719766508894,2075.1022222222223,231,231,27.245833333333334,0.1179473304473304
217,26,No,Travel_Rarely,Research & Development,19,4,Technical Degree,1,218,Female,4,Sales Executive,Married,119940,1.0,Y,14,8,1,6.0,6,5,1,4,1.0,2.0,4.0,3,3,7.383425160697889,0.3051339527955672,1786.788888888889,242,7,0.0,0.0
218,24,No,Travel_Rarely,Sales,7,3,Medical,1,219,Female,1,Laboratory Technician,Married,12320,1.0,Y,12,8,0,1.0,4,1,0,0,4.0,2.0,3.0,1,3,6.823666187739463,0.2863187864318864,1583.0905555555555,232,0,0.0,0.0
219,50,No,Travel_Frequently,Sales,2,2,Marketing,1,220,Male,1,Sales Executive,Married,29600,1.0,Y,14,8,3,32.0,2,32,10,7,1.0,2.0,3.0,3,3,6.789116575591986,0.2816787582470972,1656.5444444444445,244,0,0.0,0.0
220,25,No,Travel_Rarely,Research & Development,2,3,Life Sciences,1,221,Male,1,Research Scientist,Married,190940,1.0,Y,16,8,0,7.0,3,7,0,6,2.0,3.0,3.0,2,3,7.409312285854136,0.327454063592895,1681.9138888888888,227,7,0.0,0.0
221,24,Yes,Travel_Frequently,Research & Development,2,3,Medical,1,222,Male,2,Research Scientist,Married,39190,1.0,Y,21,8,0,6.0,3,6,1,2,1.0,3.0,3.0,3,4,10.82543586269196,0.315112512912499,2663.057222222222,246,246,449.0572222222222,1.82543586269196
222,30,Yes,Travel_Frequently,Research & Development,9,3,Other,1,223,Male,2,Healthcare Representative,Married,68250,1.0,Y,14,8,0,1.0,2,1,0,0,2.0,1.0,4.0,3,3,6.877650214592275,0.3245835392200462,1602.4925,233,0,0.0,0.0
223,34,No,Travel_Rarely,Sales,6,2,Life Sciences,1,224,Male,4,Research Director,Married,102480,1.0,Y,12,8,1,6.0,4,6,1,3,2.0,4.0,3.0,3,3,8.906513949013949,0.3012751066290722,2057.404722222222,231,231,17.595000000000002,0.0761688311688311
224,31,Yes,Travel_Rarely,Research & Development,9,1,Medical,1,225,Female,1,Sales Representative,Divorced,189470,2.0,Y,12,8,2,9.0,2,3,1,2,2.0,1.0,1.0,2,3,6.683451882845189,0.2919597158753186,1597.345,239,0,0.0,0.0
225,35,No,Travel_Rarely,Research & Development,2,3,Life Sciences,1,226,Female,5,Sales Executive,Single,24960,4.0,Y,17,8,3,9.0,3,3,0,2,1.0,4.0,3.0,3,3,7.924495583449559,0.3034561684500244,1893.9544444444448,239,91,0.0,0.0
226,31,No,Travel_Rarely,Sales,1,3,Marketing,1,227,Female,2,Sales Executive,Divorced,64650,4.0,Y,17,8,0,13.0,3,7,5,7,1.0,4.0,4.0,3,3,6.310503323836657,0.2952188261554832,1476.6577777777777,234,0,0.0,0.0
227,27,No,Travel_Rarely,Sales,22,4,Medical,1,228,Male,1,Sales Representative,Divorced,22060,0.0,Y,14,8,1,6.0,4,5,0,3,1.0,3.0,2.0,3,3,7.887926545792655,0.2832077719757811,1885.2144444444448,239,77,0.0,0.0
228,37,No,Travel_Rarely,Sales,9,4,Marketing,1,229,Female,2,Laboratory Technician,Married,20860,4.0,Y,14,8,0,17.0,3,3,1,0,4.0,3.0,2.0,3,3,8.882879515317788,0.2863611380469801,2158.5397222222223,243,243,15.77916666666666,0.064934842249657
229,20,No,Travel_Rarely,Research & Development,17,4,Medical,1,230,Female,1,Sales Representative,Single,22930,1.0,Y,13,8,2,1.0,3,1,0,0,4.0,2.0,4.0,1,3,7.089900137741047,0.2918070134369823,1715.7558333333334,242,0,0.0,0.0
230,42,No,Travel_Rarely,Research & Development,28,4,Life Sciences,1,231,Female,2,Manufacturing Director,Married,26450,1.0,Y,15,8,0,10.0,5,10,2,2,3.0,4.0,3.0,3,3,7.490815602836879,0.3241376626882567,1760.3416666666667,235,12,0.0,0.0
231,43,No,Travel_Rarely,Research & Development,10,5,Technical Degree,1,232,Female,2,Sales Executive,Divorced,26830,4.0,Y,11,8,0,21.0,3,1,0,0,2.0,4.0,2.0,3,3,8.685538548752834,0.3009985007024569,2127.9569444444446,245,242,5.476944444444442,0.0223548752834467
232,38,No,Travel_Rarely,Human Resources,2,4,Medical,1,233,Male,1,Human Resources,Single,20140,3.0,Y,17,8,1,8.0,5,0,0,0,3.0,1.0,2.0,4,3,6.802448347107438,0.3044539210186631,1646.1925,242,0,0.0,0.0
233,43,No,Travel_Frequently,Sales,4,3,Medical,1,234,Female,2,Healthcare Representative,Divorced,34190,3.0,Y,11,8,1,10.0,5,8,4,7,4.0,3.0,3.0,3,3,9.126422039323272,0.284255585010029,2217.720555555556,243,243,45.65027777777778,0.1878612254229538
234,48,No,Travel_Rarely,Research & Development,8,1,Medical,1,235,Male,2,Laboratory Technician,Married,53760,7.0,Y,13,8,1,21.0,3,3,0,2,4.0,1.0,1.0,4,3,7.0165869667135485,0.3048735757812059,1662.931111111111,237,1,0.0,0.0
235,44,No,Travel_Rarely,Sales,29,4,Marketing,1,236,Male,2,Sales Executive,Single,19510,4.0,Y,22,8,3,10.0,4,2,0,2,1.0,3.0,4.0,4,4,6.7042970272904485,0.2867032118891488,1528.5797222222222,228,0,0.0,0.0
236,34,No,Travel_Rarely,Research & Development,13,4,Life Sciences,1,237,Female,1,Laboratory Technician,Divorced,23410,1.0,Y,20,8,2,8.0,3,8,0,6,3.0,3.0,3.0,2,4,8.402038626609443,0.278939386460052,1957.675,233,214,0.4827777777777768,0.0020720076299475
237,27,Yes,Travel_Rarely,Sales,27,3,Life Sciences,1,238,Male,2,Research Scientist,Divorced,22930,0.0,Y,18,8,0,5.0,0,4,0,2,3.0,1.0,3.0,3,3,6.483074151557415,0.2903134635836789,1549.4547222222222,239,0,0.0,0.0
238,21,No,Travel_Rarely,Sales,16,2,Life Sciences,1,239,Male,3,Sales Executive,Single,87260,1.0,Y,11,8,1,3.0,2,3,1,2,3.0,3.0,3.0,1,3,7.233100241545894,0.3017672817259718,1663.6130555555555,230,1,0.0,0.0
239,44,No,Travel_Rarely,Research & Development,2,2,Life Sciences,1,240,Male,1,Laboratory Technician,Married,40110,4.0,Y,14,8,1,26.0,2,2,0,1,4.0,4.0,4.0,3,3,8.69020202020202,0.317299511626733,2007.4366666666667,231,227,5.426666666666662,0.0234920634920634
240,22,No,Travel_Rarely,Research & Development,2,2,Medical,1,241,Female,2,Laboratory Technician,Married,195450,0.0,Y,14,8,0,3.0,3,2,2,2,1.0,3.0,3.0,2,3,6.037342143906021,0.302052189418226,1370.4766666666667,227,0,0.0,0.0
241,33,No,Travel_Rarely,Sales,13,4,Marketing,1,242,Female,2,Manufacturing Director,Divorced,45680,0.0,Y,18,8,1,6.0,2,5,1,2,3.0,3.0,3.0,3,3,7.28216548463357,0.2928937625799608,1711.308888888889,235,2,0.0,0.0
242,32,No,Travel_Rarely,Research & Development,1,1,Life Sciences,1,243,Female,1,Healthcare Representative,Married,30220,1.0,Y,16,8,1,6.0,3,6,0,5,1.0,4.0,2.0,3,3,9.377237144168962,0.3080805113514696,2269.291388888889,242,242,94.68972222222222,0.3912798438934802
243,30,No,Travel_Frequently,Research & Development,4,5,Technical Degree,1,244,Male,3,Manager,Divorced,57720,1.0,Y,17,8,0,1.0,3,1,0,0,3.0,3.0,3.0,3,3,7.309830051570557,0.2867838195566705,1732.4297222222222,237,2,0.0,0.0
244,53,No,Travel_Rarely,Research & Development,24,3,Other,1,245,Female,3,Manager,Single,22690,7.0,Y,11,8,1,18.0,2,14,8,10,4.0,1.0,4.0,2,3,7.113752955082743,0.2893825093293926,1671.7319444444445,235,0,0.0,0.0
245,34,No,Travel_Rarely,Research & Development,1,5,Medical,1,246,Male,1,Research Scientist,Married,53810,1.0,Y,12,8,0,10.0,0,10,8,8,2.0,4.0,2.0,3,3,7.438477452347745,0.2810268963092576,1777.796111111111,239,8,0.0,0.0
246,45,Yes,Travel_Frequently,Research & Development,19,4,Life Sciences,1,247,Male,3,Research Director,Married,34410,2.0,Y,13,8,1,5.0,5,1,0,0,1.0,1.0,3.0,3,3,7.57411306042885,0.3206182193098592,1726.8977777777775,228,20,0.0,0.0
247,26,No,Travel_Rarely,Research & Development,7,2,Life Sciences,1,248,Male,1,Manufacturing Director,Married,54540,1.0,Y,13,8,1,3.0,5,3,0,2,3.0,4.0,3.0,4,3,9.963191029143898,0.2919160064729406,2431.018611111111,244,244,235.0186111111111,0.963191029143898
248,37,No,Travel_Rarely,Research & Development,4,3,Medical,1,249,Male,1,Manager,Married,98840,1.0,Y,14,8,0,10.0,3,10,7,8,3.0,3.0,3.0,2,3,6.214981325863679,0.308467230868247,1479.1655555555556,238,0,0.0,0.0
249,29,No,Travel_Rarely,Research & Development,2,3,Life Sciences,1,250,Female,1,Healthcare Representative,Married,41570,1.0,Y,17,8,3,6.0,2,6,1,2,2.0,3.0,2.0,3,3,6.810724121557455,0.2937329750616437,1593.7094444444444,234,0,0.0,0.0
250,35,No,Travel_Rarely,Research & Development,10,5,Medical,1,251,Female,4,Laboratory Technician,Single,134580,1.0,Y,11,8,0,17.0,3,17,11,8,2.0,4.0,3.0,3,3,6.655866150961088,0.3050293227361271,1577.4402777777775,237,0,0.0,0.0
251,33,No,Travel_Frequently,Research & Development,8,3,Technical Degree,1,252,Male,2,Laboratory Technician,Divorced,90690,3.0,Y,25,8,1,15.0,3,13,4,7,3.0,4.0,1.0,3,4,7.514910468319559,0.3033660408814728,1818.6083333333331,242,15,0.0,0.0
252,54,No,Travel_Rarely,Research & Development,5,2,Life Sciences,1,253,Female,2,Sales Executive,Married,40140,2.0,Y,19,8,1,16.0,4,9,7,1,3.0,2.0,4.0,2,3,6.408397904483431,0.3105918201483647,1461.1147222222223,228,0,0.0,0.0
253,36,No,Travel_Rarely,Research & Development,8,3,Life Sciences,1,254,Male,2,Research Scientist,Divorced,59150,2.0,Y,13,8,1,13.0,3,3,0,2,2.0,2.0,3.0,2,3,10.702960618846694,0.288952552852816,2536.6016666666665,237,237,403.6016666666666,1.7029606188466946
254,27,No,Travel_Rarely,Sales,9,3,Marketing,1,255,Male,5,Research Director,Single,59930,0.0,Y,14,8,1,5.0,3,4,1,1,1.0,4.0,3.0,1,3,7.003219806763285,0.2969853277775858,1610.7405555555556,230,0,0.0,0.0
255,20,Yes,Travel_Rarely,Research & Development,1,3,Life Sciences,1,256,Male,5,Sales Representative,Single,61620,1.0,Y,12,8,3,1.0,2,1,1,1,4.0,3.0,3.0,2,3,8.629089635854342,0.2793014562055104,2053.7233333333334,238,236,3.241111111111108,0.0136181139122315
256,33,Yes,Travel_Frequently,Research & Development,15,4,Medical,1,257,Female,1,Laboratory Technician,Single,24060,1.0,Y,11,8,0,10.0,3,10,9,7,1.0,1.0,3.0,3,3,10.40263888888889,0.3110748731223441,2559.0491666666667,246,246,345.0491666666666,1.4026388888888888
257,35,No,Non-Travel,Research & Development,2,1,Medical,1,258,Male,1,Research Scientist,Married,187400,1.0,Y,19,8,1,1.0,2,1,0,0,3.0,3.0,3.0,4,3,6.731132756132756,0.2938388703619302,1554.8916666666669,231,0,0.0,0.0
258,23,No,Travel_Rarely,Research & Development,2,3,Life Sciences,1,259,Male,1,Healthcare Representative,Married,76370,2.0,Y,11,8,1,5.0,3,3,0,2,1.0,1.0,4.0,3,3,7.089940645773979,0.3002072094085285,1659.046111111111,234,0,0.0,0.0
259,25,No,Travel_Rarely,Research & Development,11,3,Medical,1,260,Male,2,Manufacturing Director,Married,100960,0.0,Y,11,8,1,4.0,3,3,1,2,4.0,2.0,3.0,3,3,7.680787229137851,0.3096461724442489,1851.0697222222225,241,35,0.0,0.0
260,38,No,Travel_Rarely,Research & Development,16,3,Life Sciences,1,261,Male,5,Research Scientist,Single,147560,0.0,Y,20,8,1,8.0,3,7,0,5,4.0,4.0,3.0,2,4,6.798771808999081,0.328469848168387,1645.3027777777777,242,0,0.0,0.0
261,29,No,Travel_Frequently,Sales,2,4,Life Sciences,1,262,Male,4,Healthcare Representative,Divorced,64990,1.0,Y,18,8,3,10.0,3,10,2,8,2.0,4.0,3.0,2,3,7.80546943231441,0.2906267925382146,1787.4525,229,58,0.0,0.0
262,48,No,Travel_Rarely,Research & Development,16,3,Technical Degree,1,263,Male,1,Sales Executive,Married,97240,3.0,Y,13,8,0,12.0,2,2,2,2,2.0,2.0,3.0,4,3,7.0984033816425125,0.2868071804021402,1632.6327777777778,230,1,0.0,0.0
263,27,No,Travel_Frequently,Sales,4,3,Technical Degree,1,264,Male,5,Laboratory Technician,Divorced,21940,1.0,Y,12,8,0,6.0,5,6,0,4,4.0,4.0,3.0,3,3,8.88621676163343,0.2977351660791225,2079.3747222222223,234,234,17.03388888888889,0.0727943969610636
264,37,No,Travel_Rarely,Research & Development,16,3,Life Sciences,1,265,Male,3,Manager,Single,33880,3.0,Y,11,8,0,4.0,2,1,0,0,4.0,4.0,3.0,4,3,7.604899320718098,0.3008728564599267,1741.5219444444444,229,25,0.0,0.0
265,50,No,Travel_Rarely,Sales,5,3,Medical,1,266,Male,1,Laboratory Technician,Married,54730,1.0,Y,19,8,1,20.0,2,20,3,8,4.0,3.0,3.0,4,3,9.119233288166214,0.2995268560683179,2243.331388888889,246,246,45.23888888888889,0.1838979223125564
266,34,No,Travel_Rarely,Research & Development,18,1,Medical,1,267,Male,1,Healthcare Representative,Single,27030,1.0,Y,21,8,1,9.0,2,8,7,7,4.0,2.0,4.0,3,4,6.820739942528736,0.3051040652834886,1582.4116666666666,232,0,0.0,0.0
267,24,Yes,Travel_Rarely,Research & Development,17,2,Life Sciences,1,268,Female,1,Healthcare Representative,Single,25010,9.0,Y,12,8,0,4.0,3,2,2,0,1.0,3.0,3.0,1,3,7.512698248040572,0.2925051545639944,1810.5602777777776,241,13,0.0,0.0
268,39,No,Travel_Rarely,Research & Development,12,5,Medical,1,269,Female,1,Sales Representative,Single,62200,1.0,Y,14,8,2,20.0,2,20,11,10,4.0,3.0,3.0,3,3,6.712491654744873,0.2897498779091779,1564.0105555555556,233,0,0.0,0.0
269,32,No,Travel_Rarely,Research & Development,2,3,Life Sciences,1,270,Male,5,Research Scientist,Single,30380,1.0,Y,11,8,0,10.0,5,10,0,8,4.0,4.0,2.0,1,3,7.899165479582146,0.3031221725871879,1848.4047222222223,234,78,0.1138888888888889,0.0004867046533713
270,50,Yes,Travel_Frequently,Research & Development,4,2,Medical,1,271,Male,4,Sales Representative,Married,44240,3.0,Y,14,8,1,18.0,2,4,1,3,2.0,3.0,3.0,2,3,8.205001129177958,0.3222664266124721,2018.4302777777775,246,186,0.0,0.0
271,38,No,Travel_Rarely,Research & Development,9,4,Life Sciences,1,272,Male,1,Sales Executive,Single,43120,0.0,Y,12,8,1,10.0,2,9,1,8,2.0,4.0,2.0,2,3,7.165214592274678,0.293740967579518,1669.495,233,0,0.0,0.0
272,27,No,Travel_Rarely,Research & Development,10,3,Medical,1,273,Male,5,Research Scientist,Married,132450,1.0,Y,23,8,1,9.0,3,9,0,7,3.0,1.0,3.0,2,4,6.510595238095238,0.301523275480973,1503.9475,231,0,0.0,0.0
273,32,No,Travel_Rarely,Sales,1,3,Medical,1,274,Male,2,Sales Executive,Single,136640,3.0,Y,14,8,0,10.0,6,7,7,7,3.0,4.0,3.0,3,3,7.932475845410628,0.3062088877086532,1824.4694444444444,230,98,0.0,0.0
274,47,No,Travel_Rarely,Research & Development,2,3,Medical,1,275,Female,5,Sales Executive,Single,50210,2.0,Y,17,8,0,20.0,3,7,1,7,4.0,1.0,3.0,3,3,6.717376142376143,0.3108282363675266,1551.713888888889,231,0,0.0,0.0
275,40,No,Travel_Frequently,Research & Development,3,4,Medical,1,276,Female,3,Human Resources,Married,51260,5.0,Y,18,8,0,20.0,2,18,1,12,4.0,1.0,3.0,3,3,8.616050275482094,0.3140673477853213,2085.0841666666665,242,236,4.407222222222224,0.0182116620752984
276,53,No,Travel_Rarely,Research & Development,7,1,Life Sciences,1,277,Male,2,Laboratory Technician,Married,28590,3.0,Y,18,8,1,32.0,2,5,1,3,3.0,3.0,3.0,3,3,6.755989130434783,0.2926169085787843,1553.8775,230,0,0.0,0.0
277,41,No,Travel_Rarely,Sales,6,3,Medical,1,278,Male,1,Sales Executive,Divorced,102390,3.0,Y,24,8,3,23.0,3,21,12,6,2.0,4.0,2.0,3,4,7.710548213411649,0.2896026584322876,1750.2944444444445,227,40,0.0,0.0
278,60,No,Travel_Rarely,Research & Development,8,2,Life Sciences,1,279,Female,5,Laboratory Technician,Single,53290,8.0,Y,20,8,0,10.0,3,2,2,2,1.0,1.0,3.0,4,4,6.608694327238632,0.3107915549552872,1566.2605555555556,237,0,0.0,0.0
279,27,No,Travel_Frequently,Research & Development,29,1,Life Sciences,1,280,Male,2,Manufacturing Director,Divorced,43250,1.0,Y,14,8,0,9.0,2,9,1,7,4.0,1.0,2.0,2,3,7.345515705578996,0.2961422140181299,1740.887222222222,237,4,0.0,0.0
280,41,No,Travel_Rarely,Research & Development,3,3,Medical,1,281,Male,1,Manufacturing Director,Married,72600,1.0,Y,16,8,0,22.0,2,22,2,10,4.0,3.0,3.0,3,3,6.168100858369098,0.2790429019572457,1437.1675,233,0,0.0,0.0
281,50,No,Travel_Rarely,Sales,9,3,Life Sciences,1,282,Male,2,Research Scientist,Married,23220,7.0,Y,25,8,1,4.0,0,2,2,2,4.0,2.0,3.0,4,4,7.386711943220754,0.3085347173410532,1676.7836111111112,227,3,0.0,0.0
282,28,Yes,Travel_Rarely,Sales,2,4,Life Sciences,1,283,Male,3,Research Scientist,Single,20750,7.0,Y,18,8,3,10.0,0,7,3,7,1.0,2.0,3.0,2,3,8.098430373605046,0.2824763645234353,1854.540555555556,229,145,0.0,0.0
283,36,No,Non-Travel,Research & Development,10,4,Technical Degree,1,284,Female,2,Research Scientist,Married,41520,9.0,Y,19,8,1,10.0,3,8,0,5,1.0,1.0,3.0,3,3,6.020169234360411,0.2994575122050349,1432.800277777778,238,0,0.0,0.0
284,38,No,Travel_Rarely,Research & Development,1,3,Medical,1,285,Female,3,Manager,Single,96190,4.0,Y,13,8,1,10.0,2,1,0,0,3.0,3.0,4.0,3,3,9.813845220766618,0.3211048583630769,2247.370555555556,229,229,186.70694444444445,0.81531416787967
285,44,No,Non-Travel,Research & Development,8,2,Life Sciences,1,286,Male,1,Research Scientist,Single,135030,2.0,Y,12,8,0,9.0,6,5,1,4,1.0,3.0,3.0,2,3,6.108189257722453,0.2752150242910848,1472.0736111111112,241,0,0.0,0.0
286,47,No,Travel_Frequently,Research & Development,27,3,Life Sciences,1,287,Male,1,Research Scientist,Divorced,54410,9.0,Y,22,8,1,28.0,6,22,11,13,4.0,3.0,2.0,2,4,8.305402717127608,0.3048101024747477,1901.9372222222223,229,199,0.2502777777777787,0.0010929160601649
287,30,No,Travel_Rarely,Research & Development,8,3,Life Sciences,1,288,Male,2,Sales Executive,Divorced,52090,7.0,Y,14,8,1,10.0,3,8,7,7,3.0,4.0,2.0,3,3,7.521103958035289,0.2786111456372562,1752.4172222222223,233,12,0.0,0.0
288,29,No,Travel_Rarely,Research & Development,1,2,Medical,1,289,Female,1,Sales Executive,Single,106730,1.0,Y,13,8,3,1.0,2,1,0,0,3.0,3.0,3.0,3,3,6.406720393232739,0.2952837468791855,1556.8330555555556,243,0,0.0,0.0
289,42,Yes,Travel_Frequently,Research & Development,10,1,Life Sciences,1,290,Female,1,Sales Executive,Divorced,50100,6.0,Y,21,8,3,7.0,3,2,2,2,3.0,3.0,3.0,3,4,10.00545560204556,0.3182351338712019,2391.3038888888887,239,239,240.30388888888888,1.00545560204556
290,43,No,Travel_Frequently,Research & Development,26,1,Life Sciences,1,291,Male,1,Laboratory Technician,Married,135490,3.0,Y,11,8,2,7.0,3,2,2,2,4.0,4.0,3.0,3,3,7.097786016949153,0.3060312505998367,1675.0775,236,1,0.0,0.0
291,34,No,Travel_Rarely,Research & Development,2,5,Technical Degree,1,292,Male,2,Healthcare Representative,Single,49990,3.0,Y,12,8,2,10.0,2,5,4,3,2.0,3.0,3.0,4,3,6.407837219935986,0.295624418527194,1557.1044444444444,243,0,0.0,0.0
292,23,No,Travel_Rarely,Sales,13,3,Marketing,1,293,Male,5,Sales Executive,Married,42210,1.0,Y,11,8,1,5.0,4,4,0,2,2.0,1.0,4.0,3,3,7.803427128427129,0.2880671351205011,1802.5916666666667,231,66,0.0,0.0
293,39,No,Travel_Rarely,Sales,2,4,Marketing,1,294,Female,4,Healthcare Representative,Married,138720,9.0,Y,12,8,3,12.0,3,8,3,6,3.0,2.0,1.0,2,3,6.295862148455509,0.3141030777364213,1517.3027777777777,241,0,0.0,0.0
294,56,No,Travel_Rarely,Research & Development,2,4,Medical,1,295,Male,1,Manager,Married,20420,7.0,Y,12,8,0,30.0,6,10,1,1,3.0,4.0,2.0,3,3,7.136065808297568,0.2962341474910436,1662.7033333333334,233,0,0.0,0.0
295,40,No,Travel_Rarely,Sales,9,3,Marketing,1,296,Male,2,Research Scientist,Single,20730,0.0,Y,14,8,0,5.0,3,4,2,3,4.0,4.0,2.0,3,3,8.798176638176638,0.2818531771786291,2058.773333333333,234,234,9.626666666666669,0.0411396011396011
296,27,No,Travel_Rarely,Research & Development,10,3,Life Sciences,1,297,Female,1,Laboratory Technician,Single,29560,8.0,Y,13,8,0,9.0,6,7,0,7,4.0,1.0,1.0,3,3,7.500663706739527,0.2964429721039837,1830.1619444444443,244,8,0.0,0.0
297,29,No,Travel_Rarely,Sales,20,3,Marketing,1,298,Female,2,Manager,Divorced,29260,1.0,Y,15,8,1,2.0,3,2,2,2,4.0,2.0,3.0,2,3,7.083401261523533,0.3003647419400243,1622.098888888889,229,1,0.0,0.0
298,53,No,Travel_Rarely,Research & Development,9,3,Life Sciences,1,299,Female,3,Laboratory Technician,Single,48090,2.0,Y,18,8,0,19.0,2,2,2,2,4.0,4.0,3.0,3,3,6.276725403817915,0.3107923098440209,1424.8166666666666,227,0,0.0,0.0
299,35,No,Non-Travel,Research & Development,5,1,Medical,1,300,Male,1,Healthcare Representative,Divorced,51630,2.0,Y,18,8,2,16.0,4,1,0,0,4.0,1.0,4.0,3,3,7.098347763347763,0.298151182358562,1639.7183333333332,231,1,0.0,0.0
300,32,No,Travel_Frequently,Sales,4,4,Life Sciences,1,301,Male,2,Sales Executive,Married,188440,1.0,Y,19,8,0,10.0,3,10,4,7,3.0,4.0,3.0,1,3,7.805346304454234,0.2928771389628448,1771.8136111111112,227,54,0.0,0.0
301,38,No,Travel_Rarely,Sales,10,3,Medical,1,302,Male,4,Laboratory Technician,Married,181720,6.0,Y,12,8,2,6.0,5,1,0,1,4.0,3.0,1.0,3,3,10.902830520393811,0.3179109791839749,2583.9708333333333,237,237,450.9708333333333,1.9028305203938116
302,34,No,Travel_Rarely,Research & Development,20,3,Medical,1,303,Female,3,Laboratory Technician,Divorced,57440,3.0,Y,19,8,1,7.0,4,0,0,0,2.0,1.0,3.0,2,3,6.1924824929972,0.284590023998949,1473.8108333333334,238,0,0.0,0.0
303,52,No,Travel_Rarely,Sales,21,5,Technical Degree,1,304,Male,3,Manager,Married,28890,1.0,Y,11,8,1,34.0,2,34,1,16,3.0,1.0,4.0,3,3,5.994694444444445,0.3047702972072372,1378.7797222222223,230,0,0.0,0.0
304,33,Yes,Travel_Rarely,Research & Development,1,2,Medical,1,305,Male,3,Laboratory Technician,Single,28710,1.0,Y,17,8,3,10.0,2,10,7,8,4.0,4.0,2.0,3,3,10.050054855275445,0.3070425670013034,2391.913055555556,238,238,249.9130555555556,1.0500548552754436
305,25,No,Travel_Rarely,Research & Development,8,3,Life Sciences,1,306,Male,2,Research Scientist,Single,74840,1.0,Y,15,8,0,6.0,3,6,1,4,3.0,4.0,2.0,3,3,7.678097461685824,0.306781740845011,1781.318611111111,232,29,0.0,0.0
306,45,No,Travel_Rarely,Sales,2,3,Life Sciences,1,307,Male,3,Healthcare Representative,Single,60740,0.0,Y,14,8,0,9.0,2,8,3,1,2.0,3.0,3.0,3,3,5.978927895981087,0.287529277843384,1405.0480555555555,235,0,0.0,0.0
307,23,No,Travel_Rarely,Research & Development,23,1,Life Sciences,1,308,Female,2,Research Scientist,Single,173280,1.0,Y,17,8,1,2.0,2,2,0,2,1.0,3.0,3.0,1,3,7.978443486590038,0.3042995950029067,1850.9988888888888,232,104,0.0,0.0
308,47,Yes,Travel_Frequently,Research & Development,4,3,Life Sciences,1,309,Male,1,Research Director,Single,27740,4.0,Y,13,8,1,10.0,2,5,1,3,2.0,3.0,3.0,3,3,10.008350095785442,0.2731341619807157,2321.9372222222223,232,232,233.93722222222223,1.0083500957854403
309,34,No,Travel_Rarely,Research & Development,12,3,Technical Degree,1,310,Male,1,Research Scientist,Single,45050,1.0,Y,12,8,0,6.0,3,6,1,4,4.0,4.0,3.0,3,3,7.783258196721311,0.3258547766462819,1899.115,244,68,0.0,0.0
310,55,Yes,Travel_Rarely,Human Resources,7,3,Human Resources,1,311,Male,4,Laboratory Technician,Married,74280,5.0,Y,12,8,0,24.0,2,5,1,4,4.0,1.0,3.0,3,3,7.978675034867503,0.2920593397028846,1906.9033333333332,239,106,0.0,0.0
311,36,No,Non-Travel,Research & Development,7,2,Life Sciences,1,312,Male,5,Sales Executive,Single,116310,1.0,Y,18,8,1,10.0,2,10,0,9,1.0,1.0,3.0,1,3,7.403508141762452,0.3245152556577756,1717.6138888888888,232,5,0.0,0.0
312,52,No,Non-Travel,Research & Development,1,4,Life Sciences,1,313,Male,5,Sales Executive,Married,97380,0.0,Y,18,8,2,5.0,2,4,1,2,4.0,4.0,3.0,3,3,7.212850091827365,0.2677741385580577,1745.5097222222223,242,0,0.0,0.0
313,26,No,Travel_Frequently,Research & Development,2,2,Life Sciences,1,314,Male,1,Manufacturing Director,Divorced,28350,3.0,Y,11,8,1,5.0,2,2,2,0,1.0,3.0,3.0,3,3,7.081466714559387,0.3027784037335016,1642.9002777777778,232,0,0.0,0.0
314,29,No,Travel_Rarely,Research & Development,10,2,Medical,1,315,Male,3,Manufacturing Director,Married,169590,4.0,Y,14,8,3,11.0,5,8,1,1,2.0,3.0,2.0,3,3,6.293542824074074,0.3118947398005814,1510.4502777777775,240,0,0.0,0.0
315,26,Yes,Travel_Rarely,Research & Development,15,2,Life Sciences,1,316,Male,2,Laboratory Technician,Single,26130,6.0,Y,19,8,1,6.0,2,4,1,2,4.0,1.0,2.0,3,3,6.192324879227053,0.3197592744240028,1424.2347222222222,230,0,0.0,0.0
316,34,No,Travel_Rarely,Research & Development,14,4,Technical Degree,1,317,Male,2,Manufacturing Director,Single,61460,2.0,Y,12,8,0,10.0,3,4,1,3,2.0,4.0,3.0,3,3,6.202630172013017,0.2883321445607787,1482.4286111111112,239,0,0.0,0.0
317,54,No,Travel_Rarely,Research & Development,18,4,Medical,1,318,Female,2,Laboratory Technician,Divorced,49630,9.0,Y,15,8,1,9.0,2,5,1,4,4.0,1.0,3.0,3,3,8.909899817850638,0.2809805270906557,2174.015555555556,244,243,18.188888888888886,0.0745446265938069
318,27,No,Travel_Frequently,Research & Development,13,2,Life Sciences,1,319,Female,4,Research Scientist,Married,195370,0.0,Y,12,8,0,5.0,5,4,1,1,3.0,4.0,3.0,3,3,6.80999299719888,0.2866829886156291,1620.7783333333334,238,0,0.0,0.0
319,37,No,Travel_Rarely,Sales,2,4,Technical Degree,1,320,Male,2,Manufacturing Director,Divorced,61720,0.0,Y,11,8,0,6.0,1,5,4,3,4.0,1.0,2.0,3,3,9.45522633744856,0.3278124274822544,2297.62,243,243,113.66444444444444,0.4677549154092363
320,38,No,Travel_Frequently,Sales,2,4,Life Sciences,1,321,Female,2,Research Scientist,Single,23680,6.0,Y,11,8,1,17.0,3,15,4,12,1.0,1.0,3.0,3,3,10.810497015610652,0.2919593079819689,2616.140277777778,242,242,438.1402777777778,1.810497015610652
321,34,No,Travel_Rarely,Sales,2,3,Marketing,1,322,Male,1,Sales Representative,Single,103120,1.0,Y,12,8,0,6.0,2,6,1,3,3.0,1.0,3.0,3,3,6.92431697931698,0.2863245658888474,1599.5172222222222,231,0,0.0,0.0
322,35,No,Travel_Rarely,Research & Development,5,4,Medical,1,323,Male,3,Manager,Married,16750,1.0,Y,16,8,0,3.0,6,3,0,2,1.0,4.0,2.0,2,3,7.79930669398907,0.2886066684257612,1903.0308333333328,244,58,0.0,0.0
323,30,No,Travel_Rarely,Research & Development,20,3,Medical,1,324,Male,1,Laboratory Technician,Married,25230,3.0,Y,13,8,1,7.0,2,2,0,2,4.0,3.0,3.0,3,3,7.168747563352827,0.299749195495435,1634.4744444444443,228,0,0.0,0.0
324,40,No,Travel_Frequently,Research & Development,10,4,Medical,1,325,Male,2,Manufacturing Director,Married,65670,1.0,Y,13,8,1,8.0,3,8,3,7,3.0,2.0,3.0,4,3,6.453228166438043,0.3160848332961249,1568.1344444444444,243,0,0.0,0.0
325,34,No,Travel_Rarely,Research & Development,10,3,Life Sciences,1,326,Male,3,Healthcare Representative,Married,47390,5.0,Y,24,8,2,6.0,2,3,1,2,3.0,1.0,3.0,3,4,7.936015283842795,0.3275171117533921,1817.3475,229,99,0.0,0.0
326,42,No,Travel_Frequently,Research & Development,9,4,Medical,1,327,Male,1,Manufacturing Director,Divorced,92080,1.0,Y,15,8,1,24.0,2,24,14,9,2.0,4.0,2.0,4,3,7.822759412304867,0.2883895162053226,1893.1077777777775,242,64,0.0,0.0
327,23,Yes,Travel_Rarely,Sales,2,3,Medical,1,328,Female,4,Manufacturing Director,Married,45590,1.0,Y,18,8,1,1.0,2,0,0,0,3.0,1.0,3.0,2,3,7.975096108766995,0.2811278853197206,1890.0977777777775,237,111,0.0,0.0
328,24,No,Non-Travel,Sales,1,5,Marketing,1,329,Female,1,Manufacturing Director,Divorced,81890,1.0,Y,14,8,1,1.0,3,1,0,0,3.0,2.0,3.0,3,3,6.815337713231904,0.288520527694312,1642.496388888889,241,0,0.0,0.0
329,52,No,Travel_Rarely,Research & Development,29,3,Life Sciences,1,330,Male,2,Manufacturing Director,Married,29420,8.0,Y,11,8,1,9.0,1,5,1,4,4.0,3.0,3.0,2,3,6.073565400843882,0.3133564256308811,1439.435,237,0,0.0,0.0
330,50,No,Travel_Rarely,Research & Development,8,4,Life Sciences,1,331,Male,2,Sales Executive,Married,49410,5.0,Y,11,8,1,30.0,3,4,0,3,3.0,3.0,3.0,1,3,6.410002354048964,0.3110852519980989,1512.7605555555556,236,0,0.0,0.0
331,29,Yes,Travel_Rarely,Sales,2,4,Marketing,1,332,Female,4,Research Scientist,Married,106500,1.0,Y,13,8,2,1.0,2,1,0,0,2.0,1.0,3.0,4,3,10.695543234767024,0.2965572219150558,2652.494722222222,248,248,420.4947222222222,1.695543234767025
332,33,No,Travel_Rarely,Research & Development,3,4,Life Sciences,1,333,Male,4,Manufacturing Director,Married,59020,0.0,Y,12,8,1,14.0,2,13,3,7,3.0,3.0,4.0,3,3,6.985387275242046,0.3190276032101918,1683.4783333333332,241,0,0.0,0.0
333,33,Yes,Travel_Rarely,Research & Development,23,5,Life Sciences,1,334,Male,1,Human Resources,Single,86390,5.0,Y,16,8,2,6.0,3,3,0,2,1.0,1.0,3.0,2,3,7.986834251606979,0.2972431148306885,1932.8138888888889,242,107,0.0,0.0
334,47,No,Travel_Rarely,Research & Development,6,4,Other,1,335,Male,2,Manager,Married,63470,1.0,Y,14,8,0,26.0,2,26,3,0,3.0,4.0,2.0,4,3,9.466814892623717,0.3302123668246772,2253.1019444444446,238,238,113.89972222222222,0.4785702614379085
335,36,No,Travel_Rarely,Sales,6,3,Medical,1,336,Female,2,Sales Executive,Married,42000,0.0,Y,22,8,0,10.0,3,9,0,5,3.0,2.0,3.0,3,4,7.715425194931774,0.3198743753850844,1759.1169444444445,228,50,0.0,0.0
336,29,No,Travel_Rarely,Research & Development,10,3,Other,1,337,Male,1,Research Scientist,Married,34520,1.0,Y,11,8,0,10.0,3,10,0,7,3.0,3.0,3.0,2,3,7.72597758702909,0.2920976963344284,1800.1527777777778,233,43,0.0,0.0
337,58,Yes,Travel_Rarely,Research & Development,24,3,Other,1,338,Female,2,Research Scientist,Single,43170,7.0,Y,17,8,0,40.0,2,31,13,8,4.0,2.0,3.0,3,3,8.896329022988505,0.3187010544295952,2063.9483333333333,232,231,18.21166666666667,0.0784985632183908
338,35,No,Travel_Rarely,Sales,10,4,Marketing,1,339,Female,1,Research Scientist,Single,26320,3.0,Y,13,8,3,7.0,3,2,2,2,4.0,3.0,3.0,4,3,7.781327941865917,0.2935857881751313,1844.1747222222225,237,53,0.0,0.0
339,42,No,Travel_Rarely,Sales,15,1,Marketing,1,340,Male,2,Laboratory Technician,Married,46680,9.0,Y,18,8,2,8.0,2,4,0,2,4.0,4.0,3.0,3,3,10.4721719348659,0.3068504017331492,2429.543888888889,232,232,341.5438888888889,1.4721719348659004
340,28,Yes,Travel_Rarely,Research & Development,19,4,Medical,1,341,Female,2,Sales Executive,Single,32040,6.0,Y,16,8,1,5.0,4,2,2,1,3.0,3.0,2.0,2,3,6.202743961352657,0.2862472569520063,1426.631111111111,230,0,0.0,0.0
341,36,No,Travel_Rarely,Research & Development,2,3,Life Sciences,1,342,Male,2,Healthcare Representative,Married,27200,4.0,Y,14,8,1,8.0,3,5,0,4,3.0,2.0,3.0,3,3,6.620693226120857,0.28471111924892,1509.5180555555555,228,0,0.0,0.0
342,32,No,Travel_Rarely,Research & Development,3,1,Medical,1,343,Male,2,Manufacturing Director,Married,171810,1.0,Y,14,8,0,14.0,2,14,6,8,3.0,3.0,3.0,2,3,7.9929966329966335,0.2942611603727409,1846.3822222222225,231,109,0.0,0.0
343,40,No,Travel_Frequently,Sales,9,3,Marketing,1,344,Male,3,Manufacturing Director,Single,22380,2.0,Y,14,8,0,10.0,3,1,0,0,1.0,3.0,3.0,3,3,6.885680076628353,0.2911659697034493,1597.477777777778,232,0,0.0,0.0
344,30,No,Travel_Rarely,Research & Development,7,3,Technical Degree,1,345,Male,2,Research Director,Single,14830,5.0,Y,13,8,0,12.0,3,0,0,0,3.0,4.0,2.0,3,3,9.37787641723356,0.2902508387429344,2297.5797222222222,245,245,95.1911111111111,0.3885351473922901
345,45,No,Travel_Rarely,Research & Development,10,4,Life Sciences,1,346,Male,1,Research Director,Single,56050,1.0,Y,12,8,2,1.0,2,1,0,0,2.0,3.0,3.0,3,3,6.619438431938432,0.3049972209401117,1529.0902777777778,231,0,0.0,0.0
346,42,No,Travel_Rarely,Research & Development,20,2,Medical,1,347,Male,2,Sales Representative,Married,72950,1.0,Y,15,8,0,10.0,3,9,7,8,2.0,2.0,2.0,3,3,7.581864426154549,0.2989971695788118,1842.3930555555555,243,21,0.0,0.0
347,38,No,Travel_Frequently,Sales,4,3,Medical,1,348,Male,2,Research Scientist,Divorced,23060,2.0,Y,19,8,1,13.0,5,4,1,2,1.0,1.0,2.0,3,3,7.59510101010101,0.2946991589018642,1838.0144444444445,242,23,0.0,0.0
348,34,No,Travel_Frequently,Research & Development,7,4,Life Sciences,1,349,Male,3,Laboratory Technician,Single,23480,1.0,Y,14,8,1,6.0,3,5,1,3,3.0,4.0,3.0,3,3,6.873507092198581,0.3099351157681334,1615.2741666666666,235,0,0.0,0.0
349,49,Yes,Travel_Rarely,Sales,7,2,Life Sciences,1,350,Female,2,Healthcare Representative,Married,89980,1.0,Y,14,8,2,9.0,2,9,7,7,3.0,4.0,4.0,4,3,6.287247474747475,0.3141373407993664,1452.3541666666667,231,0,0.0,0.0
350,55,Yes,Travel_Rarely,Human Resources,16,3,Technical Degree,1,351,Male,4,Manufacturing Director,Single,43190,4.0,Y,11,8,0,12.0,3,9,7,3,3.0,4.0,2.0,4,3,6.376486354775829,0.3192791832036383,1453.838888888889,228,0,0.0,0.0
351,43,No,Travel_Rarely,Research & Development,25,2,Medical,1,352,Male,2,Healthcare Representative,Married,61320,6.0,Y,13,8,0,22.0,3,4,1,0,2.0,1.0,3.0,2,3,7.334411976911977,0.2988794445669473,1694.2491666666667,231,2,0.0,0.0
352,27,No,Travel_Rarely,Sales,2,4,Medical,1,353,Male,2,Manager,Divorced,33460,1.0,Y,21,8,1,9.0,2,9,0,8,3.0,4.0,3.0,2,4,10.4940408357075,0.2710269431244581,2455.6055555555554,234,234,349.60555555555555,1.4940408357075023
353,35,No,Travel_Rarely,Research & Development,1,3,Medical,1,354,Male,1,Research Director,Single,108550,3.0,Y,13,8,1,17.0,2,8,1,6,3.0,3.0,4.0,3,3,6.994789915966386,0.2740356883820807,1664.76,238,0,0.0,0.0
354,28,No,Travel_Rarely,Sales,1,2,Technical Degree,1,355,Female,1,Sales Executive,Married,22310,1.0,Y,12,8,0,8.0,3,8,7,5,2.0,2.0,3.0,2,3,9.909392076502732,0.3177134415401451,2417.891666666667,244,244,222.11083333333332,0.910290300546448
355,34,No,Travel_Rarely,Sales,2,5,Life Sciences,1,356,Male,4,Research Scientist,Married,23230,0.0,Y,17,8,0,4.0,2,3,0,2,3.0,4.0,1.0,3,3,6.892396694214876,0.3210244957935969,1667.96,242,0,0.0,0.0
356,26,Yes,Travel_Frequently,Research & Development,22,4,Other,1,357,Female,1,Sales Executive,Married,20240,1.0,Y,23,8,0,8.0,2,8,1,7,3.0,3.0,3.0,3,4,7.998314009661836,0.3070237601658047,1839.6122222222225,230,122,0.0,0.0
357,27,No,Non-Travel,Sales,1,3,Technical Degree,1,358,Female,1,Sales Executive,Married,27130,1.0,Y,11,8,0,0.0,2,0,0,0,4.0,4.0,2.0,3,3,7.311344671201814,0.3009406900029682,1791.2794444444444,245,3,0.0,0.0
358,51,No,Travel_Rarely,Sales,16,3,Medical,1,359,Male,3,Research Scientist,Married,94390,2.0,Y,15,8,3,29.0,0,20,4,17,1.0,3.0,2.0,3,3,6.114925444925445,0.3149458314231932,1412.5477777777778,231,0,0.0,0.0
359,44,No,Travel_Rarely,Sales,24,5,Medical,1,360,Female,1,Sales Executive,Single,25660,9.0,Y,11,8,1,10.0,3,5,2,3,4.0,2.0,2.0,3,3,6.318081125058113,0.3208433593967069,1510.0213888888889,239,0,0.0,0.0
360,25,No,Travel_Rarely,Research & Development,17,3,Medical,1,361,Male,1,Laboratory Technician,Single,199260,7.0,Y,11,8,3,6.0,5,4,0,1,1.0,1.0,2.0,4,3,6.416490429505136,0.2929426819494877,1527.1247222222223,238,0,0.0,0.0
361,33,No,Travel_Rarely,Research & Development,8,4,Life Sciences,1,362,Male,3,Laboratory Technician,Divorced,24510,1.0,Y,13,8,1,9.0,3,9,0,8,1.0,1.0,3.0,2,3,6.019625403411711,0.2917660868483461,1450.7297222222223,241,0,0.0,0.0
362,35,No,Travel_Rarely,Sales,6,4,Medical,1,363,Female,2,Manager,Single,94190,1.0,Y,24,8,1,6.0,5,6,1,1,3.0,1.0,2.0,2,4,6.903253968253968,0.2946870019654201,1594.6516666666666,231,0,0.0,0.0
363,36,No,Travel_Rarely,Sales,10,4,Marketing,1,364,Male,3,Manager,Married,86860,1.0,Y,13,8,0,18.0,2,18,4,11,2.0,4.0,2.0,3,3,9.704113475177303,0.2941733073056061,2280.4666666666667,235,235,165.46666666666667,0.7041134751773049
364,32,No,Travel_Rarely,Research & Development,3,4,Medical,1,365,Female,4,Sales Executive,Divorced,30380,2.0,Y,20,8,0,8.0,3,5,0,3,2.0,4.0,2.0,3,4,7.789356600189934,0.2756004608813409,1822.7094444444444,234,54,0.0,0.0
365,30,No,Travel_Frequently,Research & Development,4,5,Medical,1,366,Male,5,Sales Representative,Divorced,30580,9.0,Y,14,8,1,10.0,2,5,0,3,2.0,4.0,2.0,3,3,6.412108695652174,0.2819887894264455,1474.785,230,0,0.0,0.0
366,53,No,Travel_Rarely,Sales,6,3,Marketing,1,367,Male,4,Sales Executive,Married,23250,7.0,Y,18,8,1,35.0,1,5,0,4,1.0,4.0,3.0,4,3,10.391128117913832,0.2976511437069256,2545.8263888888887,245,245,340.82638888888886,1.3911281179138322
367,45,No,Travel_Rarely,Research & Development,1,5,Technical Degree,1,368,Male,2,Healthcare Representative,Divorced,20880,4.0,Y,15,8,3,18.0,2,5,0,2,4.0,1.0,3.0,3,3,8.524001406469761,0.2740944264327293,2020.1883333333333,237,228,1.0525000000000002,0.0044409282700421
368,32,No,Travel_Rarely,Sales,10,3,Marketing,1,369,Female,1,Human Resources,Married,30720,5.0,Y,12,8,0,9.0,4,5,1,3,3.0,3.0,2.0,1,3,6.58656795224977,0.3340456262325282,1593.9494444444445,242,0,0.0,0.0
369,52,No,Travel_Frequently,Research & Development,1,1,Life Sciences,1,370,Male,2,Laboratory Technician,Married,50060,3.0,Y,16,8,1,31.0,2,9,0,0,3.0,4.0,3.0,3,3,7.5865811965811965,0.2842703084247784,1775.26,234,18,0.0,0.0
370,37,No,Travel_Rarely,Sales,24,2,Life Sciences,1,371,Female,4,Laboratory Technician,Divorced,42570,4.0,Y,15,8,0,9.0,2,1,0,0,4.0,3.0,3.0,3,3,6.104338404794836,0.2978896349212482,1471.1455555555556,241,0,0.0,0.0
371,28,No,Travel_Rarely,Research & Development,21,4,Life Sciences,1,372,Female,1,Healthcare Representative,Divorced,25000,1.0,Y,16,8,2,6.0,3,5,0,4,2.0,4.0,3.0,3,3,6.291572442486539,0.2949824499393803,1428.1869444444444,227,0,0.0,0.0
372,22,No,Travel_Rarely,Research & Development,2,2,Life Sciences,1,373,Male,1,Sales Representative,Married,11020,6.0,Y,19,8,0,4.0,3,2,2,2,4.0,4.0,1.0,2,3,6.482304837164751,0.3090800666067543,1503.8947222222223,232,0,0.0,0.0
373,44,No,Travel_Rarely,Research & Development,22,3,Medical,1,374,Female,1,Laboratory Technician,Married,104530,2.0,Y,11,8,1,10.0,2,3,0,2,1.0,4.0,2.0,3,3,10.98365491009682,0.3241047151560939,2647.060833333333,241,241,478.0608333333333,1.9836549100968188
374,42,No,Travel_Frequently,Sales,13,4,Life Sciences,1,375,Female,2,Laboratory Technician,Single,22880,5.0,Y,16,8,1,8.0,4,2,2,2,2.0,4.0,3.0,2,3,8.008833333333333,0.3067715827430095,1842.0316666666668,230,119,0.0,0.0
375,36,No,Travel_Rarely,Research & Development,14,3,Other,1,376,Male,2,Research Scientist,Married,39290,0.0,Y,24,8,0,6.0,6,5,0,3,1.0,1.0,3.0,2,4,7.591120293847567,0.2969365651887182,1837.0511111111111,242,16,0.0,0.0
376,25,No,Travel_Rarely,Sales,11,3,Life Sciences,1,377,Female,1,Laboratory Technician,Married,23110,1.0,Y,11,8,1,5.0,2,5,0,3,3.0,1.0,3.0,3,3,10.409626200274348,0.2956931852460676,2529.5391666666665,243,243,342.5391666666667,1.4096262002743485
377,35,No,Travel_Rarely,Research & Development,9,2,Life Sciences,1,378,Female,1,Healthcare Representative,Married,31400,1.0,Y,13,8,1,17.0,2,17,5,15,4.0,3.0,3.0,2,3,8.79542212518195,0.3012445863940119,2014.1516666666664,229,229,10.87111111111111,0.0474721009218825
378,35,Yes,Travel_Frequently,Sales,8,2,Marketing,1,379,Female,1,Laboratory Technician,Divorced,36900,1.0,Y,13,8,1,10.0,2,10,7,8,4.0,2.0,2.0,4,3,10.000467772967772,0.3062588326915029,2310.1080555555554,231,231,231.10805555555555,1.000467772967773
379,32,No,Non-Travel,Research & Development,21,3,Life Sciences,1,380,Male,1,Sales Executive,Divorced,44500,0.0,Y,13,8,0,4.0,3,3,0,2,4.0,4.0,3.0,3,3,7.885713245997089,0.2724837329701487,1805.8283333333331,229,80,0.0,0.0
380,25,No,Travel_Rarely,Sales,5,3,Marketing,1,381,Female,4,Research Scientist,Married,27560,1.0,Y,12,8,2,5.0,2,5,0,3,3.0,1.0,4.0,3,3,7.795277777777778,0.2998931779982277,1847.4808333333333,237,62,0.0,0.0
381,49,No,Travel_Rarely,Sales,9,3,Technical Degree,1,382,Female,2,Sales Representative,Married,190330,2.0,Y,18,8,1,7.0,5,4,0,2,3.0,1.0,3.0,3,3,7.469465191332411,0.3278394071924669,1800.141111111111,241,12,0.0,0.0
382,24,No,Non-Travel,Research & Development,2,5,Technical Degree,1,383,Male,2,Healthcare Representative,Married,187220,0.0,Y,22,8,1,6.0,3,5,3,4,1.0,4.0,2.0,3,4,7.561153381642512,0.3138231574430078,1739.0652777777775,230,18,0.0,0.0
383,32,No,Travel_Frequently,Research & Development,12,5,Medical,1,384,Male,1,Research Scientist,Married,95470,1.0,Y,13,8,1,10.0,3,10,5,3,2.0,2.0,3.0,2,3,6.814644208037826,0.324557506468761,1601.441388888889,235,0,0.0,0.0
384,38,No,Travel_Rarely,Sales,22,2,Medical,1,385,Male,1,Sales Executive,Married,137340,0.0,Y,13,8,0,3.0,3,2,1,2,2.0,2.0,3.0,4,3,6.987524717514124,0.3034792636936496,1649.055833333333,236,0,0.0,0.0
385,42,No,Travel_Rarely,Research & Development,18,1,Technical Degree,1,386,Female,2,Research Scientist,Married,199990,2.0,Y,23,8,1,17.0,6,5,1,3,3.0,4.0,2.0,3,4,9.614905857740586,0.3115379847203701,2297.9625,239,239,147.15527777777777,0.6157124593212459
386,31,No,Travel_Rarely,Research & Development,16,3,Life Sciences,1,387,Female,3,Sales Executive,Married,22790,3.0,Y,12,8,1,8.0,3,6,0,2,4.0,4.0,3.0,3,3,10.09835300925926,0.2898581818282972,2423.6047222222223,240,240,263.6047222222222,1.0983530092592593
387,29,Yes,Travel_Rarely,Sales,3,3,Marketing,1,388,Male,3,Laboratory Technician,Divorced,59160,6.0,Y,12,8,0,5.0,2,3,0,2,2.0,3.0,3.0,3,3,9.394445592286502,0.3218156342215101,2273.455833333333,242,242,99.93277777777776,0.4129453627180899
388,53,No,Travel_Rarely,Research & Development,9,3,Life Sciences,1,389,Male,1,Sales Representative,Married,20890,5.0,Y,16,8,0,28.0,2,2,2,2,1.0,4.0,3.0,2,3,6.3660610395803525,0.2789734041281639,1483.292222222222,233,0,0.0,0.0
389,35,No,Travel_Rarely,Research & Development,1,3,Life Sciences,1,390,Male,3,Healthcare Representative,Married,167920,3.0,Y,12,8,1,16.0,3,13,4,8,4.0,2.0,3.0,4,3,7.105,0.3098541742052106,1676.78,236,1,0.0,0.0
390,37,No,Travel_Frequently,Research & Development,13,4,Life Sciences,1,391,Female,3,Human Resources,Married,35640,5.0,Y,11,8,0,10.0,1,5,0,0,3.0,4.0,3.0,1,3,7.408802600472813,0.3195770515893905,1741.068611111111,235,7,0.0,0.0
391,53,No,Travel_Rarely,Research & Development,1,1,Medical,1,392,Male,1,Sales Executive,Single,44250,6.0,Y,22,8,1,33.0,2,12,3,8,4.0,4.0,3.0,4,4,6.669338570127504,0.3237070857372451,1627.318611111111,244,0,0.0,0.0
392,43,No,Travel_Frequently,Research & Development,1,3,Medical,1,393,Male,1,Laboratory Technician,Married,52650,4.0,Y,11,8,1,12.0,4,5,2,2,4.0,4.0,2.0,3,3,7.585617283950618,0.3033148695191401,1775.0344444444445,234,23,0.0,0.0
393,47,No,Travel_Rarely,Sales,15,4,Marketing,1,394,Female,3,Research Director,Married,65530,0.0,Y,15,8,0,8.0,2,7,7,7,3.0,4.0,3.0,3,3,10.68291325136612,0.2917221869790337,2606.630833333333,244,244,410.6308333333333,1.6829132513661202
394,37,No,Non-Travel,Research & Development,1,5,Medical,1,395,Female,2,Research Scientist,Single,62610,1.0,Y,12,8,0,10.0,1,10,0,9,1.0,2.0,3.0,3,3,8.309069385841537,0.2918409755865101,1969.2494444444444,237,204,0.0819444444444439,0.0003457571495546
395,50,No,Non-Travel,Research & Development,17,3,Medical,1,396,Female,1,Laboratory Technician,Divorced,42980,1.0,Y,20,8,1,31.0,6,31,14,7,1.0,1.0,3.0,3,4,6.612721734892788,0.2891469033986291,1507.7005555555556,228,0,0.0,0.0
396,39,No,Travel_Rarely,Research & Development,1,3,Other,1,397,Female,3,Human Resources,Married,68040,8.0,Y,14,8,1,13.0,3,5,0,4,4.0,4.0,3.0,2,3,6.88271201814059,0.3142688323992556,1686.2644444444445,245,0,0.0,0.0
397,33,No,Travel_Rarely,Sales,7,3,Life Sciences,1,398,Male,2,Manufacturing Director,Divorced,38150,3.0,Y,11,8,1,7.0,3,4,0,3,4.0,2.0,4.0,3,3,9.416354609929078,0.2741600248190232,2212.843333333333,235,235,100.52083333333331,0.4277482269503546
398,32,Yes,Travel_Rarely,Research & Development,9,1,Medical,1,399,Female,1,Laboratory Technician,Single,27410,1.0,Y,15,8,1,1.0,5,1,0,1,1.0,4.0,1.0,2,3,10.025033738191633,0.3195336764910077,2476.1833333333334,247,247,253.1833333333333,1.025033738191633
399,29,No,Travel_Rarely,Research & Development,5,4,Life Sciences,1,400,Female,4,Healthcare Representative,Divorced,66730,6.0,Y,12,8,1,8.0,2,4,0,3,1.0,4.0,3.0,4,3,6.452346460384435,0.2761937761751823,1529.206111111111,237,0,0.0,0.0
400,44,No,Travel_Rarely,Research & Development,26,2,Life Sciences,1,401,Male,2,Manufacturing Director,Married,76390,1.0,Y,14,8,0,8.0,6,8,7,1,2.0,1.0,3.0,3,3,9.774024872152488,0.2878092862491999,2335.9919444444445,239,239,185.0483333333333,0.7742608089260808
401,28,No,Travel_Rarely,Sales,24,5,Life Sciences,1,402,Female,1,Research Scientist,Single,23280,1.0,Y,11,8,2,4.0,3,4,0,2,1.0,4.0,3.0,3,3,6.417041116005874,0.3108830688513483,1456.6683333333333,227,0,0.0,0.0
402,58,Yes,Travel_Frequently,Sales,9,2,Technical Degree,1,403,Male,1,Sales Executive,Divorced,21530,9.0,Y,11,8,0,3.0,3,1,0,0,4.0,4.0,2.0,3,3,10.500407559198544,0.3044333618022465,2562.0994444444445,244,244,366.0994444444444,1.5004075591985429
403,43,No,Travel_Rarely,Sales,7,4,Marketing,1,404,Male,2,Sales Executive,Divorced,48760,4.0,Y,16,8,2,4.0,4,1,0,0,1.0,2.0,4.0,3,3,6.578010603964961,0.2888604790878409,1585.3005555555555,241,0,0.0,0.0
404,20,Yes,Travel_Rarely,Research & Development,11,3,Medical,1,405,Male,2,Sales Executive,Single,93960,1.0,Y,12,8,0,2.0,6,2,0,2,3.0,3.0,2.0,1,3,7.105422602089269,0.2658436948719628,1662.668888888889,234,0,0.0,0.0
405,21,Yes,Travel_Rarely,Research & Development,1,3,Medical,1,406,Male,2,Sales Executive,Single,104000,1.0,Y,13,8,1,1.0,2,1,0,0,3.0,4.0,2.0,3,3,7.8779353741496605,0.3170619767077702,1930.0941666666668,245,83,0.0,0.0
406,36,No,Travel_Rarely,Research & Development,26,4,Medical,1,407,Male,1,Laboratory Technician,Married,84740,0.0,Y,14,8,0,17.0,3,16,4,11,3.0,4.0,2.0,3,3,10.29772654826958,0.2908510929978257,2512.6452777777777,244,244,316.6452777777778,1.297726548269581
407,47,No,Travel_Rarely,Research & Development,2,3,Life Sciences,1,408,Male,2,Manufacturing Director,Single,99810,1.0,Y,21,8,1,3.0,3,3,1,2,4.0,4.0,2.0,3,4,8.485591889357712,0.3008609171237799,2011.0852777777775,237,226,1.2205555555555527,0.0051500234411626
408,22,Yes,Travel_Rarely,Research & Development,15,4,Life Sciences,1,409,Female,1,Laboratory Technician,Married,124900,0.0,Y,13,8,0,4.0,3,3,0,2,2.0,3.0,4.0,3,3,9.802309820193637,0.2972691281530145,2362.3566666666666,241,241,193.35666666666663,0.8023098201936376
409,41,Yes,Travel_Rarely,Research & Development,23,3,Life Sciences,1,410,Female,2,Sales Executive,Divorced,26570,4.0,Y,11,8,0,10.0,3,7,1,0,2.0,4.0,2.0,4,3,10.410460557960558,0.2985183745352137,2404.816388888889,231,231,325.8163888888889,1.410460557960558
410,28,No,Travel_Rarely,Research & Development,10,3,Life Sciences,1,411,Female,3,Manager,Divorced,135910,5.0,Y,20,8,1,6.0,2,2,2,2,3.0,3.0,3.0,3,4,7.677303436911488,0.2883508075496971,1811.8436111111112,236,32,0.0,0.0
411,39,Yes,Travel_Rarely,Research & Development,10,4,Life Sciences,1,412,Female,4,Human Resources,Married,66960,7.0,Y,11,8,0,8.0,3,2,2,2,4.0,1.0,1.0,3,3,10.666269177126916,0.3269943767965771,2549.238333333333,239,239,398.2383333333333,1.6662691771269178
412,27,No,Travel_Rarely,Research & Development,1,3,Medical,1,413,Male,1,Research Scientist,Single,20580,1.0,Y,14,8,1,1.0,5,1,0,0,2.0,3.0,3.0,3,3,7.680679916317991,0.309023958786416,1835.6825,239,36,0.0,0.0
413,34,No,Travel_Rarely,Research & Development,12,2,Technical Degree,1,414,Male,2,Human Resources,Divorced,88650,1.0,Y,11,8,1,1.0,0,1,1,0,2.0,2.0,3.0,3,3,7.72257226738934,0.3148337440479981,1899.7527777777775,246,46,0.0,0.0
414,42,No,Travel_Rarely,Sales,11,1,Technical Degree,1,415,Male,2,Human Resources,Single,59400,7.0,Y,16,8,0,10.0,2,5,0,3,3.0,3.0,3.0,2,3,6.878238304093567,0.3160589479695148,1568.2383333333332,228,0,0.0,0.0
415,33,No,Travel_Rarely,Sales,2,3,Marketing,1,416,Female,1,Sales Executive,Single,59140,3.0,Y,16,8,1,6.0,4,3,0,2,3.0,1.0,3.0,3,3,10.548225957049484,0.2932271232168404,2510.4777777777776,238,238,368.4777777777778,1.5482259570494867
416,58,No,Travel_Rarely,Research & Development,2,4,Life Sciences,1,417,Male,1,Research Scientist,Divorced,26220,2.0,Y,23,8,0,24.0,3,6,0,4,3.0,2.0,3.0,3,4,8.320311483031148,0.3046889552290984,1988.5544444444445,239,200,0.5036111111111126,0.0021071594607159
417,31,No,Travel_Rarely,Sales,1,3,Life Sciences,1,418,Female,1,Sales Representative,Married,121850,3.0,Y,14,8,0,13.0,2,7,5,2,2.0,3.0,4.0,3,3,6.081554641060814,0.3066856940940011,1477.8177777777778,243,0,0.0,0.0
418,35,No,Travel_Rarely,Research & Development,2,1,Life Sciences,1,419,Male,3,Healthcare Representative,Married,106090,1.0,Y,22,8,0,10.0,3,10,0,7,4.0,4.0,1.0,3,4,10.380476190476193,0.2827576451616295,2470.5533333333333,238,238,328.55333333333334,1.3804761904761904
419,49,No,Travel_Rarely,Research & Development,25,2,Life Sciences,1,420,Female,2,Sales Executive,Married,43450,4.0,Y,15,8,0,29.0,3,26,1,7,1.0,2.0,2.0,2,3,6.991830699233716,0.3124020845474085,1622.104722222222,232,0,0.0,0.0
420,48,No,Travel_Rarely,Research & Development,1,4,Medical,1,421,Male,1,Research Scientist,Married,21770,4.0,Y,18,8,0,13.0,4,0,0,0,4.0,3.0,2.0,3,3,6.698963272896328,0.280895951471017,1601.0522222222223,239,0,0.0,0.0
421,31,No,Non-Travel,Research & Development,1,2,Technical Degree,1,422,Female,2,Sales Executive,Married,27930,1.0,Y,16,8,0,9.0,4,9,0,0,4.0,3.0,2.0,3,3,7.083433515482696,0.3167473105537668,1728.3577777777778,244,0,0.0,0.0
422,36,No,Travel_Rarely,Human Resources,2,4,Technical Degree,1,423,Male,1,Sales Executive,Single,79180,2.0,Y,12,8,2,8.0,3,6,0,1,2.0,4.0,3.0,2,3,6.503389121338912,0.2957628730150232,1554.31,239,0,0.0,0.0
423,38,No,Travel_Rarely,Sales,6,3,Other,1,424,Male,2,Sales Executive,Married,87890,1.0,Y,11,8,3,15.0,4,15,5,11,4.0,1.0,3.0,3,3,7.0820662568306005,0.3164980660019814,1728.0241666666666,244,0,0.0,0.0
424,32,No,Non-Travel,Sales,18,3,Marketing,1,425,Male,1,Laboratory Technician,Married,23890,6.0,Y,12,8,1,5.0,4,3,0,2,3.0,2.0,3.0,2,3,7.082806473829201,0.3124695950668176,1714.0391666666667,242,0,0.0,0.0
425,25,Yes,Travel_Rarely,Research & Development,1,2,Life Sciences,1,426,Male,1,Sales Executive,Married,32120,1.0,Y,15,8,1,1.0,3,1,0,0,3.0,2.0,3.0,2,3,8.902678826895565,0.3040228185946335,2074.3241666666668,233,232,18.26916666666667,0.0784084406294707
426,40,No,Travel_Rarely,Research & Development,1,4,Medical,1,427,Male,2,Research Scientist,Divorced,192320,2.0,Y,14,8,1,11.0,3,1,0,0,1.0,2.0,2.0,3,3,6.066140609636184,0.3158606373049227,1370.9477777777777,226,0,0.0,0.0
427,26,No,Travel_Frequently,Sales,11,3,Marketing,1,428,Male,2,Healthcare Representative,Single,22670,1.0,Y,19,8,3,7.0,2,7,0,7,3.0,1.0,3.0,2,3,7.643866989396035,0.3056239640920923,1842.1719444444443,241,30,0.0,0.0
428,41,No,Travel_Rarely,Research & Development,1,4,Medical,1,429,Male,1,Research Scientist,Single,195170,2.0,Y,13,8,0,20.0,5,18,2,17,4.0,1.0,3.0,3,3,10.713868621840724,0.3197525426600409,2496.331388888889,233,233,399.3313888888889,1.7138686218407249
429,36,No,Travel_Rarely,Research & Development,9,3,Life Sciences,1,430,Female,2,Healthcare Representative,Single,24360,4.0,Y,13,8,0,16.0,3,11,3,9,3.0,3.0,3.0,1,3,7.096325863678805,0.2948059537976804,1688.9255555555555,238,0,0.0,0.0
430,19,Yes,Travel_Rarely,Research & Development,15,3,Life Sciences,1,431,Male,2,Research Scientist,Single,160640,1.0,Y,15,8,1,1.0,3,1,0,0,4.0,2.0,4.0,3,3,10.61501613646842,0.2888225480198909,2558.218888888889,241,241,389.2188888888889,1.6150161364684186
431,20,Yes,Travel_Rarely,Research & Development,29,3,Life Sciences,1,432,Female,3,Laboratory Technician,Single,27070,1.0,Y,11,8,0,1.0,2,1,0,0,1.0,1.0,3.0,3,3,6.0836524334251605,0.323836584796131,1472.243888888889,242,0,0.0,0.0
432,31,No,Travel_Rarely,Research & Development,1,4,Life Sciences,1,433,Male,4,Research Director,Married,190680,0.0,Y,12,8,0,10.0,1,9,8,5,4.0,4.0,1.0,3,3,8.329586339586339,0.3051635703314791,1924.1344444444444,231,199,0.4883333333333315,0.0021139971139971
433,40,No,Travel_Frequently,Sales,1,3,Marketing,1,434,Male,1,Research Scientist,Divorced,39310,8.0,Y,19,8,0,3.0,2,1,0,0,4.0,2.0,3.0,2,3,8.140834467120182,0.3191364610782365,1994.5044444444443,245,161,0.0313888888888875,0.0001281179138321
434,32,No,Travel_Rarely,Research & Development,24,3,Life Sciences,1,435,Male,4,Laboratory Technician,Married,37300,1.0,Y,25,8,1,8.0,4,8,6,3,3.0,1.0,4.0,3,4,7.8935768321513,0.290064699930503,1854.990555555556,235,87,0.0,0.0
435,36,Yes,Travel_Rarely,Research & Development,10,3,Medical,1,436,Male,3,Sales Executive,Married,22320,1.0,Y,12,8,1,16.0,2,16,3,7,3.0,4.0,3.0,3,3,9.80588959212377,0.3195280259312792,2323.9958333333334,237,237,191.1475,0.8065295358649789
436,33,No,Travel_Rarely,Research & Development,1,4,Medical,1,437,Female,4,Manufacturing Director,Single,44650,0.0,Y,13,8,0,6.0,3,5,1,4,2.0,4.0,3.0,3,3,6.017259790528233,0.2961527872502717,1468.211388888889,244,0,0.0,0.0
437,37,Yes,Travel_Rarely,Sales,10,4,Marketing,1,438,Female,3,Human Resources,Married,30720,5.0,Y,14,8,0,17.0,3,14,11,7,1.0,3.0,1.0,2,3,6.274626352015733,0.3077223392819524,1418.0655555555556,226,0,0.0,0.0
438,45,No,Non-Travel,Research & Development,8,1,Life Sciences,1,439,Male,2,Sales Executive,Married,33190,1.0,Y,12,8,1,9.0,3,9,0,8,3.0,2.0,2.0,3,3,6.30909282700422,0.3033674221498402,1495.255,237,0,0.0,0.0
439,29,No,Travel_Frequently,Research & Development,29,1,Life Sciences,1,440,Male,1,Sales Representative,Married,192020,1.0,Y,12,8,0,3.0,5,3,0,2,3.0,4.0,3.0,3,3,7.619650655021834,0.2958761087273615,1744.9,229,19,0.0,0.0
440,35,No,Travel_Rarely,Human Resources,1,3,Human Resources,1,441,Male,3,Laboratory Technician,Married,136750,1.0,Y,15,8,3,5.0,5,5,1,0,3.0,3.0,3.0,2,3,6.370707923112986,0.3025903994237768,1509.8577777777778,237,0,0.0,0.0
441,52,No,Travel_Rarely,Research & Development,5,4,Other,1,442,Male,1,Laboratory Technician,Married,29110,2.0,Y,17,8,2,26.0,3,9,7,8,4.0,4.0,2.0,3,3,6.990128384687208,0.3076482228328913,1663.6505555555557,238,0,0.0,0.0
442,58,Yes,Travel_Rarely,Sales,9,2,Medical,1,443,Female,4,Sales Executive,Single,59570,4.0,Y,14,8,1,7.0,2,1,0,0,4.0,3.0,3.0,1,3,7.4758405797101455,0.3107999803697207,1719.4433333333334,230,6,0.0,0.0
443,53,No,Travel_Rarely,Research & Development,9,3,Technical Degree,1,444,Male,1,Manager,Divorced,39200,6.0,Y,16,8,1,22.0,3,17,15,2,3.0,3.0,4.0,3,3,6.523184113865931,0.3064146177352493,1578.6105555555555,242,0,0.0,0.0
444,30,No,Travel_Rarely,Sales,3,4,Marketing,1,445,Male,1,Sales Executive,Divorced,64340,5.0,Y,14,8,1,10.0,3,8,7,7,3.0,3.0,4.0,2,3,8.003096797671034,0.3326875704283704,1832.7091666666668,229,113,0.0283333333333342,0.0001237263464337
445,38,No,Non-Travel,Sales,4,3,Life Sciences,1,446,Male,2,Research Director,Single,100480,1.0,Y,23,8,1,6.0,2,5,1,3,3.0,4.0,3.0,3,4,8.100102339181285,0.2755384215358689,1846.8233333333333,228,149,0.0,0.0
446,35,No,Travel_Rarely,Sales,1,2,Life Sciences,1,447,Female,2,Healthcare Representative,Divorced,109380,6.0,Y,14,8,2,12.0,2,10,0,8,4.0,4.0,3.0,1,3,7.3186814345991555,0.2797545708813844,1734.5275,237,1,0.0,0.0
447,39,No,Travel_Rarely,Sales,1,1,Marketing,1,448,Male,2,Research Scientist,Single,23400,0.0,Y,11,8,1,9.0,2,8,0,7,1.0,3.0,3.0,2,3,6.510007246376812,0.2924979407918953,1497.3016666666667,230,0,0.0,0.0
448,40,Yes,Non-Travel,Research & Development,2,4,Life Sciences,1,449,Male,1,Human Resources,Single,65450,4.0,Y,15,8,0,22.0,2,1,0,0,2.0,2.0,2.0,3,3,9.47278715424285,0.3133907527436358,2245.0505555555555,237,237,114.38472222222222,0.4826359587435537
449,47,No,Travel_Frequently,Research & Development,7,4,Life Sciences,1,450,Male,3,Sales Executive,Divorced,69310,1.0,Y,11,8,0,20.0,3,19,2,7,3.0,3.0,4.0,3,3,10.091632387706856,0.315591280713073,2371.533611111111,235,235,256.5336111111111,1.0916323877068557
450,36,No,Non-Travel,Sales,28,1,Life Sciences,1,451,Male,2,Research Scientist,Divorced,48980,4.0,Y,13,8,1,12.0,3,7,0,7,1.0,4.0,3.0,3,3,6.805802341597796,0.2971650949199365,1647.0041666666666,242,0,0.0,0.0
451,31,Yes,Non-Travel,Research & Development,28,4,Medical,1,452,Male,2,Research Scientist,Single,25930,0.0,Y,21,8,0,4.0,2,3,1,2,3.0,1.0,3.0,3,4,8.187664565826331,0.3093669365842521,1948.6641666666667,238,165,0.0,0.0
452,33,No,Non-Travel,Sales,15,3,Other,1,453,Male,4,Research Director,Single,194360,1.0,Y,19,8,2,10.0,4,10,6,0,4.0,3.0,3.0,3,3,7.934158285440613,0.2939105290157573,1840.7247222222225,232,98,0.0,0.0
453,29,Yes,Travel_Rarely,Human Resources,3,5,Life Sciences,1,454,Male,1,Sales Executive,Single,27230,6.0,Y,11,8,1,3.0,2,0,0,0,4.0,1.0,3.0,2,3,10.280916902071564,0.2774855292657169,2426.296388888889,236,236,302.2963888888889,1.2809169020715632
454,33,No,Travel_Rarely,Research & Development,2,2,Technical Degree,1,455,Male,2,Laboratory Technician,Single,34790,3.0,Y,12,8,0,5.0,3,3,0,2,2.0,4.0,3.0,3,3,7.515693306010929,0.2809739017174794,1833.8291666666669,244,9,0.0,0.0
455,45,No,Travel_Rarely,Research & Development,26,1,Medical,1,456,Female,3,Healthcare Representative,Divorced,27940,3.0,Y,19,8,1,8.0,2,5,0,2,4.0,4.0,3.0,3,3,7.010381512217612,0.3209419030215766,1689.5019444444445,241,0,0.0,0.0
456,50,No,Travel_Rarely,Sales,10,1,Life Sciences,1,457,Female,1,Manufacturing Director,Divorced,52490,9.0,Y,21,8,2,32.0,2,5,1,3,4.0,4.0,2.0,2,4,7.38759541062802,0.3011920267371931,1699.1469444444444,230,4,0.0,0.0
457,33,No,Travel_Frequently,Sales,1,3,Marketing,1,458,Male,2,Human Resources,Married,21760,1.0,Y,14,8,1,6.0,2,6,1,2,3.0,2.0,3.0,2,3,8.981857999077915,0.2878456320934899,2164.6277777777777,241,241,26.154444444444444,0.1085246657445827
458,41,No,Travel_Frequently,Sales,11,3,Other,1,459,Male,1,Laboratory Technician,Divorced,168720,2.0,Y,15,8,1,21.0,2,18,0,11,1.0,3.0,4.0,3,3,7.905851370851371,0.3140672391145601,1826.2516666666668,231,85,0.0,0.0
459,27,No,Travel_Rarely,Research & Development,20,4,Other,1,460,Male,2,Manufacturing Director,Married,34850,9.0,Y,17,8,2,4.0,2,2,2,2,3.0,2.0,3.0,3,3,7.078493085360038,0.3017442601682218,1649.2888888888888,233,1,0.0,0.0
460,45,No,Non-Travel,Sales,2,3,Medical,1,461,Female,1,Sales Executive,Married,66440,1.0,Y,12,8,0,9.0,3,9,0,8,4.0,1.0,3.0,4,3,8.703335629017447,0.3152172927072273,2106.2072222222223,242,240,7.340277777777782,0.0303317263544536
461,47,No,Travel_Rarely,Sales,18,4,Medical,1,462,Female,2,Research Scientist,Single,55820,1.0,Y,16,8,0,9.0,3,9,0,7,4.0,4.0,3.0,3,3,7.972122359963269,0.3287955300835481,1929.253611111111,242,110,0.0,0.0
462,30,Yes,Travel_Rarely,Sales,2,3,Life Sciences,1,463,Male,2,Healthcare Representative,Married,40000,4.0,Y,12,8,0,7.0,5,5,0,1,1.0,3.0,3.0,2,3,10.50509574468085,0.3017915651047105,2468.6975,235,235,353.6975,1.505095744680851
463,50,No,Travel_Rarely,Research & Development,1,3,Technical Degree,1,464,Female,2,Sales Executive,Married,134960,3.0,Y,18,8,1,22.0,3,12,1,5,4.0,3.0,3.0,3,3,9.480353223593964,0.2992202054968242,2303.7258333333334,243,243,118.0775,0.4859156378600823
464,38,No,Travel_Frequently,Research & Development,13,3,Technical Degree,1,465,Male,1,Manufacturing Director,Married,32100,0.0,Y,17,8,2,3.0,5,2,0,2,3.0,3.0,2.0,2,3,7.704971539162114,0.2770452965015105,1880.013055555556,244,33,0.0,0.0
465,46,No,Travel_Rarely,Research & Development,28,3,Medical,1,466,Female,3,Human Resources,Divorced,190450,6.0,Y,11,8,3,13.0,2,8,0,7,4.0,3.0,3.0,3,3,6.886907713498623,0.3067664884337733,1666.631666666667,242,0,0.0,0.0
466,24,No,Travel_Rarely,Sales,28,3,Life Sciences,1,467,Female,1,Healthcare Representative,Divorced,118490,1.0,Y,16,8,1,5.0,3,4,3,2,4.0,3.0,3.0,3,3,6.593336748633879,0.2960406760029244,1608.7741666666666,244,0,0.0,0.0
467,35,Yes,Travel_Rarely,Sales,24,3,Medical,1,468,Male,3,Healthcare Representative,Divorced,20700,1.0,Y,13,8,3,5.0,1,4,0,2,3.0,2.0,1.0,2,3,9.320771072796935,0.2903415501388132,2162.418888888889,232,232,78.4363888888889,0.3380878831417625
468,31,No,Travel_Frequently,Research & Development,5,2,Technical Degree,1,469,Male,2,Sales Executive,Married,65020,1.0,Y,12,8,0,4.0,3,4,0,3,3.0,1.0,3.0,3,3,6.301517447199266,0.2902631019148554,1524.9672222222223,242,0,0.0,0.0
469,18,No,Non-Travel,Sales,5,4,Other,1,470,Male,2,Manager,Single,32300,1.0,Y,12,8,1,0.0,3,0,0,0,2.0,4.0,3.0,3,3,6.313124113475178,0.292945435131048,1483.5841666666668,235,0,0.0,0.0
470,54,No,Travel_Rarely,Sales,23,3,Medical,1,471,Female,1,Laboratory Technician,Married,136030,8.0,Y,13,8,1,22.0,2,10,0,8,3.0,3.0,3.0,3,3,6.600198067632849,0.3015866453333111,1518.0455555555554,230,0,0.0,0.0
471,35,No,Travel_Rarely,Research & Development,6,4,Medical,1,472,Female,1,Manufacturing Director,Divorced,119960,1.0,Y,19,8,2,16.0,3,16,10,1,3.0,3.0,2.0,3,3,9.58983449074074,0.320551872287149,2301.5602777777776,240,240,142.58638888888888,0.5941099537037037
472,30,No,Travel_Rarely,Research & Development,4,3,Life Sciences,1,473,Female,5,Healthcare Representative,Married,56050,0.0,Y,12,8,1,9.0,0,8,1,7,2.0,1.0,2.0,2,3,10.11788268955651,0.2734362095626963,2357.4666666666667,233,233,260.4666666666667,1.1178826895565095
473,20,Yes,Travel_Rarely,Research & Development,2,2,Life Sciences,1,474,Female,2,Research Scientist,Single,63970,1.0,Y,17,8,1,1.0,3,1,0,0,4.0,1.0,3.0,3,3,8.31476602120793,0.3005711256023736,2003.858611111111,241,203,0.299722222222222,0.0012436606731212
474,30,Yes,Travel_Frequently,Research & Development,8,4,Medical,1,475,Male,1,Sales Executive,Single,191440,0.0,Y,11,8,0,4.0,3,3,1,2,2.0,2.0,3.0,3,3,7.605639619883041,0.280201951527963,1734.0858333333333,228,24,0.0,0.0
475,26,No,Travel_Rarely,Sales,1,3,Marketing,1,476,Female,2,Research Scientist,Married,175840,1.0,Y,20,8,0,8.0,2,8,1,3,4.0,4.0,3.0,3,4,7.928281400966183,0.307734708195808,1823.5047222222224,230,94,0.0,0.0
476,22,No,Travel_Rarely,Research & Development,8,3,Other,1,477,Male,2,Sales Representative,Married,49070,2.0,Y,21,8,1,4.0,2,4,1,1,2.0,1.0,2.0,3,4,7.332729044834308,0.3068082534422564,1671.8622222222225,228,4,0.0,0.0
477,48,No,Travel_Rarely,Human Resources,2,4,Medical,1,478,Male,2,Sales Executive,Single,45540,2.0,Y,11,8,2,19.0,3,2,2,2,1.0,3.0,3.0,3,3,7.980580704160951,0.3023696249044584,1939.2811111111112,243,125,0.0,0.0
478,48,No,Travel_Rarely,Sales,3,3,Medical,1,479,Male,1,Research Director,Single,54150,7.0,Y,11,8,1,27.0,1,15,4,8,3.0,3.0,3.0,3,3,6.542558922558922,0.2857494293634346,1511.331111111111,231,0,0.0,0.0
479,41,No,Travel_Rarely,Research & Development,2,3,Life Sciences,1,480,Male,2,Research Scientist,Single,47410,6.0,Y,16,8,0,8.0,3,2,2,1,4.0,3.0,3.0,3,3,6.894249533146591,0.3113061389639281,1640.8313888888888,238,0,0.0,0.0
480,39,No,Travel_Rarely,Sales,2,3,Life Sciences,1,481,Male,3,Human Resources,Married,21150,1.0,Y,18,8,0,21.0,3,21,11,8,4.0,4.0,3.0,4,3,7.099682372245664,0.3012054130981338,1682.6247222222223,237,0,0.0,0.0
481,27,No,Travel_Rarely,Research & Development,3,3,Life Sciences,1,482,Male,2,Human Resources,Married,31610,0.0,Y,13,8,2,4.0,0,3,2,2,1.0,4.0,3.0,3,3,7.294853680841335,0.3140175044365898,1772.6494444444445,243,1,0.0,0.0
482,35,No,Travel_Rarely,Sales,24,3,Medical,1,483,Male,5,Sales Executive,Divorced,57450,1.0,Y,17,8,3,3.0,4,3,1,2,2.0,4.0,2.0,3,3,6.933727824463118,0.2711845829459229,1650.2272222222225,238,0,0.0,0.0
483,42,No,Travel_Rarely,Research & Development,23,4,Other,1,484,Male,1,Research Scientist,Married,23730,6.0,Y,14,8,1,21.0,3,1,0,0,4.0,3.0,3.0,4,3,8.030177875243664,0.3302886454481963,1830.8805555555557,228,118,0.031944444444445,0.0001401072124756
484,50,No,Travel_Rarely,Sales,27,3,Medical,1,485,Male,2,Sales Executive,Married,33100,4.0,Y,22,8,1,8.0,3,1,0,0,1.0,4.0,3.0,4,4,6.191245291902071,0.3015235734904274,1461.1338888888888,236,0,0.0,0.0
485,59,No,Travel_Rarely,Research & Development,16,4,Medical,1,486,Female,5,Laboratory Technician,Single,186650,3.0,Y,12,8,0,30.0,3,5,4,3,3.0,4.0,3.0,2,3,10.10566553287982,0.3103015069391172,2475.888055555556,245,245,270.8880555555556,1.1056655328798186
486,37,Yes,Travel_Rarely,Sales,15,3,Marketing,1,487,Male,2,Laboratory Technician,Married,44850,5.0,Y,11,8,1,15.0,2,1,0,0,1.0,2.0,1.0,4,3,6.590548433048433,0.2940083754168633,1542.1883333333333,234,0,0.0,0.0
487,55,No,Travel_Frequently,Research & Development,26,2,Life Sciences,1,488,Female,2,Sales Executive,Married,27890,3.0,Y,13,8,1,17.0,2,8,6,7,3.0,2.0,3.0,2,3,8.626039312617703,0.2976513236851896,2035.7452777777776,236,233,4.137222222222226,0.0175306026365348
488,41,No,Non-Travel,Research & Development,19,1,Life Sciences,1,489,Male,2,Research Scientist,Divorced,58280,1.0,Y,13,8,0,21.0,0,21,5,10,2.0,3.0,3.0,3,3,6.273640479686735,0.3072294808932111,1424.1163888888889,227,0,0.0,0.0
489,38,No,Travel_Rarely,Research & Development,24,2,Other,1,490,Female,1,Laboratory Technician,Single,23260,8.0,Y,14,8,0,19.0,3,1,0,0,3.0,4.0,3.0,4,3,8.381559454191033,0.3094757766080172,1910.9955555555557,228,196,0.3472222222222214,0.0015229044834307
490,26,Yes,Non-Travel,Research & Development,21,1,Life Sciences,1,491,Female,1,Manufacturing Director,Single,135250,8.0,Y,17,8,1,7.0,4,2,2,2,2.0,1.0,3.0,2,3,7.659834287076777,0.2832041438327063,1784.7413888888889,233,26,0.0,0.0
491,52,Yes,Travel_Rarely,Research & Development,5,4,Medical,1,492,Female,4,Human Resources,Married,14200,1.0,Y,13,8,1,33.0,2,32,6,9,1.0,4.0,3.0,4,3,6.014918785310734,0.3163230378247713,1419.5208333333333,236,0,0.0,0.0
492,44,No,Travel_Rarely,Research & Development,16,3,Life Sciences,1,493,Female,1,Healthcare Representative,Married,80200,3.0,Y,11,8,1,23.0,2,12,11,11,4.0,4.0,3.0,3,3,10.897943989071038,0.29951147619261,2659.0983333333334,244,244,463.09833333333336,1.8979439890710383
493,50,No,Non-Travel,Human Resources,2,2,Life Sciences,1,494,Male,1,Laboratory Technician,Married,36880,0.0,Y,11,8,0,19.0,3,18,0,13,4.0,3.0,3.0,2,3,6.443813352826511,0.2747593202735525,1469.1894444444445,228,0,0.0,0.0
494,36,Yes,Travel_Rarely,Sales,2,4,Technical Degree,1,495,Male,4,Sales Executive,Single,54820,1.0,Y,18,8,0,18.0,3,17,15,14,3.0,1.0,3.0,3,3,7.827982941447671,0.2871861268260226,1886.543888888889,241,65,0.0,0.0
495,39,No,Travel_Frequently,Sales,11,3,Marketing,1,496,Male,1,Sales Executive,Single,160150,1.0,Y,11,8,0,21.0,3,21,2,8,4.0,1.0,3.0,4,3,10.819737268518518,0.2970169741799759,2596.7369444444444,240,240,436.7369444444445,1.8197372685185187
496,33,No,Non-Travel,Sales,9,2,Technical Degree,1,497,Male,5,Sales Representative,Single,12000,0.0,Y,11,8,1,3.0,3,2,2,2,2.0,4.0,2.0,3,3,7.626725768321513,0.3108334327140934,1792.2805555555556,235,28,0.0,0.0
497,45,No,Travel_Rarely,Research & Development,7,2,Other,1,498,Male,1,Human Resources,Married,56610,3.0,Y,12,8,0,26.0,2,9,1,1,4.0,4.0,4.0,2,3,7.3994878829446735,0.3105263037421922,1798.0755555555556,243,5,0.0,0.0
498,32,No,Non-Travel,Research & Development,15,3,Medical,1,499,Male,2,Manager,Single,69290,9.0,Y,20,8,0,10.0,6,8,7,7,4.0,3.0,3.0,1,4,7.197954014939309,0.2883033568950053,1713.1130555555555,238,2,0.0,0.0
499,34,No,Travel_Rarely,Sales,6,4,Marketing,1,500,Male,2,Research Director,Divorced,96130,0.0,Y,12,8,1,16.0,5,15,0,9,2.0,4.0,2.0,2,3,7.064413580246914,0.302914980160426,1716.6525,243,0,0.0,0.0
500,59,No,Travel_Rarely,Research & Development,5,3,Life Sciences,1,501,Male,2,Research Scientist,Married,56740,3.0,Y,12,8,0,14.0,6,6,0,4,2.0,4.0,1.0,3,3,8.10601775011526,0.2911724062642817,1953.5502777777776,241,159,0.0,0.0
501,45,No,Travel_Rarely,Research & Development,16,1,Medical,1,502,Male,2,Sales Executive,Single,54840,1.0,Y,20,8,3,6.0,6,6,0,4,2.0,2.0,3.0,3,4,6.67149931693989,0.3001182536956558,1627.8458333333333,244,0,0.0,0.0
502,53,No,Travel_Frequently,Sales,8,2,Medical,1,503,Male,2,Research Scientist,Married,120610,2.0,Y,20,8,1,30.0,2,15,6,12,3.0,2.0,3.0,4,4,7.780307621671258,0.3002493431331851,1882.8344444444444,242,59,0.0,0.0
503,36,Yes,Travel_Rarely,Research & Development,7,2,Life Sciences,1,504,Female,1,Research Scientist,Divorced,56600,7.0,Y,12,8,0,9.0,3,1,0,0,1.0,3.0,2.0,3,3,6.0826198955365625,0.2933879175388096,1423.3330555555556,234,0,0.0,0.0
504,26,Yes,Travel_Frequently,Sales,2,3,Life Sciences,1,505,Male,2,Research Scientist,Married,48210,6.0,Y,14,8,2,6.0,2,3,1,2,1.0,1.0,3.0,3,3,8.209500962000963,0.2949541581222334,1896.3947222222223,231,174,0.0,0.0
505,34,No,Travel_Rarely,Research & Development,2,2,Life Sciences,1,506,Male,1,Sales Representative,Married,64100,1.0,Y,13,8,1,1.0,5,1,0,0,3.0,3.0,3.0,2,3,9.218184198542804,0.3188529476722027,2249.2369444444444,244,244,64.53944444444444,0.2645059198542805
506,28,No,Travel_Rarely,Research & Development,10,3,Other,1,507,Male,2,Sales Representative,Married,52100,1.0,Y,15,8,0,1.0,1,1,0,0,4.0,2.0,3.0,4,3,7.768436639118457,0.2963598355180449,1879.9616666666664,242,53,0.0,0.0
507,38,No,Travel_Frequently,Sales,9,4,Medical,1,508,Male,2,Research Scientist,Married,26950,3.0,Y,14,8,1,8.0,4,2,2,2,3.0,3.0,3.0,1,3,7.590477357609711,0.2975043878745923,1806.5336111111112,238,16,0.0,0.0
508,50,No,Travel_Rarely,Research & Development,5,4,Life Sciences,1,509,Male,1,Sales Executive,Married,118780,2.0,Y,13,8,1,29.0,2,8,7,7,2.0,3.0,2.0,3,3,9.595219610636278,0.2935048140695247,2245.281388888889,234,234,139.88611111111112,0.597803893637227
509,37,No,Travel_Rarely,Research & Development,1,3,Life Sciences,1,510,Male,1,Laboratory Technician,Single,170680,3.0,Y,23,8,0,8.0,6,4,0,1,4.0,2.0,2.0,3,4,7.26327536231884,0.3026734170079536,1670.5533333333333,230,5,0.0,0.0
510,40,No,Travel_Rarely,Human Resources,2,3,Medical,1,511,Male,5,Sales Executive,Married,24550,1.0,Y,15,8,1,8.0,2,7,7,5,3.0,1.0,2.0,3,3,6.117728613569321,0.3083773547266639,1382.6066666666666,226,0,0.0,0.0
511,26,No,Travel_Frequently,Research & Development,3,3,Medical,1,512,Male,2,Laboratory Technician,Divorced,139640,1.0,Y,11,8,2,5.0,1,5,1,3,1.0,3.0,3.0,2,3,7.708791383219954,0.3090126072350493,1888.6538888888888,245,45,0.0,0.0
512,46,No,Travel_Rarely,Research & Development,2,1,Medical,1,513,Female,3,Research Scientist,Divorced,49410,9.0,Y,13,8,2,23.0,2,2,2,2,4.0,4.0,3.0,2,3,7.396068376068376,0.3153087579294842,1730.68,234,4,0.0,0.0
513,54,No,Travel_Rarely,Research & Development,5,3,Medical,1,514,Female,2,Manufacturing Director,Married,24780,6.0,Y,11,8,0,13.0,0,9,7,0,3.0,3.0,3.0,3,3,7.571803797468354,0.3065410187454985,1794.5175,237,22,0.0,0.0
514,56,No,Travel_Frequently,Research & Development,1,2,Life Sciences,1,515,Female,2,Manufacturing Director,Married,52280,2.0,Y,11,8,0,18.0,4,5,0,3,1.0,3.0,3.0,3,3,6.912598950882213,0.2711662394447425,1610.6355555555556,233,0,0.0,0.0
515,36,No,Travel_Rarely,Research & Development,4,2,Life Sciences,1,516,Female,2,Human Resources,Single,44780,0.0,Y,18,8,1,15.0,3,14,7,8,4.0,4.0,2.0,3,3,6.608065134099617,0.309093397637752,1533.0711111111111,232,0,0.0,0.0
516,55,No,Non-Travel,Research & Development,2,3,Medical,1,517,Female,2,Manager,Single,75470,7.0,Y,16,8,0,31.0,2,9,6,2,3.0,1.0,4.0,2,3,6.108080029368575,0.2994048221284256,1386.5341666666666,227,0,0.0,0.0
517,43,No,Travel_Rarely,Sales,25,2,Life Sciences,1,518,Male,3,Research Scientist,Divorced,50550,5.0,Y,22,8,0,18.0,2,1,0,0,3.0,4.0,3.0,2,4,7.925064545873675,0.2738690426165651,1909.940555555556,241,102,0.0,0.0
518,20,Yes,Travel_Frequently,Sales,8,3,Marketing,1,519,Male,3,Sales Executive,Single,34640,1.0,Y,20,8,0,2.0,3,2,0,2,4.0,4.0,3.0,2,4,9.111901005944215,0.2820407743773775,2214.1919444444443,243,243,43.01027777777779,0.1769970278920896
519,21,Yes,Travel_Rarely,Research & Development,1,4,Life Sciences,1,520,Male,1,Manager,Single,57750,1.0,Y,18,8,0,1.0,2,1,1,0,3.0,1.0,2.0,3,3,6.6217576419213975,0.2813228128960251,1516.3825,229,0,0.0,0.0
520,46,No,Travel_Rarely,Sales,12,3,Marketing,1,521,Female,3,Healthcare Representative,Divorced,89430,8.0,Y,12,8,1,19.0,6,16,1,7,4.0,1.0,3.0,3,3,10.988871455137144,0.307184067492104,2626.340277777778,239,239,475.34027777777777,1.9888714551371456
521,51,Yes,Travel_Rarely,Sales,23,3,Medical,1,522,Female,2,Research Scientist,Married,192720,9.0,Y,20,8,0,18.0,2,10,2,7,1.0,3.0,4.0,3,4,8.716918044077136,0.2601545317001245,2109.494166666667,242,242,3.859166666666667,0.0159469696969697
522,28,Yes,Non-Travel,Research & Development,19,4,Life Sciences,1,523,Female,4,Laboratory Technician,Single,52380,1.0,Y,17,8,1,10.0,4,10,1,9,2.0,1.0,2.0,2,3,7.419935622317596,0.2992199695202541,1728.845,233,6,0.0,0.0
523,26,No,Travel_Rarely,Research & Development,5,4,Medical,1,524,Female,2,Sales Executive,Married,46820,1.0,Y,11,8,1,6.0,3,5,1,3,1.0,1.0,3.0,1,3,7.517420634920635,0.3105020560628581,1736.5241666666666,231,12,0.0,0.0
524,30,No,Travel_Rarely,Research & Development,8,3,Medical,1,525,Female,1,Sales Executive,Married,183000,0.0,Y,14,8,0,7.0,6,6,0,2,3.0,1.0,2.0,3,3,6.2512734339277545,0.3045634893715722,1519.0594444444444,243,0,0.0,0.0
525,41,No,Travel_Rarely,Sales,1,4,Life Sciences,1,526,Female,1,Research Director,Married,52570,1.0,Y,14,8,0,10.0,2,10,0,8,2.0,3.0,3.0,4,3,7.878476324425692,0.3309902402322056,1867.1988888888889,237,81,0.0,0.0
526,38,No,Travel_Rarely,Research & Development,5,3,Technical Degree,1,527,Male,1,Sales Executive,Married,63490,0.0,Y,11,8,0,20.0,3,19,1,9,3.0,3.0,2.0,3,3,7.293590579710145,0.2982366149372519,1677.5258333333334,230,3,0.0,0.0
527,40,No,Travel_Rarely,Sales,1,4,Marketing,1,528,Male,1,Sales Executive,Married,48690,4.0,Y,12,8,0,14.0,2,11,11,1,1.0,4.0,3.0,3,3,7.923936741363212,0.3018194358388564,1885.8969444444444,238,99,0.0,0.0
528,27,No,Non-Travel,Sales,11,3,Technical Degree,1,529,Female,2,Laboratory Technician,Married,99850,1.0,Y,14,8,1,3.0,3,3,1,2,1.0,3.0,3.0,2,3,8.007610882487427,0.2912406232218999,1945.8494444444443,243,124,0.0,0.0
529,55,No,Travel_Frequently,Research & Development,23,5,Life Sciences,1,530,Male,3,Laboratory Technician,Married,36970,3.0,Y,13,8,1,23.0,1,3,1,2,4.0,2.0,3.0,3,3,6.733892496392497,0.3097527307611388,1555.5291666666667,231,0,0.0,0.0
530,28,No,Travel_Rarely,Research & Development,1,3,Life Sciences,1,531,Male,2,Healthcare Representative,Single,74570,3.0,Y,11,8,2,10.0,1,8,1,7,3.0,3.0,4.0,4,3,6.612759487882944,0.2963458179866241,1606.9005555555557,243,0,0.0,0.0
531,44,Yes,Travel_Rarely,Research & Development,18,4,Life Sciences,1,532,Female,2,Sales Executive,Married,21190,9.0,Y,15,8,0,24.0,3,20,3,6,2.0,1.0,3.0,3,3,6.190119870908253,0.3274699929709637,1491.818888888889,241,0,0.0,0.0
532,33,No,Travel_Rarely,Sales,23,4,Marketing,1,533,Female,4,Sales Executive,Divorced,39830,4.0,Y,12,8,0,9.0,3,3,1,2,4.0,4.0,3.0,3,3,6.412309251311397,0.2838948052000575,1494.0680555555557,233,0,0.0,0.0
533,35,Yes,Travel_Rarely,Sales,7,4,Life Sciences,1,534,Male,3,Sales Representative,Single,61180,0.0,Y,21,8,1,9.0,3,8,4,7,4.0,1.0,3.0,2,4,9.812394349477682,0.3049550299993089,2296.1002777777776,234,234,190.27027777777775,0.8131208452041785
534,33,Yes,Travel_Frequently,Research & Development,1,2,Life Sciences,1,535,Female,1,Sales Executive,Single,62140,1.0,Y,19,8,2,14.0,3,13,3,8,1.0,3.0,3.0,3,3,7.795180737506065,0.2971810833353482,1785.096388888889,229,61,0.0,0.0
535,28,No,Travel_Rarely,Human Resources,1,1,Human Resources,1,536,Male,2,Research Scientist,Divorced,63470,1.0,Y,15,8,1,4.0,2,4,2,2,1.0,3.0,2.0,3,3,6.665248419150858,0.2998037640566993,1639.651111111111,246,0,0.0,0.0
536,34,No,Travel_Frequently,Sales,29,4,Marketing,1,537,Male,1,Research Scientist,Single,115100,0.0,Y,14,8,1,7.0,5,6,0,4,1.0,4.0,2.0,3,3,6.688168328584995,0.2622114282508871,1565.0313888888888,234,0,0.0,0.0
537,37,No,Travel_Rarely,Research & Development,7,4,Life Sciences,1,538,Male,4,Sales Executive,Divorced,71430,2.0,Y,21,8,0,8.0,6,1,0,0,4.0,4.0,3.0,2,4,10.582439909297053,0.3138645171713979,2592.697777777778,245,245,387.6977777777778,1.5824399092970522
538,25,Yes,Travel_Rarely,Human Resources,25,4,Human Resources,1,539,Female,2,Research Scientist,Married,82680,1.0,Y,12,8,0,7.0,3,7,5,6,4.0,4.0,4.0,2,3,10.899974537037036,0.2919464532078961,2615.9938888888887,240,240,455.9938888888889,1.899974537037037
539,26,Yes,Travel_Rarely,Sales,8,2,Marketing,1,540,Male,2,Sales Executive,Divorced,80950,1.0,Y,15,8,0,1.0,3,1,0,0,1.0,3.0,2.0,4,3,7.810643776824035,0.3037715698448387,1819.88,233,60,0.0,0.0
540,33,Yes,Travel_Rarely,Research & Development,8,2,Life Sciences,1,541,Male,4,Manufacturing Director,Single,29040,4.0,Y,13,8,0,5.0,2,2,2,2,1.0,2.0,3.0,3,3,10.211385327635329,0.2982078344838283,2389.464166666666,234,234,283.46416666666664,1.2113853276353277
541,42,No,Travel_Rarely,Research & Development,11,1,Life Sciences,1,542,Male,4,Research Scientist,Married,60320,0.0,Y,14,8,0,23.0,2,22,13,7,4.0,1.0,3.0,2,3,6.781549408014572,0.2789447307364359,1654.6980555555556,244,0,0.0,0.0
542,28,Yes,Travel_Frequently,Research & Development,7,3,Life Sciences,1,543,Male,2,Manager,Divorced,29760,1.0,Y,14,8,0,1.0,3,1,0,0,1.0,2.0,3.0,3,3,6.296936170212766,0.3092688056126614,1479.78,235,0,0.0,0.0
543,50,Yes,Travel_Frequently,Research & Development,1,4,Medical,1,544,Male,2,Research Scientist,Single,159920,3.0,Y,14,8,0,5.0,3,0,0,0,4.0,3.0,3.0,3,3,10.463207994579946,0.3179016143684446,2573.9491666666668,246,246,359.94916666666666,1.4632079945799457
544,33,No,Travel_Frequently,Sales,9,3,Medical,1,545,Female,2,Research Scientist,Married,46490,0.0,Y,12,8,0,4.0,2,3,0,2,4.0,2.0,3.0,2,3,8.041233424782808,0.2774244055592623,1954.0197222222223,243,139,0.0,0.0
545,34,No,Non-Travel,Sales,1,1,Marketing,1,546,Female,2,Research Director,Married,26960,3.0,Y,23,8,0,6.0,3,0,0,0,3.0,4.0,3.0,3,4,7.120342066957788,0.3061922773690473,1630.5583333333334,229,0,0.0,0.0
546,48,No,Non-Travel,Sales,2,1,Life Sciences,1,547,Male,2,Sales Executive,Single,23700,2.0,Y,11,8,0,27.0,3,5,2,1,1.0,4.0,2.0,3,3,6.210528752436647,0.2722569153107845,1416.0005555555556,228,0,0.0,0.0
547,45,No,Non-Travel,Research & Development,1,3,Medical,1,548,Female,2,Human Resources,Married,125040,1.0,Y,12,8,1,15.0,2,15,4,12,2.0,3.0,3.0,3,3,6.015613026819923,0.3086308554566931,1395.6222222222225,232,0,0.0,0.0
548,52,No,Travel_Rarely,Sales,1,3,Life Sciences,1,549,Male,1,Sales Executive,Single,59740,7.0,Y,18,8,1,18.0,6,8,4,0,2.0,2.0,3.0,3,3,7.982319788797062,0.2992411829480517,1931.721388888889,242,120,0.0,0.0
549,38,No,Travel_Rarely,Research & Development,6,2,Medical,1,550,Male,1,Research Scientist,Divorced,47360,0.0,Y,11,8,1,9.0,3,8,2,7,3.0,3.0,3.0,2,3,10.697828385065227,0.3012432411520022,2642.363611111111,247,247,419.3636111111112,1.6978283850652274
550,29,No,Travel_Rarely,Research & Development,8,3,Medical,1,551,Female,4,Research Scientist,Divorced,52960,4.0,Y,14,8,0,11.0,3,7,1,7,3.0,4.0,3.0,4,3,6.323727053140097,0.3077049013265005,1454.4572222222223,230,0,0.0,0.0
551,28,No,Travel_Rarely,Human Resources,1,3,Human Resources,1,552,Female,4,Laboratory Technician,Divorced,67810,0.0,Y,15,8,1,10.0,2,9,1,7,4.0,2.0,2.0,3,3,6.89652719174871,0.2823654545753329,1634.4769444444444,237,0,0.0,0.0
552,46,No,Travel_Rarely,Research & Development,6,4,Medical,1,553,Male,3,Sales Executive,Married,21740,3.0,Y,11,8,1,23.0,3,12,4,9,1.0,3.0,3.0,3,3,6.399091970121382,0.289414109264744,1522.983888888889,238,0,0.0,0.0
553,38,No,Travel_Rarely,Research & Development,7,4,Medical,1,554,Male,1,Sales Executive,Single,66530,7.0,Y,20,8,1,10.0,2,1,0,0,4.0,2.0,3.0,3,4,7.389816810344827,0.3227975770974771,1714.4375,232,5,0.0,0.0
554,43,No,Travel_Frequently,Research & Development,5,3,Medical,1,555,Female,2,Laboratory Technician,Married,96990,8.0,Y,19,8,1,18.0,3,8,0,1,3.0,1.0,3.0,3,3,7.119895264116576,0.3028006986954519,1737.2544444444443,244,0,0.0,0.0
555,39,Yes,Travel_Frequently,Sales,1,3,Marketing,1,556,Male,2,Healthcare Representative,Divorced,67550,7.0,Y,14,8,1,21.0,2,18,11,5,1.0,4.0,3.0,3,3,7.1997842155460186,0.276201188210846,1677.5497222222225,233,0,0.0,0.0
556,40,No,Travel_Rarely,Research & Development,1,1,Life Sciences,1,557,Male,1,Healthcare Representative,Single,22130,1.0,Y,17,8,0,21.0,4,20,4,9,3.0,3.0,4.0,3,3,5.983684270690444,0.30851409295028,1454.0352777777778,243,0,0.0,0.0
557,21,No,Travel_Rarely,Research & Development,1,4,Life Sciences,1,558,Female,1,Research Scientist,Single,26100,1.0,Y,11,8,1,2.0,3,2,2,2,4.0,2.0,4.0,2,3,10.518713512241057,0.2899119347457996,2482.416388888889,236,236,358.4163888888889,1.5187135122410549
558,39,No,Non-Travel,Research & Development,6,3,Life Sciences,1,559,Male,1,Laboratory Technician,Single,28510,9.0,Y,15,8,0,9.0,2,5,0,3,3.0,2.0,2.0,3,3,6.195073915116834,0.3060264546185078,1443.4522222222222,233,0,0.0,0.0
559,36,No,Non-Travel,Research & Development,1,3,Medical,1,560,Male,3,Sales Representative,Single,34520,2.0,Y,13,8,3,18.0,4,11,0,9,1.0,4.0,3.0,4,3,7.195747584541063,0.2903693805320912,1655.0219444444444,230,0,0.0,0.0
560,31,No,Travel_Frequently,Research & Development,7,3,Life Sciences,1,561,Male,1,Sales Executive,Married,52580,0.0,Y,14,8,3,3.0,5,2,2,2,3.0,4.0,3.0,3,3,6.6062621832358674,0.2837036443997395,1506.227777777778,228,0,0.0,0.0
561,28,No,Travel_Rarely,Sales,2,4,Marketing,1,562,Male,1,Sales Executive,Married,93550,0.0,Y,11,8,0,6.0,4,5,0,4,1.0,2.0,1.0,3,3,7.4839790448343075,0.3018330843733655,1706.3472222222222,228,7,0.0,0.0
562,35,No,Travel_Frequently,Research & Development,9,2,Other,1,563,Female,1,Manufacturing Director,Divorced,104960,1.0,Y,13,8,1,5.0,2,5,0,2,4.0,4.0,3.0,3,3,6.5963852498787,0.3133303096300721,1510.5722222222223,229,0,0.0,0.0
563,49,No,Travel_Rarely,Sales,2,2,Medical,1,564,Female,1,Sales Executive,Married,63800,6.0,Y,23,8,1,22.0,1,9,2,3,4.0,2.0,3.0,2,4,7.172206521739131,0.2994718034343447,1649.6075,230,0,0.0,0.0
564,34,No,Travel_Frequently,Sales,9,1,Technical Degree,1,565,Male,2,Sales Executive,Single,26570,2.0,Y,13,8,1,5.0,3,3,0,2,4.0,3.0,2.0,2,3,8.026111111111112,0.3073755334817851,1846.0055555555557,230,128,0.0,0.0
565,29,No,Travel_Frequently,Research & Development,1,4,Medical,1,566,Male,3,Research Scientist,Divorced,27160,0.0,Y,18,8,0,8.0,2,7,1,1,4.0,2.0,2.0,1,3,7.10237188697318,0.3010831925149965,1647.7502777777777,232,0,0.0,0.0
566,42,No,Travel_Rarely,Sales,21,2,Life Sciences,1,567,Female,1,Healthcare Representative,Single,22010,4.0,Y,12,8,1,16.0,3,1,0,0,2.0,4.0,3.0,4,3,7.202196251129178,0.3195690710505031,1771.7402777777777,246,2,0.0,0.0
567,29,No,Travel_Rarely,Sales,4,2,Other,1,568,Female,2,Healthcare Representative,Married,65400,1.0,Y,22,8,0,10.0,2,10,1,2,2.0,4.0,2.0,1,4,10.8985589569161,0.3172213047766974,2670.146944444444,245,245,465.1469444444445,1.8985589569161
568,38,No,Travel_Rarely,Research & Development,1,3,Medical,1,569,Female,1,Human Resources,Married,38160,1.0,Y,13,8,2,7.0,2,7,5,0,3.0,3.0,4.0,2,3,6.523463618485742,0.2924888390137214,1474.3027777777777,226,0,0.0,0.0
569,28,No,Travel_Frequently,Sales,6,4,Life Sciences,1,570,Male,1,Manager,Divorced,52530,1.0,Y,15,8,0,3.0,2,3,0,2,3.0,3.0,3.0,3,3,10.68474223163842,0.2912314921813249,2521.599166666667,236,236,397.5991666666667,1.6847422316384182
570,18,Yes,Non-Travel,Research & Development,2,4,Medical,1,571,Male,3,Laboratory Technician,Single,109650,1.0,Y,18,8,0,0.0,5,0,0,0,3.0,3.0,3.0,4,3,6.993391500474834,0.2922347323232948,1636.453611111111,234,0,0.0,0.0
571,33,Yes,Travel_Rarely,Research & Development,3,2,Life Sciences,1,572,Male,1,Sales Executive,Single,49360,0.0,Y,14,8,0,6.0,2,5,0,3,1.0,1.0,3.0,2,3,8.983830721747388,0.2894631003848922,2102.216388888889,234,234,25.13638888888889,0.107420465337132
572,41,No,Travel_Rarely,Research & Development,4,2,Medical,1,573,Male,2,Research Scientist,Married,25430,3.0,Y,12,8,0,6.0,3,1,0,0,2.0,4.0,3.0,3,3,8.124268207282913,0.3021326408651671,1933.575833333333,238,153,0.0,0.0
573,31,Yes,Travel_Frequently,Sales,10,3,Technical Degree,1,574,Female,1,Research Director,Married,53040,1.0,Y,17,8,0,2.0,3,2,2,2,3.0,3.0,2.0,4,3,7.1295670995671,0.2997310707308912,1646.93,231,1,0.0,0.0
574,37,No,Travel_Rarely,Research & Development,23,3,Life Sciences,1,575,Male,3,Manufacturing Director,Divorced,166590,7.0,Y,16,8,1,10.0,2,6,1,3,3.0,4.0,3.0,3,3,8.00203096539162,0.2738386347910778,1952.4955555555557,244,126,0.0,0.0
575,27,No,Travel_Rarely,Research & Development,6,2,Medical,1,576,Female,1,Healthcare Representative,Married,42600,1.0,Y,11,8,2,4.0,2,4,2,2,4.0,3.0,3.0,3,3,7.415027420123986,0.2982611180282523,1727.701388888889,233,3,0.0,0.0
576,34,No,Travel_Rarely,Sales,1,1,Marketing,1,577,Female,2,Laboratory Technician,Married,24760,1.0,Y,19,8,0,6.0,2,6,1,3,2.0,3.0,2.0,3,3,7.086783816425121,0.3041286142482547,1629.9602777777775,230,0,0.0,0.0
577,35,No,Travel_Rarely,Research & Development,6,3,Life Sciences,1,578,Female,3,Laboratory Technician,Single,31020,1.0,Y,13,8,1,6.0,3,5,1,4,3.0,3.0,1.0,2,3,6.802122359963269,0.2969591242801684,1646.1136111111111,242,0,0.0,0.0
578,29,Yes,Travel_Rarely,Research & Development,6,3,Life Sciences,1,579,Male,1,Sales Executive,Married,22440,1.0,Y,12,8,3,11.0,5,11,3,10,4.0,1.0,1.0,1,3,6.792666201766621,0.3112896508171652,1623.4472222222223,239,0,0.0,0.0
579,40,No,Travel_Frequently,Research & Development,2,4,Medical,1,580,Male,4,Human Resources,Single,75960,9.0,Y,11,8,0,20.0,0,18,2,13,2.0,3.0,2.0,1,3,6.714373219373219,0.2997803701906139,1571.1633333333334,234,0,0.0,0.0
580,42,Yes,Travel_Frequently,Sales,2,4,Life Sciences,1,581,Male,1,Laboratory Technician,Single,22850,0.0,Y,16,8,0,22.0,3,21,13,14,3.0,1.0,2.0,1,3,8.01858706108706,0.3235832814786147,1852.2936111111112,231,116,0.0,0.0
581,42,No,Travel_Rarely,Research & Development,1,2,Life Sciences,1,582,Male,4,Laboratory Technician,Single,30340,7.0,Y,21,8,1,9.0,3,6,1,5,2.0,1.0,4.0,2,4,7.694989177489178,0.3136241255698868,1777.5425,231,39,0.0,0.0
582,35,No,Travel_Rarely,Research & Development,5,3,Medical,1,583,Male,1,Healthcare Representative,Married,57150,6.0,Y,24,8,2,10.0,0,8,1,7,4.0,3.0,3.0,3,4,7.065130934899657,0.3055881086640986,1603.7847222222222,227,1,0.0,0.0
583,24,No,Travel_Rarely,Sales,7,4,Life Sciences,1,584,Female,1,Laboratory Technician,Single,25760,8.0,Y,17,8,3,6.0,3,4,1,2,4.0,2.0,3.0,3,3,7.90828216374269,0.3100673330984853,1803.0883333333331,228,79,0.0,0.0
584,28,Yes,Travel_Rarely,Research & Development,15,4,Life Sciences,1,585,Male,2,Sales Executive,Married,41970,1.0,Y,13,8,0,1.0,3,1,0,0,3.0,4.0,2.0,1,3,10.291057422969187,0.2895352765695819,2449.2716666666665,238,238,307.2716666666667,1.2910574229691878
585,26,No,Travel_Rarely,Research & Development,1,4,Life Sciences,1,586,Male,2,Sales Representative,Married,143360,1.0,Y,21,8,1,8.0,3,8,0,7,1.0,4.0,3.0,3,4,7.521268861454047,0.2916814601333992,1827.6683333333333,243,12,0.0,0.0
586,30,No,Travel_Rarely,Research & Development,7,2,Life Sciences,1,587,Female,1,Manufacturing Director,Married,34480,1.0,Y,11,8,0,10.0,3,10,1,4,3.0,3.0,3.0,3,3,7.689250806823421,0.3066508949538841,1853.1094444444443,241,37,0.0,0.0
587,40,No,Travel_Frequently,Research & Development,26,4,Life Sciences,1,588,Male,2,Research Scientist,Married,194060,3.0,Y,20,8,3,16.0,2,1,0,0,3.0,4.0,1.0,3,4,10.515668510834487,0.2874421708643928,2534.2761111111117,241,241,365.2761111111111,1.5156685108344858
588,35,No,Travel_Rarely,Research & Development,18,5,Medical,1,589,Female,2,Research Scientist,Divorced,65380,2.0,Y,16,8,1,15.0,3,7,6,4,3.0,2.0,4.0,3,3,6.89815166432255,0.2868876702583633,1634.8619444444444,237,0,0.0,0.0
589,34,No,Travel_Frequently,Research & Development,6,2,Life Sciences,1,590,Male,1,Research Director,Single,43060,0.0,Y,11,8,0,14.0,2,13,4,9,4.0,1.0,3.0,3,3,7.492503429355281,0.3021614400690996,1820.6783333333333,243,14,0.0,0.0
590,35,No,Travel_Frequently,Research & Development,3,3,Medical,1,591,Female,2,Laboratory Technician,Married,22580,1.0,Y,11,8,1,2.0,2,2,2,2,4.0,4.0,4.0,3,3,7.986484953703704,0.2839691116461028,1916.756388888889,240,121,0.0,0.0
591,43,Yes,Travel_Rarely,Sales,5,3,Marketing,1,592,Female,3,Research Scientist,Single,45220,8.0,Y,15,8,1,7.0,3,4,1,3,1.0,3.0,2.0,3,3,7.510137741046832,0.2794186852280749,1817.4533333333331,242,13,0.0,0.0
592,32,No,Non-Travel,Research & Development,11,2,Other,1,593,Female,2,Research Scientist,Divorced,44870,1.0,Y,11,8,0,1.0,5,1,0,0,3.0,1.0,3.0,2,3,6.5948269980506815,0.3026553702510944,1503.6205555555557,228,0,0.0,0.0
593,56,No,Travel_Rarely,Research & Development,3,2,Other,1,594,Male,2,Healthcare Representative,Divorced,44490,4.0,Y,15,8,0,28.0,3,5,4,2,4.0,1.0,3.0,1,3,6.282283677482792,0.2710339351662039,1419.796111111111,226,0,0.0,0.0
594,29,No,Travel_Rarely,Research & Development,26,1,Life Sciences,1,595,Male,1,Laboratory Technician,Married,22180,1.0,Y,24,8,1,10.0,1,10,0,8,2.0,4.0,3.0,3,4,7.468521241830065,0.300185510965238,1777.5080555555555,238,14,0.0,0.0
595,19,No,Travel_Rarely,Research & Development,23,4,Life Sciences,1,596,Male,2,Laboratory Technician,Single,191970,1.0,Y,12,8,0,1.0,2,1,0,0,3.0,1.0,3.0,3,3,7.285244072524407,0.3238908955721552,1741.1733333333334,239,1,0.0,0.0
596,45,No,Travel_Rarely,Research & Development,22,3,Life Sciences,1,597,Female,2,Sales Representative,Married,132120,4.0,Y,13,8,0,7.0,4,3,0,2,1.0,3.0,2.0,3,3,8.797695810564663,0.3185136240502749,2146.637777777778,244,242,12.388888888888888,0.0507741347905282
597,37,No,Travel_Rarely,Research & Development,14,4,Life Sciences,1,598,Male,3,Research Scientist,Married,65770,1.0,Y,13,8,0,14.0,1,14,3,11,4.0,4.0,2.0,1,3,6.775005715592135,0.3071062282673835,1646.326388888889,243,0,0.0,0.0
598,20,No,Travel_Rarely,Research & Development,6,3,Medical,1,599,Male,5,Research Director,Single,83920,1.0,Y,17,8,0,2.0,5,2,1,2,1.0,3.0,2.0,3,3,6.699550094966762,0.2682880175295979,1567.6947222222225,234,0,0.0,0.0
599,44,Yes,Travel_Rarely,Human Resources,6,2,Human Resources,1,600,Male,3,Sales Executive,Single,45580,1.0,Y,13,8,1,6.0,2,6,0,2,3.0,3.0,3.0,1,3,10.402478354978356,0.3013641091559738,2402.9725,231,231,323.9725,1.4024783549783548
600,53,No,Travel_Rarely,Research & Development,6,4,Life Sciences,1,601,Male,1,Research Director,Divorced,40310,3.0,Y,12,8,1,26.0,3,7,4,7,4.0,3.0,3.0,2,3,5.996221993598536,0.2729508858579735,1457.0819444444444,243,0,0.0,0.0
601,29,No,Travel_Rarely,Research & Development,23,3,Medical,1,602,Male,1,Sales Executive,Married,79690,0.0,Y,14,8,0,6.0,3,5,1,3,2.0,4.0,2.0,3,3,8.894559306141584,0.2954439082298453,2108.010555555556,237,237,17.103055555555564,0.0721647913736521
602,22,Yes,Travel_Frequently,Research & Development,22,4,Medical,1,603,Male,1,Sales Representative,Married,26540,0.0,Y,24,8,0,1.0,5,0,0,0,3.0,4.0,3.0,2,4,9.878622831692452,0.2847081226000295,2341.2336111111117,237,237,208.33972222222224,0.8790705578996719
603,46,No,Travel_Rarely,Research & Development,2,3,Life Sciences,1,604,Male,2,Research Scientist,Married,165550,8.0,Y,14,8,2,28.0,4,26,15,9,3.0,1.0,3.0,3,3,5.993167372881356,0.2879019652940873,1414.3875,236,0,0.0,0.0
604,44,No,Non-Travel,Research & Development,20,3,Life Sciences,1,605,Male,1,Sales Representative,Single,45560,2.0,Y,13,8,0,6.0,4,0,0,0,4.0,3.0,3.0,3,3,6.1708656609195405,0.304146108614134,1431.6408333333334,232,0,0.0,0.0
605,33,No,Travel_Rarely,Research & Development,28,4,Life Sciences,1,606,Female,1,Manager,Married,60910,1.0,Y,15,8,0,5.0,6,5,1,4,2.0,3.0,3.0,1,3,7.820513361462728,0.273738173085915,1853.4616666666664,237,61,0.0,0.0
606,41,Yes,Non-Travel,Research & Development,12,3,Life Sciences,1,607,Male,2,Sales Representative,Divorced,195660,6.0,Y,16,8,0,5.0,2,1,0,0,1.0,1.0,1.0,4,3,7.181788194444445,0.3091087513534096,1723.6291666666666,240,2,0.0,0.0
607,30,No,Travel_Rarely,Sales,20,3,Marketing,1,608,Male,3,Sales Executive,Divorced,48100,8.0,Y,18,8,0,8.0,3,4,0,3,3.0,1.0,3.0,2,3,7.494121557454891,0.2746598908312082,1753.6244444444444,234,9,0.0,0.0
608,40,No,Travel_Frequently,Sales,9,3,Medical,1,609,Male,1,Manufacturing Director,Married,45230,5.0,Y,16,8,1,5.0,5,0,0,0,2.0,2.0,3.0,4,3,6.791671583087512,0.3083590924226159,1534.9177777777777,226,0,0.0,0.0
609,50,No,Travel_Frequently,Research & Development,25,4,Life Sciences,1,610,Female,2,Healthcare Representative,Married,32020,2.0,Y,24,8,1,32.0,2,2,2,2,4.0,1.0,3.0,3,4,7.228327522082752,0.2986518227819342,1727.5702777777778,239,0,0.0,0.0
610,28,No,Travel_Rarely,Research & Development,6,3,Technical Degree,1,611,Male,2,Research Scientist,Married,23510,1.0,Y,16,8,0,6.0,4,6,3,3,4.0,1.0,3.0,3,3,7.196454031465094,0.2866690033465371,1626.3986111111112,226,0,0.0,0.0
611,46,No,Travel_Rarely,Research & Development,8,4,Other,1,612,Male,3,Manager,Married,17020,5.0,Y,21,8,0,25.0,2,4,0,3,4.0,2.0,3.0,3,4,7.289913267698078,0.3208693110154891,1727.7094444444444,237,4,0.0,0.0
612,35,No,Travel_Rarely,Sales,4,4,Marketing,1,613,Male,1,Laboratory Technician,Married,180410,3.0,Y,20,8,1,15.0,3,7,1,7,3.0,1.0,3.0,2,4,8.498400423728814,0.3215109288883017,2005.6225,236,219,1.6850000000000005,0.0071398305084745
613,24,Yes,Travel_Rarely,Human Resources,28,4,Human Resources,1,614,Male,3,Manufacturing Director,Married,28860,1.0,Y,19,8,1,1.0,5,1,0,0,4.0,2.0,1.0,3,3,6.56247552618698,0.2901466974780191,1489.6819444444443,227,0,0.0,0.0
614,33,No,Travel_Frequently,Research & Development,9,2,Medical,1,615,Female,1,Sales Executive,Married,20970,1.0,Y,14,8,2,10.0,5,10,0,1,2.0,3.0,2.0,2,3,6.017825712881023,0.2906531315690858,1360.028611111111,226,0,0.0,0.0
615,36,No,Travel_Rarely,Research & Development,9,2,Medical,1,616,Male,2,Sales Executive,Divorced,119350,1.0,Y,11,8,3,7.0,6,7,1,7,3.0,3.0,3.0,4,3,6.583521348859777,0.300375275221091,1507.6263888888889,229,0,0.0,0.0
616,30,No,Travel_Rarely,Sales,29,3,Marketing,1,617,Male,1,Sales Executive,Divorced,25460,1.0,Y,14,8,1,10.0,2,10,8,9,3.0,3.0,2.0,3,3,6.008942837465565,0.2988957979425828,1454.1641666666667,242,0,0.0,0.0
617,44,No,Travel_Rarely,Research & Development,3,4,Medical,1,618,Male,2,Research Scientist,Single,25640,1.0,Y,12,8,3,20.0,3,20,13,17,4.0,4.0,3.0,1,3,7.590850914205345,0.3184485078894989,1799.0316666666668,237,23,0.0,0.0
618,20,No,Travel_Rarely,Research & Development,18,4,Medical,1,619,Male,1,Human Resources,Single,84120,1.0,Y,13,8,0,2.0,2,2,2,2,3.0,4.0,3.0,2,3,6.2810387488328665,0.3094373993104679,1494.887222222222,238,0,0.0,0.0
619,46,No,Travel_Rarely,Sales,9,1,Medical,1,620,Female,1,Sales Executive,Divorced,141180,2.0,Y,22,8,0,12.0,3,6,1,4,4.0,4.0,2.0,3,4,6.215752415458937,0.2857722914566064,1429.6230555555555,230,0,0.0,0.0
620,42,No,Non-Travel,Research & Development,5,4,Medical,1,621,Male,5,Sales Executive,Married,170460,7.0,Y,11,8,0,10.0,3,4,0,3,4.0,1.0,4.0,2,3,7.501866898148148,0.3064960233470341,1800.4480555555556,240,11,0.0,0.0
621,60,No,Travel_Rarely,Sales,2,2,Life Sciences,1,622,Male,2,Sales Executive,Divorced,25640,0.0,Y,14,8,1,12.0,3,11,1,9,2.0,4.0,3.0,3,3,8.617627847512784,0.2899256323054855,2059.6130555555555,239,234,2.935277777777776,0.0122814969781496
622,32,No,Travel_Frequently,Sales,10,3,Life Sciences,1,623,Female,1,Sales Executive,Married,102660,1.0,Y,11,8,0,2.0,3,2,2,2,3.0,2.0,3.0,3,3,7.265763593380615,0.2955658632564649,1707.4544444444446,235,2,0.0,0.0
623,32,No,Travel_Frequently,Research & Development,9,3,Life Sciences,1,624,Female,2,Research Scientist,Single,50700,4.0,Y,12,8,1,10.0,6,8,0,7,4.0,3.0,3.0,3,3,8.392867996201328,0.2918954261721014,1963.931111111111,234,216,0.3083333333333335,0.0013176638176638
624,36,No,Travel_Rarely,Sales,3,2,Marketing,1,625,Male,4,Healthcare Representative,Divorced,178610,2.0,Y,18,8,0,17.0,2,7,7,7,3.0,1.0,3.0,2,3,8.036303688141924,0.3037785521589246,1912.6402777777776,238,123,0.0,0.0
625,33,No,Travel_Rarely,Sales,26,2,Marketing,1,626,Male,1,Research Scientist,Married,42300,0.0,Y,12,8,0,15.0,0,14,4,10,1.0,4.0,3.0,3,3,6.055536562203229,0.2840472044802422,1416.9955555555557,234,0,0.0,0.0
626,40,No,Travel_Rarely,Research & Development,1,3,Medical,1,627,Female,2,Research Scientist,Divorced,37800,7.0,Y,12,8,0,7.0,2,5,1,3,2.0,2.0,4.0,1,3,7.291101449275362,0.3115874101269125,1676.9533333333334,230,3,0.0,0.0
627,25,No,Travel_Rarely,Research & Development,6,2,Medical,1,628,Female,1,Laboratory Technician,Single,27680,0.0,Y,22,8,1,5.0,0,4,1,1,3.0,4.0,3.0,3,4,8.01433970856102,0.3093996909495499,1955.4988888888888,244,116,0.0,0.0
628,30,No,Travel_Rarely,Sales,9,3,Marketing,1,629,Female,1,Research Scientist,Married,90710,0.0,Y,19,8,1,12.0,2,11,5,7,4.0,2.0,3.0,2,3,9.183357843137255,0.309306668086219,2185.639166666667,238,238,56.13666666666668,0.2358683473389356
629,42,No,Travel_Frequently,Human Resources,8,2,Medical,1,630,Male,1,Sales Executive,Married,106480,3.0,Y,13,8,1,20.0,1,1,0,0,1.0,1.0,3.0,3,3,9.52881179138322,0.3017171398768851,2334.5588888888888,245,245,130.79861111111111,0.5338718820861678
630,35,No,Non-Travel,Research & Development,1,1,Life Sciences,1,631,Male,2,Sales Executive,Married,136100,4.0,Y,22,8,2,16.0,4,13,4,12,3.0,4.0,2.0,2,4,9.807640027322403,0.3064883955410881,2393.0641666666666,244,244,197.13027777777776,0.8079109744990892
631,27,No,Travel_Rarely,Research & Development,7,3,Life Sciences,1,632,Male,3,Manufacturing Director,Married,34080,1.0,Y,24,8,0,9.0,2,9,6,8,1.0,1.0,2.0,3,4,9.17621483071054,0.3027371939494862,2138.058055555556,233,233,53.71444444444444,0.2305340963280877
632,54,No,Travel_Frequently,Research & Development,9,2,Medical,1,633,Male,2,Sales Representative,Divorced,29830,7.0,Y,14,8,1,33.0,2,5,1,4,4.0,3.0,1.0,2,3,6.31840539284054,0.3224642481035041,1510.098888888889,239,0,0.0,0.0
633,44,No,Travel_Rarely,Human Resources,4,4,Life Sciences,1,634,Male,5,Laboratory Technician,Married,76320,1.0,Y,21,8,0,10.0,3,10,7,7,1.0,4.0,3.0,3,4,6.005806030389364,0.2933044761730775,1405.358611111111,234,0,0.0,0.0
634,19,Yes,Non-Travel,Sales,2,2,Other,1,635,Male,3,Healthcare Representative,Single,98240,1.0,Y,18,8,0,1.0,2,1,0,0,1.0,2.0,4.0,3,3,8.388885357815443,0.3100608088771587,1979.7769444444448,236,213,1.5000000000000018,0.0063559322033898
635,29,No,Travel_Rarely,Research & Development,19,4,Life Sciences,1,636,Male,1,Manufacturing Director,Divorced,99500,1.0,Y,20,8,0,3.0,3,3,1,2,1.0,4.0,3.0,3,4,7.376378019323671,0.2870794527512784,1696.5669444444443,230,3,0.0,0.0
636,54,No,Travel_Rarely,Research & Development,9,4,Life Sciences,1,637,Male,2,Sales Executive,Married,20930,3.0,Y,19,8,0,36.0,2,10,0,9,4.0,4.0,3.0,3,3,7.671983151183971,0.2858878469200465,1871.963888888889,244,32,0.0,0.0
637,31,No,Travel_Rarely,Research & Development,21,3,Life Sciences,1,638,Male,2,Laboratory Technician,Married,99800,1.0,Y,12,8,0,6.0,1,6,0,1,3.0,1.0,2.0,3,3,8.591818287037036,0.2954282308813459,2062.0363888888887,240,237,3.5330555555555545,0.0147210648148148
638,31,No,Travel_Rarely,Sales,24,1,Marketing,1,639,Female,1,Sales Executive,Single,38940,1.0,Y,12,8,0,10.0,3,10,1,8,3.0,1.0,3.0,4,3,7.271392419962335,0.3082546323439865,1716.048611111111,236,1,0.0,0.0
639,59,No,Travel_Rarely,Research & Development,3,4,Technical Degree,1,640,Male,1,Research Scientist,Single,40510,5.0,Y,16,8,3,13.0,3,6,0,5,3.0,4.0,3.0,3,3,7.370457175925925,0.2804799351805654,1768.9097222222222,240,3,0.0,0.0
640,43,No,Travel_Rarely,Research & Development,11,2,Life Sciences,1,641,Male,3,Laboratory Technician,Married,168350,3.0,Y,17,8,1,25.0,3,8,0,7,3.0,4.0,3.0,3,3,6.5930100373482725,0.323009225002592,1569.1363888888889,238,0,0.0,0.0
641,49,No,Travel_Rarely,Sales,14,4,Life Sciences,1,642,Male,2,Research Scientist,Married,62300,2.0,Y,14,8,0,23.0,2,1,0,0,1.0,3.0,4.0,2,3,6.701772197962154,0.3240266064239044,1534.7058333333334,229,0,0.0,0.0
642,36,No,Travel_Frequently,Sales,5,2,Marketing,1,643,Female,1,Laboratory Technician,Married,47170,1.0,Y,19,8,1,12.0,3,11,0,7,3.0,2.0,2.0,3,3,6.086726108824874,0.2800949626298863,1479.0744444444445,243,0,0.0,0.0
643,48,No,Travel_Rarely,Research & Development,1,4,Life Sciences,1,644,Female,2,Laboratory Technician,Single,132370,5.0,Y,13,8,1,7.0,2,1,0,0,4.0,2.0,2.0,4,3,6.085262855831037,0.2948190757969787,1472.6336111111111,242,0,0.0,0.0
644,27,No,Travel_Rarely,Research & Development,6,4,Life Sciences,1,645,Male,2,Laboratory Technician,Divorced,37550,1.0,Y,19,8,0,5.0,2,5,0,3,1.0,3.0,3.0,3,3,7.984060846560846,0.2996556265510158,1844.3180555555557,231,102,0.0,0.0
645,29,No,Travel_Rarely,Sales,17,4,Medical,1,646,Male,1,Laboratory Technician,Divorced,65820,1.0,Y,19,8,1,6.0,3,6,1,0,3.0,4.0,3.0,3,3,8.795437641723355,0.2993021243094545,2154.882222222222,245,245,11.943611111111109,0.0487494331065759
646,48,No,Travel_Rarely,Sales,1,1,Marketing,1,647,Male,2,Manufacturing Director,Single,74060,6.0,Y,14,8,2,25.0,2,1,0,0,4.0,4.0,4.0,3,3,6.1804967727063165,0.2847470993013426,1489.4997222222223,241,0,0.0,0.0
647,29,No,Travel_Rarely,Research & Development,3,3,Technical Degree,1,648,Female,2,Healthcare Representative,Divorced,48050,2.0,Y,16,8,1,9.0,2,7,1,7,4.0,4.0,2.0,3,3,6.917482492997199,0.3048124012918755,1646.3608333333334,238,0,0.0,0.0
648,34,No,Travel_Rarely,Sales,9,4,Medical,1,649,Female,2,Laboratory Technician,Married,27410,0.0,Y,15,8,1,2.0,3,1,0,0,3.0,3.0,2.0,3,3,5.984335901027078,0.2961373199966198,1424.2719444444444,238,0,0.0,0.0
649,44,No,Travel_Rarely,Research & Development,4,3,Life Sciences,1,650,Female,1,Laboratory Technician,Married,42620,7.0,Y,18,8,0,26.0,2,22,3,10,2.0,2.0,3.0,3,3,7.0229673342870775,0.2802124780691711,1636.351388888889,233,0,0.0,0.0
650,33,No,Travel_Rarely,Research & Development,8,2,Life Sciences,1,651,Female,2,Research Scientist,Divorced,161840,0.0,Y,13,8,1,10.0,2,9,0,8,4.0,3.0,3.0,4,3,11.030960351377018,0.3150812490898282,2581.244722222222,234,234,475.2447222222222,2.030960351377018
651,19,No,Travel_Rarely,Sales,2,4,Marketing,1,652,Male,3,Laboratory Technician,Single,115570,1.0,Y,22,8,0,1.0,0,1,0,1,2.0,4.0,3.0,3,4,10.783780400572246,0.2837746716834823,2512.6208333333334,233,233,415.6208333333333,1.7837804005722462
652,23,No,Travel_Rarely,Sales,2,3,Medical,1,653,Male,3,Laboratory Technician,Married,18780,1.0,Y,13,8,1,1.0,2,1,0,1,4.0,3.0,3.0,3,3,7.485170093000489,0.3062025162830111,1699.1336111111111,227,10,0.0,0.0
653,25,Yes,Travel_Frequently,Research & Development,1,1,Life Sciences,1,654,Male,1,Manufacturing Director,Single,109320,1.0,Y,11,8,1,1.0,3,1,1,0,3.0,4.0,3.0,3,3,9.204768897996358,0.3058213979009534,2245.9636111111117,244,244,60.907500000000006,0.2496209016393442
654,26,No,Travel_Rarely,Human Resources,9,3,Life Sciences,1,655,Male,2,Research Scientist,Single,68110,1.0,Y,11,8,1,8.0,4,8,2,2,3.0,4.0,2.0,3,3,8.687972789115646,0.3031586123089156,2128.5533333333333,245,242,5.465555555555556,0.0223083900226757
655,45,Yes,Travel_Rarely,Human Resources,12,3,Human Resources,1,656,Male,2,Laboratory Technician,Single,43060,2.0,Y,11,8,2,26.0,3,24,1,11,1.0,2.0,3.0,3,3,9.878690476190476,0.3150198284741398,2281.9775,231,231,203.08777777777777,0.8791678691678692
656,55,No,Non-Travel,Research & Development,27,3,Life Sciences,1,657,Female,2,Manager,Divorced,48590,1.0,Y,24,8,1,34.0,3,33,15,0,4.0,2.0,3.0,4,4,9.622883101851851,0.3255076828486855,2309.4919444444445,240,240,150.32083333333333,0.6263368055555555
657,21,Yes,Travel_Frequently,Research & Development,20,2,Medical,1,658,Female,4,Research Scientist,Single,53370,1.0,Y,14,8,1,2.0,2,2,2,2,1.0,3.0,1.0,3,3,7.594680728446288,0.2742722100116468,1830.3180555555557,241,20,0.0,0.0
658,46,No,Travel_Rarely,Research & Development,1,4,Life Sciences,1,659,Male,1,Manufacturing Director,Married,23400,2.0,Y,13,8,1,26.0,2,11,0,8,4.0,2.0,3.0,1,3,6.90110177404295,0.2849387675104347,1642.4622222222222,238,0,0.0,0.0
659,34,No,Travel_Rarely,Sales,13,4,Medical,1,660,Male,3,Sales Representative,Single,74910,0.0,Y,14,8,1,4.0,3,3,0,2,3.0,1.0,3.0,2,3,8.918751157407407,0.2799421501707471,2140.5002777777777,240,240,18.774722222222216,0.0782280092592592
660,51,No,Travel_Frequently,Research & Development,14,3,Life Sciences,1,661,Male,2,Research Director,Divorced,105270,4.0,Y,14,8,0,31.0,3,29,11,10,4.0,2.0,2.0,3,3,10.986178861788618,0.3128783108763047,2702.6,246,246,488.6,1.986178861788618
661,59,No,Travel_Rarely,Research & Development,4,2,Life Sciences,1,662,Male,2,Research Scientist,Single,165950,6.0,Y,21,8,1,25.0,2,9,5,4,4.0,4.0,2.0,3,4,6.592285137701804,0.3074898517673869,1542.594722222222,234,0,0.0,0.0
662,34,No,Travel_Frequently,Sales,14,4,Medical,1,663,Female,3,Research Scientist,Divorced,88340,4.0,Y,13,8,1,15.0,1,11,5,10,3.0,2.0,4.0,3,3,6.795719907407407,0.3192208139179256,1630.9727777777778,240,0,0.0,0.0
663,28,No,Travel_Frequently,Research & Development,2,3,Other,1,664,Female,1,Manager,Single,55770,0.0,Y,19,8,0,5.0,3,4,0,2,4.0,3.0,2.0,3,3,10.374410628019325,0.2656151919515585,2386.1144444444444,230,230,316.1144444444445,1.3744106280193238
664,44,No,Travel_Rarely,Research & Development,3,4,Life Sciences,1,665,Male,2,Research Scientist,Divorced,47070,1.0,Y,17,8,0,26.0,4,25,14,13,3.0,1.0,2.0,1,3,7.808195035460993,0.3102481187745837,1834.9258333333328,235,64,0.0,0.0
665,34,No,Travel_Frequently,Sales,1,3,Life Sciences,1,666,Male,2,Sales Executive,Married,24000,4.0,Y,18,8,1,14.0,3,10,1,8,3.0,2.0,4.0,3,3,7.497001182033097,0.2909915162082766,1761.7952777777778,235,9,0.0,0.0
666,35,No,Travel_Rarely,Research & Development,9,3,Life Sciences,1,667,Male,4,Healthcare Representative,Married,98240,0.0,Y,19,8,0,4.0,2,3,2,2,3.0,3.0,3.0,3,3,10.482086720867208,0.3115732847558696,2578.593333333333,246,246,364.59333333333336,1.4820867208672088
667,42,No,Travel_Rarely,Research & Development,23,4,Life Sciences,1,668,Female,1,Manager,Married,64470,6.0,Y,13,8,0,18.0,3,1,0,0,2.0,2.0,3.0,3,3,9.42142212725546,0.3051313419801789,2204.612777777778,234,234,102.48,0.437948717948718
668,43,No,Travel_Rarely,Research & Development,7,2,Medical,1,669,Female,1,Laboratory Technician,Single,195020,3.0,Y,18,8,2,23.0,3,21,15,17,4.0,4.0,4.0,4,3,6.413299663299664,0.3102269260409031,1481.4722222222222,231,0,0.0,0.0
669,36,No,Travel_Rarely,Research & Development,2,4,Medical,1,670,Male,1,Healthcare Representative,Single,27250,9.0,Y,21,8,1,18.0,4,16,5,12,3.0,2.0,3.0,2,4,10.608310841205578,0.3203780661710102,2620.2527777777777,247,247,397.2527777777778,1.6083108412055782
670,44,Yes,Travel_Rarely,Research & Development,21,4,Life Sciences,1,671,Female,2,Laboratory Technician,Married,62720,1.0,Y,19,8,1,10.0,3,10,0,5,1.0,4.0,3.0,3,3,5.981031411157994,0.300074701505351,1417.5044444444443,237,0,0.0,0.0
671,28,No,Travel_Frequently,Research & Development,2,3,Life Sciences,1,672,Female,2,Sales Representative,Married,21270,1.0,Y,14,8,0,2.0,3,2,2,2,4.0,4.0,3.0,3,3,9.709561781609196,0.3095699673455991,2252.6183333333333,232,232,164.7175,0.7099892241379311
672,51,No,Travel_Frequently,Sales,21,4,Medical,1,673,Male,2,Research Scientist,Single,182000,0.0,Y,17,8,0,8.0,3,7,7,7,2.0,3.0,2.0,3,3,6.988324842309559,0.3026308116066052,1600.326388888889,229,0,0.0,0.0
673,30,No,Non-Travel,Research & Development,2,4,Other,1,674,Male,1,Research Scientist,Single,20960,7.0,Y,11,8,3,10.0,2,8,1,7,3.0,3.0,3.0,3,3,9.513817167577413,0.3101105998885549,2321.3713888888888,244,244,126.5547222222222,0.5186668943533698
674,29,Yes,Travel_Rarely,Research & Development,29,4,Technical Degree,1,675,Female,1,Sales Representative,Divorced,28860,3.0,Y,13,8,0,10.0,4,7,7,7,2.0,3.0,3.0,3,3,8.406775878442545,0.2880670579759779,1967.1855555555555,234,220,0.5766666666666662,0.0024643874643874
675,28,No,Travel_Rarely,Sales,1,4,Life Sciences,1,676,Female,2,Sales Representative,Single,20330,2.0,Y,15,8,1,5.0,5,3,1,2,4.0,1.0,2.0,3,3,6.7996697663328565,0.3004150268906125,1584.3230555555556,233,0,0.0,0.0
676,25,No,Travel_Rarely,Research & Development,18,2,Life Sciences,1,677,Male,1,Research Scientist,Single,36220,1.0,Y,25,8,0,2.0,0,2,2,1,4.0,2.0,2.0,3,4,7.983291427203065,0.3093235757934656,1852.1236111111111,232,116,0.0,0.0
677,32,No,Travel_Rarely,Research & Development,10,4,Other,1,678,Female,1,Sales Executive,Married,42330,1.0,Y,11,8,0,10.0,5,10,0,8,3.0,4.0,4.0,3,3,6.805245961820852,0.3059566828368277,1544.7908333333332,227,0,0.0,0.0
678,45,No,Travel_Frequently,Research & Development,19,3,Medical,1,679,Male,3,Laboratory Technician,Single,36810,3.0,Y,17,8,1,22.0,2,0,0,0,3.0,2.0,3.0,3,3,6.02348317196865,0.3146819892087994,1451.6594444444445,241,0,0.0,0.0
679,39,No,Travel_Rarely,Sales,29,1,Marketing,1,680,Female,1,Laboratory Technician,Divorced,54600,6.0,Y,13,8,2,21.0,3,19,15,2,3.0,2.0,3.0,3,3,8.390134335154826,0.2979956417835359,2047.1927777777776,244,220,0.5505555555555546,0.0022563752276866
680,58,No,Travel_Rarely,Research & Development,27,3,Other,1,681,Male,2,Laboratory Technician,Divorced,21870,1.0,Y,18,8,1,2.0,1,2,2,2,1.0,3.0,3.0,1,3,6.035505604288499,0.2942624990981356,1376.0952777777777,228,0,0.0,0.0
681,32,Yes,Travel_Rarely,Research & Development,5,3,Technical Degree,1,682,Female,1,Sales Executive,Married,96020,1.0,Y,13,8,1,10.0,3,10,1,1,4.0,3.0,3.0,3,3,6.4912324929972,0.296403375895406,1544.9133333333334,238,0,0.0,0.0
682,39,Yes,Travel_Rarely,Research & Development,18,2,Life Sciences,1,683,Male,2,Laboratory Technician,Single,28360,0.0,Y,20,8,0,6.0,3,5,0,3,3.0,1.0,3.0,2,4,7.722481634527089,0.3235510572690603,1868.8405555555555,242,47,0.0,0.0
683,30,No,Travel_Rarely,Sales,9,1,Marketing,1,684,Male,4,Research Director,Married,40890,0.0,Y,18,8,0,10.0,2,9,6,7,1.0,4.0,3.0,4,3,6.226381856540084,0.2877465337210483,1475.6525,237,0,0.0,0.0
684,36,No,Travel_Rarely,Sales,1,3,Marketing,1,685,Male,2,Sales Executive,Married,166270,3.0,Y,12,8,0,10.0,5,7,1,7,4.0,3.0,3.0,2,3,6.722831018518519,0.2914522297232308,1613.4794444444444,240,0,0.0,0.0
685,46,No,Travel_Rarely,Sales,4,3,Medical,1,686,Male,1,Research Scientist,Single,26190,6.0,Y,12,8,1,10.0,3,7,5,7,4.0,1.0,4.0,2,3,7.708216807909604,0.3137644199074759,1819.1391666666664,236,35,0.0,0.0
686,28,No,Non-Travel,Research & Development,1,3,Medical,1,687,Male,5,Sales Executive,Married,56790,0.0,Y,13,8,0,10.0,2,9,7,5,3.0,4.0,3.0,2,3,8.013723628691983,0.3046186571087487,1899.2525,237,118,0.0,0.0
687,50,No,Travel_Rarely,Research & Development,20,2,Medical,1,688,Female,5,Laboratory Technician,Married,154020,4.0,Y,21,8,0,25.0,3,3,1,2,4.0,1.0,3.0,2,4,10.404741297091082,0.2976595554006267,2424.304722222222,233,233,327.3047222222222,1.4047412970910824
688,40,Yes,Travel_Rarely,Sales,8,1,Other,1,689,Male,1,Laboratory Technician,Single,59850,2.0,Y,13,8,3,9.0,1,5,1,0,4.0,2.0,3.0,2,3,9.801315667131568,0.3180168800021327,2342.5144444444445,239,239,191.5427777777778,0.8014342166434217
689,52,Yes,Travel_Rarely,Research & Development,3,2,Technical Degree,1,690,Male,3,Laboratory Technician,Single,25790,9.0,Y,19,8,1,10.0,1,8,7,7,2.0,2.0,2.0,3,3,9.974500466853408,0.3085045637741011,2373.931111111111,238,238,231.9311111111111,0.974500466853408
690,30,No,Travel_Rarely,Research & Development,6,4,Medical,1,691,Female,1,Sales Executive,Married,30410,1.0,Y,11,8,1,9.0,2,9,0,8,2.0,1.0,3.0,2,3,10.40651183970856,0.3169811449352309,2539.188888888889,244,244,343.18888888888887,1.406511839708561
691,39,No,Travel_Rarely,Research & Development,26,1,Medical,1,692,Male,2,Healthcare Representative,Single,34470,0.0,Y,14,8,0,9.0,5,8,1,7,1.0,3.0,3.0,3,3,6.005927823315118,0.2755860993044753,1465.4463888888888,244,0,0.0,0.0
692,31,No,Non-Travel,Research & Development,1,2,Medical,1,693,Male,1,Sales Executive,Divorced,195130,1.0,Y,12,8,1,10.0,1,10,9,6,4.0,3.0,2.0,2,3,10.098737922705316,0.2992448935055683,2322.7097222222224,230,230,252.7097222222222,1.098737922705314
693,41,No,Non-Travel,Sales,6,3,Life Sciences,1,694,Female,1,Research Director,Single,27730,1.0,Y,11,8,0,19.0,3,19,11,9,3.0,2.0,3.0,3,3,7.8250969827586205,0.2853751940214444,1815.4225,232,60,0.0,0.0
694,31,Yes,Travel_Frequently,Research & Development,3,1,Life Sciences,1,695,Male,1,Sales Executive,Single,71040,1.0,Y,14,8,1,3.0,3,3,2,2,4.0,2.0,4.0,3,3,9.078821513002364,0.2882827103557028,2133.5230555555554,235,235,36.768888888888895,0.1564633569739953
695,44,Yes,Travel_Rarely,Sales,5,3,Life Sciences,1,696,Male,1,Laboratory Technician,Married,63220,4.0,Y,11,8,1,10.0,2,3,1,2,1.0,1.0,4.0,3,3,5.984569383794274,0.2912470530436285,1370.4663888888888,229,0,0.0,0.0
696,42,No,Non-Travel,Research & Development,4,3,Life Sciences,1,697,Male,2,Laboratory Technician,Married,20830,0.0,Y,12,8,2,21.0,3,20,2,10,3.0,3.0,2.0,2,3,9.682367503486752,0.3159016271900737,2314.085833333333,239,239,163.76333333333335,0.6852022315202232
697,55,No,Travel_Rarely,Sales,11,3,Technical Degree,1,698,Male,2,Manufacturing Director,Married,83810,4.0,Y,15,8,1,23.0,3,19,9,11,4.0,3.0,3.0,3,3,6.600917397660819,0.2873017346104662,1505.0091666666667,228,0,0.0,0.0
698,56,No,Travel_Rarely,Sales,3,2,Medical,1,699,Female,3,Manufacturing Director,Single,26910,6.0,Y,16,8,1,36.0,6,7,7,7,4.0,2.0,3.0,3,3,8.004705459770115,0.2969332899705562,1857.0916666666667,232,114,0.0,0.0
699,40,No,Non-Travel,Research & Development,1,1,Life Sciences,1,700,Male,1,Laboratory Technician,Divorced,42860,9.0,Y,15,8,0,6.0,6,4,0,0,3.0,3.0,3.0,3,3,7.306210648148149,0.3057374195601433,1753.4905555555556,240,2,0.0,0.0
700,34,No,Travel_Rarely,Research & Development,3,2,Technical Degree,1,701,Male,2,Research Director,Divorced,26590,0.0,Y,24,8,3,10.0,2,9,1,6,4.0,4.0,2.0,3,4,7.377629009762901,0.3057380966540198,1763.253333333333,239,4,0.0,0.0
701,40,No,Travel_Rarely,Sales,4,3,Medical,1,702,Male,2,Sales Executive,Single,94340,1.0,Y,13,8,1,9.0,3,9,8,8,3.0,4.0,3.0,2,3,5.978105646630237,0.3086215405095134,1458.6577777777777,244,0,0.0,0.0
702,41,No,Travel_Frequently,Sales,1,4,Other,1,703,Female,2,Healthcare Representative,Divorced,55610,0.0,Y,11,8,0,10.0,2,9,1,7,3.0,1.0,3.0,2,3,7.670687943262411,0.2897745690708252,1802.611666666667,235,29,0.0,0.0
703,35,No,Travel_Frequently,Sales,1,2,Technical Degree,1,704,Male,2,Manager,Single,66460,1.0,Y,13,8,1,9.0,2,9,1,1,3.0,3.0,3.0,2,3,9.504919278252611,0.2773586252475139,2224.1511111111117,234,234,118.4925,0.5063782051282052
704,51,No,Travel_Rarely,Sales,18,2,Life Sciences,1,705,Male,4,Manufacturing Director,Divorced,77250,1.0,Y,13,8,1,33.0,2,33,0,10,3.0,2.0,3.0,3,3,9.523341503267975,0.3233995603182951,2266.555277777778,238,238,127.02694444444444,0.5337266573295985
705,38,No,Travel_Rarely,Sales,2,4,Life Sciences,1,706,Female,1,Research Scientist,Divorced,107250,3.0,Y,18,8,0,11.0,5,7,1,7,2.0,1.0,3.0,2,3,6.590448898265354,0.2960583037475738,1561.9363888888888,237,0,0.0,0.0
706,34,No,Travel_Rarely,Sales,4,3,Life Sciences,1,707,Male,2,Research Scientist,Single,88470,1.0,Y,16,8,0,10.0,3,10,9,6,3.0,1.0,4.0,4,3,7.251989325570111,0.3048559891257342,1660.7055555555555,229,1,0.0,0.0
707,25,No,Travel_Rarely,Research & Development,6,2,Medical,1,708,Female,4,Research Scientist,Married,20450,3.0,Y,19,8,0,7.0,3,3,1,2,4.0,4.0,2.0,3,3,6.313608663729809,0.3216479174801027,1433.1891666666668,227,0,0.0,0.0
708,58,Yes,Travel_Rarely,Sales,1,4,Technical Degree,1,709,Male,2,Sales Executive,Married,10090,7.0,Y,13,8,2,31.0,3,10,5,9,3.0,1.0,2.0,4,3,8.50975982532751,0.2872556940090542,1948.735,229,220,0.9033333333333324,0.0039446870451237
709,40,No,Travel_Rarely,Research & Development,14,4,Medical,1,710,Female,1,Research Scientist,Married,33480,3.0,Y,22,8,0,7.0,2,4,0,3,2.0,2.0,3.0,1,4,6.106740984405459,0.3376420912735576,1392.3369444444445,228,0,0.0,0.0
710,36,No,Travel_Frequently,Sales,16,2,Life Sciences,1,711,Male,1,Research Scientist,Married,12810,2.0,Y,11,8,0,17.0,2,15,6,13,1.0,1.0,2.0,3,3,6.106379392212726,0.2994787169339277,1428.8927777777778,234,0,0.0,0.0
711,48,No,Travel_Rarely,Research & Development,2,1,Life Sciences,1,712,Male,2,Research Scientist,Single,28190,1.0,Y,20,8,0,11.0,2,10,0,8,4.0,4.0,3.0,2,4,7.624390495867768,0.2933159825539797,1845.1025,242,31,0.0,0.0
712,27,No,Travel_Rarely,Research & Development,2,3,Life Sciences,1,713,Female,2,Laboratory Technician,Married,48510,8.0,Y,18,8,0,5.0,2,1,0,0,3.0,4.0,3.0,3,3,7.117143189214319,0.2957947697435342,1700.9972222222225,239,0,0.0,0.0
713,51,No,Travel_Rarely,Research & Development,4,1,Medical,1,714,Female,3,Manufacturing Director,Single,40280,3.0,Y,14,8,0,29.0,3,5,0,3,4.0,2.0,2.0,3,3,7.469346549192364,0.2827998548126143,1695.5416666666667,227,6,0.0,0.0
714,18,No,Non-Travel,Research & Development,1,4,Medical,1,715,Male,2,Sales Executive,Single,27200,1.0,Y,22,8,1,0.0,2,0,0,0,4.0,4.0,4.0,3,4,7.890327868852459,0.307618011336685,1925.24,244,87,0.0,0.0
715,35,No,Travel_Rarely,Research & Development,1,4,Other,1,716,Female,2,Research Director,Married,81200,0.0,Y,13,8,0,10.0,2,9,0,0,4.0,4.0,3.0,2,3,7.175936438622028,0.2864194265620362,1643.2894444444444,229,1,0.0,0.0
716,27,No,Travel_Frequently,Research & Development,26,4,Medical,1,717,Female,1,Research Director,Single,46470,3.0,Y,17,8,0,8.0,3,6,0,0,4.0,4.0,3.0,4,3,7.3589580403188,0.2689925056335587,1744.0730555555556,237,2,0.0,0.0
717,55,Yes,Travel_Rarely,Research & Development,19,3,Technical Degree,1,718,Male,1,Human Resources,Single,46800,6.0,Y,14,8,3,24.0,0,19,3,8,1.0,3.0,2.0,4,3,8.709841106538638,0.2974237211480892,2116.491388888889,243,240,5.811388888888892,0.0239151806127114
718,56,No,Travel_Rarely,Research & Development,24,4,Life Sciences,1,719,Male,2,Laboratory Technician,Married,32210,4.0,Y,15,8,2,33.0,2,19,15,9,4.0,2.0,3.0,3,3,10.396509456264775,0.3172428737685713,2443.179722222222,235,235,328.1797222222222,1.3965094562647753
719,34,No,Non-Travel,Sales,1,2,Life Sciences,1,720,Male,2,Research Scientist,Divorced,86210,1.0,Y,17,8,1,5.0,1,5,0,0,1.0,3.0,3.0,3,3,6.400724121557455,0.3094957605275719,1497.7694444444444,234,0,0.0,0.0
720,40,No,Travel_Rarely,Research & Development,3,3,Life Sciences,1,721,Male,2,Sales Executive,Divorced,45770,5.0,Y,11,8,1,15.0,3,12,11,8,2.0,3.0,3.0,2,3,6.503203860640301,0.2955045663863628,1534.756111111111,236,0,0.0,0.0
721,34,No,Travel_Rarely,Research & Development,5,3,Life Sciences,1,722,Male,1,Research Scientist,Married,45530,4.0,Y,18,8,1,10.0,2,8,7,7,2.0,3.0,3.0,4,3,7.227850189933523,0.2916582083715141,1691.3169444444443,234,0,0.0,0.0
722,31,Yes,Travel_Frequently,Research & Development,2,2,Medical,1,723,Female,2,Manufacturing Director,Single,53960,7.0,Y,17,8,1,3.0,2,1,0,0,3.0,4.0,4.0,1,3,7.686837068160598,0.299392520614251,1829.4672222222223,238,32,0.0,0.0
723,35,Yes,Travel_Frequently,Research & Development,1,2,Medical,1,724,Male,1,Manufacturing Director,Married,67960,0.0,Y,13,8,0,5.0,2,4,3,2,4.0,3.0,2.0,3,3,9.13640848317197,0.2889806054333491,2201.8744444444446,241,241,46.775000000000006,0.1940871369294606
724,38,No,Travel_Frequently,Research & Development,7,3,Medical,1,725,Female,2,Sales Representative,Divorced,76250,1.0,Y,15,8,0,4.0,2,4,0,3,4.0,3.0,3.0,2,3,6.3929461651917405,0.2986539406272246,1444.805833333333,226,0,0.0,0.0
725,34,No,Travel_Rarely,Research & Development,10,4,Other,1,726,Female,2,Laboratory Technician,Single,74120,1.0,Y,24,8,0,14.0,4,14,4,11,3.0,4.0,4.0,3,4,7.911889604196471,0.2749801715286896,1843.4702777777777,233,83,0.0,0.0
726,28,No,Travel_Rarely,Research & Development,2,3,Life Sciences,1,727,Female,2,Healthcare Representative,Married,111590,1.0,Y,12,8,0,5.0,2,5,0,4,3.0,1.0,3.0,3,3,6.722281576448244,0.3197001999731923,1573.013888888889,234,0,0.0,0.0
727,31,Yes,Travel_Rarely,Research & Development,15,2,Life Sciences,1,728,Male,2,Sales Executive,Married,49600,1.0,Y,15,8,0,10.0,3,10,6,7,4.0,3.0,2.0,2,3,10.895542770804276,0.3064841073704131,2604.034722222222,239,239,453.03472222222223,1.895542770804277
728,39,No,Travel_Rarely,Research & Development,17,4,Technical Degree,1,729,Female,2,Healthcare Representative,Married,104750,3.0,Y,11,8,1,8.0,3,5,1,4,1.0,4.0,4.0,3,3,10.252200854700854,0.3165487999248842,2532.293611111111,247,247,309.2936111111111,1.2522008547008543
729,51,No,Travel_Frequently,Research & Development,20,3,Medical,1,730,Male,2,Sales Executive,Married,148140,2.0,Y,11,8,1,14.0,2,4,3,2,2.0,2.0,3.0,2,3,7.1118498301795245,0.2852497036065455,1628.6136111111111,229,0,0.0,0.0
730,41,No,Travel_Frequently,Research & Development,1,3,Life Sciences,1,731,Male,4,Sales Executive,Divorced,191410,3.0,Y,12,8,1,12.0,2,6,3,3,4.0,4.0,2.0,3,3,10.68077731092437,0.3026226179121458,2542.025,238,238,400.025,1.6807773109243695
731,37,No,Travel_Rarely,Research & Development,2,2,Medical,1,732,Female,1,Healthcare Representative,Married,54050,7.0,Y,15,8,0,8.0,3,6,1,3,3.0,3.0,3.0,4,3,10.397079831932771,0.3200746273201879,2474.505,238,238,332.505,1.397079831932773
732,33,No,Travel_Frequently,Research & Development,2,3,Medical,1,733,Female,1,Sales Executive,Married,87930,6.0,Y,17,8,0,8.0,2,5,1,2,2.0,4.0,4.0,3,3,7.779559027777778,0.3006947055681117,1867.0941666666668,240,55,0.0,0.0
733,32,No,Travel_Rarely,Research & Development,1,4,Medical,1,734,Male,5,Research Director,Married,191890,0.0,Y,12,8,1,4.0,3,3,1,2,3.0,2.0,2.0,3,3,10.406151819923371,0.2994449614845118,2414.2272222222223,232,232,326.2272222222222,1.4061518199233716
734,39,No,Non-Travel,Research & Development,29,2,Life Sciences,1,735,Male,2,Sales Executive,Married,38750,3.0,Y,15,8,0,13.0,3,6,0,5,3.0,3.0,3.0,3,3,6.613607624360762,0.2846079665097621,1580.6522222222222,239,0,0.0,0.0
735,25,No,Travel_Rarely,Research & Development,7,4,Life Sciences,1,736,Male,1,Sales Executive,Married,22160,2.0,Y,13,8,3,6.0,2,3,1,2,1.0,3.0,3.0,2,3,7.2260580912863075,0.3006591316724796,1741.48,241,1,0.0,0.0
736,52,No,Travel_Frequently,Research & Development,2,1,Life Sciences,1,737,Male,2,Sales Executive,Married,117130,2.0,Y,14,8,0,24.0,2,5,0,2,4.0,3.0,2.0,3,3,9.105581340834505,0.2886363610661314,2158.0227777777777,237,237,40.56194444444444,0.1711474449132677
737,43,No,Travel_Rarely,Research & Development,2,2,Medical,1,738,Male,1,Laboratory Technician,Single,78610,1.0,Y,14,8,2,20.0,1,20,1,8,1.0,3.0,1.0,3,3,9.72064659197012,0.278926064490314,2313.5138888888887,238,238,171.54,0.7207563025210084
738,27,No,Travel_Rarely,Research & Development,2,4,Life Sciences,1,739,Male,1,Human Resources,Married,37080,1.0,Y,16,8,2,6.0,2,6,4,4,4.0,4.0,3.0,3,3,10.324486531986532,0.2963698541991904,2384.956388888889,231,231,305.9563888888889,1.324486531986532
739,27,Yes,Travel_Rarely,Research & Development,2,5,Life Sciences,1,740,Female,1,Research Scientist,Single,137700,1.0,Y,18,8,1,8.0,3,8,7,7,4.0,3.0,3.0,4,3,9.997716689718764,0.2970774695889456,2409.449722222222,241,241,240.44972222222225,0.9977166897187644
740,26,No,Travel_Rarely,Research & Development,2,2,Other,1,741,Male,3,Laboratory Technician,Single,53040,0.0,Y,20,8,1,5.0,2,4,1,1,1.0,4.0,3.0,3,4,6.296890123456791,0.3178355984781364,1416.800277777778,225,0,0.0,0.0
741,42,No,Travel_Rarely,Sales,23,3,Marketing,1,742,Female,3,Research Scientist,Married,26420,0.0,Y,13,8,1,21.0,3,20,0,9,3.0,1.0,3.0,3,3,6.075256680731364,0.2891185508736602,1439.8358333333333,237,0,0.0,0.0
742,52,No,Travel_Rarely,Research & Development,5,2,Life Sciences,1,743,Female,1,Healthcare Representative,Married,27590,9.0,Y,18,8,1,12.0,6,5,0,4,3.0,1.0,1.0,3,3,6.478247044917258,0.310123781141816,1522.3880555555556,235,0,0.0,0.0
743,37,No,Travel_Rarely,Research & Development,20,5,Life Sciences,1,744,Male,2,Manager,Single,68040,4.0,Y,13,8,1,8.0,1,3,0,2,1.0,3.0,3.0,3,3,7.522206521739131,0.3159089205724252,1730.1075,230,16,0.0,0.0
744,35,No,Travel_Frequently,Research & Development,6,4,Medical,1,745,Female,2,Research Director,Single,61420,2.0,Y,15,8,1,10.0,2,2,2,2,3.0,4.0,3.0,3,3,7.686039855072464,0.2878784265007212,1767.7891666666667,230,30,0.0,0.0
745,25,No,Travel_Rarely,Research & Development,1,4,Medical,1,746,Male,2,Sales Executive,Married,25000,4.0,Y,14,8,2,7.0,2,3,0,2,1.0,4.0,2.0,1,3,7.972668128654971,0.2651663917999689,1817.7683333333332,228,104,0.0,0.0
746,26,No,Travel_Rarely,Research & Development,29,4,Life Sciences,1,747,Male,1,Research Scientist,Single,63890,0.0,Y,22,8,0,8.0,2,7,0,7,3.0,1.0,3.0,2,4,6.805875788452207,0.3150085247390169,1558.5455555555554,229,0,0.0,0.0
747,29,No,Travel_Rarely,Sales,9,3,Life Sciences,1,748,Male,1,Laboratory Technician,Single,111030,1.0,Y,12,8,0,10.0,5,10,0,9,2.0,1.0,2.0,2,3,6.217927616413093,0.2980489043666079,1498.5205555555556,241,0,0.0,0.0
748,49,Yes,Travel_Frequently,Sales,6,5,Medical,1,749,Female,2,Healthcare Representative,Single,23420,3.0,Y,18,8,0,20.0,2,4,1,3,1.0,1.0,3.0,3,3,7.083067226890757,0.294760753230028,1685.77,238,0,0.0,0.0
749,29,Yes,Travel_Frequently,Sales,3,2,Marketing,1,750,Female,2,Laboratory Technician,Single,68110,0.0,Y,15,8,1,9.0,2,8,7,7,3.0,4.0,3.0,3,3,8.584576661814653,0.2762955220541879,1965.868055555556,229,224,1.594166666666668,0.0069614264919941
750,54,No,Travel_Rarely,Sales,1,3,Medical,1,751,Female,2,Manager,Single,22970,6.0,Y,18,8,2,29.0,2,20,12,7,4.0,4.0,2.0,2,3,6.19813768115942,0.3079589107816841,1425.5716666666667,230,0,0.0,0.0
751,58,No,Travel_Rarely,Sales,22,3,Life Sciences,1,752,Female,2,Laboratory Technician,Married,24500,3.0,Y,12,8,1,32.0,2,9,1,5,4.0,1.0,3.0,3,3,10.6123995031617,0.2814008419722476,2610.650277777778,246,246,396.6502777777778,1.6123995031616982
752,55,No,Travel_Rarely,Research & Development,7,3,Life Sciences,1,753,Female,3,Research Scientist,Divorced,50930,2.0,Y,16,8,1,31.0,3,7,0,0,2.0,4.0,4.0,3,3,7.483309489747258,0.2871540945542725,1743.611111111111,233,5,0.0,0.0
753,36,No,Travel_Rarely,Research & Development,1,3,Medical,1,754,Male,2,Sales Executive,Single,53090,3.0,Y,13,8,0,15.0,5,5,0,1,1.0,2.0,3.0,3,3,9.401894586894588,0.3128408322341675,2200.043333333333,234,234,97.14472222222224,0.4151483855650522
754,31,Yes,Travel_Frequently,Sales,4,3,Life Sciences,1,755,Male,2,Manager,Single,30570,1.0,Y,19,8,0,1.0,3,1,0,0,2.0,3.0,3.0,3,3,7.30347337962963,0.2922622662844305,1752.8336111111112,240,2,0.0,0.0
755,30,No,Travel_Rarely,Sales,3,3,Life Sciences,1,756,Male,3,Sales Executive,Divorced,51210,7.0,Y,13,8,0,8.0,4,3,0,2,4.0,1.0,3.0,3,3,7.538799319727891,0.2991430226386075,1847.0058333333332,245,11,0.0,0.0
756,31,No,Travel_Rarely,Research & Development,1,3,Medical,1,757,Male,1,Laboratory Technician,Single,168560,3.0,Y,12,8,1,9.0,3,3,1,0,1.0,2.0,4.0,3,3,7.2914336158192095,0.2864391552109366,1720.7783333333334,236,2,0.0,0.0
757,34,No,Travel_Frequently,Sales,2,1,Marketing,1,758,Female,5,Manager,Divorced,26860,5.0,Y,11,8,0,10.0,3,4,1,3,4.0,1.0,3.0,4,3,7.603156676413255,0.3019946970154307,1733.5197222222223,228,19,0.0,0.0
758,31,Yes,Travel_Rarely,Sales,20,3,Technical Degree,1,759,Male,1,Research Scientist,Single,61800,1.0,Y,14,8,1,1.0,2,1,0,0,1.0,2.0,4.0,1,3,8.038707264957264,0.2955330987959746,1881.0575,234,123,0.0,0.0
759,27,No,Travel_Rarely,Human Resources,11,4,Medical,1,760,Male,4,Sales Executive,Married,66320,0.0,Y,16,8,0,6.0,3,5,1,4,2.0,1.0,4.0,3,3,7.189699359853681,0.2895514903084416,1747.0969444444445,243,0,0.0,0.0
760,36,No,Travel_Rarely,Sales,1,3,Marketing,1,761,Male,2,Research Scientist,Single,35050,1.0,Y,12,8,2,10.0,2,10,1,8,1.0,4.0,2.0,2,3,6.329309056956116,0.3098222727394754,1506.3755555555556,238,0,0.0,0.0
761,36,No,Travel_Rarely,Research & Development,24,3,Other,1,762,Female,3,Research Director,Married,63970,4.0,Y,14,8,1,11.0,3,3,0,2,3.0,1.0,2.0,3,3,7.316132653061225,0.2938608654780403,1792.4525,245,1,0.0,0.0
762,47,No,Travel_Rarely,Research & Development,23,4,Life Sciences,1,763,Female,2,Sales Executive,Married,62740,7.0,Y,14,8,2,17.0,0,6,1,2,1.0,4.0,2.0,3,3,7.789321378340365,0.2892297049359248,1846.069166666667,237,52,0.0,0.0
763,25,Yes,Travel_Rarely,Sales,16,4,Life Sciences,1,764,Male,2,Research Scientist,Married,198590,3.0,Y,19,8,0,6.0,3,3,2,2,1.0,1.0,3.0,2,3,7.221421706516643,0.2870052893001403,1711.4769444444444,237,0,0.0,0.0
764,37,No,Non-Travel,Sales,8,4,Medical,1,765,Male,1,Healthcare Representative,Single,75870,0.0,Y,22,8,1,7.0,5,6,1,3,3.0,3.0,1.0,3,4,7.603537195994278,0.3029535246371301,1771.6241666666667,233,24,0.0,0.0
765,56,No,Travel_Rarely,Research & Development,10,4,Other,1,766,Male,2,Sales Representative,Married,42580,2.0,Y,16,8,0,5.0,2,3,1,0,1.0,1.0,4.0,3,3,6.623406369731801,0.2974854797867591,1536.6302777777778,232,0,0.0,0.0
766,47,No,Travel_Rarely,Research & Development,3,2,Medical,1,767,Male,2,Laboratory Technician,Married,43640,3.0,Y,11,8,1,26.0,3,20,5,6,1.0,3.0,4.0,3,3,6.299673812816966,0.2898913588942929,1518.221388888889,241,0,0.0,0.0
767,24,No,Travel_Rarely,Research & Development,5,1,Other,1,768,Male,1,Manufacturing Director,Married,43350,1.0,Y,15,8,1,5.0,5,5,0,3,4.0,3.0,3.0,3,3,9.67537900188324,0.3040791737356074,2283.3894444444445,236,236,160.14499999999998,0.6785805084745762
768,32,No,Travel_Rarely,Sales,4,3,Marketing,1,769,Male,1,Research Scientist,Married,53260,4.0,Y,14,8,1,7.0,2,4,0,3,4.0,4.0,2.0,3,3,7.485165260196905,0.2713291860459487,1773.9841666666666,237,9,0.0,0.0
769,34,No,Travel_Rarely,Research & Development,9,2,Medical,1,770,Male,1,Sales Executive,Married,32800,5.0,Y,13,8,0,7.0,3,5,0,2,4.0,2.0,2.0,3,3,6.1018795888399415,0.3157119467449319,1385.1266666666668,227,0,0.0,0.0
770,41,No,Travel_Rarely,Research & Development,26,3,Medical,1,771,Female,3,Sales Executive,Married,54850,2.0,Y,17,8,2,7.0,2,4,0,3,2.0,3.0,2.0,3,3,10.499181527206218,0.2751679442750185,2551.301111111111,243,243,364.3011111111112,1.4991815272062188
771,40,No,Non-Travel,Sales,3,2,Life Sciences,1,772,Male,1,Sales Executive,Divorced,43420,3.0,Y,11,8,1,11.0,6,8,0,7,3.0,3.0,4.0,2,3,6.390747584541063,0.3025085299349352,1469.8719444444444,230,0,0.0,0.0
772,31,No,Travel_Rarely,Research & Development,16,3,Medical,1,773,Male,2,Human Resources,Divorced,27820,1.0,Y,19,8,1,13.0,5,13,9,9,1.0,4.0,3.0,3,3,6.676340479483633,0.3154102229761683,1608.9980555555555,241,0,0.0,0.0
773,46,Yes,Travel_Rarely,Research & Development,18,1,Medical,1,774,Male,1,Manufacturing Director,Divorced,59800,4.0,Y,11,8,1,28.0,2,7,4,3,1.0,4.0,4.0,3,3,6.667140522875817,0.3154846295101908,1586.7794444444444,238,0,0.0,0.0
774,39,Yes,Non-Travel,Research & Development,2,4,Medical,1,775,Male,2,Manufacturing Director,Single,43810,2.0,Y,15,8,2,11.0,1,1,0,0,1.0,1.0,4.0,2,3,9.4125971650663,0.2722219840258522,2287.261111111111,243,243,102.01583333333336,0.419818244170096
775,31,Yes,Travel_Frequently,Sales,2,3,Medical,1,776,Male,2,Sales Executive,Single,25720,1.0,Y,13,8,3,10.0,3,10,4,7,3.0,2.0,3.0,3,3,6.8077704997574,0.3039072700088171,1558.9794444444444,229,0,0.0,0.0
776,45,No,Travel_Rarely,Sales,10,2,Marketing,1,777,Male,1,Sales Executive,Divorced,38330,2.0,Y,14,8,0,24.0,1,7,0,7,2.0,1.0,3.0,3,3,10.50107328605201,0.2986684520811374,2467.7522222222224,235,235,352.7522222222222,1.5010732860520093
777,31,No,Travel_Rarely,Research & Development,16,4,Life Sciences,1,778,Male,3,Human Resources,Single,42440,9.0,Y,13,8,0,8.0,3,3,0,2,4.0,2.0,3.0,3,3,6.649557522123893,0.3007804620209962,1502.8,226,0,0.0,0.0
778,31,Yes,Travel_Frequently,Research & Development,7,4,Life Sciences,1,779,Male,1,Laboratory Technician,Married,65000,6.0,Y,23,8,1,7.0,5,2,2,2,2.0,4.0,1.0,3,4,10.30844421582076,0.282767192333455,2504.9519444444445,243,243,317.95194444444445,1.308444215820759
779,45,No,Travel_Rarely,Research & Development,1,2,Life Sciences,1,780,Female,1,Research Scientist,Married,184300,4.0,Y,12,8,1,10.0,5,3,1,2,2.0,4.0,4.0,3,3,10.611550332383665,0.3032480745032397,2483.1027777777776,234,234,377.10277777777776,1.6115503323836655
780,48,No,Travel_Rarely,Research & Development,24,3,Technical Degree,1,781,Male,2,Research Scientist,Divorced,16010,4.0,Y,12,8,0,15.0,3,2,2,2,3.0,1.0,3.0,3,3,7.119044917257683,0.2859085630509512,1672.9755555555555,235,0,0.0,0.0
781,34,Yes,Travel_Rarely,Research & Development,7,4,Medical,1,782,Male,2,Research Scientist,Married,26940,1.0,Y,16,8,1,2.0,3,2,2,2,1.0,3.0,3.0,3,3,7.405662393162393,0.3103327659829946,1732.925,234,8,0.0,0.0
782,40,No,Non-Travel,Research & Development,25,4,Other,1,783,Female,1,Sales Executive,Divorced,31490,2.0,Y,15,8,1,16.0,1,9,4,8,4.0,2.0,3.0,2,3,8.033875114784205,0.296876706034995,1944.1977777777777,242,138,0.0,0.0
783,28,No,Travel_Rarely,Research & Development,1,2,Technical Degree,1,784,Female,1,Research Scientist,Single,176390,0.0,Y,13,8,1,6.0,0,5,1,3,4.0,1.0,3.0,3,3,6.488941344778255,0.3021661872168042,1511.9233333333334,233,0,0.0,0.0
784,44,No,Non-Travel,Research & Development,5,3,Life Sciences,1,785,Male,1,Laboratory Technician,Single,23190,3.0,Y,18,8,0,7.0,4,5,0,3,3.0,3.0,3.0,2,3,6.603619565217391,0.3262661655095314,1518.8325,230,0,0.0,0.0
785,53,No,Travel_Rarely,Research & Development,2,4,Technical Degree,1,786,Male,2,Manager,Single,116910,4.0,Y,20,8,0,35.0,2,9,8,8,4.0,2.0,2.0,3,4,6.909737654320987,0.3171709211028731,1616.878611111111,234,0,0.0,0.0
786,49,No,Travel_Rarely,Research & Development,7,3,Life Sciences,1,787,Male,3,Laboratory Technician,Married,53240,2.0,Y,19,8,0,20.0,2,3,1,2,1.0,3.0,2.0,1,3,6.783873905025358,0.3131961783944131,1634.913611111111,241,0,0.0,0.0
787,40,No,Travel_Rarely,Research & Development,2,4,Life Sciences,1,788,Male,3,Laboratory Technician,Divorced,167520,2.0,Y,18,8,1,8.0,3,3,1,2,3.0,3.0,4.0,3,3,6.513810185185185,0.2986460899438647,1563.3144444444445,240,0,0.0,0.0
788,44,No,Travel_Rarely,Research & Development,5,1,Other,1,789,Male,3,Research Scientist,Single,52280,1.0,Y,13,8,0,6.0,2,5,1,3,4.0,2.0,2.0,4,3,6.923727231329691,0.2968911356731613,1689.3894444444445,244,0,0.0,0.0
789,33,No,Travel_Frequently,Human Resources,10,3,Medical,1,790,Female,2,Sales Executive,Married,27000,0.0,Y,14,8,3,5.0,2,4,0,3,4.0,1.0,3.0,3,3,7.28843487394958,0.299889225045243,1734.6475,238,5,0.0,0.0
790,34,No,Travel_Rarely,Research & Development,10,4,Life Sciences,1,791,Female,1,Sales Representative,Single,192460,3.0,Y,15,8,1,15.0,5,13,3,12,4.0,1.0,3.0,3,3,6.880241290018832,0.3128028172585489,1623.7369444444444,236,0,0.0,0.0
791,30,No,Travel_Rarely,Sales,1,2,Technical Degree,1,792,Male,1,Laboratory Technician,Married,25060,8.0,Y,22,8,0,4.0,3,2,2,2,4.0,3.0,2.0,3,4,6.058786610878661,0.3394523820048968,1448.05,239,0,0.0,0.0
792,42,No,Travel_Frequently,Research & Development,8,4,Medical,1,793,Female,1,Sales Executive,Single,60620,1.0,Y,22,8,2,12.0,2,12,5,8,1.0,4.0,3.0,3,4,7.300039158100832,0.3005054417629159,1657.108888888889,227,0,0.0,0.0
793,44,No,Travel_Frequently,Research & Development,5,3,Life Sciences,1,794,Female,5,Manufacturing Director,Married,43820,7.0,Y,16,8,2,11.0,2,1,0,0,1.0,3.0,2.0,3,3,7.579750712250712,0.2749960329878062,1773.6616666666666,234,16,0.0,0.0
794,30,No,Non-Travel,Research & Development,8,3,Life Sciences,1,795,Male,1,Manufacturing Director,Divorced,21430,1.0,Y,17,8,1,1.0,2,1,0,0,3.0,3.0,2.0,3,3,6.094781400966184,0.3153976283541087,1401.7997222222225,230,0,0.0,0.0
795,57,No,Travel_Rarely,Sales,2,1,Life Sciences,1,796,Male,3,Research Scientist,Married,61620,0.0,Y,14,8,0,13.0,5,12,2,8,2.0,3.0,2.0,2,3,7.580286231884059,0.3115790298704398,1743.4658333333334,230,19,0.0,0.0
796,49,No,Travel_Rarely,Research & Development,7,3,Technical Degree,1,797,Female,2,Sales Executive,Divorced,50940,3.0,Y,15,8,0,29.0,5,8,0,7,3.0,2.0,3.0,3,3,6.893671139359698,0.3402947576111941,1626.9063888888888,236,0,0.0,0.0
797,34,No,Travel_Frequently,Research & Development,2,4,Medical,1,798,Female,2,Sales Representative,Divorced,68770,7.0,Y,20,8,0,16.0,3,14,6,9,2.0,1.0,2.0,3,4,6.305397865114022,0.2960083016114346,1443.9361111111111,229,0,0.0,0.0
798,28,Yes,Travel_Frequently,Research & Development,2,3,Medical,1,799,Male,1,Research Scientist,Married,22740,3.0,Y,20,8,1,5.0,5,3,1,2,1.0,3.0,4.0,3,4,6.538028233151183,0.3073321556831916,1595.2788888888888,244,0,0.0,0.0
799,29,Yes,Travel_Frequently,Research & Development,28,3,Medical,1,800,Female,5,Research Scientist,Single,44340,2.0,Y,17,8,3,7.0,1,5,0,0,1.0,2.0,1.0,3,3,7.796020804755372,0.2917263425093958,1894.4330555555557,243,60,0.0,0.0
800,34,Yes,Travel_Rarely,Research & Development,7,1,Medical,1,801,Male,1,Research Scientist,Single,62880,0.0,Y,15,8,1,16.0,2,15,10,10,1.0,2.0,4.0,3,3,8.512823691460056,0.3029268487045797,2060.103333333333,242,234,1.430833333333334,0.0059125344352617
801,35,No,Travel_Rarely,Sales,7,4,Other,1,802,Female,4,Healthcare Representative,Married,25530,1.0,Y,14,8,1,1.0,4,1,0,0,4.0,3.0,3.0,2,3,6.602291972589329,0.3087925740804499,1498.7202777777777,227,0,0.0,0.0
802,24,Yes,Travel_Frequently,Sales,3,3,Life Sciences,1,803,Male,2,Research Scientist,Single,76540,2.0,Y,17,8,1,4.0,3,0,0,0,2.0,1.0,2.0,2,3,8.521810920362423,0.2927478899696809,1985.5819444444444,233,226,1.8374999999999984,0.0078862660944205
803,24,No,Non-Travel,Research & Development,10,3,Life Sciences,1,804,Female,2,Manager,Married,51600,1.0,Y,17,8,1,1.0,3,1,0,0,4.0,2.0,3.0,1,3,7.350506741050674,0.2840378321379125,1756.7711111111112,239,4,0.0,0.0
804,44,No,Travel_Frequently,Research & Development,5,2,Medical,1,805,Female,2,Research Scientist,Single,171590,5.0,Y,22,8,1,16.0,1,2,2,2,2.0,3.0,2.0,2,4,10.292641746684955,0.3165018947317312,2501.1119444444444,243,243,314.1119444444444,1.2926417466849565
805,29,No,Travel_Rarely,Sales,10,2,Life Sciences,1,806,Female,1,Sales Executive,Divorced,128080,1.0,Y,13,8,0,10.0,6,10,0,4,3.0,3.0,3.0,3,3,7.0301909007773205,0.311679134227823,1708.336388888889,243,0,0.0,0.0
806,30,No,Travel_Rarely,Research & Development,1,2,Life Sciences,1,807,Male,3,Sales Executive,Divorced,102210,0.0,Y,19,8,1,6.0,2,5,1,3,3.0,3.0,4.0,3,3,6.101496786042241,0.3162499520317919,1476.5622222222223,242,0,0.0,0.0
807,55,No,Travel_Rarely,Sales,20,3,Marketing,1,808,Male,2,Research Scientist,Married,47790,0.0,Y,14,8,1,4.0,6,3,1,2,4.0,3.0,3.0,3,3,10.69115721040189,0.2749870871715695,2512.4219444444443,235,235,397.4219444444444,1.691157210401891
808,33,No,Travel_Rarely,Research & Development,7,2,Life Sciences,1,809,Male,2,Research Scientist,Married,37370,8.0,Y,22,8,2,8.0,2,5,0,2,1.0,2.0,3.0,3,4,7.898539389799636,0.302640585454236,1927.243611111111,244,89,0.0,0.0
809,47,No,Travel_Rarely,Research & Development,8,4,Medical,1,810,Female,2,Sales Representative,Married,23660,3.0,Y,17,8,0,11.0,5,5,1,2,3.0,3.0,2.0,2,3,10.849712962962965,0.2820996913338986,2603.931111111111,240,240,443.9311111111112,1.8497129629629632
810,28,Yes,Travel_Frequently,Sales,1,3,Marketing,1,811,Male,2,Laboratory Technician,Single,17060,7.0,Y,12,8,0,8.0,3,0,0,0,3.0,1.0,2.0,3,3,7.588862704918032,0.301014554233642,1851.6825,244,24,0.0,0.0
811,28,No,Travel_Rarely,Sales,8,4,Marketing,1,812,Male,1,Laboratory Technician,Divorced,163070,1.0,Y,16,8,0,1.0,3,1,0,0,1.0,3.0,1.0,2,3,6.122644675925926,0.3029439157810117,1469.4347222222225,240,0,0.0,0.0
812,28,No,Travel_Frequently,Research & Development,9,3,Life Sciences,1,813,Female,2,Sales Executive,Single,59330,0.0,Y,11,8,0,5.0,3,4,1,3,3.0,1.0,3.0,3,3,6.962416789035732,0.3019295566564151,1580.4686111111112,227,0,0.0,0.0
813,49,No,Travel_Rarely,Research & Development,5,4,Life Sciences,1,814,Female,1,Research Scientist,Married,34240,4.0,Y,11,8,0,10.0,3,3,1,2,3.0,1.0,3.0,3,3,6.400011921793038,0.2950776584956828,1491.2027777777778,233,0,0.0,0.0
814,29,No,Travel_Frequently,Research & Development,8,1,Medical,1,815,Male,1,Research Scientist,Married,40370,0.0,Y,14,8,0,4.0,2,3,0,2,4.0,2.0,3.0,1,3,7.121506147540984,0.2870363000126008,1737.6475,244,0,0.0,0.0
815,28,No,Travel_Rarely,Research & Development,5,1,Technical Degree,1,816,Male,2,Laboratory Technician,Married,25590,1.0,Y,11,8,0,8.0,3,8,1,7,3.0,2.0,2.0,2,3,5.973506038647343,0.3047698889145611,1373.9063888888888,230,0,0.0,0.0
816,33,No,Travel_Rarely,Research & Development,15,4,Life Sciences,1,817,Female,1,Sales Executive,Single,62010,2.0,Y,15,8,3,14.0,2,0,0,0,4.0,3.0,3.0,2,3,8.459304954304955,0.3016647025701609,1954.0994444444443,231,219,0.788333333333334,0.0034126984126984
817,32,No,Travel_Rarely,Research & Development,7,3,Life Sciences,1,818,Female,3,Laboratory Technician,Single,44030,2.0,Y,20,8,0,10.0,3,5,0,0,3.0,4.0,4.0,2,4,7.424210832171083,0.288677761431214,1774.3863888888889,239,9,0.0,0.0
818,54,No,Travel_Frequently,Sales,10,3,Life Sciences,1,819,Female,4,Research Scientist,Divorced,37610,3.0,Y,12,8,0,26.0,3,14,1,12,2.0,4.0,3.0,2,3,7.000416666666667,0.2752388391876745,1596.095,228,0,0.0,0.0
819,29,Yes,Travel_Rarely,Research & Development,5,3,Life Sciences,1,820,Female,2,Research Scientist,Single,109340,6.0,Y,17,8,2,11.0,2,9,0,7,1.0,1.0,1.0,3,3,6.523200783771323,0.3077904422098599,1572.0913888888888,241,0,0.0,0.0
820,44,No,Travel_Rarely,Sales,26,1,Marketing,1,821,Male,1,Sales Representative,Married,107610,3.0,Y,11,8,1,24.0,5,20,14,17,4.0,1.0,4.0,2,3,7.881761280931587,0.2911311264055795,1804.9233333333332,229,78,0.0,0.0
821,39,No,Travel_Rarely,Sales,6,1,Technical Degree,1,822,Female,2,Laboratory Technician,Single,51750,4.0,Y,17,8,1,9.0,2,2,2,2,2.0,2.0,3.0,4,3,7.125110867446394,0.3260943504336178,1624.5252777777778,228,0,0.0,0.0
822,46,No,Travel_Rarely,Research & Development,4,2,Life Sciences,1,823,Male,3,Manufacturing Director,Married,138260,8.0,Y,11,8,0,23.0,1,13,5,1,3.0,2.0,4.0,2,3,7.023544260027663,0.3043403973038016,1692.674166666667,241,0,0.0,0.0
823,35,No,Travel_Rarely,Research & Development,23,4,Life Sciences,1,824,Male,2,Research Scientist,Single,63340,1.0,Y,14,8,0,11.0,2,11,3,3,4.0,2.0,1.0,4,3,6.203768801552644,0.2941745196299934,1420.6630555555555,229,0,0.0,0.0
824,23,No,Travel_Rarely,Research & Development,2,4,Medical,1,825,Female,2,Manager,Single,49360,0.0,Y,19,8,1,5.0,2,4,1,2,1.0,3.0,3.0,2,3,7.709598765432099,0.3176145833105888,1804.046111111111,234,40,0.0,0.0
825,40,Yes,Travel_Rarely,Research & Development,2,3,Medical,1,826,Male,2,Research Director,Single,47750,3.0,Y,15,8,1,15.0,3,5,1,0,4.0,1.0,1.0,4,3,7.620850241545894,0.2963344306899387,1752.7955555555557,230,22,0.0,0.0
826,34,No,Travel_Rarely,Human Resources,2,3,Human Resources,1,827,Male,2,Manufacturing Director,Married,28180,1.0,Y,13,8,1,10.0,2,10,8,6,4.0,3.0,3.0,3,3,10.289966761633428,0.3209725814747943,2407.8522222222223,234,234,301.8522222222222,1.2899667616334285
827,31,Yes,Travel_Frequently,Research & Development,29,3,Life Sciences,1,828,Female,2,Healthcare Representative,Single,25150,1.0,Y,14,8,0,7.0,3,7,7,7,4.0,3.0,1.0,2,3,6.3646038647343,0.3016138295109019,1463.858888888889,230,0,0.0,0.0
828,50,No,Travel_Frequently,Research & Development,6,3,Medical,1,829,Male,1,Manager,Single,23420,1.0,Y,12,8,1,32.0,2,32,13,9,3.0,4.0,3.0,2,3,9.983714689265538,0.3165345278131373,2356.1566666666668,236,236,232.33277777777775,0.984460922787194
829,34,No,Travel_Rarely,Sales,25,5,Marketing,1,830,Female,1,Research Scientist,Married,41940,0.0,Y,17,8,2,12.0,3,11,5,7,2.0,3.0,3.0,3,3,10.494251676245211,0.3437541917340551,2434.666388888889,232,232,346.6663888888889,1.4942516762452107
830,42,No,Travel_Rarely,Research & Development,1,3,Life Sciences,1,831,Female,1,Manufacturing Director,Married,106850,4.0,Y,11,8,3,4.0,2,1,0,0,3.0,2.0,3.0,3,3,6.595753472222222,0.3303009086592874,1582.9808333333333,240,0,0.0,0.0
831,37,No,Travel_Rarely,Research & Development,2,2,Medical,1,832,Male,1,Research Scientist,Married,20220,1.0,Y,12,8,0,10.0,1,10,3,7,1.0,4.0,3.0,3,3,8.006495911495911,0.3181586940708067,1849.500555555556,231,123,0.0,0.0
832,29,No,Travel_Rarely,Research & Development,1,3,Medical,1,833,Female,1,Manager,Married,23140,3.0,Y,13,8,0,9.0,5,7,0,7,3.0,1.0,3.0,4,3,6.202246732026144,0.304130367169881,1476.1347222222223,238,0,0.0,0.0
833,33,No,Travel_Rarely,Research & Development,1,1,Life Sciences,1,834,Male,1,Research Scientist,Single,42560,1.0,Y,13,8,3,5.0,1,5,0,2,4.0,2.0,3.0,3,3,7.208550309966619,0.2913996347836013,1679.5922222222223,233,0,0.0,0.0
834,45,No,Travel_Rarely,Sales,3,3,Life Sciences,1,835,Male,3,Laboratory Technician,Married,35800,4.0,Y,20,8,1,8.0,1,5,0,3,4.0,4.0,3.0,2,4,6.04475360297536,0.2920891275692119,1444.6961111111111,239,0,0.0,0.0
835,42,No,Travel_Frequently,Human Resources,1,4,Technical Degree,1,836,Male,2,Manufacturing Director,Married,31620,2.0,Y,17,8,2,24.0,1,20,13,9,4.0,4.0,1.0,3,3,8.067896174863387,0.3068502942915054,1968.5666666666664,244,142,0.0,0.0
836,40,No,Travel_Rarely,Sales,10,1,Life Sciences,1,837,Female,1,Manufacturing Director,Married,65240,0.0,Y,13,8,1,9.0,2,8,7,1,1.0,1.0,4.0,4,3,6.323114997713763,0.3098892663679957,1536.5169444444443,243,0,0.0,0.0
837,33,No,Travel_Rarely,Research & Development,9,3,Medical,1,838,Female,2,Manufacturing Director,Married,28990,1.0,Y,17,8,0,15.0,3,15,5,7,2.0,3.0,3.0,2,3,10.617287649219469,0.2832164088413125,2569.383611111111,242,242,391.3836111111111,1.6172876492194674
838,40,No,Travel_Rarely,Sales,5,5,Life Sciences,1,839,Male,1,Manufacturing Director,Single,52310,1.0,Y,12,8,2,21.0,4,21,7,7,3.0,4.0,3.0,3,3,8.432153916211293,0.3118242097207439,2057.4455555555555,244,226,1.3963888888888896,0.0057229052823315
839,24,No,Travel_Rarely,Sales,10,2,Marketing,1,840,Male,1,Manufacturing Director,Divorced,23560,0.0,Y,13,8,0,2.0,5,1,0,0,3.0,1.0,3.0,3,3,6.096182277318641,0.2833687941200082,1475.276111111111,242,0,0.0,0.0
840,40,No,Non-Travel,Research & Development,7,3,Medical,1,841,Male,1,Research Scientist,Divorced,28000,3.0,Y,12,8,2,8.0,0,2,2,2,4.0,4.0,3.0,2,3,8.382793847566575,0.3037008229222573,2028.6361111111112,242,221,0.6444444444444439,0.0026629935720844
841,45,No,Travel_Rarely,Research & Development,4,3,Medical,1,842,Female,3,Laboratory Technician,Divorced,118360,1.0,Y,22,8,0,10.0,2,10,7,7,1.0,2.0,3.0,4,4,6.594626113455227,0.3094185116429164,1562.9263888888888,237,0,0.0,0.0
842,35,No,Travel_Rarely,Research & Development,10,1,Life Sciences,1,843,Male,1,Healthcare Representative,Married,109030,0.0,Y,11,8,0,6.0,3,5,4,2,2.0,3.0,3.0,4,3,7.77234075670498,0.3157456209294859,1803.1830555555557,232,55,0.0,0.0
843,32,No,Travel_Rarely,Research & Development,22,4,Medical,1,844,Male,1,Sales Executive,Married,29730,3.0,Y,22,8,0,12.0,0,7,2,5,4.0,2.0,3.0,4,4,7.27428999538958,0.3269691578922427,1753.1038888888888,241,3,0.0,0.0
844,36,No,Travel_Rarely,Sales,9,3,Marketing,1,845,Female,4,Research Scientist,Single,142750,3.0,Y,18,8,1,7.0,5,3,1,2,3.0,4.0,2.0,2,3,9.089532103825135,0.3046629481639538,2217.8458333333333,244,244,42.76499999999999,0.1752663934426229
845,48,No,Travel_Rarely,Research & Development,12,4,Medical,1,846,Male,1,Laboratory Technician,Divorced,55620,8.0,Y,13,8,1,18.0,2,8,7,7,3.0,3.0,3.0,3,3,7.859650726676043,0.2984643550049743,1862.7372222222225,237,80,0.0,0.0
846,29,No,Travel_Rarely,Research & Development,23,4,Life Sciences,1,847,Female,2,Healthcare Representative,Married,45370,6.0,Y,18,8,1,5.0,5,1,0,0,3.0,3.0,2.0,4,3,7.759097510373444,0.3034917492352275,1869.9425,241,52,0.0,0.0
847,33,No,Travel_Rarely,Research & Development,9,1,Medical,1,848,Male,1,Healthcare Representative,Married,76420,2.0,Y,20,8,1,8.0,2,2,2,2,1.0,1.0,1.0,2,4,7.108776115859449,0.2896592924565695,1663.453611111111,234,0,0.0,0.0
848,30,Yes,Travel_Rarely,Research & Development,1,3,Other,1,849,Male,3,Sales Executive,Married,179240,1.0,Y,13,8,2,10.0,2,10,6,7,2.0,1.0,3.0,3,3,7.376322173702086,0.2948922675544306,1689.1777777777777,229,4,0.0,0.0
849,38,No,Travel_Frequently,Sales,9,3,Marketing,1,850,Male,1,Manufacturing Director,Married,52040,3.0,Y,13,8,1,10.0,2,6,1,2,3.0,3.0,3.0,3,3,6.928822640632264,0.2856009108754809,1655.9886111111111,239,0,0.0,0.0
850,35,No,Travel_Rarely,Sales,7,2,Life Sciences,1,851,Male,1,Sales Executive,Single,22770,1.0,Y,12,8,1,3.0,2,3,1,2,4.0,1.0,3.0,3,3,6.80815801457195,0.2857420969237851,1661.1905555555556,244,0,0.0,0.0
851,30,No,Travel_Rarely,Research & Development,14,3,Technical Degree,1,852,Male,5,Research Director,Married,27950,3.0,Y,13,8,0,9.0,4,4,1,3,3.0,2.0,3.0,3,3,6.500898903195041,0.2887963789680736,1514.7094444444444,233,0,0.0,0.0
852,35,Yes,Travel_Rarely,Research & Development,2,3,Medical,1,853,Female,1,Research Scientist,Divorced,25320,1.0,Y,13,8,0,1.0,2,1,0,0,1.0,1.0,3.0,1,3,9.684859913793105,0.3034836813996842,2246.8875,232,232,159.34583333333333,0.6868354885057472
853,53,Yes,Travel_Rarely,Research & Development,19,3,Life Sciences,1,854,Male,2,Manager,Married,25590,0.0,Y,25,8,0,34.0,2,33,1,9,3.0,4.0,3.0,3,4,6.5080817395264114,0.2984717499112552,1587.9719444444445,244,0,0.0,0.0
854,38,Yes,Travel_Rarely,Research & Development,2,3,Medical,1,855,Female,3,Sales Executive,Married,49080,4.0,Y,19,8,1,7.0,3,5,1,4,3.0,2.0,3.0,2,3,7.6001531778692275,0.2952998084544132,1846.8372222222224,243,22,0.0,0.0
855,32,No,Non-Travel,Research & Development,10,4,Life Sciences,1,856,Female,5,Research Scientist,Married,23800,4.0,Y,13,8,0,9.0,5,6,1,2,4.0,1.0,2.0,3,3,7.381282051282051,0.2930608962354739,1727.22,234,4,0.0,0.0
856,48,No,Travel_Rarely,Research & Development,2,5,Life Sciences,1,857,Male,1,Sales Executive,Married,47650,8.0,Y,12,8,1,10.0,4,8,7,6,3.0,1.0,2.0,3,3,7.112005507662835,0.3195008356174285,1649.9852777777778,232,2,0.0,0.0
857,34,No,Travel_Rarely,Research & Development,3,3,Life Sciences,1,858,Male,2,Sales Executive,Single,20440,1.0,Y,11,8,0,1.0,2,1,0,0,1.0,4.0,1.0,3,3,7.422164109716411,0.2763823725353972,1773.897222222222,239,4,0.0,0.0
858,55,No,Travel_Rarely,Research & Development,11,1,Medical,1,859,Female,1,Laboratory Technician,Married,26930,1.0,Y,18,8,0,36.0,6,36,2,13,3.0,4.0,3.0,2,3,6.372202041785375,0.3111491147023996,1491.0952777777777,234,0,0.0,0.0
859,34,No,Travel_Rarely,Research & Development,2,2,Life Sciences,1,860,Male,2,Research Scientist,Married,65860,9.0,Y,18,8,1,9.0,3,2,2,1,2.0,3.0,2.0,3,3,6.133991228070175,0.3176035268636433,1398.55,228,0,0.0,0.0
860,26,No,Travel_Rarely,Research & Development,4,3,Life Sciences,1,861,Male,1,Research Director,Married,32940,1.0,Y,11,8,0,1.0,6,1,0,0,1.0,4.0,3.0,3,3,7.30157019990702,0.297814987728234,1745.0752777777775,239,4,0.0,0.0
861,38,No,Travel_Rarely,Sales,14,2,Marketing,1,862,Female,1,Sales Executive,Married,41710,0.0,Y,23,8,0,10.0,4,9,7,7,3.0,2.0,3.0,4,4,7.00611581920904,0.3356824337473895,1653.4433333333334,236,1,0.0,0.0
862,38,No,Travel_Rarely,Research & Development,2,3,Life Sciences,1,863,Female,1,Manufacturing Director,Single,27780,2.0,Y,13,8,0,8.0,5,3,1,2,2.0,2.0,4.0,2,3,7.245010775862067,0.3029717158752246,1680.8425,232,2,0.0,0.0
863,36,No,Travel_Rarely,Human Resources,1,3,Human Resources,1,864,Male,1,Research Scientist,Single,23770,6.0,Y,13,8,2,15.0,3,1,0,0,2.0,3.0,3.0,3,3,7.427548100048099,0.2800153999685303,1715.763611111111,231,3,0.0,0.0
864,29,No,Travel_Rarely,Research & Development,10,3,Life Sciences,1,865,Male,1,Sales Representative,Single,24040,1.0,Y,17,8,0,10.0,3,10,1,5,2.0,1.0,3.0,2,3,8.108851383028599,0.2869827946942139,1921.7977777777776,237,160,0.0,0.0
865,35,No,Travel_Rarely,Sales,12,2,Life Sciences,1,866,Female,2,Sales Executive,Single,23180,3.0,Y,19,8,0,10.0,4,5,0,4,1.0,3.0,3.0,4,3,9.299442007797271,0.309778633604273,2120.2727777777777,228,228,74.90138888888887,0.3285148635477582
866,39,No,Travel_Rarely,Sales,2,2,Medical,1,867,Female,1,Sales Executive,Married,20080,2.0,Y,12,8,0,11.0,3,7,7,6,4.0,3.0,3.0,3,3,7.768857142857143,0.3086264497638319,1903.37,245,52,0.0,0.0
867,29,No,Travel_Frequently,Research & Development,5,1,Medical,1,868,Female,1,Research Scientist,Divorced,62440,1.0,Y,22,8,0,6.0,3,6,1,3,1.0,4.0,4.0,3,4,6.832889123300516,0.3013197494397519,1619.3947222222223,237,0,0.0,0.0
868,50,No,Travel_Rarely,Research & Development,4,2,Medical,1,869,Female,1,Laboratory Technician,Married,27990,4.0,Y,12,8,1,27.0,0,1,0,0,3.0,3.0,3.0,1,3,9.387326388888887,0.304991496958064,2252.958333333333,240,240,96.3863888888889,0.4016099537037038
869,23,No,Travel_Rarely,Research & Development,7,2,Life Sciences,1,870,Female,3,Manager,Married,105520,2.0,Y,11,8,0,4.0,2,2,2,2,4.0,3.0,3.0,3,3,6.664042824074074,0.2805057362268148,1599.3702777777778,240,0,0.0,0.0
870,36,No,Travel_Frequently,Sales,21,3,Life Sciences,1,871,Male,2,Human Resources,Married,23290,3.0,Y,15,8,0,9.0,2,3,0,2,1.0,1.0,3.0,3,3,9.21666075650118,0.3018344781661453,2165.9152777777776,235,235,60.65388888888889,0.2581016548463357
871,42,No,Travel_Rarely,Research & Development,8,2,Life Sciences,1,872,Female,5,Manager,Single,40140,8.0,Y,13,8,1,24.0,3,1,0,1,4.0,4.0,3.0,3,3,5.996898719707362,0.3042799839107071,1457.246388888889,243,0,0.0,0.0
872,35,No,Travel_Rarely,Sales,4,3,Medical,1,873,Female,2,Laboratory Technician,Married,74030,1.0,Y,12,8,1,10.0,4,10,6,8,2.0,3.0,2.0,3,3,6.391757741347906,0.2855464770551951,1559.588888888889,244,0,0.0,0.0
873,34,No,Travel_Frequently,Research & Development,25,1,Life Sciences,1,874,Female,1,Manager,Married,22590,1.0,Y,14,8,0,8.0,2,8,7,7,4.0,3.0,2.0,3,3,5.9954394157088124,0.2817426087554128,1390.9419444444443,232,0,0.0,0.0
874,40,No,Travel_Rarely,Research & Development,1,4,Life Sciences,1,875,Male,2,Laboratory Technician,Married,69320,1.0,Y,13,8,0,5.0,5,5,1,2,4.0,1.0,3.0,3,3,6.491637115839243,0.2950351769291285,1525.5347222222222,235,0,0.0,0.0
875,43,No,Travel_Rarely,Research & Development,1,1,Other,1,876,Male,1,Manager,Divorced,46780,5.0,Y,25,8,1,8.0,0,6,0,2,4.0,2.0,3.0,4,4,7.030567738791423,0.2836352031073844,1602.9694444444444,228,0,0.0,0.0
876,35,No,Travel_Rarely,Sales,6,3,Marketing,1,877,Female,3,Sales Representative,Married,135820,1.0,Y,17,8,1,1.0,3,1,0,1,3.0,4.0,2.0,2,3,7.320544825941821,0.3132569507655318,1705.6869444444444,233,4,0.0,0.0
877,46,No,Travel_Rarely,Research & Development,12,4,Technical Degree,1,878,Male,1,Laboratory Technician,Single,23320,1.0,Y,11,8,0,27.0,2,26,0,12,4.0,1.0,1.0,3,3,6.5991343937298295,0.3128567946427211,1590.391388888889,241,0,0.0,0.0
878,28,Yes,Travel_Rarely,Human Resources,1,3,Medical,1,879,Female,2,Laboratory Technician,Married,24130,1.0,Y,16,8,1,1.0,2,1,0,0,3.0,2.0,3.0,3,3,8.417341772151898,0.2997468667824468,1994.91,237,218,0.3666666666666671,0.0015471167369901
879,22,No,Non-Travel,Sales,17,2,Marketing,1,880,Male,3,Sales Executive,Married,97050,1.0,Y,18,8,2,4.0,3,4,1,3,2.0,3.0,2.0,2,3,8.882230426629162,0.2959154632073722,2105.0886111111117,237,237,16.998611111111103,0.0717240975152367
880,50,No,Travel_Frequently,Research & Development,3,3,Other,1,881,Male,2,Research Scientist,Married,42940,2.0,Y,20,8,0,32.0,2,30,12,13,2.0,3.0,3.0,2,4,9.425232053040697,0.2995116790469254,2290.331388888889,243,243,106.65444444444442,0.4389071787837219
881,32,No,Travel_Rarely,Research & Development,3,2,Life Sciences,1,882,Male,3,Research Scientist,Married,47210,3.0,Y,14,8,1,6.0,3,3,0,2,2.0,4.0,3.0,3,3,6.344614463601533,0.2853261161547027,1471.9505555555556,232,0,0.0,0.0
882,44,No,Travel_Rarely,Research & Development,10,3,Technical Degree,1,883,Male,3,Manager,Divorced,25190,0.0,Y,21,8,2,23.0,2,22,1,10,2.0,4.0,2.0,3,4,8.78037494284408,0.2895793347235945,2133.6311111111117,243,242,9.46833333333333,0.0389643347050754
883,30,No,Travel_Rarely,Research & Development,4,3,Medical,1,884,Female,1,Research Director,Married,21210,1.0,Y,13,8,1,6.0,2,6,1,1,2.0,2.0,2.0,3,3,6.562242489270386,0.308181364727384,1529.0025,233,0,0.0,0.0
884,45,No,Travel_Rarely,Sales,29,2,Technical Degree,1,885,Female,2,Research Scientist,Single,29730,1.0,Y,12,8,0,10.0,2,10,1,4,3.0,1.0,3.0,3,3,8.87501467931346,0.3025887509931241,2183.2536111111112,246,245,16.32138888888889,0.0663471093044263
885,45,No,Non-Travel,Sales,2,4,Life Sciences,1,886,Male,2,Manufacturing Director,Married,58550,1.0,Y,14,8,1,10.0,3,10,4,5,1.0,1.0,3.0,2,3,7.908878159275155,0.2850128835112798,1842.768611111111,233,89,0.0,0.0
886,31,No,Travel_Frequently,Research & Development,7,3,Medical,1,887,Male,2,Research Scientist,Single,36170,7.0,Y,21,8,1,10.0,5,5,0,3,4.0,1.0,3.0,3,4,7.144681688125894,0.2917633591768576,1664.7108333333333,233,1,0.0,0.0
887,36,No,Travel_Rarely,Research & Development,18,1,Medical,1,888,Male,2,Manufacturing Director,Married,67250,9.0,Y,17,8,1,7.0,3,3,1,1,3.0,3.0,3.0,3,3,10.91689342403628,0.2920181726621446,2674.6388888888887,245,245,469.63888888888886,1.9168934240362807
888,34,No,Travel_Frequently,Sales,28,4,Marketing,1,889,Male,5,Manufacturing Director,Divorced,103250,1.0,Y,11,8,1,9.0,3,9,7,2,3.0,4.0,3.0,2,3,6.102161785216179,0.2927615231021723,1458.4166666666667,239,0,0.0,0.0
889,49,No,Travel_Rarely,Research & Development,1,4,Life Sciences,1,890,Male,3,Healthcare Representative,Married,69490,1.0,Y,14,8,1,10.0,2,9,1,4,3.0,1.0,2.0,3,3,7.295703161320316,0.3231751899368696,1743.6730555555555,239,2,0.0,0.0
890,39,No,Travel_Rarely,Research & Development,6,2,Life Sciences,1,891,Male,3,Research Scientist,Married,106090,2.0,Y,17,8,1,10.0,2,7,7,7,2.0,1.0,3.0,3,3,6.567342995169082,0.3132833814213926,1510.4888888888888,230,0,0.0,0.0
891,27,No,Travel_Rarely,Research & Development,2,1,Life Sciences,1,892,Male,4,Research Scientist,Divorced,44470,1.0,Y,13,8,0,7.0,4,7,0,7,4.0,1.0,3.0,3,3,6.090469821673525,0.2985089217226675,1479.9841666666666,243,0,0.0,0.0
892,35,No,Travel_Rarely,Research & Development,2,3,Medical,1,893,Female,2,Sales Executive,Married,21570,1.0,Y,25,8,0,16.0,1,16,1,10,2.0,1.0,3.0,2,4,7.603104018912529,0.3018606291474244,1786.7294444444444,235,23,0.0,0.0
893,28,No,Travel_Rarely,Research & Development,23,3,Life Sciences,1,894,Male,3,Manufacturing Director,Divorced,46010,0.0,Y,15,8,2,6.0,2,5,0,0,2.0,1.0,2.0,3,3,7.38428125,0.2985320931435798,1772.2275,240,4,0.0,0.0
894,21,No,Travel_Rarely,Research & Development,3,1,Life Sciences,1,895,Female,1,Laboratory Technician,Single,170990,1.0,Y,14,8,1,3.0,2,2,2,2,3.0,4.0,3.0,3,3,7.880823877068558,0.3120744235888,1851.993611111111,235,81,0.0,0.0
895,18,Yes,Travel_Frequently,Research & Development,3,5,Medical,1,896,Male,1,Research Director,Single,24790,1.0,Y,12,8,1,0.0,2,0,0,0,2.0,4.0,4.0,2,3,8.39764060356653,0.3193775715231146,2040.6266666666663,243,212,0.6769444444444446,0.0027857796067672
896,47,No,Travel_Rarely,Research & Development,25,4,Medical,1,897,Male,2,Research Scientist,Married,148520,3.0,Y,19,8,3,27.0,3,5,1,0,4.0,3.0,3.0,2,3,6.039741735537191,0.2843554276976465,1461.6175,242,0,0.0,0.0
897,39,No,Travel_Rarely,Sales,2,4,Life Sciences,1,898,Male,1,Laboratory Technician,Divorced,72640,0.0,Y,17,8,0,11.0,5,10,0,7,3.0,3.0,3.0,3,3,6.870003687315634,0.3004336640170064,1552.6208333333334,226,0,0.0,0.0
898,40,No,Travel_Rarely,Research & Development,22,1,Life Sciences,1,899,Male,1,Laboratory Technician,Married,56660,1.0,Y,14,8,1,18.0,2,18,14,12,1.0,3.0,3.0,3,3,7.586946859903382,0.2989043621631558,1744.997777777778,230,19,0.0,0.0
899,35,No,Non-Travel,Research & Development,29,3,Medical,1,900,Female,2,Sales Executive,Married,78230,1.0,Y,13,8,1,15.0,3,14,2,9,3.0,3.0,3.0,3,3,6.191809178743962,0.2704655999242444,1424.1161111111112,230,0,0.0,0.0
900,37,No,Travel_Rarely,Research & Development,29,4,Technical Degree,1,901,Male,1,Laboratory Technician,Married,78800,3.0,Y,12,8,1,9.0,2,4,0,2,3.0,3.0,2.0,4,3,7.993996978149697,0.2981302377472979,1910.5652777777775,239,120,0.0,0.0
901,39,No,Travel_Frequently,Research & Development,2,3,Technical Degree,1,902,Female,2,Manager,Single,131940,0.0,Y,11,8,0,10.0,2,9,3,8,1.0,3.0,1.0,3,3,6.66040948275862,0.3166322225455464,1545.215,232,0,0.0,0.0
902,45,No,Travel_Rarely,Research & Development,28,3,Life Sciences,1,903,Female,2,Laboratory Technician,Divorced,50670,1.0,Y,11,8,2,10.0,3,10,3,9,4.0,4.0,3.0,2,3,7.317151056014692,0.2928256114105689,1770.7505555555556,242,2,0.0,0.0
903,38,No,Travel_Rarely,Research & Development,2,4,Life Sciences,1,904,Female,3,Sales Executive,Married,50790,3.0,Y,11,8,0,10.0,3,5,0,2,4.0,3.0,4.0,3,3,9.588505007153074,0.2986235133998308,2234.1216666666664,233,233,137.84583333333333,0.5916130185979971
904,35,Yes,Travel_Rarely,Research & Development,2,3,Life Sciences,1,905,Male,3,Healthcare Representative,Married,23210,9.0,Y,12,8,1,15.0,0,13,6,0,4.0,1.0,3.0,3,3,5.966612268518518,0.3225729676360933,1431.9869444444444,240,0,0.0,0.0
905,37,No,Travel_Rarely,Research & Development,22,3,Life Sciences,1,906,Female,2,Healthcare Representative,Married,174440,1.0,Y,14,8,0,8.0,4,8,7,7,2.0,2.0,1.0,3,3,7.942092352092351,0.2793130552725927,1834.6233333333328,231,95,0.0,0.0
906,40,No,Travel_Rarely,Research & Development,8,3,Technical Degree,1,907,Female,2,Healthcare Representative,Single,24040,6.0,Y,17,8,0,18.0,2,4,3,3,3.0,4.0,2.0,2,3,9.179383101851853,0.2858845729558223,2203.0519444444444,240,240,54.12777777777778,0.2255324074074074
907,44,No,Travel_Frequently,Sales,2,2,Marketing,1,908,Male,1,Laboratory Technician,Married,34520,4.0,Y,11,8,1,14.0,2,10,0,2,1.0,4.0,3.0,2,3,8.593498563218391,0.3081268575301741,1993.6916666666664,232,225,3.292500000000002,0.0141918103448275
908,48,No,Travel_Frequently,Sales,10,4,Marketing,1,909,Female,3,Manager,Married,22700,2.0,Y,14,8,3,23.0,2,2,2,2,3.0,4.0,3.0,3,3,7.111725146198831,0.2738760012954945,1621.4733333333334,228,0,0.0,0.0
909,35,Yes,Travel_Rarely,Research & Development,9,3,Life Sciences,1,910,Male,2,Manager,Divorced,173990,6.0,Y,12,8,0,7.0,3,2,2,2,3.0,4.0,2.0,1,3,10.69871586629002,0.297859641853709,2524.8969444444447,236,236,400.8969444444445,1.6987158662900188
910,24,No,Travel_Frequently,Research & Development,15,3,Life Sciences,1,911,Male,2,Research Scientist,Single,54880,1.0,Y,22,8,1,6.0,6,6,1,3,1.0,4.0,3.0,3,4,8.687724314272431,0.3062447119377859,2076.366111111111,239,235,5.341388888888888,0.0223489074848907
911,27,No,Travel_Rarely,Sales,10,4,Life Sciences,1,912,Male,3,Sales Executive,Married,194190,7.0,Y,14,8,1,5.0,2,3,0,2,2.0,3.0,3.0,1,3,7.1704118357487925,0.296333737252748,1649.1947222222225,230,0,0.0,0.0
912,27,No,Travel_Frequently,Research & Development,7,3,Life Sciences,1,913,Male,1,Research Scientist,Single,28110,2.0,Y,20,8,0,6.0,3,4,1,2,4.0,4.0,2.0,3,4,6.4101211705532695,0.3120012741926848,1557.6594444444445,243,0,0.0,0.0
913,40,Yes,Travel_Rarely,Sales,16,4,Marketing,1,914,Male,1,Research Director,Single,36330,3.0,Y,16,8,2,10.0,0,4,0,3,1.0,1.0,1.0,3,3,10.486748633879785,0.3211609242466677,2558.766666666667,244,244,362.76666666666665,1.4867486338797813
914,29,No,Travel_Rarely,Research & Development,20,1,Medical,1,915,Female,2,Manager,Single,41630,9.0,Y,15,8,1,8.0,4,5,1,4,3.0,3.0,3.0,2,3,7.294751773049645,0.2988073905707228,1714.2666666666669,235,1,0.0,0.0
915,36,No,Travel_Rarely,Research & Development,23,3,Life Sciences,1,916,Female,3,Sales Executive,Married,21320,4.0,Y,20,8,0,9.0,1,3,0,2,2.0,1.0,3.0,2,4,7.88170243204578,0.3214791584069435,1836.4366666666667,233,85,0.0,0.0
916,25,No,Travel_Frequently,Sales,5,1,Marketing,1,917,Male,4,Manufacturing Director,Divorced,139730,1.0,Y,14,8,0,7.0,3,7,0,7,4.0,3.0,3.0,2,3,6.098032904148784,0.3160738213202324,1420.8416666666667,233,0,0.0,0.0
917,39,No,Travel_Rarely,Sales,10,3,Marketing,1,918,Female,2,Research Director,Married,26840,4.0,Y,12,8,0,7.0,2,5,1,0,4.0,2.0,3.0,3,3,6.773751788268955,0.3124325322233143,1578.2841666666666,233,0,0.0,0.0
918,49,No,Travel_Rarely,Sales,4,2,Life Sciences,1,919,Male,2,Research Director,Married,108450,3.0,Y,24,8,0,27.0,4,4,1,2,1.0,2.0,3.0,2,4,7.800969316596931,0.2878773846932157,1864.4316666666664,239,58,0.0,0.0
919,50,No,Travel_Rarely,Research & Development,2,2,Medical,1,920,Male,3,Sales Executive,Divorced,43770,5.0,Y,12,8,1,19.0,2,14,1,11,4.0,1.0,3.0,2,3,7.78853125,0.327958856148586,1869.2475,240,58,0.0,0.0
920,20,No,Travel_Rarely,Research & Development,18,4,Medical,1,921,Female,2,Sales Executive,Single,37430,1.0,Y,13,8,1,2.0,2,2,2,2,3.0,3.0,3.0,3,3,6.625714115402956,0.2672782383139842,1543.7913888888888,233,0,0.0,0.0
921,34,No,Travel_Rarely,Research & Development,10,3,Medical,1,922,Male,3,Laboratory Technician,Divorced,41480,1.0,Y,11,8,0,11.0,3,11,7,9,4.0,2.0,3.0,3,3,7.7068788745827375,0.3030814948817671,1795.7027777777778,233,43,0.0,0.0
922,36,No,Travel_Rarely,Research & Development,1,3,Life Sciences,1,923,Female,2,Healthcare Representative,Single,10510,2.0,Y,14,8,0,15.0,2,4,1,3,1.0,2.0,3.0,3,3,5.986487573099415,0.305512246198507,1364.9191666666666,228,0,0.0,0.0
923,49,No,Travel_Rarely,Human Resources,6,2,Life Sciences,1,924,Female,2,Research Scientist,Married,107390,2.0,Y,11,8,3,30.0,3,15,2,12,3.0,3.0,3.0,3,3,8.499204545454544,0.2962144093624915,2056.8075,242,230,1.4825,0.0061260330578512
924,36,No,Non-Travel,Research & Development,8,4,Life Sciences,1,925,Male,4,Laboratory Technician,Married,103880,0.0,Y,14,8,0,4.0,2,3,1,2,4.0,3.0,3.0,3,3,7.954062932226832,0.2716005375128168,1916.9291666666663,241,110,0.0,0.0
925,36,No,Travel_Rarely,Research & Development,2,2,Medical,1,926,Female,2,Healthcare Representative,Divorced,114160,6.0,Y,16,8,0,13.0,2,5,0,4,4.0,1.0,3.0,3,3,6.310086367880485,0.3016227549954848,1501.8005555555555,238,0,0.0,0.0
926,54,No,Travel_Rarely,Sales,24,3,Marketing,1,927,Male,1,Laboratory Technician,Married,26000,3.0,Y,14,8,0,36.0,5,10,4,7,2.0,3.0,3.0,3,3,7.584176328502415,0.3136430669770451,1744.3605555555555,230,20,0.0,0.0
927,43,No,Travel_Rarely,Research & Development,2,4,Life Sciences,1,928,Female,1,Research Scientist,Married,24220,1.0,Y,11,8,1,14.0,2,14,6,11,3.0,3.0,3.0,3,3,7.632412764003673,0.2981241245074982,1847.043888888889,242,29,0.0,0.0
928,35,Yes,Travel_Frequently,Research & Development,17,4,Medical,1,929,Male,1,Research Director,Single,54720,3.0,Y,11,8,1,13.0,3,11,6,7,4.0,4.0,4.0,2,3,8.416370772946859,0.2932410513130869,1935.7652777777776,230,211,0.5183333333333344,0.0022536231884058
929,38,No,Travel_Frequently,Research & Development,19,2,Life Sciences,1,930,Male,2,Research Scientist,Married,24510,7.0,Y,12,8,1,19.0,3,13,2,9,4.0,4.0,4.0,3,3,7.198089990817263,0.3131476201561107,1741.9377777777777,242,0,0.0,0.0
930,29,No,Travel_Rarely,Research & Development,1,2,Medical,1,931,Male,2,Sales Representative,Divorced,42400,1.0,Y,14,8,0,10.0,2,10,0,9,1.0,2.0,2.0,2,3,10.704748513946043,0.2961068442645077,2601.253888888889,243,243,414.25388888888887,1.7047485139460448
931,33,No,Travel_Rarely,Research & Development,7,3,Medical,1,932,Male,5,Sales Executive,Divorced,109990,1.0,Y,18,8,3,6.0,3,6,0,4,4.0,4.0,3.0,2,3,6.412126774351443,0.285405441634061,1455.5527777777777,227,0,0.0,0.0
932,32,No,Travel_Rarely,Research & Development,5,4,Technical Degree,1,933,Male,5,Research Scientist,Divorced,50030,2.0,Y,13,8,0,10.0,5,9,1,6,4.0,2.0,2.0,3,3,6.599085038986354,0.3191629850892543,1504.5913888888888,228,0,0.0,0.0
933,31,No,Travel_Rarely,Research & Development,28,4,Technical Degree,1,934,Female,2,Sales Executive,Married,127420,1.0,Y,11,8,0,10.0,4,10,0,2,1.0,4.0,3.0,2,3,7.390623278236914,0.298197995308367,1788.5308333333332,242,3,0.0,0.0
934,49,No,Travel_Rarely,Research & Development,2,4,Medical,1,935,Male,1,Laboratory Technician,Divorced,42270,4.0,Y,18,8,0,17.0,3,2,2,2,4.0,1.0,2.0,2,3,9.695243498817966,0.2807514392269306,2278.382222222222,235,235,163.47472222222223,0.6956371158392435
935,38,No,Travel_Frequently,Sales,29,2,Medical,1,936,Female,1,Sales Executive,Single,39170,1.0,Y,15,8,3,4.0,2,4,3,3,4.0,2.0,3.0,3,3,7.806726602120793,0.3072469907783673,1881.421111111111,241,60,0.0,0.0
936,47,No,Travel_Rarely,Research & Development,1,4,Medical,1,937,Male,3,Laboratory Technician,Divorced,183030,6.0,Y,22,8,1,29.0,2,3,1,2,2.0,2.0,3.0,2,4,6.711067188983855,0.2644922307065142,1570.3897222222222,234,0,0.0,0.0
937,49,No,Travel_Rarely,Research & Development,21,3,Medical,1,938,Male,2,Manufacturing Director,Single,23800,4.0,Y,13,8,0,23.0,3,8,0,0,3.0,3.0,3.0,1,3,6.387058823529412,0.3024973656275402,1520.12,238,0,0.0,0.0
938,41,No,Travel_Rarely,Research & Development,24,4,Life Sciences,1,939,Female,4,Manager,Single,137260,3.0,Y,12,8,0,21.0,6,2,0,2,4.0,3.0,3.0,4,3,10.959115952051638,0.3086255580337315,2641.1469444444447,241,241,472.1469444444445,1.9591159520516368
939,20,No,Travel_Rarely,Research & Development,1,3,Life Sciences,1,940,Male,1,Sales Representative,Single,47770,1.0,Y,18,8,1,2.0,3,2,0,2,4.0,1.0,3.0,3,3,7.703551175656985,0.3023585617098939,1856.555833333333,241,40,0.0,0.0
940,33,No,Non-Travel,Research & Development,18,2,Medical,1,941,Female,2,Healthcare Representative,Divorced,63850,1.0,Y,13,8,0,7.0,6,6,1,2,3.0,4.0,3.0,2,3,9.487822315986874,0.3150820426128713,2248.613888888889,237,237,117.775,0.4969409282700421
941,36,No,Travel_Rarely,Research & Development,2,2,Technical Degree,1,942,Male,3,Sales Executive,Married,199730,6.0,Y,12,8,0,10.0,2,3,0,2,1.0,3.0,2.0,3,3,5.958735380116959,0.3056808660238365,1358.5916666666667,228,0,0.0,0.0
942,44,No,Travel_Rarely,Research & Development,9,3,Technical Degree,1,943,Female,3,Healthcare Representative,Divorced,68610,4.0,Y,12,8,0,8.0,2,2,2,2,3.0,4.0,3.0,2,3,8.52645922746781,0.3026733844406576,1986.665,233,221,1.3311111111111114,0.0057129232236528
943,23,Yes,Travel_Rarely,Human Resources,6,3,Life Sciences,1,944,Female,3,Laboratory Technician,Single,49690,1.0,Y,12,8,0,5.0,3,5,1,2,4.0,3.0,3.0,3,3,8.093856481481481,0.2901189263106661,1942.5255555555557,240,153,0.0,0.0
944,38,No,Travel_Rarely,Research & Development,11,2,Life Sciences,1,945,Male,1,Sales Executive,Married,198450,7.0,Y,11,8,1,7.0,3,0,0,0,4.0,3.0,2.0,3,3,7.388344955834496,0.3132737425938902,1765.8144444444445,239,12,0.0,0.0
945,53,No,Travel_Rarely,Research & Development,24,3,Life Sciences,1,946,Male,4,Research Director,Married,133200,3.0,Y,11,8,0,11.0,2,4,1,2,2.0,4.0,3.0,3,3,8.024024216524216,0.2772285524437853,1877.621666666667,234,129,0.0,0.0
946,48,Yes,Travel_Frequently,Sales,10,2,Marketing,1,947,Male,1,Healthcare Representative,Married,63470,2.0,Y,12,8,1,19.0,3,9,7,7,4.0,3.0,3.0,1,3,9.88266643225504,0.318672728551766,2342.1919444444443,237,237,209.19194444444443,0.8826664322550398
947,32,Yes,Travel_Rarely,Sales,1,3,Life Sciences,1,948,Male,2,Research Scientist,Single,27430,1.0,Y,19,8,1,1.0,2,1,0,0,4.0,2.0,3.0,3,3,7.5274596588289535,0.3079121403283588,1814.1177777777775,241,16,0.0,0.0
948,26,No,Non-Travel,Research & Development,18,2,Medical,1,949,Male,1,Human Resources,Single,108800,1.0,Y,23,8,1,7.0,5,7,5,7,4.0,4.0,3.0,3,4,7.190238095238096,0.2842663261118012,1761.6083333333331,245,0,0.0,0.0
949,55,No,Travel_Rarely,Research & Development,23,1,Life Sciences,1,950,Male,5,Laboratory Technician,Divorced,23420,5.0,Y,11,8,2,8.0,2,4,1,2,1.0,2.0,3.0,3,3,7.700374887082203,0.3116416728062101,1894.292222222222,246,47,0.0,0.0
950,34,No,Travel_Rarely,Sales,28,3,Life Sciences,1,951,Female,2,Research Scientist,Married,176500,1.0,Y,19,8,1,15.0,6,15,4,13,2.0,4.0,4.0,1,3,7.968867337164751,0.305161390679021,1848.7772222222225,232,105,0.0016666666666669,7.183908045978134e-06
951,60,No,Travel_Rarely,Sales,17,4,Medical,1,952,Male,1,Manager,Divorced,40250,3.0,Y,13,8,1,19.0,5,1,0,0,3.0,4.0,4.0,2,3,6.2356461611826415,0.2997099065771573,1452.9055555555556,233,0,0.0,0.0
952,33,No,Travel_Rarely,Sales,3,3,Life Sciences,1,953,Male,3,Manager,Married,97250,1.0,Y,11,8,0,14.0,0,14,2,13,2.0,2.0,3.0,3,3,7.787044252044252,0.3067923056064978,1798.8072222222222,231,59,0.0,0.0
953,37,No,Travel_Frequently,Research & Development,13,3,Life Sciences,1,954,Male,1,Laboratory Technician,Divorced,119040,1.0,Y,12,8,1,6.0,4,6,1,3,3.0,4.0,2.0,3,3,6.513645404663923,0.3282650851344805,1582.815833333333,243,0,0.0,0.0
954,34,No,Travel_Rarely,Research & Development,7,2,Life Sciences,1,955,Male,1,Healthcare Representative,Married,21770,1.0,Y,13,8,0,10.0,5,10,8,7,2.0,4.0,3.0,3,3,7.057042624521073,0.3218527373031444,1637.233888888889,232,1,0.0,0.0
955,23,Yes,Travel_Rarely,Research & Development,12,2,Medical,1,956,Male,2,Research Scientist,Divorced,75250,1.0,Y,14,8,2,3.0,2,3,0,2,3.0,4.0,3.0,3,3,9.22052267573696,0.3094821246917825,2259.0280555555555,245,245,64.43,0.2629795918367347
956,44,No,Travel_Rarely,Human Resources,1,3,Life Sciences,1,957,Male,1,Research Scientist,Married,48340,1.0,Y,14,8,0,9.0,1,8,6,7,3.0,4.0,3.0,4,3,8.505449790794978,0.290847556158134,2032.8025,239,233,0.8074999999999992,0.0033786610878661
957,35,No,Travel_Frequently,Research & Development,13,3,Life Sciences,1,958,Male,3,Sales Executive,Single,20420,0.0,Y,16,8,0,6.0,2,5,1,4,1.0,4.0,4.0,3,3,8.161027658559847,0.3150718820710062,1901.5194444444444,233,163,0.0,0.0
958,43,No,Travel_Rarely,Research & Development,25,4,Life Sciences,1,959,Male,2,Sales Executive,Married,22200,1.0,Y,11,8,0,10.0,2,10,8,8,4.0,4.0,3.0,1,3,8.093515046296297,0.2914432488130943,1942.443611111111,240,150,0.0,0.0
959,24,No,Travel_Rarely,Research & Development,6,3,Life Sciences,1,960,Male,3,Sales Executive,Married,10520,1.0,Y,13,8,0,5.0,3,5,0,4,3.0,3.0,3.0,3,3,6.7112006043700605,0.3055175376317147,1603.9769444444444,239,0,0.0,0.0
960,41,No,Travel_Rarely,Sales,6,4,Marketing,1,961,Male,1,Research Scientist,Single,28210,1.0,Y,17,8,0,10.0,3,10,8,7,4.0,3.0,3.0,3,3,7.034598364598365,0.2959749128643951,1624.9922222222222,231,0,0.0,0.0
961,29,No,Travel_Rarely,Research & Development,2,2,Life Sciences,1,962,Male,2,Research Scientist,Married,192370,9.0,Y,11,8,1,9.0,2,5,1,2,4.0,3.0,3.0,3,3,7.925632515632516,0.3067754066363219,1830.8211111111111,231,98,0.0,0.0
962,36,No,Travel_Rarely,Human Resources,1,4,Life Sciences,1,963,Female,3,Research Scientist,Single,41070,3.0,Y,11,8,1,17.0,2,13,6,7,3.0,4.0,2.0,1,3,6.286331168831168,0.2962554347474649,1452.1425,231,0,0.0,0.0
963,45,No,Non-Travel,Sales,2,3,Life Sciences,1,964,Female,2,Manufacturing Director,Married,83960,3.0,Y,15,8,2,25.0,3,23,14,4,3.0,3.0,2.0,2,3,6.297184716361931,0.2948143051101526,1492.4327777777778,237,0,0.0,0.0
964,24,Yes,Travel_Rarely,Sales,6,2,Medical,1,965,Female,2,Manager,Married,20070,1.0,Y,12,8,0,1.0,2,1,0,0,4.0,3.0,3.0,2,3,6.38253164556962,0.30298609879541,1512.66,237,0,0.0,0.0
965,47,Yes,Travel_Frequently,Research & Development,1,3,Medical,1,966,Female,2,Sales Executive,Married,196270,7.0,Y,11,8,2,25.0,1,23,14,10,3.0,3.0,1.0,3,3,6.786419362400375,0.306543654209692,1608.381388888889,237,0,0.0,0.0
966,26,No,Travel_Rarely,Research & Development,9,1,Medical,1,967,Male,1,Sales Executive,Married,106860,1.0,Y,14,8,1,3.0,2,3,0,2,4.0,3.0,4.0,3,3,7.71978231292517,0.2897119333154841,1891.3466666666664,245,44,0.0,0.0
967,45,No,Travel_Rarely,Research & Development,1,4,Life Sciences,1,968,Male,1,Research Director,Single,29420,1.0,Y,22,8,1,21.0,4,21,8,6,4.0,2.0,3.0,3,4,6.578455702398434,0.3059171610801366,1493.3094444444444,227,0,0.0,0.0
968,32,No,Travel_Frequently,Sales,1,1,Marketing,1,969,Male,2,Laboratory Technician,Married,88580,6.0,Y,16,8,1,10.0,2,5,1,3,1.0,3.0,2.0,3,3,6.908069075712881,0.2745964406811827,1561.223611111111,226,0,0.0,0.0
969,31,No,Travel_Rarely,Research & Development,14,2,Life Sciences,1,970,Male,1,Sales Executive,Married,167560,1.0,Y,11,8,2,6.0,5,5,0,3,2.0,3.0,4.0,3,3,7.19040082846004,0.3116214982252678,1639.411388888889,228,2,0.0,0.0
970,41,No,Non-Travel,Sales,2,2,Medical,1,971,Male,2,Research Scientist,Married,107980,6.0,Y,14,8,2,10.0,5,3,1,2,3.0,2.0,3.0,1,3,7.72273088023088,0.2974013819682753,1783.950833333333,231,42,0.0,0.0
971,40,No,Travel_Rarely,Research & Development,22,2,Technical Degree,1,972,Male,1,Healthcare Representative,Married,23230,2.0,Y,16,8,1,18.0,2,1,0,0,2.0,1.0,3.0,3,3,9.783942803563056,0.2747692652980933,2318.7944444444443,237,237,185.79444444444445,0.7839428035630568
972,24,No,Travel_Rarely,Research & Development,3,3,Life Sciences,1,973,Female,1,Research Scientist,Divorced,14160,1.0,Y,15,8,1,6.0,3,6,1,2,2.0,1.0,4.0,2,3,5.991006944444444,0.296949864860373,1389.913611111111,232,0,0.0,0.0
973,46,No,Travel_Rarely,Research & Development,6,3,Medical,1,974,Male,4,Sales Executive,Single,46150,6.0,Y,12,8,0,19.0,3,10,0,9,3.0,2.0,3.0,2,3,7.575745673952642,0.3209774564603642,1848.4819444444445,244,23,0.0,0.0
974,35,No,Travel_Rarely,Sales,8,4,Life Sciences,1,975,Male,1,Laboratory Technician,Married,24610,2.0,Y,20,8,1,17.0,4,7,0,7,4.0,3.0,3.0,3,4,7.379968043264504,0.284777735033239,1667.872777777778,226,4,0.0,0.0
975,30,No,Travel_Rarely,Sales,9,4,Marketing,1,976,Male,1,Laboratory Technician,Married,87220,1.0,Y,17,8,1,10.0,3,10,0,8,2.0,4.0,2.0,3,3,7.276453178068898,0.3074606505464675,1666.3077777777778,229,2,0.0,0.0
976,47,No,Non-Travel,Research & Development,3,2,Life Sciences,1,977,Female,2,Sales Executive,Married,39550,7.0,Y,12,8,1,4.0,5,1,0,0,3.0,2.0,1.0,3,3,7.68843853427896,0.271191916472534,1806.783055555556,235,33,0.0,0.0
977,46,No,Travel_Rarely,Research & Development,1,4,Technical Degree,1,978,Female,3,Sales Executive,Divorced,99570,4.0,Y,20,8,0,13.0,1,10,0,3,3.0,4.0,2.0,3,4,9.79935666185666,0.3158560467163715,2263.651388888889,231,231,184.80777777777777,0.80003367003367
978,36,Yes,Travel_Rarely,Research & Development,1,3,Medical,1,979,Male,2,Manufacturing Director,Divorced,33760,5.0,Y,20,8,0,16.0,3,2,2,2,2.0,1.0,3.0,3,4,10.377021152952114,0.3121009880134109,2480.1080555555554,239,239,329.10805555555555,1.3770211529521152
979,32,Yes,Travel_Rarely,Research & Development,26,3,Medical,1,980,Female,2,Research Director,Single,88230,6.0,Y,13,8,2,10.0,3,0,0,0,1.0,2.0,3.0,3,3,7.014081726354453,0.2863251242781695,1697.4077777777777,242,0,0.0,0.0
980,23,No,Travel_Rarely,Sales,6,4,Life Sciences,1,981,Male,3,Manufacturing Director,Single,103220,1.0,Y,14,8,2,3.0,2,3,1,2,3.0,2.0,1.0,3,3,6.026296690307328,0.305500754879605,1416.1797222222222,235,0,0.0,0.0
981,31,No,Travel_Frequently,Sales,3,3,Marketing,1,982,Male,2,Sales Executive,Single,46210,2.0,Y,18,8,1,9.0,3,5,1,4,4.0,4.0,2.0,3,3,6.461306022408963,0.2844101859030969,1537.7908333333332,238,0,0.0,0.0
982,39,No,Non-Travel,Research & Development,3,3,Life Sciences,1,983,Female,2,Manufacturing Director,Married,109760,1.0,Y,11,8,0,9.0,3,9,5,8,4.0,4.0,3.0,2,3,10.198464912280702,0.2876915819847657,2519.020833333333,247,247,296.0208333333333,1.1984649122807016
983,32,No,Travel_Rarely,Research & Development,6,3,Technical Degree,1,984,Male,1,Research Scientist,Married,36600,3.0,Y,11,8,2,10.0,0,4,0,2,4.0,3.0,1.0,2,3,7.598678004535148,0.3028067358395995,1861.6761111111111,245,18,0.0,0.0
984,40,No,Travel_Rarely,Sales,6,3,Life Sciences,1,985,Male,3,Manufacturing Director,Single,104820,1.0,Y,11,8,1,21.0,6,21,12,8,2.0,2.0,2.0,2,3,7.906652949245542,0.298858292108789,1921.3166666666664,243,91,0.0,0.0
985,45,No,Travel_Rarely,Research & Development,19,4,Medical,1,986,Male,1,Sales Representative,Married,71190,4.0,Y,15,8,0,9.0,2,5,0,3,3.0,3.0,4.0,3,3,7.786297453703704,0.3265738577908278,1868.711388888889,240,59,0.0,0.0
986,30,No,Travel_Frequently,Sales,9,3,Life Sciences,1,987,Male,1,Research Director,Single,95820,0.0,Y,12,8,1,10.0,2,9,0,7,4.0,1.0,3.0,3,3,6.2239474917955935,0.3076440297336278,1475.0755555555556,237,0,0.0,0.0
987,24,No,Travel_Frequently,Sales,3,4,Marketing,1,988,Male,1,Sales Executive,Married,45080,0.0,Y,11,8,1,3.0,5,2,2,1,1.0,4.0,3.0,3,3,5.95086170212766,0.3191850569321665,1398.4525,235,0,0.0,0.0
988,30,Yes,Travel_Frequently,Research & Development,10,3,Life Sciences,1,989,Female,1,Human Resources,Divorced,22070,6.0,Y,14,8,0,6.0,4,4,1,2,3.0,4.0,2.0,3,3,6.71769806763285,0.2983705540993117,1545.0705555555555,230,0,0.0,0.0
989,31,No,Travel_Rarely,Research & Development,3,2,Life Sciences,1,990,Male,3,Laboratory Technician,Married,77560,1.0,Y,15,8,2,6.0,3,5,0,2,1.0,3.0,3.0,4,3,7.609416666666666,0.2889514979812642,1750.1658333333332,230,24,0.0,0.0
990,27,No,Travel_Rarely,Sales,3,3,Life Sciences,1,991,Male,1,Manager,Single,66940,1.0,Y,13,8,1,6.0,2,6,1,4,3.0,4.0,2.0,2,3,6.303799126637554,0.3063487854623001,1443.57,229,0,0.0,0.0
991,29,Yes,Travel_Rarely,Sales,4,3,Marketing,1,992,Male,5,Research Scientist,Single,36910,1.0,Y,13,8,0,2.0,3,2,2,2,2.0,2.0,3.0,3,3,6.805719311014071,0.3184969078140856,1558.5097222222223,229,0,0.0,0.0
992,29,No,Travel_Frequently,Research & Development,8,4,Life Sciences,1,993,Female,1,Sales Executive,Single,23770,8.0,Y,21,8,1,10.0,2,3,0,2,4.0,3.0,4.0,3,4,8.804921296296296,0.2954771384563365,2113.181111111111,240,239,11.386666666666656,0.0474444444444444
993,30,No,Travel_Rarely,Sales,7,3,Life Sciences,1,994,Male,3,Sales Executive,Divorced,23130,2.0,Y,11,8,0,12.0,5,7,1,7,3.0,1.0,3.0,3,3,8.030652958152958,0.3029442106709641,1855.0808333333332,231,126,0.0,0.0
994,34,No,Travel_Rarely,Research & Development,1,2,Medical,1,995,Female,2,Healthcare Representative,Married,176650,0.0,Y,11,8,0,6.0,5,5,1,2,4.0,4.0,3.0,2,3,9.935644631973746,0.2926873906957406,2354.7477777777776,237,237,221.74777777777777,0.935644631973746
995,33,No,Non-Travel,Research & Development,2,4,Medical,1,996,Male,1,Sales Representative,Single,25960,8.0,Y,14,8,1,13.0,4,11,1,7,4.0,2.0,2.0,3,3,7.386259746588694,0.3107068003395049,1684.0672222222222,228,5,0.0,0.0
996,49,No,Travel_Rarely,Sales,3,4,Marketing,1,997,Male,1,Sales Executive,Single,47280,3.0,Y,11,8,1,8.0,4,5,0,4,4.0,4.0,4.0,3,3,7.697562104787715,0.3073852908431426,1893.6002777777776,246,40,0.0,0.0
997,33,Yes,Travel_Rarely,Research & Development,10,3,Life Sciences,1,998,Male,1,Sales Executive,Single,43020,2.0,Y,13,8,0,11.0,3,0,0,0,1.0,1.0,2.0,1,3,8.278268762183236,0.3029104555340393,1887.4452777777776,228,191,0.0,0.0
998,38,No,Travel_Frequently,Research & Development,28,3,Medical,1,999,Male,1,Healthcare Representative,Married,29790,4.0,Y,12,8,1,9.0,3,6,0,5,3.0,2.0,2.0,3,3,7.878654195011339,0.304139472020263,1930.270277777778,245,81,0.0,0.0
999,31,Yes,Travel_Rarely,Human Resources,9,4,Human Resources,1,1000,Male,2,Laboratory Technician,Married,168850,2.0,Y,14,8,2,10.0,2,1,0,0,1.0,3.0,3.0,3,3,6.192529843893481,0.2910604367416572,1498.5922222222223,242,0,0.0,0.0
1000,29,No,Travel_Rarely,Research & Development,3,4,Other,1,1001,Female,2,Sales Representative,Divorced,55930,1.0,Y,13,8,1,1.0,3,1,0,0,4.0,1.0,3.0,3,3,6.292075958702065,0.2774616907408571,1422.0091666666667,226,0,0.0,0.0
1001,30,No,Travel_Rarely,Research & Development,2,1,Medical,1,1002,Male,1,Sales Representative,Married,104450,3.0,Y,18,8,1,10.0,3,7,1,7,3.0,3.0,3.0,3,3,6.826139005113901,0.3240059902643998,1631.4472222222223,239,0,0.0,0.0
1002,32,No,Non-Travel,Research & Development,10,4,Life Sciences,1,1003,Female,1,Laboratory Technician,Single,87400,2.0,Y,11,8,1,12.0,2,7,0,7,2.0,2.0,3.0,3,3,6.016168372319688,0.2933604521883554,1371.6863888888888,228,0,0.0,0.0
1003,38,No,Travel_Rarely,Research & Development,8,2,Technical Degree,1,1004,Female,1,Manufacturing Director,Married,25140,3.0,Y,11,8,0,15.0,2,1,1,0,2.0,4.0,3.0,2,3,9.019432624113476,0.283963717373644,2119.5666666666666,235,235,28.36777777777777,0.1207139479905437
1004,43,Yes,Travel_Frequently,Research & Development,1,4,Other,1,1005,Male,3,Sales Executive,Married,76550,9.0,Y,12,8,1,6.0,3,1,0,0,3.0,3.0,3.0,3,3,8.407244212962963,0.2809717670574946,2017.7386111111111,240,223,0.036666666666667,0.0001527777777777
1005,42,No,Travel_Rarely,Human Resources,1,3,Other,1,1006,Female,1,Healthcare Representative,Divorced,174650,8.0,Y,13,8,1,7.0,3,5,0,4,2.0,2.0,2.0,3,3,6.683682336182335,0.2841728277168996,1563.9816666666666,234,0,0.0,0.0
1006,55,No,Travel_Rarely,Research & Development,3,2,Life Sciences,1,1007,Female,1,Sales Executive,Married,73510,8.0,Y,20,8,1,34.0,3,1,0,0,3.0,1.0,3.0,3,4,7.606161398467433,0.2871269124894285,1764.6294444444443,232,22,0.0,0.0
1007,33,No,Non-Travel,Research & Development,14,3,Other,1,1008,Male,1,Research Scientist,Divorced,108200,5.0,Y,12,8,0,11.0,2,9,1,7,4.0,2.0,2.0,3,3,6.713771551724138,0.3032710570914196,1557.595,232,0,0.0,0.0
1008,41,No,Travel_Rarely,Research & Development,5,3,Medical,1,1009,Male,1,Sales Representative,Divorced,121690,1.0,Y,19,8,0,5.0,2,5,0,4,3.0,1.0,3.0,3,3,6.261173872617388,0.2956592092205612,1496.4205555555557,239,0,0.0,0.0
1009,34,No,Non-Travel,Research & Development,7,4,Medical,1,1010,Female,1,Research Scientist,Divorced,196260,1.0,Y,21,8,0,15.0,5,15,0,7,4.0,3.0,3.0,2,4,8.174600185960019,0.2722332745559598,1953.7294444444444,239,180,0.1866666666666674,0.0007810320781032
1010,53,No,Non-Travel,Research & Development,10,4,Medical,1,1011,Male,2,Healthcare Representative,Married,20700,4.0,Y,13,8,2,27.0,2,3,0,2,1.0,3.0,2.0,4,3,8.107574233716475,0.2886884372220089,1880.9572222222223,232,140,0.0,0.0
1011,43,No,Travel_Rarely,Sales,16,2,Marketing,1,1012,Female,1,Laboratory Technician,Single,67820,0.0,Y,16,8,1,10.0,2,9,1,8,2.0,4.0,3.0,3,3,6.08843779677113,0.2762306551231733,1424.6944444444443,234,0,0.0,0.0
1012,34,No,Travel_Rarely,Sales,10,2,Life Sciences,1,1013,Female,5,Sales Executive,Single,77790,5.0,Y,12,8,1,6.0,2,2,2,2,4.0,4.0,3.0,3,3,7.70343010018215,0.2885766748911562,1879.6369444444445,244,33,0.0,0.0
1013,21,Yes,Travel_Rarely,Sales,1,2,Marketing,1,1014,Male,5,Healthcare Representative,Single,27910,1.0,Y,14,8,0,1.0,3,1,1,0,2.0,2.0,3.0,4,3,7.487674940898345,0.3101086208986483,1759.6036111111111,235,8,0.0,0.0
1014,38,No,Travel_Rarely,Research & Development,8,2,Life Sciences,1,1015,Female,2,Sales Executive,Married,32010,1.0,Y,11,8,1,5.0,3,5,0,4,4.0,3.0,3.0,2,3,6.379568032015065,0.3166739704499139,1505.5780555555557,236,0,0.0,0.0
1015,22,Yes,Travel_Rarely,Research & Development,1,3,Other,1,1016,Male,4,Research Scientist,Married,49680,1.0,Y,14,8,0,1.0,3,1,0,0,3.0,1.0,3.0,3,3,8.877802926383174,0.2936967632587575,2157.306111111111,243,243,16.006388888888885,0.0658699131229995
1016,31,No,Travel_Rarely,Research & Development,8,5,Life Sciences,1,1017,Male,5,Sales Executive,Married,131200,1.0,Y,12,8,2,13.0,6,12,5,7,1.0,4.0,3.0,2,3,7.294315134099617,0.3004178830495632,1692.2811111111112,232,3,0.0,0.0
1017,51,No,Travel_Rarely,Research & Development,1,4,Life Sciences,1,1018,Female,1,Manager,Married,40330,2.0,Y,14,8,0,15.0,2,2,2,2,1.0,3.0,3.0,3,3,6.720105485232067,0.2819514217492588,1592.665,237,0,0.0,0.0
1018,37,No,Travel_Rarely,Research & Development,24,1,Life Sciences,1,1019,Male,2,Sales Executive,Married,32910,1.0,Y,16,8,3,5.0,2,5,0,3,2.0,2.0,3.0,2,3,7.974443296602387,0.3026907864359875,1929.8152777777775,242,108,0.0,0.0
1019,46,No,Travel_Rarely,Sales,3,4,Marketing,1,1020,Female,1,Sales Representative,Divorced,42720,7.0,Y,13,8,0,24.0,3,2,2,2,3.0,4.0,3.0,4,3,10.019207482993195,0.2879753417515646,2454.705833333333,245,245,249.70583333333332,1.0192074829931974
1020,36,No,Travel_Rarely,Research & Development,27,3,Technical Degree,1,1021,Female,4,Research Scientist,Married,50560,7.0,Y,12,8,0,15.0,2,12,5,7,4.0,1.0,3.0,2,3,9.546405092592591,0.3112410314247276,2291.137222222222,240,240,131.80055555555558,0.5491689814814815
1021,44,Yes,Travel_Frequently,Sales,10,4,Life Sciences,1,1022,Male,1,Research Scientist,Divorced,28440,1.0,Y,12,8,0,6.0,2,5,2,3,3.0,2.0,2.0,4,3,9.284885265700485,0.2948930545714014,2135.523611111111,230,230,71.41499999999999,0.3104999999999999
1022,37,No,Travel_Rarely,Research & Development,19,2,Technical Degree,1,1023,Male,2,Sales Executive,Divorced,27030,2.0,Y,14,8,0,19.0,2,10,4,7,3.0,2.0,2.0,3,3,6.1112451267056525,0.3035501644884803,1393.3638888888888,228,0,0.0,0.0
1023,35,Yes,Travel_Rarely,Research & Development,15,4,Life Sciences,1,1024,Male,2,Research Scientist,Single,19040,1.0,Y,22,8,1,10.0,4,10,7,7,3.0,4.0,3.0,3,4,8.59096918971373,0.2982687706376289,1967.3319444444444,229,224,2.432499999999999,0.010622270742358
1024,33,No,Travel_Rarely,Research & Development,8,5,Medical,1,1025,Male,2,Laboratory Technician,Married,82240,6.0,Y,19,8,0,14.0,3,10,7,6,4.0,1.0,3.0,3,3,8.001345804988663,0.2992675390268081,1960.3297222222225,245,119,0.0,0.0
1025,28,No,Travel_Rarely,Sales,9,3,Medical,1,1026,Female,2,Sales Executive,Married,47660,1.0,Y,12,8,0,5.0,3,5,0,3,3.0,4.0,4.0,3,3,7.398159873847647,0.2921421827478183,1694.1786111111112,229,3,0.0,0.0
1026,39,No,Travel_Rarely,Sales,3,4,Marketing,1,1027,Female,2,Laboratory Technician,Single,26100,7.0,Y,12,8,0,9.0,2,4,2,2,3.0,3.0,3.0,2,3,6.896431892143189,0.3155974438644962,1648.2472222222225,239,0,0.0,0.0
1027,46,No,Non-Travel,Research & Development,9,2,Life Sciences,1,1028,Male,2,Manufacturing Director,Single,57310,8.0,Y,17,8,0,6.0,2,2,2,2,2.0,2.0,3.0,3,3,6.693008687700045,0.2871413679495876,1626.401111111111,243,0,0.0,0.0
1028,40,No,Travel_Rarely,Research & Development,2,2,Medical,1,1029,Male,1,Research Director,Married,25390,4.0,Y,12,8,1,7.0,3,4,0,2,3.0,1.0,2.0,3,3,6.599432367149759,0.2985650396994882,1517.8694444444443,230,0,0.0,0.0
1029,42,No,Travel_Rarely,Research & Development,7,4,Other,1,1030,Female,2,Laboratory Technician,Married,57140,5.0,Y,11,8,0,10.0,2,0,0,0,2.0,1.0,2.0,3,3,6.59779822029822,0.3047791705099673,1524.0913888888888,231,0,0.0,0.0
1030,35,No,Non-Travel,Sales,10,1,Life Sciences,1,1031,Female,2,Research Director,Divorced,43230,2.0,Y,18,8,3,15.0,3,7,1,7,2.0,4.0,3.0,3,3,6.677146038443507,0.2951201966901185,1582.483611111111,237,0,0.0,0.0
1031,38,No,Non-Travel,Sales,6,4,Marketing,1,1032,Male,3,Sales Executive,Divorced,73360,5.0,Y,11,8,0,13.0,3,11,3,8,1.0,2.0,3.0,3,3,7.802694672131148,0.2925154746566919,1903.8575,244,59,0.0,0.0
1032,34,Yes,Travel_Frequently,Research & Development,2,1,Life Sciences,1,1033,Male,1,Manufacturing Director,Married,134990,4.0,Y,23,8,2,11.0,2,7,0,7,4.0,1.0,2.0,4,4,7.893937198067633,0.30482522056243,1815.605555555556,230,82,0.0,0.0
1033,37,Yes,Travel_Rarely,Research & Development,24,3,Life Sciences,1,1034,Male,1,Laboratory Technician,Single,137580,1.0,Y,11,8,1,10.0,5,10,0,8,4.0,1.0,1.0,3,3,6.208432784636488,0.301908446231353,1508.6491666666666,243,0,0.0,0.0
1034,39,No,Travel_Frequently,Research & Development,2,1,Medical,1,1035,Male,2,Healthcare Representative,Divorced,51550,2.0,Y,18,8,1,7.0,3,2,2,2,3.0,4.0,3.0,2,3,6.198692468619247,0.3004437981920715,1481.4875,239,0,0.0,0.0
1035,43,No,Non-Travel,Human Resources,8,5,Medical,1,1036,Female,3,Sales Executive,Single,22580,4.0,Y,18,8,0,7.0,2,3,1,2,1.0,3.0,2.0,3,3,7.418051868239921,0.3169587265693803,1676.479722222222,226,10,0.0,0.0
1036,41,No,Travel_Rarely,Research & Development,3,3,Life Sciences,1,1037,Male,3,Research Scientist,Single,35970,3.0,Y,13,8,1,11.0,2,3,1,2,2.0,2.0,1.0,1,3,7.800170212765957,0.3008533343091583,1833.04,235,61,0.0,0.0
1037,41,No,Travel_Rarely,Research & Development,1,1,Technical Degree,1,1038,Male,3,Laboratory Technician,Divorced,25150,0.0,Y,18,8,0,23.0,2,22,13,5,3.0,3.0,4.0,2,3,10.323418715846994,0.2949925082526069,2518.9141666666665,244,244,322.9141666666667,1.3234187158469946
1038,30,No,Travel_Rarely,Sales,26,3,Marketing,1,1039,Female,2,Manager,Single,44200,9.0,Y,11,8,0,9.0,3,7,0,2,1.0,3.0,3.0,3,3,7.069740663900414,0.300055735208532,1703.8075,241,0,0.0,0.0
1039,26,Yes,Travel_Rarely,Human Resources,2,1,Technical Degree,1,1040,Female,3,Sales Executive,Married,65780,0.0,Y,15,8,2,6.0,3,5,1,4,4.0,2.0,3.0,2,3,8.69433695652174,0.2660655566305298,1999.6975,230,229,3.210833333333332,0.0139601449275362
1040,46,Yes,Travel_Rarely,Research & Development,10,3,Medical,1,1041,Male,1,Sales Executive,Married,44220,4.0,Y,11,8,1,13.0,2,9,3,7,4.0,2.0,4.0,3,3,7.967791383219954,0.300094268256566,1952.108888888889,245,105,0.0,0.0
1041,40,No,Travel_Rarely,Sales,27,2,Medical,1,1042,Female,3,Sales Executive,Divorced,102740,4.0,Y,18,8,0,12.0,3,5,0,3,3.0,4.0,3.0,3,3,6.591388888888889,0.2944132210275829,1535.7936111111112,233,0,0.0,0.0
1042,34,No,Travel_Rarely,Research & Development,2,3,Life Sciences,1,1043,Male,2,Laboratory Technician,Married,53430,1.0,Y,14,8,0,10.0,5,10,4,8,2.0,3.0,3.0,2,3,7.373935584291188,0.3049701585735433,1710.7530555555556,232,4,0.0,0.0
1043,58,No,Non-Travel,Research & Development,2,4,Medical,1,1044,Male,1,Laboratory Technician,Divorced,23760,4.0,Y,12,8,1,37.0,3,16,14,14,2.0,2.0,2.0,3,3,6.604357567443987,0.2883982820632738,1604.858888888889,243,0,0.0,0.0
1044,35,No,Travel_Rarely,Research & Development,8,1,Technical Degree,1,1045,Female,3,Manufacturing Director,Married,53460,0.0,Y,14,8,0,6.0,3,5,0,3,2.0,3.0,4.0,2,3,7.404206871345028,0.2809173264845884,1688.1591666666666,228,3,0.0,0.0
1045,47,No,Travel_Rarely,Research & Development,19,5,Medical,1,1046,Female,2,Research Scientist,Divorced,28270,8.0,Y,14,8,1,28.0,3,22,14,10,3.0,2.0,3.0,3,3,10.70971158392435,0.2901283442473065,2516.782222222222,235,235,401.78222222222223,1.70971158392435
1046,40,No,Travel_Rarely,Research & Development,1,4,Life Sciences,1,1047,Male,2,Manager,Divorced,199430,2.0,Y,13,8,1,15.0,3,7,7,7,2.0,1.0,3.0,3,3,7.2272386310361,0.297360288772279,1712.8555555555556,237,2,0.0,0.0
1047,54,No,Travel_Rarely,Sales,27,4,Medical,1,1048,Male,1,Research Scientist,Married,31310,4.0,Y,14,8,0,14.0,3,7,1,7,4.0,4.0,2.0,2,3,7.084196991751577,0.3061980774823636,1622.2811111111112,229,0,0.0,0.0
1048,31,No,Travel_Frequently,Sales,8,4,Other,1,1049,Female,3,Manufacturing Director,Married,25520,2.0,Y,18,8,0,9.0,2,3,2,2,1.0,1.0,3.0,3,3,7.490906619385343,0.2958759647881245,1760.3630555555555,235,10,0.0,0.0
1049,28,No,Travel_Rarely,Sales,1,2,Life Sciences,1,1050,Male,3,Manager,Married,44770,1.0,Y,15,8,0,3.0,6,3,1,2,3.0,1.0,3.0,3,3,7.552442028985507,0.2928861109222728,1737.0616666666667,230,15,0.0,0.0
1050,38,No,Travel_Rarely,Research & Development,19,3,Medical,1,1051,Female,2,Manufacturing Director,Married,64740,2.0,Y,13,8,2,20.0,3,4,0,3,2.0,4.0,2.0,1,3,9.511932773109244,0.2803377615573399,2263.84,238,238,122.77333333333333,0.5158543417366946
1051,26,No,Travel_Rarely,Sales,8,3,Marketing,1,1052,Female,1,Healthcare Representative,Single,30330,1.0,Y,12,8,0,5.0,2,5,1,2,3.0,4.0,3.0,2,3,6.121894467689447,0.3120326005920176,1463.1327777777778,239,0,0.0,0.0
1052,58,No,Travel_Frequently,Research & Development,10,4,Technical Degree,1,1053,Female,1,Sales Representative,Married,29360,2.0,Y,13,8,1,23.0,3,2,2,2,1.0,3.0,3.0,3,3,9.588722222222223,0.3107765797062751,2301.293333333333,240,240,141.36583333333334,0.5890243055555556
1053,18,No,Non-Travel,Research & Development,2,3,Life Sciences,1,1054,Male,3,Sales Representative,Single,186060,1.0,Y,24,8,2,0.0,4,0,0,0,2.0,3.0,1.0,3,4,7.6525319148936175,0.3089818720227248,1798.345,235,29,0.0,0.0
1054,31,Yes,Travel_Rarely,Research & Development,2,3,Life Sciences,1,1055,Male,3,Laboratory Technician,Married,21680,0.0,Y,14,8,1,2.0,2,1,0,0,4.0,1.0,3.0,3,3,6.110721040189125,0.3023116607142876,1436.0194444444444,235,0,0.0,0.0
1055,29,Yes,Travel_Rarely,Research & Development,8,2,Medical,1,1056,Male,1,Manager,Divorced,28530,4.0,Y,14,8,1,4.0,5,2,2,0,1.0,1.0,3.0,2,3,8.695968221307727,0.3049736971311863,2113.1202777777776,243,239,6.693055555555551,0.0275434385002286
1056,45,No,Non-Travel,Sales,1,4,Technical Degree,1,1057,Male,1,Research Scientist,Married,170480,4.0,Y,15,8,0,10.0,3,8,5,7,3.0,3.0,4.0,2,3,7.203180076628352,0.2664410417274982,1671.1377777777775,232,0,0.0,0.0
1057,36,No,Travel_Rarely,Sales,2,3,Technical Degree,1,1058,Female,5,Laboratory Technician,Married,22900,4.0,Y,11,8,0,15.0,5,1,0,0,4.0,2.0,3.0,3,3,10.658820330969268,0.3155688889108166,2504.822777777778,235,235,389.8227777777778,1.6588203309692673
1058,43,No,Travel_Frequently,Sales,8,3,Medical,1,1059,Male,1,Research Director,Married,36000,1.0,Y,23,8,0,7.0,2,7,7,7,1.0,4.0,3.0,3,4,6.99689734299517,0.2972595511272023,1609.286388888889,230,0,0.0,0.0
1059,27,No,Travel_Frequently,Sales,8,4,Life Sciences,1,1060,Male,5,Research Scientist,Single,21070,0.0,Y,13,8,0,6.0,2,5,0,2,4.0,4.0,2.0,3,3,10.206041092745638,0.2938227785954411,2469.8619444444444,242,242,291.8619444444444,1.2060410927456382
1060,29,No,Travel_Frequently,Research & Development,6,2,Medical,1,1061,Male,1,Human Resources,Married,41150,1.0,Y,11,8,0,11.0,1,11,3,10,4.0,4.0,4.0,3,3,7.693395452414439,0.2938493452968319,1823.334722222222,237,37,0.0,0.0
1061,32,No,Travel_Frequently,Sales,9,4,Life Sciences,1,1062,Male,4,Sales Executive,Single,43270,8.0,Y,13,8,0,4.0,4,0,0,0,4.0,4.0,4.0,3,3,7.601602657004831,0.3089690451342608,1748.368611111111,230,21,0.0,0.0
1062,42,No,Non-Travel,Research & Development,11,3,Medical,1,1063,Male,1,Manager,Married,178560,3.0,Y,18,8,0,10.0,2,6,3,3,3.0,3.0,2.0,3,3,6.490872011251758,0.3123443305540129,1538.3366666666666,237,0,0.0,0.0
1063,47,No,Travel_Rarely,Sales,2,2,Life Sciences,1,1064,Female,5,Manager,Single,31960,4.0,Y,14,8,1,7.0,3,2,2,0,2.0,3.0,3.0,2,3,6.100282694198623,0.3129341209201676,1378.6638888888888,226,0,0.0,0.0
1064,46,No,Travel_Rarely,Human Resources,1,3,Life Sciences,1,1065,Female,1,Laboratory Technician,Divorced,190810,3.0,Y,21,8,0,12.0,2,9,4,7,4.0,4.0,2.0,3,4,7.237116013071895,0.2850535933198899,1722.433611111111,238,0,0.0,0.0
1065,28,No,Non-Travel,Research & Development,7,3,Life Sciences,1,1066,Male,1,Sales Executive,Divorced,89660,1.0,Y,16,8,1,3.0,3,3,2,2,3.0,4.0,3.0,2,3,7.694691225560324,0.3028028628020255,1792.8630555555555,233,36,0.0,0.0
1066,29,No,Travel_Rarely,Research & Development,16,3,Medical,1,1067,Female,1,Manufacturing Director,Divorced,22100,8.0,Y,11,8,1,11.0,4,7,1,6,4.0,3.0,3.0,3,3,7.998587061087061,0.2762447699587242,1847.673611111111,231,117,0.0,0.0
1067,42,No,Travel_Rarely,Sales,2,4,Medical,1,1068,Female,2,Research Director,Single,45390,4.0,Y,17,8,1,8.0,5,0,0,0,4.0,3.0,3.0,3,3,6.593369064084832,0.2967363028904217,1589.0019444444445,241,0,0.0,0.0
1068,32,Yes,Travel_Rarely,Research & Development,1,1,Medical,1,1069,Male,2,Laboratory Technician,Single,27410,7.0,Y,11,8,0,7.0,3,2,2,2,3.0,2.0,2.0,3,3,10.411639709329584,0.325146343007553,2467.558611111111,237,237,334.55861111111113,1.411639709329583
1069,46,No,Travel_Rarely,Research & Development,23,1,Life Sciences,1,1070,Male,2,Laboratory Technician,Divorced,34910,2.0,Y,14,8,0,25.0,0,19,2,8,1.0,1.0,3.0,3,3,7.870749299719887,0.3057655461666065,1873.2383333333328,238,85,0.0,0.0
1070,27,No,Travel_Rarely,Sales,2,3,Life Sciences,1,1071,Female,5,Research Scientist,Married,45410,1.0,Y,14,8,2,9.0,4,9,5,8,2.0,3.0,3.0,4,3,7.0824721009218825,0.293214682397707,1621.8861111111112,229,0,0.0,0.0
1071,29,No,Travel_Rarely,Research & Development,1,2,Medical,1,1072,Male,3,Sales Executive,Married,26780,1.0,Y,25,8,1,1.0,3,1,0,0,4.0,2.0,3.0,3,4,7.980670212765958,0.3054763359717014,1875.4575,235,110,0.0,0.0
1072,43,No,Travel_Rarely,Research & Development,1,3,Life Sciences,1,1073,Male,1,Manufacturing Director,Married,73790,7.0,Y,13,8,2,21.0,3,16,6,14,1.0,3.0,3.0,2,3,6.301853764921947,0.2837037707193373,1525.048611111111,242,0,0.0,0.0
1073,48,No,Travel_Rarely,Research & Development,2,3,Life Sciences,1,1074,Female,2,Manager,Married,62720,4.0,Y,14,8,0,29.0,3,22,12,9,4.0,2.0,3.0,2,3,6.104008438818566,0.2915043165888286,1446.65,237,0,0.0,0.0
1074,29,Yes,Travel_Frequently,Research & Development,13,2,Life Sciences,1,1075,Female,1,Laboratory Technician,Single,52200,1.0,Y,17,8,0,1.0,3,1,1,0,4.0,4.0,2.0,2,3,8.589410018993354,0.3176880751994029,2009.9219444444443,234,227,3.865555555555554,0.0165194681861348
1075,46,Yes,Travel_Rarely,Research & Development,4,4,Medical,1,1076,Female,2,Sales Representative,Married,27430,5.0,Y,25,8,1,14.0,1,8,0,7,3.0,2.0,3.0,4,4,7.884351449275362,0.2911015152753127,1813.4008333333331,230,76,0.0,0.0
1076,27,No,Travel_Frequently,Research & Development,16,4,Medical,1,1077,Male,3,Healthcare Representative,Married,49980,0.0,Y,20,8,2,8.0,3,7,7,3,4.0,1.0,2.0,3,4,7.683338001867414,0.2981842504120961,1828.6344444444444,238,36,0.0,0.0
1077,39,No,Travel_Rarely,Research & Development,2,3,Technical Degree,1,1078,Male,3,Healthcare Representative,Divorced,102520,8.0,Y,13,8,1,7.0,3,2,2,2,3.0,4.0,3.0,3,3,6.520391203703704,0.2795978759392771,1564.8938888888888,240,0,0.0,0.0
1078,55,No,Travel_Rarely,Research & Development,2,3,Life Sciences,1,1079,Female,1,Human Resources,Married,27810,8.0,Y,13,8,1,19.0,2,5,0,4,2.0,4.0,4.0,3,3,6.234294962335217,0.3015029393083978,1471.2936111111112,236,0,0.0,0.0
1079,28,No,Travel_Rarely,Research & Development,29,2,Life Sciences,1,1080,Male,2,Laboratory Technician,Married,68520,1.0,Y,18,8,1,1.0,2,1,0,0,2.0,2.0,3.0,4,3,7.032183064121391,0.3026748590840394,1596.3055555555557,227,0,0.0,0.0
1080,30,Yes,Travel_Rarely,Sales,12,4,Life Sciences,1,1081,Female,2,Sales Executive,Single,49500,1.0,Y,12,8,2,1.0,3,1,0,0,2.0,4.0,2.0,3,3,7.692906920077973,0.2966279716401365,1753.9827777777778,228,36,0.0,0.0
1081,22,Yes,Travel_Rarely,Research & Development,16,2,Life Sciences,1,1082,Female,2,Laboratory Technician,Single,35790,1.0,Y,19,8,3,1.0,3,1,0,0,4.0,2.0,3.0,3,3,10.503807727480568,0.282421030665421,2552.425277777778,243,243,365.4252777777778,1.503807727480567
1082,36,No,Travel_Rarely,Research & Development,11,3,Life Sciences,1,1083,Male,1,Sales Executive,Married,131910,1.0,Y,14,8,1,10.0,2,10,1,7,2.0,3.0,3.0,2,3,9.49515924329502,0.2983875208835276,2202.876944444444,232,232,116.02944444444444,0.5001269157088122
1083,31,No,Travel_Rarely,Research & Development,2,4,Life Sciences,1,1084,Female,5,Manager,Divorced,103770,1.0,Y,14,8,0,10.0,2,10,0,2,2.0,3.0,3.0,3,3,7.479487994350282,0.2848274637990705,1765.1591666666666,236,7,0.0,0.0
1084,34,No,Travel_Rarely,Sales,14,2,Technical Degree,1,1085,Female,1,Sales Executive,Married,22350,2.0,Y,14,8,1,9.0,2,5,1,0,3.0,4.0,3.0,3,3,8.122622655122655,0.3068723618341599,1876.325833333333,231,150,0.0,0.0
1085,29,No,Travel_Rarely,Research & Development,5,5,Life Sciences,1,1086,Female,1,Sales Executive,Single,105020,3.0,Y,12,8,0,11.0,4,3,1,2,4.0,1.0,3.0,2,3,7.120189933523267,0.3133169354705096,1666.1244444444444,234,1,0.0,0.0
1086,37,No,Travel_Rarely,Research & Development,7,2,Medical,1,1087,Male,1,Manufacturing Director,Married,20110,5.0,Y,13,8,0,16.0,4,5,0,4,4.0,1.0,3.0,4,3,8.666963519313304,0.2955924590607996,2019.4025,233,229,4.273888888888882,0.0183428707677634
1087,35,No,Travel_Rarely,Sales,2,1,Technical Degree,1,1088,Male,2,Laboratory Technician,Married,18590,0.0,Y,25,8,1,4.0,2,3,0,2,4.0,2.0,3.0,2,4,10.470496113397347,0.2954125028753003,2544.330555555556,243,243,357.3305555555556,1.470496113397348
1088,45,No,Travel_Rarely,Research & Development,3,3,Medical,1,1089,Female,2,Sales Executive,Married,37600,0.0,Y,14,8,1,10.0,2,9,3,8,2.0,4.0,2.0,2,3,7.106643709825528,0.313002638310012,1719.8077777777778,242,0,0.0,0.0
1089,36,No,Travel_Frequently,Research & Development,5,3,Medical,1,1090,Female,4,Manufacturing Director,Single,177790,1.0,Y,17,8,1,10.0,5,10,0,8,2.0,4.0,2.0,1,3,6.496840430739109,0.2688981610909937,1474.7827777777777,227,0,0.0,0.0
1090,40,No,Travel_Rarely,Research & Development,3,3,Other,1,1091,Male,1,Sales Executive,Divorced,68330,2.0,Y,13,8,0,22.0,3,19,11,16,1.0,1.0,3.0,3,3,6.775284608378871,0.2958256442069468,1653.1694444444445,244,0,0.0,0.0
1091,26,No,Travel_Rarely,Research & Development,26,2,Life Sciences,1,1092,Male,2,Human Resources,Married,68120,1.0,Y,13,8,0,1.0,2,1,1,0,2.0,3.0,2.0,2,3,9.301751867413632,0.3001958535133748,2213.8169444444443,238,238,78.13694444444444,0.3283064892623716
1092,27,No,Travel_Rarely,Research & Development,4,3,Technical Degree,1,1093,Male,2,Manufacturing Director,Single,51710,0.0,Y,20,8,1,9.0,1,8,0,7,1.0,3.0,3.0,2,4,7.590319865319865,0.2993416486285415,1753.3638888888888,231,18,0.0,0.0
1093,48,No,Travel_Frequently,Research & Development,2,3,Life Sciences,1,1094,Male,2,Research Director,Divorced,197400,3.0,Y,14,8,0,24.0,2,22,4,7,4.0,4.0,3.0,4,3,7.232274805669867,0.3034566136863174,1757.4427777777778,243,1,0.0,0.0
1094,44,No,Travel_Rarely,Sales,1,2,Medical,1,1095,Male,4,Manager,Married,187110,2.0,Y,12,8,1,10.0,0,2,2,2,2.0,1.0,3.0,3,3,7.077287920700783,0.2989106698995872,1705.6263888888889,241,0,0.0,0.0
1095,34,Yes,Non-Travel,Research & Development,27,2,Life Sciences,1,1096,Female,1,Sales Representative,Married,36920,1.0,Y,12,8,1,5.0,5,5,3,0,4.0,1.0,3.0,3,3,10.187851063829788,0.3072872386177186,2394.145,235,235,279.145,1.1878510638297872
1096,56,Yes,Travel_Rarely,Human Resources,1,2,Medical,1,1097,Female,5,Sales Executive,Single,25590,1.0,Y,21,8,0,5.0,3,4,1,0,1.0,4.0,3.0,3,4,6.864824434824435,0.3123368053337578,1585.7744444444445,231,0,0.0,0.0
1097,36,No,Travel_Rarely,Research & Development,13,3,Technical Degree,1,1098,Female,3,Healthcare Representative,Married,25170,2.0,Y,14,8,0,12.0,3,4,1,3,3.0,2.0,1.0,3,3,7.289100877192983,0.3020067484178846,1661.915,228,1,0.0,0.0
1098,41,No,Travel_Rarely,Research & Development,5,3,Life Sciences,1,1099,Female,1,Sales Executive,Married,66230,5.0,Y,18,8,0,14.0,3,5,1,4,3.0,2.0,3.0,3,3,6.413640223192624,0.3244837306466679,1468.723611111111,229,0,0.0,0.0
1099,42,No,Travel_Rarely,Research & Development,7,3,Technical Degree,1,1100,Female,2,Sales Executive,Married,182650,9.0,Y,12,8,1,18.0,4,13,5,7,3.0,1.0,4.0,3,3,7.383247126436782,0.3150053421008482,1712.9133333333334,232,5,0.0,0.0
1100,31,No,Travel_Rarely,Sales,9,4,Life Sciences,1,1101,Female,1,Sales Executive,Divorced,161240,2.0,Y,23,8,1,8.0,2,5,1,4,3.0,4.0,3.0,2,4,8.327236652236653,0.2991427552336799,1923.5916666666667,231,201,0.5186111111111096,0.0022450697450697
1101,34,No,Travel_Rarely,Research & Development,8,1,Life Sciences,1,1102,Female,3,Laboratory Technician,Married,25850,3.0,Y,12,8,0,9.0,5,4,0,1,4.0,4.0,2.0,3,3,9.21250929800093,0.2919413337739631,2201.7897222222223,239,239,60.05944444444444,0.2512947466294746
1102,31,No,Travel_Rarely,Sales,25,2,Life Sciences,1,1103,Female,3,Manufacturing Director,Divorced,182130,8.0,Y,21,8,2,4.0,3,2,2,2,1.0,3.0,2.0,4,4,6.801304143126177,0.3073954000608315,1605.1077777777778,236,0,0.0,0.0
1103,26,No,Travel_Frequently,Sales,16,2,Life Sciences,1,1104,Male,2,Healthcare Representative,Married,83800,2.0,Y,14,8,0,8.0,3,7,7,7,3.0,4.0,3.0,4,3,6.074546783625731,0.3226540923747996,1384.996666666667,228,0,0.0,0.0
1104,45,No,Travel_Frequently,Research & Development,8,4,Life Sciences,1,1105,Female,2,Manager,Single,29940,4.0,Y,18,8,1,12.0,2,4,0,3,2.0,3.0,3.0,3,3,7.784967320261439,0.2913075226752493,1852.8222222222223,238,54,0.0,0.0
1105,33,No,Travel_Rarely,Sales,1,3,Life Sciences,1,1106,Female,5,Sales Executive,Single,12230,1.0,Y,13,8,1,10.0,3,10,0,9,2.0,3.0,2.0,3,3,6.45017224648229,0.2990099312931579,1477.0894444444443,229,0,0.0,0.0
1106,28,No,Travel_Frequently,Sales,8,3,Life Sciences,1,1107,Male,4,Research Scientist,Married,11180,1.0,Y,11,8,0,7.0,3,7,0,7,3.0,4.0,3.0,3,3,10.603598218471635,0.3048578698470019,2513.052777777778,237,237,380.05277777777775,1.603598218471636
1107,29,Yes,Travel_Frequently,Human Resources,2,4,Human Resources,1,1108,Male,2,Sales Executive,Single,28750,1.0,Y,11,8,0,1.0,3,1,0,0,3.0,1.0,3.0,3,3,6.806472222222222,0.2888523660221068,1565.4886111111111,230,0,0.0,0.0
1108,39,No,Non-Travel,Research & Development,8,5,Medical,1,1109,Female,2,Sales Representative,Married,188240,6.0,Y,19,8,1,10.0,4,3,1,2,1.0,3.0,3.0,3,3,6.29495652173913,0.3190949717842405,1447.84,230,0,0.0,0.0
1109,27,No,Travel_Rarely,Sales,3,2,Technical Degree,1,1110,Male,2,Healthcare Representative,Married,135770,1.0,Y,12,8,1,6.0,2,5,1,2,2.0,2.0,2.0,3,3,7.285151072124757,0.299096634028411,1661.0144444444445,228,1,0.0,0.0
1110,34,No,Travel_Frequently,Research & Development,9,4,Life Sciences,1,1111,Female,2,Manufacturing Director,Married,26250,1.0,Y,12,8,3,16.0,4,15,6,11,3.0,4.0,3.0,3,3,8.92771402550091,0.3294682655291099,2178.362222222222,244,244,24.977500000000003,0.1023668032786885
1111,28,Yes,Travel_Rarely,Research & Development,25,3,Technical Degree,1,1112,Male,1,Research Director,Single,187890,3.0,Y,16,8,1,6.0,4,2,2,2,4.0,3.0,3.0,3,3,9.4250283446712,0.2962163133949539,2309.1319444444443,245,245,105.91805555555555,0.4323185941043084
1112,47,No,Non-Travel,Research & Development,1,4,Medical,1,1113,Male,1,Research Scientist,Married,45380,8.0,Y,11,8,0,16.0,3,8,1,7,3.0,2.0,4.0,3,3,6.003419540229885,0.2787650263095587,1392.7933333333333,232,0,0.0,0.0
1113,56,No,Travel_Rarely,Research & Development,4,3,Technical Degree,1,1114,Female,2,Sales Executive,Married,198470,4.0,Y,14,8,0,6.0,6,0,0,0,4.0,1.0,3.0,3,3,7.890800865800866,0.3104875532891819,1822.775,231,81,0.0,0.0
1114,39,No,Travel_Rarely,Research & Development,1,3,Other,1,1115,Female,1,Laboratory Technician,Married,105120,1.0,Y,12,8,1,10.0,2,10,7,9,1.0,1.0,3.0,3,3,6.986115942028985,0.3256863090370609,1606.8066666666666,230,1,0.0,0.0
1115,38,No,Travel_Frequently,Research & Development,4,2,Medical,1,1116,Female,1,Manager,Divorced,44440,1.0,Y,13,8,0,20.0,2,20,0,7,4.0,2.0,3.0,3,3,10.808027326106597,0.3194205987646056,2658.7747222222224,246,246,444.77472222222224,1.8080273261065944
1116,58,No,Travel_Rarely,Sales,5,3,Marketing,1,1117,Male,5,Sales Representative,Married,21540,4.0,Y,21,8,1,29.0,3,1,0,0,4.0,4.0,2.0,3,4,9.888919376693767,0.2934403847406789,2432.6741666666667,246,246,218.67416666666668,0.888919376693767
1117,32,Yes,Travel_Frequently,Research & Development,9,3,Life Sciences,1,1118,Male,2,Laboratory Technician,Single,191900,3.0,Y,17,8,1,8.0,2,4,0,3,1.0,3.0,3.0,3,3,10.220872340425531,0.2866243589155201,2401.905,235,235,286.90500000000003,1.220872340425532
1118,38,No,Travel_Rarely,Research & Development,3,4,Life Sciences,1,1119,Female,1,Sales Representative,Divorced,44900,2.0,Y,21,8,1,10.0,1,5,0,3,2.0,4.0,4.0,3,4,7.62043853427896,0.3124422376148753,1790.8030555555556,235,28,0.0,0.0
1119,49,No,Travel_Frequently,Sales,11,4,Life Sciences,1,1120,Male,2,Research Scientist,Married,35060,3.0,Y,11,8,1,28.0,4,5,4,3,2.0,4.0,3.0,2,3,6.284957446808511,0.3273484392221462,1476.965,235,0,0.0,0.0
1120,42,No,Travel_Rarely,Sales,1,3,Life Sciences,1,1121,Female,1,Sales Executive,Divorced,23720,3.0,Y,12,8,1,14.0,3,0,0,0,2.0,4.0,3.0,3,3,8.701982167352536,0.2999388565757154,2114.5816666666665,243,239,6.6055555555555525,0.0271833561957018
1121,27,Yes,Travel_Frequently,Sales,8,1,Life Sciences,1,1122,Male,4,Laboratory Technician,Married,102310,1.0,Y,13,8,1,1.0,2,1,0,0,1.0,2.0,3.0,3,3,6.502103503918856,0.3202768637856233,1567.0069444444443,241,0,0.0,0.0
1122,35,No,Travel_Rarely,Research & Development,25,1,Medical,1,1123,Male,1,Sales Executive,Married,54100,0.0,Y,18,8,0,6.0,4,5,0,4,2.0,1.0,1.0,3,3,6.612638888888889,0.2731940590217707,1600.2586111111111,242,0,0.0,0.0
1123,28,No,Non-Travel,Research & Development,21,1,Medical,1,1124,Male,3,Research Scientist,Single,79780,1.0,Y,16,8,2,5.0,2,5,1,4,3.0,3.0,2.0,3,3,6.665572318007663,0.3085968118148604,1546.4127777777778,232,0,0.0,0.0
1124,31,No,Non-Travel,Sales,23,1,Medical,1,1125,Male,1,Sales Executive,Divorced,38670,1.0,Y,11,8,1,4.0,4,4,2,3,3.0,1.0,4.0,4,3,9.812982456140352,0.2869403758194794,2423.806666666667,247,247,200.80666666666667,0.8129824561403509
1125,36,No,Non-Travel,Research & Development,1,3,Life Sciences,1,1126,Male,2,Research Scientist,Married,28380,1.0,Y,19,8,2,5.0,5,5,0,2,1.0,2.0,3.0,1,3,7.101659779614325,0.2813939241520274,1718.6016666666667,242,0,0.0,0.0
1126,34,No,Travel_Rarely,Sales,2,3,Marketing,1,1127,Male,4,Healthcare Representative,Single,46950,1.0,Y,16,8,1,14.0,2,14,2,1,1.0,4.0,2.0,3,3,6.024793447293448,0.2931772464940302,1409.8016666666667,234,0,0.0,0.0
1127,34,No,Travel_Rarely,Research & Development,19,3,Technical Degree,1,1128,Female,1,Research Director,Divorced,33390,1.0,Y,16,8,0,9.0,2,8,1,1,4.0,3.0,2.0,2,3,6.802054617909048,0.3106997195515237,1612.0869444444445,237,0,0.0,0.0
1128,26,No,Travel_Rarely,Research & Development,2,2,Life Sciences,1,1129,Male,2,Research Scientist,Single,20800,0.0,Y,13,8,0,8.0,6,7,7,6,3.0,1.0,2.0,4,3,6.771128328741965,0.2872119121705287,1638.6130555555555,242,0,0.0,0.0
1129,29,No,Travel_Rarely,Research & Development,2,4,Other,1,1130,Male,2,Laboratory Technician,Married,20960,0.0,Y,22,8,0,6.0,2,5,0,2,1.0,1.0,2.0,4,4,7.720940972222222,0.2937442415643671,1853.0258333333331,240,40,0.0,0.0
1130,32,No,Non-Travel,Research & Development,3,1,Life Sciences,1,1131,Male,3,Manager,Divorced,62090,5.0,Y,17,8,1,9.0,5,5,1,2,3.0,4.0,3.0,4,3,6.592589936247723,0.3059272002142608,1608.5919444444444,244,0,0.0,0.0
1131,31,No,Travel_Frequently,Research & Development,25,5,Technical Degree,1,1132,Female,2,Human Resources,Married,180610,1.0,Y,14,8,1,10.0,2,10,8,7,4.0,1.0,3.0,3,3,6.921297468354431,0.2918174573939868,1640.3475,237,0,0.0,0.0
1132,28,Yes,Travel_Rarely,Sales,7,5,Life Sciences,1,1133,Female,2,Sales Representative,Divorced,171230,5.0,Y,15,8,1,6.0,2,4,0,3,3.0,4.0,2.0,2,3,6.3198641703377385,0.316981347080889,1434.6091666666666,227,0,0.0,0.0
1133,38,No,Travel_Rarely,Research & Development,9,2,Technical Degree,1,1134,Male,3,Sales Representative,Single,23720,4.0,Y,12,8,0,20.0,3,1,0,0,1.0,1.0,2.0,2,3,7.179834247828075,0.2940873564978433,1744.699722222222,243,1,0.0,0.0
1134,35,No,Travel_Rarely,Research & Development,5,3,Life Sciences,1,1135,Male,2,Sales Representative,Married,48830,1.0,Y,18,8,1,10.0,1,10,0,9,3.0,4.0,3.0,1,3,8.815632850241546,0.2719645005062055,2027.595555555556,230,229,8.871111111111116,0.0385700483091787
1135,27,No,Travel_Rarely,Sales,2,3,Life Sciences,1,1136,Female,1,Manager,Single,39040,1.0,Y,15,8,0,7.0,2,7,0,7,4.0,4.0,3.0,3,3,7.891162551440329,0.2902695937499182,1917.5525,243,82,0.0,0.0
1136,32,No,Travel_Rarely,Research & Development,8,1,Medical,1,1137,Female,2,Research Scientist,Single,46270,8.0,Y,17,8,1,8.0,2,1,0,0,4.0,4.0,3.0,2,3,7.298776400367309,0.2899774627808056,1766.3038888888889,242,1,0.0,0.0
1137,31,Yes,Travel_Frequently,Research & Development,2,1,Other,1,1138,Male,3,Sales Executive,Married,70940,1.0,Y,14,8,1,10.0,2,10,0,8,1.0,4.0,3.0,3,3,10.31769995210728,0.2974148930640825,2393.706388888889,232,232,305.70638888888885,1.3176999521072796
1138,53,Yes,Travel_Rarely,Research & Development,18,3,Medical,1,1139,Male,1,Research Scientist,Single,34230,6.0,Y,15,8,1,15.0,4,2,2,2,1.0,1.0,2.0,3,3,10.80799433106576,0.2974095759807607,2647.958611111111,245,245,442.9586111111111,1.80799433106576
1139,54,No,Travel_Rarely,Research & Development,14,3,Other,1,1140,Male,3,Research Scientist,Married,66740,3.0,Y,17,8,1,9.0,2,4,2,3,1.0,3.0,2.0,3,3,7.896520531400966,0.3338001337555213,1816.199722222222,230,92,0.0,0.0
1140,33,No,Travel_Frequently,Research & Development,2,4,Medical,1,1141,Female,4,Sales Executive,Divorced,168800,1.0,Y,14,8,3,9.0,2,9,2,8,4.0,3.0,3.0,3,3,7.898865836791147,0.3141555807084364,1903.6266666666663,241,97,0.0,0.0
1141,43,No,Travel_Rarely,Research & Development,3,3,Medical,1,1142,Male,1,Research Scientist,Married,90940,1.0,Y,12,8,1,10.0,0,10,0,9,1.0,3.0,3.0,3,3,7.480150273224044,0.2785824949769299,1825.1566666666668,244,13,0.0,0.0
1142,38,No,Travel_Frequently,Research & Development,2,5,Medical,1,1143,Female,4,Sales Executive,Married,84460,0.0,Y,14,8,0,7.0,3,6,1,2,4.0,2.0,3.0,2,3,7.958165458937199,0.3014475377636473,1830.378055555556,230,97,0.0,0.0
1143,55,No,Travel_Rarely,Sales,9,3,Marketing,1,1144,Male,2,Laboratory Technician,Married,119160,4.0,Y,15,8,1,35.0,3,10,1,4,3.0,2.0,3.0,2,3,8.186591016548464,0.292161760737541,1923.848888888889,235,170,0.0,0.0
1144,31,No,Travel_Rarely,Sales,6,3,Other,1,1145,Male,1,Manufacturing Director,Divorced,45340,1.0,Y,13,8,0,1.0,2,1,0,0,4.0,4.0,3.0,3,3,10.80473025711662,0.2937686375733904,2614.744722222222,242,242,436.7447222222223,1.8047302571166208
1145,39,No,Travel_Rarely,Research & Development,4,3,Life Sciences,1,1146,Male,2,Sales Executive,Single,98520,0.0,Y,12,8,1,21.0,5,20,11,10,2.0,1.0,3.0,2,3,6.0890926734594855,0.2994765173844408,1394.4022222222222,229,0,0.0,0.0
1146,42,No,Non-Travel,Research & Development,10,4,Life Sciences,1,1147,Female,2,Research Scientist,Single,61510,1.0,Y,13,8,1,20.0,3,20,3,7,4.0,3.0,3.0,3,3,6.591018922852983,0.2938467885197193,1509.3433333333332,229,0,0.0,0.0
1147,31,No,Non-Travel,Research & Development,14,2,Life Sciences,1,1148,Male,2,Healthcare Representative,Married,23020,4.0,Y,14,8,0,13.0,3,11,4,8,3.0,3.0,4.0,3,3,6.103670634920634,0.3034698935571521,1452.673611111111,238,0,0.0,0.0
1148,54,No,Travel_Rarely,Research & Development,1,3,Medical,1,1149,Female,2,Human Resources,Single,23620,6.0,Y,13,8,1,9.0,2,5,1,4,3.0,1.0,3.0,4,3,10.512341915085818,0.2983489970874965,2586.036111111111,246,246,372.0361111111111,1.5123419150858175
1149,24,No,Travel_Rarely,Research & Development,5,4,Other,1,1150,Male,1,Manufacturing Director,Single,178610,1.0,Y,11,8,2,4.0,5,4,1,2,2.0,3.0,2.0,1,3,6.875998155832181,0.2777701874827428,1657.1155555555556,241,0,0.0,0.0
1150,23,No,Travel_Rarely,Research & Development,7,3,Life Sciences,1,1151,Male,2,Research Scientist,Single,191870,1.0,Y,11,8,1,5.0,2,5,1,4,4.0,4.0,4.0,3,3,6.994301453352087,0.2868470375093406,1657.6494444444445,237,0,0.0,0.0
1151,40,No,Travel_Frequently,Research & Development,21,3,Medical,1,1152,Female,3,Research Scientist,Married,197170,1.0,Y,21,8,0,10.0,1,10,9,4,4.0,3.0,4.0,2,4,7.811326648224989,0.2861705214637147,1882.5297222222223,241,60,0.0,0.0
1152,40,No,Travel_Rarely,Research & Development,8,1,Medical,1,1153,Female,5,Research Scientist,Married,35440,3.0,Y,18,8,3,15.0,3,11,5,10,2.0,2.0,3.0,2,3,6.1602800925925925,0.3100002259843172,1478.4672222222223,240,0,0.0,0.0
1153,25,No,Travel_Rarely,Sales,20,5,Medical,1,1154,Female,2,Laboratory Technician,Married,85000,4.0,Y,12,8,0,6.0,2,2,1,2,3.0,2.0,3.0,3,3,6.208804454233969,0.287832750086872,1409.398611111111,227,0,0.0,0.0
1154,30,No,Travel_Rarely,Human Resources,20,4,Life Sciences,1,1155,Male,2,Research Scientist,Married,46610,1.0,Y,11,8,0,12.0,3,12,1,7,4.0,2.0,2.0,2,3,6.082088249754179,0.2964461348150413,1374.5519444444444,226,0,0.0,0.0
1155,25,No,Travel_Rarely,Research & Development,7,2,Medical,1,1156,Male,5,Sales Executive,Divorced,41030,6.0,Y,15,8,1,7.0,2,2,0,2,4.0,3.0,2.0,3,3,10.194130901287554,0.2869435578350819,2375.2325,233,233,278.2325,1.1941309012875536
1156,47,No,Travel_Rarely,Research & Development,1,4,Life Sciences,1,1157,Male,2,Sales Executive,Single,42490,2.0,Y,13,8,1,25.0,2,17,12,11,1.0,3.0,3.0,2,3,7.778402777777777,0.3163739551923905,1804.5894444444443,232,56,0.0,0.0
1157,33,No,Non-Travel,Research & Development,1,3,Life Sciences,1,1158,Male,2,Research Scientist,Divorced,140260,1.0,Y,12,8,0,1.0,4,1,0,0,2.0,3.0,2.0,3,3,6.171750478927203,0.3012434264376095,1431.8461111111112,232,0,0.0,0.0
1158,38,No,Travel_Rarely,Research & Development,19,3,Life Sciences,1,1159,Female,2,Sales Executive,Married,68930,0.0,Y,17,8,0,16.0,3,15,5,8,4.0,2.0,3.0,3,3,7.904476359338061,0.3052020357905851,1857.5519444444444,235,91,0.0,0.0
1159,31,No,Travel_Rarely,Research & Development,10,4,Medical,1,1160,Female,3,Sales Executive,Married,61250,0.0,Y,13,8,1,3.0,3,2,1,2,1.0,3.0,3.0,3,3,7.180814009661836,0.2841588228770543,1651.5872222222222,230,0,0.0,0.0
1160,38,No,Travel_Frequently,Research & Development,1,4,Other,1,1161,Male,2,Research Scientist,Married,36690,2.0,Y,19,8,0,10.0,2,8,7,7,1.0,3.0,3.0,3,3,6.509626951331497,0.2989881595306957,1575.3297222222222,242,0,0.0,0.0
1161,42,No,Travel_Rarely,Research & Development,6,3,Medical,1,1162,Male,2,Laboratory Technician,Divorced,100080,6.0,Y,19,8,1,9.0,3,4,1,2,4.0,1.0,2.0,1,3,9.767906420765028,0.2937632922576046,2383.369166666667,244,244,187.36916666666667,0.7679064207650274
1162,41,No,Travel_Rarely,Sales,2,2,Medical,1,1163,Male,1,Healthcare Representative,Married,23870,3.0,Y,17,8,1,12.0,1,5,1,0,4.0,4.0,3.0,1,3,7.698772554605887,0.2928466406319494,1801.5127777777775,234,33,0.0,0.0
1163,47,No,Non-Travel,Research & Development,21,2,Medical,1,1164,Male,1,Sales Executive,Married,46390,0.0,Y,11,8,1,14.0,2,13,5,12,3.0,2.0,1.0,2,3,7.228134756657484,0.3229209325538294,1749.2086111111112,242,1,0.0,0.0
1164,35,No,Travel_Rarely,Research & Development,4,3,Life Sciences,1,1165,Male,2,Healthcare Representative,Married,78980,7.0,Y,15,8,0,5.0,2,2,2,2,4.0,3.0,3.0,2,3,10.39878884180791,0.3118767788076587,2454.1141666666667,236,236,330.1141666666667,1.3987888418079095
1165,22,No,Travel_Rarely,Human Resources,12,1,Human Resources,1,1166,Male,2,Sales Executive,Single,25340,0.0,Y,11,8,0,4.0,1,3,1,2,4.0,3.0,4.0,3,3,6.400190058479533,0.3043581247603161,1459.243333333333,228,0,0.0,0.0
1166,35,No,Travel_Rarely,Research & Development,9,3,Medical,1,1167,Female,2,Sales Executive,Single,131420,1.0,Y,25,8,2,10.0,4,10,0,8,2.0,3.0,3.0,3,4,8.004882434301521,0.3037560948927644,1929.1766666666667,241,125,0.0,0.0
1167,33,No,Travel_Rarely,Sales,3,4,Medical,1,1168,Male,3,Healthcare Representative,Married,16110,0.0,Y,14,8,0,10.0,2,9,8,1,2.0,4.0,3.0,2,3,9.103674504379898,0.2728170657760314,2193.9855555555555,241,241,40.98388888888889,0.1700576302443522
1168,32,No,Travel_Rarely,Research & Development,3,2,Technical Degree,1,1169,Male,3,Manufacturing Director,Single,53630,1.0,Y,13,8,0,6.0,4,6,4,1,3.0,2.0,3.0,3,3,6.986453779599271,0.3130516995024641,1704.6947222222225,244,0,0.0,0.0
1169,40,No,Travel_Rarely,Research & Development,1,4,Medical,1,1170,Male,2,Research Director,Married,50710,8.0,Y,17,8,1,8.0,3,1,0,0,1.0,4.0,2.0,2,3,6.16474537037037,0.2879031252735795,1405.5619444444444,228,0,0.0,0.0
1170,32,No,Travel_Rarely,Research & Development,1,2,Medical,1,1171,Male,3,Sales Executive,Married,136950,0.0,Y,13,8,0,3.0,3,2,2,2,2.0,2.0,3.0,3,3,6.009841772151899,0.2769927750276153,1424.3325,237,0,0.0,0.0
1171,39,No,Travel_Rarely,Research & Development,4,4,Life Sciences,1,1172,Male,1,Sales Executive,Single,134020,7.0,Y,14,8,1,18.0,1,7,1,7,1.0,4.0,3.0,3,3,8.018078206962327,0.2871280977493544,1868.2122222222224,233,120,0.0,0.0
1172,38,No,Travel_Rarely,Sales,20,4,Medical,1,1173,Female,2,Research Director,Married,20290,3.0,Y,11,8,1,20.0,3,18,1,11,2.0,3.0,3.0,2,3,8.000954106280194,0.2894694941632965,1840.2194444444444,230,113,0.0,0.0
1173,32,No,Travel_Rarely,Research & Development,18,3,Life Sciences,1,1174,Male,2,Manager,Married,63770,1.0,Y,12,8,2,14.0,3,14,5,7,3.0,4.0,3.0,3,3,7.898323877068559,0.2786291935778966,1856.1061111111112,235,87,0.0,0.0
1174,37,No,Travel_Rarely,Research & Development,1,3,Life Sciences,1,1175,Female,4,Sales Executive,Married,54290,1.0,Y,17,8,1,16.0,3,16,6,8,3.0,4.0,3.0,3,3,9.385844859382203,0.3013058703212626,2261.988611111111,241,241,96.705,0.4012655601659751
1175,25,No,Travel_Rarely,Research & Development,2,4,Medical,1,1176,Female,2,Manufacturing Director,Divorced,27850,0.0,Y,21,8,0,6.0,2,5,0,4,1.0,3.0,2.0,3,4,7.971588934613626,0.3030622357812954,1937.0961111111112,243,110,0.0,0.0
1176,52,No,Non-Travel,Research & Development,2,4,Other,1,1177,Male,1,Manager,Divorced,46140,2.0,Y,16,8,1,16.0,3,9,0,0,1.0,4.0,2.0,3,3,6.804641393442623,0.3015764385721903,1660.3325,244,0,0.0,0.0
1177,44,No,Travel_Rarely,Research & Development,8,1,Life Sciences,1,1178,Female,1,Sales Representative,Single,26100,6.0,Y,15,8,0,6.0,2,4,1,2,2.0,4.0,3.0,3,3,10.805340038314176,0.3209880258495205,2506.838888888889,232,232,418.8388888888889,1.805340038314176
1178,21,No,Travel_Rarely,Sales,10,5,Medical,1,1179,Male,3,Research Scientist,Single,66870,1.0,Y,19,8,3,2.0,0,2,1,2,3.0,1.0,3.0,3,3,8.159645513714551,0.3156187623346607,1950.1552777777777,239,161,0.0252777777777772,0.0001057647605764
1179,39,No,Non-Travel,Research & Development,3,4,Life Sciences,1,1180,Female,2,Research Director,Single,47240,2.0,Y,12,8,1,21.0,4,6,1,3,4.0,4.0,2.0,4,3,6.306303506375228,0.3037307264205852,1538.7380555555555,244,0,0.0,0.0
1180,23,Yes,Travel_Frequently,Research & Development,2,4,Life Sciences,1,1181,Female,2,Manufacturing Director,Married,61790,1.0,Y,11,8,0,1.0,3,1,1,0,4.0,1.0,2.0,3,3,8.025331384015594,0.3086347450083829,1829.7755555555557,228,117,0.0,0.0
1181,36,No,Travel_Rarely,Research & Development,24,3,Life Sciences,1,1182,Female,2,Laboratory Technician,Married,61200,0.0,Y,19,8,0,10.0,2,9,3,4,1.0,4.0,3.0,3,3,7.792490855052583,0.3012393338429648,1893.5752777777775,243,58,0.0,0.0
1182,36,No,Travel_Frequently,Research & Development,16,1,Medical,1,1183,Male,2,Sales Executive,Divorced,105960,7.0,Y,15,8,0,18.0,3,4,0,2,4.0,2.0,3.0,2,3,7.844118408662901,0.2942890340328412,1851.2119444444445,236,74,0.0,0.0
1183,56,No,Non-Travel,Research & Development,8,1,Life Sciences,1,1184,Male,1,Sales Executive,Divorced,54670,1.0,Y,20,8,0,13.0,6,13,1,9,3.0,3.0,2.0,2,4,6.592797017797018,0.328522501484154,1522.9361111111111,231,0,0.0,0.0
1184,29,Yes,Travel_Rarely,Research & Development,9,4,Medical,1,1185,Male,2,Sales Representative,Married,29960,9.0,Y,25,8,0,4.0,4,2,2,2,1.0,4.0,4.0,3,4,10.903593117408906,0.3193603817771923,2693.1875,247,247,470.1875,1.903593117408907
1185,42,No,Travel_Rarely,Research & Development,17,1,Life Sciences,1,1186,Male,3,Research Scientist,Married,99980,5.0,Y,24,8,2,24.0,3,22,4,14,1.0,3.0,2.0,2,4,7.398867258652095,0.3036913449761391,1805.3236111111112,244,7,0.0,0.0
1186,56,Yes,Travel_Rarely,Sales,10,4,Other,1,1187,Male,2,Sales Executive,Married,40780,8.0,Y,24,8,1,14.0,3,10,9,8,4.0,3.0,1.0,3,4,6.8206794131794135,0.3070757752756404,1575.5769444444445,231,0,0.0,0.0
1187,41,No,Travel_Rarely,Research & Development,13,4,Life Sciences,1,1188,Female,1,Healthcare Representative,Married,109200,0.0,Y,15,8,1,21.0,3,20,0,10,1.0,2.0,3.0,4,3,7.800049645390072,0.3056333064408515,1833.0116666666668,235,59,0.0,0.0
1188,34,No,Travel_Rarely,Sales,1,3,Medical,1,1189,Female,1,Laboratory Technician,Married,62320,1.0,Y,13,8,1,8.0,3,8,1,7,4.0,3.0,3.0,3,3,7.3836256038647345,0.2935540269089892,1698.233888888889,230,5,0.0,0.0
1189,36,No,Non-Travel,Sales,1,1,Medical,1,1190,Female,1,Human Resources,Divorced,132470,1.0,Y,14,8,0,15.0,3,15,11,11,4.0,4.0,2.0,3,3,7.675329936923823,0.2747413321922906,1757.6505555555557,229,33,0.0,0.0
1190,41,No,Travel_Rarely,Research & Development,1,5,Medical,1,1191,Male,1,Healthcare Representative,Divorced,40810,2.0,Y,13,8,0,14.0,3,5,0,4,3.0,2.0,3.0,3,3,7.091824074074074,0.2887367152612909,1702.0377777777778,240,1,0.0,0.0
1191,32,No,Travel_Rarely,Sales,9,4,Life Sciences,1,1192,Female,2,Research Scientist,Single,57690,1.0,Y,11,8,0,4.0,3,4,1,2,4.0,1.0,3.0,3,3,6.725276595744681,0.2990221386572655,1580.44,235,0,0.0,0.0
1192,35,No,Travel_Rarely,Research & Development,16,3,Medical,1,1193,Female,2,Healthcare Representative,Single,23940,1.0,Y,16,8,1,9.0,3,9,1,7,3.0,4.0,3.0,3,3,10.505156028368797,0.291487277994883,2468.7116666666666,235,235,353.71166666666664,1.505156028368794
1193,38,No,Travel_Rarely,Research & Development,23,3,Medical,1,1194,Male,3,Sales Representative,Married,39040,1.0,Y,22,8,0,10.0,3,10,1,9,1.0,4.0,3.0,2,4,6.90596703550023,0.3211922386093217,1664.3380555555557,241,0,0.0,0.0
1194,50,Yes,Travel_Frequently,Sales,4,2,Life Sciences,1,1195,Female,2,Laboratory Technician,Divorced,167990,7.0,Y,14,8,1,12.0,2,6,0,1,2.0,3.0,3.0,2,3,7.208894824311491,0.2991256481783129,1686.881388888889,234,2,0.0,0.0
1195,36,No,Travel_Rarely,Research & Development,22,4,Life Sciences,1,1196,Male,1,Healthcare Representative,Married,29500,4.0,Y,14,8,0,8.0,1,6,0,0,2.0,3.0,2.0,2,3,6.277285137701805,0.2930600609392518,1468.8847222222223,234,0,0.0,0.0
1196,45,No,Travel_Rarely,Sales,24,3,Life Sciences,1,1197,Male,1,Laboratory Technician,Single,36290,8.0,Y,16,8,1,8.0,2,5,0,1,4.0,3.0,3.0,4,3,6.076578117418729,0.2905303142707842,1391.536388888889,229,0,0.0,0.0
1197,40,No,Travel_Rarely,Sales,10,4,Life Sciences,1,1198,Male,1,Research Scientist,Single,93620,2.0,Y,11,8,1,8.0,6,2,2,2,3.0,3.0,3.0,3,3,6.211907956685499,0.2929922219486294,1466.0102777777777,236,0,0.0,0.0
1198,35,No,Travel_Frequently,Sales,7,2,Life Sciences,1,1199,Male,2,Manufacturing Director,Married,32290,1.0,Y,25,8,0,10.0,2,10,0,2,3.0,3.0,4.0,2,4,8.430802336671436,0.3212946983666861,1964.3769444444445,233,213,0.7111111111111104,0.0030519790176442
1199,40,No,Travel_Rarely,Research & Development,17,4,Life Sciences,1,1200,Male,1,Manager,Married,35780,2.0,Y,14,8,1,20.0,2,5,0,2,3.0,3.0,3.0,3,3,7.484193853427896,0.3151878910299995,1758.7855555555554,235,14,0.0,0.0
1200,35,No,Travel_Rarely,Human Resources,14,1,Life Sciences,1,1201,Male,2,Research Scientist,Married,79880,1.0,Y,18,8,0,4.0,3,4,1,1,3.0,4.0,3.0,3,3,6.89609943977591,0.3203430468261151,1641.2716666666668,238,0,0.0,0.0
1201,29,No,Travel_Rarely,Research & Development,1,3,Medical,1,1202,Male,3,Sales Executive,Married,42840,4.0,Y,11,8,0,10.0,5,4,0,3,4.0,2.0,3.0,2,3,9.817854683195591,0.2596198442280288,2375.920833333333,242,242,197.9208333333333,0.8178546831955922
1202,29,No,Travel_Rarely,Research & Development,5,3,Medical,1,1203,Male,2,Sales Representative,Single,75530,1.0,Y,19,8,0,5.0,3,5,0,4,4.0,1.0,1.0,3,3,6.083963498622589,0.274457829466358,1472.319166666667,242,0,0.0,0.0
1203,50,Yes,Travel_Rarely,Research & Development,17,3,Medical,1,1204,Male,1,Research Scientist,Divorced,173280,4.0,Y,15,8,2,20.0,1,3,2,0,4.0,1.0,3.0,3,3,9.616168503213958,0.295386349174461,2327.112777777778,242,242,149.79777777777778,0.6189990817263544
1204,39,No,Travel_Rarely,Sales,25,3,Medical,1,1205,Male,2,Sales Executive,Married,197010,0.0,Y,11,8,0,21.0,3,20,9,6,2.0,4.0,2.0,4,3,7.508998817966902,0.2978876559499271,1764.614722222222,235,11,0.0,0.0
1205,31,No,Non-Travel,Research & Development,8,4,Life Sciences,1,1206,Female,4,Sales Executive,Single,147320,0.0,Y,12,8,0,10.0,3,9,1,7,2.0,1.0,3.0,3,3,7.308546099290781,0.2924810906585911,1717.5083333333334,235,3,0.0,0.0
1206,26,No,Travel_Rarely,Research & Development,11,4,Medical,1,1207,Male,2,Manager,Single,92780,0.0,Y,20,8,0,5.0,3,4,0,0,4.0,3.0,3.0,3,4,7.500675267317527,0.3079968820971641,1792.661388888889,239,13,0.0,0.0
1207,36,No,Travel_Frequently,Research & Development,5,1,Technical Degree,1,1208,Male,1,Sales Executive,Married,13590,4.0,Y,12,8,0,17.0,2,5,0,3,3.0,4.0,3.0,3,3,7.6941701388888895,0.3078544803794585,1846.6008333333332,240,33,0.0,0.0
1208,39,No,Travel_Rarely,Research & Development,2,1,Medical,1,1209,Female,1,Research Scientist,Married,47790,4.0,Y,14,8,2,9.0,3,7,1,7,4.0,1.0,3.0,3,3,6.046757297551789,0.3183793508450203,1427.0347222222222,236,0,0.0,0.0
1209,27,No,Travel_Rarely,Research & Development,8,2,Medical,1,1210,Male,1,Laboratory Technician,Married,164220,1.0,Y,20,8,1,6.0,3,6,0,3,2.0,2.0,3.0,3,4,9.286569626394956,0.3067049145946867,2126.6244444444446,229,229,71.90805555555556,0.3140089762251334
1210,49,No,Travel_Frequently,Research & Development,6,1,Medical,1,1211,Male,3,Healthcare Representative,Married,29960,2.0,Y,18,8,1,17.0,2,9,0,8,4.0,2.0,2.0,2,3,6.3958886534839925,0.2822661015802934,1509.4297222222222,236,0,0.0,0.0
1211,34,No,Travel_Rarely,Sales,4,3,Medical,1,1212,Female,1,Sales Executive,Married,12610,2.0,Y,14,8,1,6.0,6,4,1,2,2.0,3.0,4.0,3,3,6.460532508491024,0.3020906467844852,1479.4619444444445,229,0,0.0,0.0
1212,41,Yes,Travel_Rarely,Research & Development,7,2,Life Sciences,1,1213,Female,1,Research Scientist,Single,20990,8.0,Y,12,8,1,8.0,2,6,0,5,2.0,4.0,1.0,3,3,8.626512212643679,0.3027004852955324,2001.3508333333332,232,230,3.645833333333332,0.0157147988505747
1213,49,No,Travel_Frequently,Sales,1,4,Life Sciences,1,1214,Female,2,Manufacturing Director,Married,58100,1.0,Y,21,8,1,10.0,2,10,1,7,3.0,2.0,3.0,3,4,6.713213276836158,0.2847644476071043,1584.3183333333334,236,0,0.0,0.0
1214,37,Yes,Travel_Rarely,Research & Development,2,3,Life Sciences,1,1215,Male,1,Sales Executive,Single,56470,6.0,Y,19,8,0,7.0,2,0,0,0,4.0,3.0,3.0,3,3,8.521203703703705,0.3163079763642525,2096.216111111112,246,236,2.323055555555552,0.0094433152664859
1215,33,No,Travel_Frequently,Research & Development,10,2,Medical,1,1216,Male,2,Research Scientist,Married,34200,1.0,Y,14,8,0,8.0,3,8,3,0,4.0,3.0,3.0,3,3,9.4826066572902,0.2814306638008188,2247.3777777777777,237,237,115.6436111111111,0.4879477262072198
1216,27,No,Travel_Rarely,Sales,5,4,Medical,1,1217,Female,4,Manufacturing Director,Married,44000,9.0,Y,17,8,1,6.0,3,2,2,2,1.0,2.0,3.0,2,3,6.404782250470809,0.315666621096819,1511.528611111111,236,0,0.0,0.0
1217,32,No,Travel_Frequently,Research & Development,9,2,Medical,1,1218,Female,2,Research Scientist,Single,35000,0.0,Y,16,8,1,8.0,2,7,3,6,4.0,4.0,2.0,2,3,7.276984805318139,0.3025850936832465,1702.8144444444445,234,3,0.0,0.0
1218,59,No,Travel_Rarely,Sales,2,2,Marketing,1,1219,Female,5,Sales Representative,Married,20660,4.0,Y,12,8,1,12.0,3,1,0,0,3.0,1.0,2.0,3,3,10.035185979971388,0.2882898399296023,2338.1983333333333,233,233,241.19833333333332,1.0351859799713878
1219,30,No,Travel_Rarely,Research & Development,11,4,Medical,1,1220,Male,2,Laboratory Technician,Divorced,171690,1.0,Y,17,8,2,1.0,2,1,0,0,4.0,3.0,3.0,3,3,6.3894133241124935,0.3080986030808819,1539.848611111111,241,0,0.0,0.0
1220,38,No,Travel_Frequently,Sales,18,4,Life Sciences,1,1221,Male,2,Healthcare Representative,Single,41620,0.0,Y,15,8,1,10.0,1,9,1,8,4.0,3.0,3.0,3,3,7.997498856881573,0.3088920139535354,1943.3922222222225,243,125,0.0,0.0
1221,36,No,Travel_Rarely,Research & Development,7,3,Life Sciences,1,1222,Male,1,Sales Executive,Married,92040,6.0,Y,23,8,1,17.0,2,7,7,7,3.0,3.0,2.0,3,4,7.832184343434344,0.3085774905133289,1895.3886111111112,242,68,0.0,0.0
1222,35,No,Travel_Rarely,Human Resources,3,4,Human Resources,1,1223,Male,2,Manager,Married,32940,0.0,Y,11,8,0,6.0,2,5,0,3,1.0,2.0,3.0,3,3,7.498361581920903,0.3065927162049555,1769.6133333333332,236,14,0.0,0.0
1223,29,No,Travel_Rarely,Sales,29,4,Life Sciences,1,1224,Male,2,Laboratory Technician,Single,21270,0.0,Y,11,8,1,10.0,3,9,0,8,4.0,3.0,3.0,2,3,10.724693853427896,0.2872049180204804,2520.303055555556,235,235,405.3030555555556,1.724693853427896
1224,31,No,Travel_Rarely,Research & Development,2,2,Medical,1,1225,Male,2,Laboratory Technician,Divorced,39750,1.0,Y,15,8,1,5.0,3,5,4,3,3.0,3.0,2.0,3,3,6.313388399412628,0.2927692287710151,1433.1391666666666,227,0,0.0,0.0
1225,34,No,Travel_Rarely,Research & Development,28,3,Technical Degree,1,1226,Male,1,Laboratory Technician,Divorced,107930,0.0,Y,11,8,3,3.0,1,2,1,2,2.0,4.0,3.0,2,3,7.614092348927875,0.2936489583844291,1736.0130555555556,228,24,0.0,0.0
1226,28,Yes,Travel_Rarely,Research & Development,1,4,Life Sciences,1,1227,Male,5,Research Director,Single,100960,5.0,Y,13,8,0,6.0,2,4,0,3,3.0,3.0,3.0,3,3,10.48314814814815,0.308921814654685,2453.056666666667,234,234,347.0566666666667,1.483148148148148
1227,29,No,Travel_Rarely,Research & Development,16,2,Life Sciences,1,1228,Female,4,Laboratory Technician,Divorced,36460,1.0,Y,14,8,0,10.0,3,10,8,8,2.0,1.0,3.0,4,3,7.96732683982684,0.3290523549619632,1840.4525,231,106,0.0,0.0
1228,32,No,Travel_Rarely,Human Resources,22,3,Human Resources,1,1229,Female,2,Research Director,Divorced,74460,0.0,Y,19,8,0,7.0,3,6,0,5,1.0,2.0,2.0,3,3,10.695990028490028,0.3160590833610585,2502.8616666666667,234,234,396.8616666666667,1.6959900284900284
1229,22,No,Non-Travel,Research & Development,8,3,Life Sciences,1,1230,Female,3,Sales Executive,Divorced,108510,1.0,Y,16,8,1,1.0,2,1,0,0,4.0,4.0,2.0,4,3,10.002944444444443,0.2901067783793838,2350.6919444444443,235,235,235.69194444444443,1.0029444444444444
1230,53,No,Travel_Rarely,Research & Development,11,3,Medical,1,1231,Male,2,Manager,Married,21090,2.0,Y,13,8,0,31.0,3,25,3,7,1.0,4.0,3.0,3,3,8.015872011251759,0.2964704775592687,1899.7616666666668,237,128,0.0,0.0
1231,38,No,Travel_Rarely,Research & Development,29,3,Life Sciences,1,1232,Female,1,Manufacturing Director,Single,37220,5.0,Y,14,8,0,6.0,0,3,1,2,4.0,4.0,3.0,3,3,9.68517361111111,0.2961435238223541,2324.4416666666666,240,240,164.49777777777777,0.6854074074074074
1232,24,No,Non-Travel,Research & Development,1,5,Life Sciences,1,1233,Male,3,Research Scientist,Divorced,93800,0.0,Y,16,8,0,5.0,2,4,1,3,1.0,3.0,2.0,2,3,6.907967535436671,0.3312361216976054,1678.6361111111112,243,0,0.0,0.0
1233,36,Yes,Travel_Rarely,Research & Development,1,3,Life Sciences,1,1234,Male,1,Research Director,Single,54860,7.0,Y,12,8,1,10.0,2,5,0,3,3.0,1.0,3.0,3,3,6.475342066957787,0.2733718952185144,1482.8533333333332,229,0,0.0,0.0
1234,34,No,Travel_Rarely,Sales,24,3,Marketing,1,1235,Male,4,Research Scientist,Single,27420,0.0,Y,11,8,1,13.0,2,12,2,11,1.0,2.0,3.0,3,3,6.094871615312791,0.3089396306010865,1450.5794444444443,238,0,0.0,0.0
1235,21,No,Travel_Rarely,Sales,2,3,Life Sciences,1,1236,Male,2,Manufacturing Director,Single,137570,1.0,Y,12,8,1,0.0,3,0,0,0,3.0,4.0,3.0,3,3,5.997355652595827,0.2955634901029194,1373.3944444444444,229,0,0.0,0.0
1236,34,Yes,Travel_Rarely,Sales,15,2,Marketing,1,1237,Female,2,Research Scientist,Single,84630,2.0,Y,13,8,0,8.0,2,4,1,3,2.0,1.0,3.0,1,3,7.815063457854405,0.3164211551820926,1813.094722222222,232,67,0.0,0.0
1237,53,No,Travel_Rarely,Sales,2,1,Life Sciences,1,1238,Male,5,Human Resources,Divorced,31620,4.0,Y,15,8,0,26.0,4,14,4,8,3.0,3.0,2.0,3,3,7.481158625730994,0.3105965138353875,1705.7041666666669,228,11,0.0,0.0
1238,32,Yes,Travel_Frequently,Research & Development,10,3,Medical,1,1239,Female,2,Manufacturing Director,Single,165980,1.0,Y,13,8,0,10.0,2,10,6,7,2.0,1.0,3.0,3,3,9.495272967772967,0.3290182139052987,2193.408055555556,231,231,116.38444444444444,0.5038287638287637
1239,42,No,Travel_Rarely,Research & Development,10,3,Technical Degree,1,1240,Male,2,Laboratory Technician,Married,66510,0.0,Y,20,8,0,10.0,5,9,4,2,3.0,2.0,3.0,2,4,6.892245179063361,0.2973230948443157,1667.9233333333334,242,0,0.0,0.0
1240,44,No,Travel_Rarely,Research & Development,3,1,Life Sciences,1,1241,Female,1,Manufacturing Director,Married,23450,3.0,Y,15,8,2,24.0,0,22,5,17,1.0,4.0,3.0,3,3,7.101099585062241,0.2859251944411075,1711.365,241,0,0.0,0.0
1241,46,No,Travel_Rarely,Sales,2,3,Life Sciences,1,1242,Female,1,Research Scientist,Single,34200,3.0,Y,13,8,2,22.0,3,2,2,1,2.0,1.0,2.0,1,3,8.009119565217391,0.2933738365724763,1842.0975,230,121,0.0,0.0
1242,33,No,Travel_Rarely,Sales,3,3,Medical,1,1243,Male,1,Manufacturing Director,Single,43730,4.0,Y,14,8,0,7.0,3,1,0,0,3.0,4.0,3.0,3,3,6.528365606270171,0.3045844483832293,1573.3361111111112,241,0,0.0,0.0
1243,44,No,Travel_Rarely,Human Resources,26,3,Life Sciences,1,1244,Male,5,Healthcare Representative,Married,47590,2.0,Y,21,8,0,9.0,2,4,1,3,4.0,4.0,4.0,3,4,8.532774319963117,0.2970167291983626,2056.398611111111,241,231,1.703333333333335,0.0070677731673582
1244,30,No,Travel_Rarely,Research & Development,1,4,Technical Degree,1,1245,Female,1,Research Scientist,Single,53010,1.0,Y,16,8,1,10.0,3,10,1,8,4.0,3.0,3.0,3,3,6.116035665294925,0.3123830747861736,1486.1966666666667,243,0,0.0,0.0
1245,39,Yes,Travel_Rarely,Human Resources,1,4,Medical,1,1246,Male,1,Sales Executive,Married,36730,3.0,Y,14,8,1,19.0,3,1,0,0,4.0,4.0,4.0,3,3,6.523863745210728,0.3042107673147392,1513.536388888889,232,0,0.0,0.0
1246,24,Yes,Travel_Rarely,Human Resources,2,5,Human Resources,1,1247,Male,3,Sales Executive,Married,47680,2.0,Y,11,8,1,6.0,2,2,2,0,2.0,4.0,2.0,2,3,9.67660063752277,0.2812870500996727,2361.0905555555555,244,244,165.09055555555557,0.6766006375227687
1247,43,No,Travel_Rarely,Sales,9,5,Technical Degree,1,1248,Female,1,Research Director,Divorced,12740,1.0,Y,19,8,0,6.0,3,5,1,4,4.0,3.0,2.0,2,3,6.487590218423552,0.2843386592106927,1518.0961111111112,234,0,0.0,0.0
1248,50,Yes,Travel_Rarely,Research & Development,12,4,Medical,1,1249,Male,1,Research Director,Married,49000,1.0,Y,11,8,0,3.0,3,3,0,2,1.0,3.0,3.0,2,3,8.919851394604482,0.2863838000694362,2167.523888888889,243,243,19.64,0.0808230452674897
1249,35,No,Travel_Rarely,Sales,2,4,Marketing,1,1250,Male,3,Manufacturing Director,Married,104660,1.0,Y,13,8,0,2.0,1,2,2,2,4.0,4.0,3.0,3,3,7.0866505968778695,0.313274231821654,1714.9694444444444,242,1,0.0,0.0
1250,36,No,Travel_Rarely,Research & Development,25,1,Life Sciences,1,1251,Female,4,Sales Executive,Married,170070,9.0,Y,12,8,1,6.0,2,1,0,0,2.0,1.0,4.0,2,3,9.078667874396135,0.293064397352108,2088.093611111111,230,230,37.295,0.1621521739130434
1251,33,No,Travel_Frequently,Sales,9,2,Marketing,1,1252,Male,4,Human Resources,Married,29090,2.0,Y,11,8,0,10.0,2,5,1,3,3.0,1.0,3.0,2,3,6.55703314659197,0.297658192755556,1560.5738888888889,238,0,0.0,0.0
1252,35,No,Travel_Rarely,Research & Development,10,1,Medical,1,1253,Male,1,Research Scientist,Divorced,57650,1.0,Y,14,8,1,1.0,2,1,0,0,3.0,4.0,3.0,3,3,6.188770339377034,0.2960335437623875,1479.1161111111112,239,0,0.0,0.0
1253,27,No,Travel_Rarely,Sales,8,2,Marketing,1,1254,Female,3,Research Scientist,Divorced,45990,1.0,Y,15,8,1,1.0,3,1,0,0,4.0,1.0,3.0,2,3,7.619807132459971,0.3197119719462503,1744.9358333333332,229,24,0.0,0.0
1254,26,Yes,Travel_Rarely,Sales,4,3,Marketing,1,1255,Male,2,Manager,Single,24040,1.0,Y,12,8,0,1.0,6,1,0,1,1.0,3.0,2.0,3,3,7.6933150434385,0.2923361413154629,1869.4755555555555,243,41,0.0,0.0
1255,27,No,Travel_Frequently,Sales,24,3,Life Sciences,1,1256,Male,4,Healthcare Representative,Single,31720,1.0,Y,20,8,1,9.0,1,9,1,7,4.0,3.0,3.0,3,4,6.842362854486285,0.2991451761927564,1635.324722222222,239,0,0.0,0.0
1256,30,No,Travel_Frequently,Research & Development,1,4,Medical,1,1257,Male,1,Research Scientist,Single,20330,1.0,Y,14,8,1,12.0,3,12,3,7,3.0,4.0,3.0,1,3,6.816597525473071,0.2869162428257595,1561.0008333333333,229,0,0.0,0.0
1257,41,Yes,Travel_Rarely,Sales,20,4,Marketing,1,1258,Male,2,Sales Executive,Married,102090,1.0,Y,13,8,1,23.0,2,22,15,8,2.0,3.0,3.0,3,3,5.962092430858807,0.3169532261851851,1365.319166666667,229,0,0.0,0.0
1258,34,No,Non-Travel,Research & Development,7,2,Technical Degree,1,1259,Female,1,Research Scientist,Single,86200,0.0,Y,13,8,1,10.0,2,9,8,7,2.0,3.0,3.0,2,3,7.820035612535612,0.3016650431434363,1829.888333333333,234,58,0.0,0.0
1259,37,No,Travel_Rarely,Research & Development,17,3,Life Sciences,1,1260,Female,3,Sales Executive,Married,20640,4.0,Y,16,8,0,8.0,3,1,0,0,2.0,2.0,3.0,2,3,6.10239417989418,0.2986239613436555,1409.6530555555555,231,0,0.0,0.0
1260,46,No,Travel_Frequently,Research & Development,20,3,Technical Degree,1,1261,Male,3,Sales Executive,Single,40350,4.0,Y,14,8,1,14.0,2,9,0,8,1.0,4.0,3.0,3,3,9.31843010018215,0.322952055988305,2273.6969444444444,244,244,84.64944444444444,0.3469239526411657
1261,35,No,Travel_Rarely,Research & Development,8,4,Medical,1,1262,Female,3,Research Scientist,Married,38380,1.0,Y,16,8,1,1.0,2,1,0,1,4.0,4.0,3.0,3,3,6.909693236714976,0.3117989659574408,1589.2294444444444,230,0,0.0,0.0
1262,48,Yes,Travel_Rarely,Research & Development,2,4,Technical Degree,1,1263,Female,1,Sales Executive,Single,45910,9.0,Y,16,8,0,23.0,6,1,0,0,1.0,3.0,3.0,1,3,9.29572198275862,0.2966609973596793,2156.6075,232,232,74.46083333333333,0.3209518678160919
1263,28,Yes,Travel_Rarely,Research & Development,10,1,Medical,1,1264,Male,1,Sales Executive,Single,25610,1.0,Y,22,8,1,2.0,3,2,2,2,3.0,3.0,2.0,3,4,10.683428672316383,0.272444757065477,2521.2891666666665,236,236,397.2891666666667,1.6834286723163845
1264,44,No,Travel_Rarely,Research & Development,1,1,Medical,1,1265,Female,3,Research Scientist,Divorced,15630,5.0,Y,12,8,2,9.0,3,4,1,3,2.0,1.0,2.0,3,3,9.386280345471524,0.3310268511697953,2233.9347222222223,238,238,96.73861111111113,0.4064647525676938
1265,35,No,Non-Travel,Research & Development,5,4,Technical Degree,1,1266,Female,3,Manufacturing Director,Married,48980,2.0,Y,15,8,2,10.0,2,4,2,3,3.0,1.0,3.0,3,3,9.509294421003284,0.3032764497301038,2253.702777777778,237,237,121.70972222222224,0.5135431317393343
1266,26,No,Travel_Rarely,Research & Development,4,4,Life Sciences,1,1267,Female,3,Sales Executive,Married,47890,7.0,Y,20,8,1,5.0,2,2,0,0,3.0,4.0,2.0,3,4,10.199422544951592,0.2927740515951627,2458.060833333333,241,241,289.06083333333333,1.1994225449515905
1267,33,No,Travel_Frequently,Sales,29,4,Life Sciences,1,1268,Female,1,Human Resources,Single,31800,1.0,Y,14,8,1,15.0,2,15,8,12,1.0,4.0,3.0,3,3,8.207739229024943,0.2943518114769521,2010.8961111111112,245,186,0.118333333333334,0.0004829931972789
1268,35,No,Travel_Frequently,Research & Development,15,3,Medical,1,1269,Male,3,Manufacturing Director,Married,65490,1.0,Y,20,8,0,9.0,3,9,1,8,2.0,1.0,2.0,3,4,6.473378831417625,0.2985476720289404,1501.8238888888889,232,0,0.0,0.0
1269,35,No,Travel_Rarely,Human Resources,3,2,Life Sciences,1,1270,Female,1,Laboratory Technician,Married,63880,3.0,Y,13,8,0,4.0,6,2,2,2,3.0,1.0,3.0,2,3,8.788953266571292,0.2922022082781412,2047.826111111111,233,233,10.170277777777777,0.0436492608488316
1270,31,No,Travel_Rarely,Sales,10,2,Life Sciences,1,1271,Female,2,Research Scientist,Divorced,112440,3.0,Y,12,8,1,10.0,3,7,1,7,4.0,4.0,2.0,3,3,6.096067129629629,0.3104186595075348,1463.056111111111,240,0,0.0,0.0
1271,37,No,Travel_Rarely,Sales,4,3,Marketing,1,1272,Male,4,Human Resources,Divorced,160320,1.0,Y,13,8,0,7.0,2,7,0,7,1.0,3.0,4.0,3,3,7.422623456790123,0.3175849769201367,1736.8938888888888,234,6,0.0,0.0
1272,32,No,Travel_Rarely,Research & Development,21,3,Other,1,1273,Male,2,Sales Executive,Married,23620,1.0,Y,11,8,0,9.0,2,9,7,8,1.0,4.0,3.0,3,3,8.10862809315866,0.2773053348001306,1856.8758333333333,229,143,0.0,0.0
1273,38,No,Travel_Frequently,Research & Development,25,3,Medical,1,1274,Male,2,Manufacturing Director,Single,163280,1.0,Y,17,8,3,10.0,2,10,9,9,4.0,4.0,3.0,3,3,6.241581196581197,0.3000466932823226,1460.53,234,0,0.0,0.0
1274,50,No,Travel_Rarely,Sales,2,4,Marketing,1,1275,Female,4,Research Scientist,Divorced,83760,5.0,Y,14,8,3,29.0,2,27,13,8,2.0,3.0,2.0,3,3,9.531168091168093,0.2955811090797271,2230.293333333333,234,234,124.92888888888888,0.5338841405508072
1275,59,No,Travel_Rarely,Research & Development,1,3,Technical Degree,1,1276,Male,1,Laboratory Technician,Single,166060,7.0,Y,11,8,0,28.0,6,21,7,9,1.0,1.0,2.0,3,3,6.916518912529551,0.3114564662227825,1625.3819444444443,235,0,0.0,0.0
1276,36,No,Travel_Rarely,Sales,1,2,Marketing,1,1277,Female,2,Sales Executive,Divorced,86060,1.0,Y,14,8,2,17.0,3,17,12,8,3.0,3.0,3.0,3,3,6.004865112025605,0.3100407059674941,1459.1822222222222,243,0,0.0,0.0
1277,55,No,Travel_Rarely,Research & Development,7,3,Medical,1,1278,Male,3,Research Scientist,Divorced,22720,2.0,Y,17,8,1,21.0,2,5,0,2,4.0,3.0,3.0,3,3,8.11400137741047,0.2814262313294252,1963.5883333333331,242,152,0.0,0.0
1278,36,No,Travel_Frequently,Research & Development,3,3,Life Sciences,1,1279,Female,2,Laboratory Technician,Single,20180,1.0,Y,13,8,0,6.0,5,6,0,3,2.0,2.0,3.0,3,3,7.215137053352913,0.2982890472052119,1637.8361111111112,227,2,0.0,0.0
1279,45,No,Travel_Rarely,Research & Development,1,2,Medical,1,1280,Female,1,Sales Executive,Divorced,70830,2.0,Y,12,8,1,25.0,5,1,0,0,2.0,1.0,3.0,3,3,6.807199074074075,0.2748805007899195,1633.727777777778,240,0,0.0,0.0
1280,35,No,Travel_Frequently,Human Resources,9,3,Other,1,1281,Female,2,Sales Representative,Married,40840,4.0,Y,13,8,1,5.0,3,3,1,2,2.0,1.0,2.0,3,3,6.101339326878746,0.3012412044972813,1470.4227777777778,241,0,0.0,0.0
1281,36,Yes,Travel_Rarely,Sales,7,2,Life Sciences,1,1282,Male,4,Laboratory Technician,Married,144110,0.0,Y,18,8,3,2.0,2,1,0,0,4.0,3.0,2.0,4,3,8.892940100594421,0.3024149418097981,2160.9844444444443,243,242,17.82694444444445,0.07336191129401
1282,59,No,Travel_Frequently,Research & Development,10,4,Life Sciences,1,1283,Male,3,Research Scientist,Single,23080,7.0,Y,19,8,1,20.0,4,4,1,3,1.0,3.0,2.0,2,3,6.789967391304348,0.2879960285040491,1561.6925,230,0,0.0,0.0
1283,29,No,Travel_Rarely,Research & Development,28,4,Life Sciences,1,1284,Female,1,Sales Representative,Married,48410,0.0,Y,11,8,0,6.0,3,5,0,4,3.0,2.0,3.0,3,3,7.827854284369115,0.3117630070152056,1847.3736111111111,236,72,0.0,0.0
1284,31,No,Travel_Rarely,Research & Development,3,2,Medical,1,1285,Female,3,Sales Executive,Single,42850,1.0,Y,21,8,1,1.0,2,1,1,0,3.0,2.0,3.0,1,4,6.300332125603865,0.2802329418719674,1449.076388888889,230,0,0.0,0.0
1285,32,No,Travel_Rarely,Sales,3,4,Life Sciences,1,1286,Male,2,Manufacturing Director,Married,97150,1.0,Y,15,8,1,10.0,1,10,0,9,2.0,2.0,3.0,2,3,7.522589903181189,0.3034429729713225,1812.944166666667,241,10,0.0,0.0
1286,36,No,Travel_Rarely,Research & Development,2,3,Life Sciences,1,1287,Male,2,Sales Representative,Married,43200,3.0,Y,17,8,0,5.0,2,1,0,0,2.0,4.0,3.0,3,3,7.17987077294686,0.3141984263496437,1651.3702777777778,230,1,0.0,0.0
1287,31,No,Travel_Rarely,Research & Development,27,3,Medical,1,1288,Female,2,Research Director,Single,21320,1.0,Y,18,8,0,11.0,3,11,1,8,3.0,4.0,3.0,3,3,6.095544077134986,0.3084376802003215,1475.121666666667,242,0,0.0,0.0
1288,35,No,Travel_Rarely,Research & Development,2,4,Medical,1,1289,Male,2,Healthcare Representative,Single,101240,0.0,Y,14,8,1,16.0,2,15,2,8,3.0,1.0,3.0,4,3,6.019582156308852,0.2909349591320276,1420.621388888889,236,0,0.0,0.0
1289,45,No,Travel_Rarely,Human Resources,14,3,Human Resources,1,1290,Female,1,Sales Executive,Married,54730,4.0,Y,13,8,0,17.0,3,0,0,0,4.0,1.0,4.0,1,3,8.896670197740113,0.296568993936522,2099.6141666666667,236,236,16.920277777777777,0.0716960922787194
1290,37,No,Travel_Rarely,Research & Development,1,3,Life Sciences,1,1291,Female,3,Sales Executive,Single,52070,4.0,Y,17,8,3,16.0,3,5,0,2,1.0,3.0,4.0,3,3,6.597208616780045,0.3106415001857461,1616.316111111111,245,0,0.0,0.0
1291,46,No,Travel_Rarely,Research & Development,9,3,Medical,1,1292,Male,3,Manager,Divorced,164370,8.0,Y,15,8,1,16.0,0,4,0,2,2.0,2.0,3.0,3,3,10.26998132586368,0.2830086198365197,2444.2555555555555,238,238,302.2555555555556,1.2699813258636787
1292,30,No,Travel_Rarely,Sales,18,3,Life Sciences,1,1293,Male,4,Human Resources,Married,22960,1.0,Y,18,8,1,10.0,2,10,3,0,4.0,4.0,2.0,3,3,9.195694444444444,0.3027746444627937,2151.7925,234,234,57.80833333333334,0.2470441595441595
1293,35,No,Travel_Rarely,Research & Development,20,4,Life Sciences,1,1294,Female,3,Human Resources,Single,40690,1.0,Y,13,8,0,6.0,5,6,0,4,2.0,3.0,3.0,3,3,7.903589559386973,0.2886832114400537,1833.6327777777776,232,85,0.0,0.0
1294,55,No,Travel_Rarely,Research & Development,2,3,Life Sciences,1,1295,Female,2,Laboratory Technician,Married,74410,3.0,Y,12,8,1,24.0,4,1,1,0,1.0,4.0,3.0,3,3,6.709723389355743,0.3058537143277748,1596.9141666666667,238,0,0.0,0.0
1295,38,No,Non-Travel,Sales,11,1,Marketing,1,1296,Male,2,Laboratory Technician,Divorced,24300,7.0,Y,13,8,2,17.0,2,13,1,9,2.0,4.0,3.0,4,3,8.81139985380117,0.289503021030552,2008.9991666666667,228,227,10.9975,0.048234649122807
1296,34,No,Travel_Rarely,Research & Development,8,2,Medical,1,1297,Male,1,Research Scientist,Married,58780,1.0,Y,14,8,0,5.0,1,5,1,3,1.0,2.0,3.0,3,3,8.008844123048668,0.319973447321538,1938.1402777777776,242,134,0.0,0.0
1297,56,No,Travel_Rarely,Human Resources,2,1,Medical,1,1298,Male,2,Sales Executive,Single,26440,4.0,Y,11,8,1,37.0,2,6,0,2,4.0,4.0,2.0,3,3,6.312178423236514,0.2704528797445742,1521.235,241,0,0.0,0.0
1298,23,No,Travel_Rarely,Research & Development,10,3,Medical,1,1299,Male,2,Laboratory Technician,Divorced,64390,3.0,Y,22,8,3,3.0,2,0,0,0,3.0,1.0,3.0,3,4,6.405738719068413,0.3084934450249251,1466.9141666666667,229,0,0.0,0.0
1299,51,No,Travel_Rarely,Research & Development,29,4,Life Sciences,1,1300,Female,5,Manufacturing Director,Married,24510,3.0,Y,17,8,0,10.0,2,4,0,3,4.0,4.0,3.0,2,3,6.759082633053221,0.3026095214471387,1608.6616666666666,238,0,0.0,0.0
1300,30,No,Travel_Rarely,Sales,8,2,Technical Degree,1,1301,Male,1,Sales Representative,Married,63920,1.0,Y,21,8,1,11.0,2,11,10,8,3.0,4.0,3.0,4,4,7.617610882487426,0.3115522268161916,1851.0794444444448,243,30,0.0,0.0
1301,46,Yes,Travel_Rarely,Sales,1,2,Medical,1,1302,Female,2,Research Scientist,Single,97140,1.0,Y,22,8,0,9.0,0,9,4,7,3.0,4.0,3.0,3,4,6.197463269054178,0.2944602900347378,1499.786111111111,242,0,0.0,0.0
1302,40,No,Travel_Frequently,Research & Development,6,3,Medical,1,1303,Male,1,Healthcare Representative,Married,60770,1.0,Y,16,8,2,22.0,2,22,11,11,3.0,2.0,2.0,2,3,7.404682367149759,0.2955220810735622,1703.0769444444445,230,6,0.0,0.0
1303,51,No,Travel_Rarely,Research & Development,8,4,Life Sciences,1,1304,Female,5,Sales Representative,Single,24500,0.0,Y,12,8,1,11.0,2,10,1,0,3.0,4.0,1.0,3,3,10.087117467043315,0.2882919463573841,2380.5597222222223,236,236,256.5597222222222,1.0871174670433144
1304,30,No,Travel_Rarely,Research & Development,9,3,Life Sciences,1,1305,Male,1,Manufacturing Director,Divorced,92500,1.0,Y,12,8,3,11.0,0,11,2,7,3.0,2.0,2.0,3,3,8.071362994350283,0.3169168643451167,1904.8416666666667,236,137,0.0,0.0
1305,46,No,Travel_Frequently,Research & Development,12,1,Medical,1,1306,Male,1,Laboratory Technician,Married,20740,2.0,Y,15,8,1,21.0,3,10,9,5,3.0,1.0,2.0,3,3,9.0209475047081,0.2985939024847116,2128.9436111111117,236,236,31.17083333333332,0.1320798022598869
1306,32,No,Travel_Rarely,Sales,15,3,Marketing,1,1307,Male,1,Research Scientist,Single,101690,1.0,Y,14,8,0,12.0,6,11,5,7,2.0,3.0,3.0,2,3,7.310940525587829,0.2817026131228408,1761.9366666666667,241,3,0.0,0.0
1307,54,No,Travel_Rarely,Research & Development,25,1,Medical,1,1308,Female,1,Laboratory Technician,Married,48550,9.0,Y,25,8,1,16.0,2,4,0,3,1.0,3.0,1.0,2,4,7.585544029506686,0.286736293081097,1828.1161111111112,241,14,0.0,0.0
1308,24,No,Travel_Rarely,Sales,6,2,Marketing,1,1309,Male,2,Research Scientist,Married,40870,0.0,Y,20,8,3,4.0,1,3,0,2,1.0,3.0,2.0,3,4,7.795473995271867,0.2831384626890209,1831.9363888888888,235,57,0.0,0.0
1309,28,No,Non-Travel,Sales,9,4,Medical,1,1310,Male,2,Laboratory Technician,Married,23670,1.0,Y,13,8,0,5.0,2,5,0,4,2.0,3.0,4.0,2,3,5.990938934802571,0.269158223628986,1449.8072222222222,242,0,0.0,0.0
1310,58,No,Travel_Rarely,Research & Development,8,4,Life Sciences,1,1311,Male,2,Sales Executive,Single,29720,0.0,Y,14,8,0,38.0,2,37,1,8,4.0,3.0,2.0,4,3,7.07940355940356,0.2983510501061796,1635.3422222222223,231,0,0.0,0.0
1311,44,No,Non-Travel,Research & Development,23,2,Medical,1,1312,Female,1,Research Scientist,Married,195860,4.0,Y,16,8,0,17.0,3,3,1,2,2.0,2.0,4.0,2,3,6.732844078646548,0.3010446296104829,1636.081111111111,243,0,0.0,0.0
1312,37,Yes,Travel_Rarely,Human Resources,9,3,Human Resources,1,1313,Male,2,Healthcare Representative,Divorced,54840,2.0,Y,17,8,0,7.0,4,3,0,2,3.0,1.0,3.0,3,3,10.147261583445792,0.2904709401917975,2506.373611111111,247,247,283.3736111111111,1.1472615834457938
1313,32,No,Travel_Rarely,Human Resources,12,2,Human Resources,1,1314,Female,1,Sales Representative,Single,20610,1.0,Y,15,8,1,1.0,2,1,0,0,4.0,1.0,3.0,2,3,7.960068850902185,0.2949576968420726,1862.6561111111112,234,112,0.0,0.0
1314,20,Yes,Travel_Frequently,Sales,4,4,Life Sciences,1,1315,Female,2,Healthcare Representative,Single,99240,1.0,Y,22,8,0,1.0,3,1,1,0,4.0,4.0,3.0,3,4,10.71213753387534,0.3081225813073995,2635.185833333333,246,246,421.1858333333333,1.7121375338753388
1315,34,No,Travel_Rarely,Research & Development,1,4,Other,1,1316,Male,4,Laboratory Technician,Single,41980,1.0,Y,22,8,1,16.0,2,16,2,10,1.0,3.0,3.0,2,4,7.623057899671824,0.3100017613040935,1806.6647222222225,237,25,0.0,0.0
1316,37,No,Non-Travel,Sales,24,2,Life Sciences,1,1317,Male,1,Research Scientist,Divorced,68150,5.0,Y,20,8,1,17.0,3,1,0,0,3.0,4.0,4.0,3,4,7.783722943722943,0.2848023061395536,1798.04,231,50,0.0,0.0
1317,59,No,Non-Travel,Research & Development,12,2,Life Sciences,1,1318,Male,2,Sales Executive,Married,47230,9.0,Y,14,8,0,30.0,0,3,2,2,3.0,4.0,3.0,3,3,7.212025166191832,0.3139576343620308,1687.6138888888888,234,1,0.0,0.0
1318,50,No,Travel_Frequently,Research & Development,3,4,Medical,1,1319,Male,4,Research Scientist,Married,61420,3.0,Y,13,8,2,28.0,3,8,0,7,1.0,2.0,2.0,2,3,9.58414878397711,0.305017746634091,2233.1066666666666,233,233,136.97444444444443,0.5878731521220791
1319,25,Yes,Travel_Rarely,Sales,10,1,Marketing,1,1320,Male,2,Research Director,Single,82370,1.0,Y,13,8,0,6.0,6,6,0,3,3.0,3.0,3.0,2,3,8.510076071922544,0.306897163027857,2050.9283333333333,241,227,1.8038888888888904,0.0074850161364684
1320,25,No,Travel_Rarely,Research & Development,26,3,Technical Degree,1,1321,Male,1,Laboratory Technician,Married,88530,1.0,Y,22,8,1,2.0,3,2,2,1,4.0,4.0,3.0,3,4,7.701500691562932,0.3028612970725007,1856.0616666666667,241,39,0.0,0.0
1321,22,No,Travel_Rarely,Research & Development,2,1,Life Sciences,1,1322,Male,1,Sales Representative,Single,193310,1.0,Y,12,8,1,1.0,2,0,0,0,2.0,4.0,3.0,3,3,6.2620971074380165,0.3189430054744068,1515.4275,242,0,0.0,0.0
1322,51,No,Travel_Frequently,Research & Development,1,3,Life Sciences,1,1323,Female,1,Sales Executive,Single,20730,3.0,Y,14,8,1,23.0,4,13,12,8,1.0,1.0,2.0,3,3,7.4895734542073455,0.3189420558511613,1790.0080555555555,239,13,0.0,0.0
1323,34,Yes,Travel_Frequently,Human Resources,4,4,Life Sciences,1,1324,Female,5,Sales Executive,Single,55620,1.0,Y,15,8,0,9.0,3,9,0,6,1.0,3.0,3.0,3,3,8.218455882352941,0.2898193281451429,1955.9925,238,193,0.0150000000000005,6.3025210084036e-05
1324,54,No,Non-Travel,Research & Development,9,3,Life Sciences,1,1325,Male,1,Laboratory Technician,Single,196130,2.0,Y,17,8,0,23.0,5,5,4,4,4.0,4.0,3.0,3,3,8.143079710144928,0.2896353202677233,1872.9083333333333,230,148,0.0,0.0
1325,24,No,Travel_Rarely,Research & Development,2,1,Life Sciences,1,1326,Male,2,Laboratory Technician,Married,34070,0.0,Y,13,8,1,6.0,4,5,1,2,2.0,3.0,3.0,3,3,6.488012371615313,0.2956277292476439,1544.1469444444444,238,0,0.0,0.0
1326,34,No,Travel_Rarely,Sales,4,3,Marketing,1,1327,Female,2,Sales Representative,Divorced,50630,6.0,Y,12,8,1,12.0,2,1,0,0,3.0,2.0,3.0,3,3,5.99990506329114,0.3211923772784713,1421.9775,237,0,0.0,0.0
1327,37,No,Travel_Rarely,Sales,6,1,Technical Degree,1,1328,Male,1,Laboratory Technician,Single,46390,2.0,Y,12,8,2,12.0,3,5,1,3,3.0,4.0,3.0,3,3,6.221693007662835,0.3169266883021603,1443.4327777777778,232,0,0.0,0.0
1328,34,No,Travel_Rarely,Sales,9,2,Medical,1,1329,Male,2,Healthcare Representative,Single,48760,2.0,Y,21,8,1,14.0,3,11,5,8,3.0,1.0,3.0,3,4,7.855724789915966,0.2747416912428096,1869.6625,238,64,0.0,0.0
1329,36,No,Travel_Frequently,Human Resources,7,3,Medical,1,1330,Male,1,Research Scientist,Married,26900,0.0,Y,11,8,0,10.0,1,9,2,8,2.0,4.0,3.0,3,3,7.984710550887021,0.2837842821095097,1900.361111111111,238,116,0.0,0.0
1330,36,No,Travel_Rarely,Research & Development,1,3,Medical,1,1331,Female,2,Manufacturing Director,Divorced,175670,5.0,Y,13,8,0,7.0,6,1,0,0,1.0,4.0,3.0,3,3,7.499870448179272,0.2973891658162822,1784.9691666666668,238,8,0.0,0.0
1331,43,No,Travel_Frequently,Research & Development,3,4,Life Sciences,1,1332,Male,1,Sales Executive,Married,24080,1.0,Y,12,8,1,25.0,3,25,4,12,3.0,4.0,4.0,3,3,8.702949172576831,0.3215140744958076,2045.1930555555557,235,232,6.6713888888888935,0.0283888888888889
1332,30,No,Travel_Frequently,Research & Development,10,3,Life Sciences,1,1333,Female,3,Healthcare Representative,Divorced,28140,1.0,Y,24,8,0,10.0,2,10,0,9,1.0,3.0,2.0,3,4,7.911812169312169,0.2895345544008729,1827.628611111111,231,89,0.0,0.0
1333,33,No,Non-Travel,Sales,7,3,Life Sciences,1,1334,Male,2,Sales Executive,Married,112450,0.0,Y,21,8,0,8.0,3,7,0,7,3.0,2.0,4.0,3,4,6.708544810242341,0.2831287253417242,1630.1763888888888,243,0,0.0,0.0
1334,56,Yes,Travel_Rarely,Research & Development,15,3,Life Sciences,1,1335,Male,2,Laboratory Technician,Married,33120,9.0,Y,19,8,0,7.0,1,5,4,3,2.0,2.0,3.0,1,3,9.013333333333334,0.297414501780385,2091.093333333333,232,232,29.920277777777784,0.128966714559387
1335,51,No,Travel_Rarely,Research & Development,3,2,Other,1,1336,Female,2,Sales Representative,Single,190490,7.0,Y,14,8,1,23.0,2,20,15,15,1.0,3.0,3.0,3,3,6.686394675925926,0.2985945374487848,1604.7347222222222,240,0,0.0,0.0
1336,31,Yes,Travel_Rarely,Research & Development,2,4,Technical Degree,1,1337,Female,3,Sales Executive,Married,21410,4.0,Y,20,8,0,12.0,2,7,7,7,2.0,3.0,2.0,3,4,8.39816762041011,0.2834461651774296,1956.773055555556,233,212,0.1252777777777769,0.000537672865999
1337,26,No,Travel_Rarely,Sales,17,3,Medical,1,1338,Female,2,Manager,Married,57690,1.0,Y,19,8,0,5.0,4,5,4,3,3.0,2.0,2.0,2,3,7.685123587570621,0.2850221238307476,1813.6891666666663,236,27,0.0,0.0
1338,58,Yes,Travel_Rarely,Sales,2,2,Medical,1,1339,Female,1,Research Scientist,Married,43850,1.0,Y,13,8,1,40.0,2,40,15,6,4.0,4.0,2.0,2,3,7.54806861348528,0.2944230983092232,1766.2480555555555,234,13,0.0,0.0
1339,19,Yes,Travel_Rarely,Research & Development,5,2,Life Sciences,1,1340,Male,1,Manager,Single,53320,1.0,Y,23,8,1,0.0,2,0,0,0,4.0,3.0,2.0,3,4,9.363881915388191,0.3150832938369131,2237.967777777778,239,239,90.74972222222225,0.3797059507205951
1340,22,No,Travel_Rarely,Sales,29,4,Technical Degree,1,1341,Male,1,Sales Executive,Married,46630,0.0,Y,13,8,1,3.0,1,2,2,1,3.0,4.0,3.0,3,3,6.379811676082863,0.299589734314162,1505.6355555555556,236,0,0.0,0.0
1341,49,No,Travel_Rarely,Research & Development,2,3,Life Sciences,1,1342,Female,1,Sales Executive,Married,47240,1.0,Y,11,8,1,16.0,3,15,5,11,3.0,1.0,2.0,2,3,7.194425925925926,0.2834321101858829,1726.6622222222222,240,0,0.0,0.0
1342,43,No,Travel_Frequently,Sales,2,2,Life Sciences,1,1343,Male,1,Sales Executive,Single,32110,4.0,Y,13,8,0,18.0,2,3,1,2,2.0,3.0,3.0,4,3,7.978614703065134,0.2951487516170069,1851.038611111111,232,111,0.0,0.0
1343,50,No,Travel_Frequently,Research & Development,19,4,Life Sciences,1,1344,Male,2,Sales Executive,Single,53770,4.0,Y,14,8,1,16.0,3,2,2,1,3.0,4.0,3.0,4,3,7.080387029288703,0.3039513417334477,1692.2125,239,1,0.0,0.0
1344,31,Yes,Travel_Rarely,Research & Development,15,1,Medical,1,1345,Female,2,Sales Executive,Married,40660,3.0,Y,22,8,0,4.0,2,2,2,2,2.0,3.0,3.0,2,4,8.406022675736962,0.2862693610929796,2059.475555555556,245,230,0.8558333333333348,0.0034931972789115
1345,41,No,Travel_Rarely,Research & Development,17,2,Other,1,1346,Male,1,Manufacturing Director,Divorced,52080,3.0,Y,11,8,3,12.0,2,9,0,7,3.0,3.0,3.0,1,3,8.118852498786996,0.3022472741215712,1859.2172222222223,229,141,0.0741666666666667,0.0003238719068413
1346,26,No,Travel_Rarely,Research & Development,17,4,Life Sciences,1,1347,Male,2,Sales Executive,Married,48770,1.0,Y,13,8,1,8.0,5,8,5,7,3.0,3.0,3.0,4,3,7.950108543417366,0.3098278984306951,1892.1258333333333,238,107,0.0,0.0
1347,36,No,Travel_Rarely,Human Resources,25,1,Human Resources,1,1348,Male,2,Research Scientist,Divorced,31170,6.0,Y,21,8,1,7.0,2,3,0,1,2.0,2.0,3.0,4,4,6.79901247645951,0.3061653190922945,1604.5669444444443,236,0,0.0,0.0
1348,51,Yes,Travel_Frequently,Research & Development,6,3,Life Sciences,1,1349,Female,1,Manager,Single,15690,2.0,Y,11,8,0,18.0,2,4,0,3,1.0,4.0,3.0,4,3,7.189976851851852,0.3091432293301611,1725.5944444444444,240,2,0.0,0.0
1349,39,No,Travel_Rarely,Research & Development,7,3,Life Sciences,1,1350,Female,1,Research Scientist,Married,196580,4.0,Y,13,8,1,17.0,3,15,5,9,4.0,3.0,4.0,4,3,7.877014739229025,0.3061535723097602,1929.868611111111,245,79,0.0,0.0
1350,25,No,Travel_Rarely,Sales,29,1,Medical,1,1351,Female,3,Research Scientist,Married,30690,2.0,Y,14,8,1,6.0,3,2,2,2,1.0,3.0,3.0,2,3,7.793299199623353,0.3083765721798356,1839.2186111111112,236,56,0.0,0.0
1351,30,No,Travel_Rarely,Research & Development,21,1,Medical,1,1352,Male,2,Laboratory Technician,Married,104350,0.0,Y,11,8,0,12.0,5,11,4,7,3.0,4.0,1.0,3,3,9.995206830206827,0.2811980732351284,2308.8927777777776,231,231,229.89277777777775,0.9952068302068302
1352,32,Yes,Travel_Rarely,Research & Development,2,4,Life Sciences,1,1353,Female,2,Research Director,Single,41480,7.0,Y,15,8,0,10.0,0,5,0,4,1.0,1.0,4.0,2,3,7.901718319559229,0.3094362667558942,1912.2158333333332,242,95,0.0,0.0
1353,45,No,Travel_Rarely,Research & Development,2,1,Technical Degree,1,1354,Female,2,Healthcare Representative,Single,57680,5.0,Y,23,8,1,9.0,4,6,0,3,3.0,4.0,2.0,3,4,7.374128019323671,0.2951091544218081,1696.0494444444444,230,4,0.0,0.0
1354,38,No,Travel_Rarely,Research & Development,7,4,Life Sciences,1,1355,Female,2,Research Director,Single,50420,3.0,Y,16,8,1,19.0,4,3,2,2,4.0,3.0,3.0,3,3,10.415906729900632,0.2869943579093192,2562.313055555556,246,246,348.31305555555554,1.4159067299006325
1355,30,No,Travel_Rarely,Sales,13,3,Marketing,1,1356,Female,2,Laboratory Technician,Single,57700,1.0,Y,16,8,1,5.0,2,5,0,4,1.0,3.0,2.0,4,3,6.680294326241135,0.2773697805956469,1569.8691666666666,235,0,0.0,0.0
1356,32,No,Travel_Frequently,Sales,2,3,Marketing,1,1357,Male,3,Laboratory Technician,Divorced,77560,0.0,Y,21,8,0,9.0,3,8,0,7,4.0,4.0,4.0,3,4,6.505978561549101,0.3022295910966782,1567.940833333333,241,0,0.0,0.0
1357,30,No,Travel_Rarely,Research & Development,1,3,Medical,1,1358,Female,3,Sales Executive,Divorced,103060,5.0,Y,13,8,0,8.0,5,3,2,2,4.0,1.0,3.0,3,3,6.720969785575049,0.3143498379426712,1532.381111111111,228,0,0.0,0.0
1358,30,No,Travel_Rarely,Sales,9,3,Medical,1,1359,Male,2,Research Scientist,Single,39360,0.0,Y,11,8,1,6.0,3,5,1,2,2.0,4.0,3.0,3,3,6.39401559454191,0.3006485216274877,1457.8355555555556,228,0,0.0,0.0
1359,41,No,Travel_Frequently,Sales,10,2,Medical,1,1360,Female,3,Manufacturing Director,Divorced,79450,4.0,Y,12,8,1,21.0,6,7,7,7,4.0,1.0,2.0,2,3,7.318976124885216,0.2936368048605506,1771.1922222222222,242,0,0.0,0.0
1360,41,No,Travel_Rarely,Research & Development,10,4,Medical,1,1361,Male,4,Research Scientist,Married,57430,2.0,Y,12,8,3,7.0,2,5,1,4,3.0,1.0,3.0,4,3,8.016141843971631,0.283382936976012,1883.7933333333333,235,118,0.0,0.0
1361,19,No,Travel_Rarely,Research & Development,1,3,Other,1,1362,Female,5,Manufacturing Director,Single,152020,1.0,Y,18,8,3,1.0,2,1,0,0,2.0,2.0,3.0,2,3,6.380013774104683,0.2782226263959962,1543.9633333333334,242,0,0.0,0.0
1362,40,No,Travel_Frequently,Research & Development,26,4,Medical,1,1363,Male,2,Manufacturing Director,Divorced,54400,1.0,Y,12,8,1,20.0,2,20,2,13,2.0,2.0,3.0,3,3,7.003960769980506,0.305648234805656,1596.9030555555555,228,0,0.0,0.0
1363,35,No,Travel_Rarely,Sales,8,1,Marketing,1,1364,Female,3,Laboratory Technician,Married,37600,1.0,Y,14,8,3,10.0,2,10,0,6,3.0,2.0,3.0,3,3,7.395136494252873,0.302554414073041,1715.6716666666666,232,5,0.0,0.0
1364,53,No,Travel_Rarely,Sales,14,2,Life Sciences,1,1365,Female,5,Manufacturing Director,Married,35170,2.0,Y,12,8,1,13.0,1,7,4,5,2.0,3.0,1.0,2,3,10.893168103448277,0.2991229061075354,2527.215,232,232,439.215,1.893168103448276
1365,45,No,Travel_Rarely,Sales,1,4,Technical Degree,1,1366,Male,1,Research Scientist,Divorced,25800,8.0,Y,17,8,3,20.0,3,17,0,15,2.0,2.0,1.0,3,3,6.790741545893719,0.3100931529727684,1561.8705555555557,230,0,0.0,0.0
1366,32,No,Travel_Frequently,Sales,2,2,Life Sciences,1,1367,Female,1,Manufacturing Director,Single,21660,1.0,Y,19,8,1,9.0,4,9,3,7,2.0,4.0,3.0,1,3,7.907401891252955,0.301041373693575,1858.2394444444444,235,95,0.0,0.0
1367,29,No,Non-Travel,Research & Development,10,4,Technical Degree,1,1368,Male,3,Healthcare Representative,Married,58690,1.0,Y,11,8,1,10.0,6,10,0,9,4.0,3.0,3.0,4,3,6.09657368173258,0.3074051395211332,1438.7913888888888,236,0,0.0,0.0
1368,51,No,Travel_Rarely,Research & Development,1,3,Other,1,1369,Female,3,Research Director,Married,80080,2.0,Y,15,8,1,10.0,4,1,0,0,2.0,3.0,3.0,3,3,7.573564814814815,0.3165289334107561,1863.0969444444445,246,22,0.0,0.0
1369,58,No,Travel_Rarely,Sales,3,3,Marketing,1,1370,Female,1,Research Scientist,Married,52060,4.0,Y,11,8,3,9.0,4,1,0,0,2.0,2.0,2.0,1,3,9.988622402890694,0.3043633200801247,2457.201111111111,246,246,243.20111111111112,0.9886224028906956
1370,40,No,Travel_Rarely,Research & Development,11,2,Technical Degree,1,1371,Male,4,Laboratory Technician,Married,52950,7.0,Y,18,8,0,15.0,4,12,2,11,3.0,4.0,2.0,3,3,6.195923489278753,0.3108295381098613,1412.6705555555557,228,0,0.0,0.0
1371,34,No,Travel_Frequently,Sales,24,4,Marketing,1,1372,Male,2,Manufacturing Director,Married,164130,6.0,Y,16,8,0,6.0,1,4,1,2,3.0,3.0,3.0,3,3,6.977579022988506,0.2738109550060683,1618.7983333333334,232,0,0.0,0.0
1372,22,No,Travel_Rarely,Research & Development,3,3,Medical,1,1373,Male,1,Laboratory Technician,Married,132690,1.0,Y,25,8,1,2.0,2,2,2,2,3.0,4.0,3.0,3,4,7.677799497027892,0.2784910456315251,1865.7052777777776,243,25,0.0,0.0
1373,27,No,Non-Travel,Research & Development,3,3,Medical,1,1374,Male,1,Healthcare Representative,Divorced,27830,6.0,Y,16,8,1,6.0,2,2,2,2,4.0,2.0,1.0,4,3,6.300498366013072,0.3040812581515354,1499.518611111111,238,0,0.0,0.0
1374,28,No,Travel_Rarely,Sales,4,4,Life Sciences,1,1375,Male,2,Healthcare Representative,Married,54330,1.0,Y,13,8,1,5.0,4,5,0,2,3.0,4.0,1.0,2,3,6.532742905242905,0.2903713388266926,1509.0636111111112,231,0,0.0,0.0
1375,57,No,Travel_Rarely,Research & Development,3,3,Life Sciences,1,1376,Male,2,Manufacturing Director,Divorced,20130,3.0,Y,14,8,1,12.0,5,5,1,4,3.0,4.0,1.0,3,3,10.874485094850948,0.3056642811775096,2675.123333333333,246,246,461.1233333333333,1.8744850948509488
1376,27,No,Non-Travel,Research & Development,2,3,Life Sciences,1,1377,Male,1,Manufacturing Director,Divorced,139660,1.0,Y,19,8,0,1.0,1,1,0,1,3.0,3.0,2.0,3,3,10.614749657064472,0.3091398998678363,2579.3841666666667,243,243,392.38416666666666,1.614749657064472
1377,50,No,Travel_Rarely,Research & Development,4,3,Life Sciences,1,1378,Female,2,Manufacturing Director,Single,43740,3.0,Y,15,8,1,21.0,5,5,4,4,3.0,2.0,3.0,4,3,6.208623032904149,0.2918361425900481,1446.6091666666666,233,0,0.0,0.0
1378,41,No,Travel_Rarely,Sales,7,4,Marketing,1,1379,Male,4,Laboratory Technician,Divorced,68420,4.0,Y,12,8,1,13.0,3,9,1,8,1.0,3.0,3.0,3,3,6.187160894660894,0.2841755147943288,1429.2341666666666,231,0,0.0,0.0
1379,30,No,Travel_Rarely,Human Resources,1,4,Human Resources,1,1380,Female,1,Manager,Married,174260,2.0,Y,12,8,1,12.0,0,10,7,4,2.0,4.0,3.0,2,3,6.9091439176245215,0.3038694336014904,1602.921388888889,232,0,0.0,0.0
1380,38,No,Travel_Rarely,Sales,1,1,Medical,1,1381,Male,2,Laboratory Technician,Single,176030,4.0,Y,16,8,0,12.0,0,8,0,7,1.0,4.0,4.0,2,3,6.323777777777778,0.3144503296859644,1486.0877777777778,235,0,0.0,0.0
1381,32,No,Travel_Rarely,Research & Development,20,3,Medical,1,1382,Female,1,Manufacturing Director,Single,45810,3.0,Y,14,8,1,8.0,3,5,1,4,3.0,3.0,3.0,3,3,6.933930795019157,0.3025134583943269,1608.6719444444443,232,0,0.0,0.0
1382,27,No,Travel_Rarely,Research & Development,5,4,Medical,1,1383,Male,2,Healthcare Representative,Married,47350,0.0,Y,13,8,0,6.0,2,5,1,1,3.0,2.0,2.0,3,3,8.884953703703705,0.2802168090164649,2079.079166666667,234,234,14.408333333333337,0.061574074074074
1383,19,Yes,Travel_Frequently,Research & Development,10,2,Life Sciences,1,1384,Male,2,Healthcare Representative,Single,41870,0.0,Y,22,8,1,1.0,4,0,0,0,3.0,1.0,4.0,3,4,7.5101751207729475,0.3087582155397587,1727.3402777777778,230,10,0.0,0.0
1384,36,No,Travel_Frequently,Sales,25,3,Marketing,1,1385,Female,2,Research Director,Single,55050,4.0,Y,21,8,2,13.0,3,8,7,2,4.0,2.0,2.0,3,4,7.4069647988505745,0.3204503609929833,1718.4158333333332,232,4,0.0,0.0
1385,30,No,Non-Travel,Sales,1,3,Medical,1,1386,Female,1,Sales Executive,Divorced,54700,1.0,Y,18,8,1,12.0,2,12,6,10,3.0,1.0,3.0,3,3,6.809022458628842,0.2750799239377532,1600.1202777777778,235,0,0.0,0.0
1386,45,No,Travel_Rarely,Research & Development,24,2,Medical,1,1387,Male,2,Sales Executive,Divorced,54760,4.0,Y,13,8,1,9.0,3,5,0,3,3.0,1.0,4.0,3,3,8.125163328564616,0.3041797332512148,1893.1630555555555,233,157,0.0,0.0
1387,56,No,Travel_Rarely,Research & Development,4,3,Life Sciences,1,1388,Male,4,Manager,Divorced,25870,4.0,Y,12,8,0,19.0,2,2,2,2,3.0,1.0,3.0,2,3,8.283279826958106,0.2762994589773835,2021.1202777777776,244,203,0.0527777777777771,0.0002163023679417
1388,33,No,Travel_Rarely,Research & Development,2,2,Medical,1,1389,Male,1,Sales Executive,Single,24400,0.0,Y,18,8,3,4.0,4,3,0,2,3.0,4.0,4.0,3,3,6.78991822991823,0.3027322296451158,1568.4711111111112,231,0,0.0,0.0
1389,19,Yes,Travel_Rarely,Research & Development,8,2,Life Sciences,1,1390,Male,2,Sales Executive,Single,159720,1.0,Y,21,8,0,1.0,2,1,1,0,2.0,4.0,2.0,3,4,7.208066378066378,0.3040328388059094,1665.0633333333333,231,2,0.0,0.0
1390,46,No,Travel_Rarely,Research & Development,10,3,Technical Degree,1,1391,Female,2,Laboratory Technician,Divorced,153790,1.0,Y,12,8,0,24.0,1,24,15,7,2.0,1.0,3.0,1,3,6.921690307328605,0.3113492118456023,1626.5972222222222,235,0,0.0,0.0
1391,38,No,Travel_Rarely,Sales,4,4,Life Sciences,1,1392,Male,1,Manufacturing Director,Single,70820,1.0,Y,14,8,0,2.0,3,2,2,1,3.0,4.0,3.0,4,3,7.930844955834496,0.3081985849169904,1895.4719444444445,239,103,0.0,0.0
1392,31,No,Travel_Rarely,Sales,2,5,Life Sciences,1,1393,Male,2,Sales Representative,Married,27280,8.0,Y,11,8,0,7.0,3,4,0,2,3.0,4.0,3.0,4,3,10.362566807313645,0.3033341812269233,2455.9283333333333,237,237,322.92833333333334,1.3625668073136428
1393,34,No,Travel_Rarely,Sales,9,3,Marketing,1,1394,Female,2,Manager,Single,53680,2.0,Y,14,8,1,9.0,2,3,1,2,4.0,2.0,3.0,3,3,6.247778935185185,0.2842955665278149,1499.4669444444444,240,0,0.0,0.0
1394,41,Yes,Travel_Rarely,Research & Development,18,4,Life Sciences,1,1395,Male,5,Laboratory Technician,Single,53470,1.0,Y,24,8,1,4.0,1,4,0,2,2.0,2.0,2.0,3,4,10.120157596371882,0.3003705842798097,2479.438611111111,245,245,274.4386111111112,1.1201575963718822
1395,50,No,Travel_Rarely,Sales,19,4,Marketing,1,1396,Male,3,Sales Executive,Married,31950,2.0,Y,11,8,0,5.0,4,3,0,2,3.0,3.0,2.0,2,3,6.78049154589372,0.2934223646020419,1559.5130555555556,230,0,0.0,0.0
1396,53,No,Travel_Rarely,Sales,1,2,Life Sciences,1,1397,Male,1,Manager,Divorced,39890,1.0,Y,13,8,0,5.0,2,4,1,3,4.0,1.0,3.0,3,3,6.116384220354808,0.3009950473823827,1455.6994444444445,238,0,0.0,0.0
1397,33,No,Travel_Rarely,Research & Development,4,3,Life Sciences,1,1398,Male,1,Human Resources,Married,33060,1.0,Y,11,8,3,8.0,6,8,1,6,4.0,2.0,3.0,1,3,7.521757369614512,0.3226447201237529,1842.8305555555555,245,18,0.0,0.0
1398,40,No,Travel_Rarely,Research & Development,11,3,Life Sciences,1,1399,Female,2,Sales Executive,Married,70050,1.0,Y,20,8,2,21.0,2,20,9,9,4.0,3.0,3.0,3,4,6.206365348399246,0.3049989236294423,1464.7022222222222,236,0,0.0,0.0
1399,55,No,Travel_Rarely,Research & Development,6,1,Life Sciences,1,1400,Female,2,Laboratory Technician,Single,26550,8.0,Y,17,8,0,36.0,0,24,2,15,3.0,2.0,3.0,2,3,6.105050827423168,0.3096727371431123,1434.6869444444444,235,0,0.0,0.0
1400,34,No,Travel_Frequently,Human Resources,7,4,Other,1,1401,Female,1,Research Scientist,Married,13930,1.0,Y,11,8,2,10.0,4,10,1,9,4.0,3.0,2.0,4,3,6.80057391091532,0.2899879853705936,1543.7302777777777,227,0,0.0,0.0
1401,51,No,Travel_Rarely,Human Resources,4,2,Human Resources,1,1402,Male,2,Sales Representative,Single,25700,3.0,Y,18,8,0,21.0,2,7,1,0,4.0,2.0,3.0,3,3,7.393497365900383,0.2849125720773532,1715.2913888888888,232,7,0.0,0.0
1402,52,No,Travel_Rarely,Research & Development,2,4,Medical,1,1403,Female,2,Sales Representative,Married,35370,0.0,Y,11,8,1,34.0,3,33,11,9,3.0,3.0,3.0,3,3,6.301128167641325,0.3107979548171246,1436.657222222222,228,0,0.0,0.0
1403,27,No,Travel_Rarely,Sales,15,3,Marketing,1,1404,Male,1,Research Scientist,Single,39860,1.0,Y,12,8,2,7.0,3,7,0,3,4.0,2.0,2.0,3,3,7.527982580037665,0.2940390367272212,1776.6038888888888,236,13,0.0,0.0
1404,35,Yes,Travel_Rarely,Research & Development,2,4,Life Sciences,1,1405,Female,2,Research Director,Married,108830,3.0,Y,12,8,0,8.0,3,1,0,1,2.0,3.0,3.0,4,3,8.994780334728034,0.2745532129298969,2149.7525,239,239,26.18638888888889,0.109566480706648
1405,43,No,Non-Travel,Research & Development,6,2,Medical,1,1406,Male,1,Healthcare Representative,Divorced,20280,4.0,Y,20,8,1,7.0,2,5,2,2,4.0,4.0,4.0,2,4,8.013822362278244,0.2937675610060507,1907.2897222222225,238,127,0.0391666666666665,0.0001645658263305
1406,45,No,Non-Travel,Research & Development,9,2,Medical,1,1407,Female,1,Sales Executive,Married,95250,9.0,Y,19,8,0,22.0,3,20,11,8,1.0,4.0,3.0,3,3,6.181097709551658,0.2875769400248616,1409.290277777778,228,0,0.0,0.0
1407,37,No,Travel_Rarely,Research & Development,7,3,Life Sciences,1,1408,Female,1,Research Scientist,Married,29290,1.0,Y,12,8,0,8.0,2,8,1,7,2.0,1.0,3.0,1,3,10.127794117647058,0.2936342642656911,2410.415,238,238,268.415,1.127794117647059
1408,35,No,Travel_Frequently,Research & Development,1,3,Other,1,1409,Male,2,Research Director,Single,22750,5.0,Y,13,8,0,10.0,2,6,1,2,2.0,2.0,3.0,4,3,6.0929427462396895,0.3047532535936942,1395.283888888889,229,0,0.0,0.0
1409,42,No,Non-Travel,Research & Development,1,1,Technical Degree,1,1410,Male,2,Sales Executive,Divorced,78790,2.0,Y,11,8,1,11.0,2,5,0,2,3.0,3.0,3.0,3,3,6.402202729044834,0.3385384718474166,1459.7022222222222,228,0,0.0,0.0
1410,38,No,Travel_Rarely,Sales,8,2,Marketing,1,1411,Male,5,Research Scientist,Married,49300,9.0,Y,14,8,0,14.0,0,1,0,0,4.0,3.0,3.0,3,3,6.292136184857424,0.313370749188086,1422.0227777777775,226,0,0.0,0.0
1411,38,No,Travel_Rarely,Human Resources,25,1,Human Resources,1,1412,Female,1,Manufacturing Director,Married,78470,3.0,Y,14,8,1,9.0,3,7,1,7,4.0,4.0,1.0,4,3,7.263687819618782,0.2956196706174575,1736.0213888888889,239,0,0.0,0.0
1412,27,No,Travel_Frequently,Research & Development,13,4,Medical,1,1413,Male,1,Manager,Married,44010,5.0,Y,13,8,0,6.0,4,2,2,0,3.0,1.0,3.0,2,3,6.51746151996152,0.3291979996742071,1505.5336111111112,231,0,0.0,0.0
1413,49,No,Non-Travel,Research & Development,23,1,Other,1,1414,Female,2,Sales Executive,Divorced,92410,1.0,Y,19,8,1,7.0,5,7,1,7,4.0,4.0,3.0,3,3,9.593414634146342,0.2850975690437623,2359.98,246,246,146.16194444444443,0.5941542457091237
1414,34,No,Travel_Frequently,Research & Development,7,2,Medical,1,1415,Male,4,Sales Representative,Divorced,29740,1.0,Y,23,8,0,5.0,2,5,2,0,4.0,3.0,4.0,3,4,10.511366139846745,0.2797118010141365,2438.6369444444445,232,232,350.63694444444445,1.5113661398467433
1415,40,No,Travel_Rarely,Research & Development,23,3,Medical,1,1416,Female,1,Laboratory Technician,Married,45020,8.0,Y,12,8,2,15.0,0,7,3,7,3.0,4.0,4.0,2,3,10.400718471636194,0.3211633793069909,2464.970277777778,237,237,331.97027777777777,1.4007184716361931
1416,38,Yes,Travel_Rarely,Sales,6,4,Life Sciences,1,1417,Female,3,Research Scientist,Married,107480,7.0,Y,15,8,0,17.0,3,1,0,0,2.0,1.0,3.0,3,3,8.36960401891253,0.312169961546556,1966.8569444444445,235,204,0.6752777777777776,0.0028735224586288
1417,29,Yes,Travel_Rarely,Sales,10,2,Life Sciences,1,1418,Female,2,Research Scientist,Married,15550,1.0,Y,19,8,2,10.0,2,10,1,9,2.0,4.0,2.0,3,3,6.706100780532599,0.3022974916488771,1622.8763888888889,242,0,0.0,0.0
1418,22,No,Travel_Rarely,Research & Development,1,3,Life Sciences,1,1419,Female,4,Healthcare Representative,Divorced,129360,1.0,Y,11,8,2,4.0,3,4,2,2,4.0,2.0,2.0,3,3,8.528221064814815,0.2919435524608124,2046.773055555556,240,233,1.3794444444444416,0.0057476851851851
1419,36,No,Travel_Frequently,Research & Development,1,3,Life Sciences,1,1420,Female,2,Laboratory Technician,Single,23050,1.0,Y,17,8,0,8.0,3,8,1,7,2.0,4.0,3.0,3,3,7.500751563251563,0.3022803175186789,1732.673611111111,231,11,0.0,0.0
1420,40,No,Non-Travel,Research & Development,28,2,Life Sciences,1,1421,Male,1,Manufacturing Director,Married,167040,9.0,Y,22,8,0,5.0,2,3,0,2,4.0,4.0,1.0,4,4,6.091838741396264,0.2873861671670898,1376.7555555555557,226,0,0.0,0.0
1421,46,No,Travel_Rarely,Research & Development,25,1,Medical,1,1422,Male,5,Research Scientist,Divorced,34330,7.0,Y,18,8,0,17.0,3,4,0,3,4.0,1.0,3.0,3,3,5.985083697234352,0.2850825111979464,1370.5841666666668,229,0,0.0,0.0
1422,32,Yes,Travel_Rarely,Research & Development,5,3,Medical,1,1423,Male,1,Healthcare Representative,Married,34770,1.0,Y,11,8,0,14.0,2,14,9,8,4.0,4.0,2.0,4,3,7.782491795593062,0.306676031967402,1844.450555555556,237,58,0.0,0.0
1423,30,No,Non-Travel,Research & Development,17,4,Life Sciences,1,1424,Male,2,Healthcare Representative,Single,64300,1.0,Y,12,8,1,12.0,2,11,5,8,3.0,3.0,3.0,2,3,7.985305907172996,0.2831986460094695,1892.5175,237,120,0.0,0.0
1424,27,No,Travel_Frequently,Research & Development,18,2,Medical,1,1425,Female,1,Laboratory Technician,Single,65160,1.0,Y,19,8,1,7.0,4,7,0,7,4.0,3.0,3.0,3,3,6.198006607929515,0.3242694817861014,1406.9475,227,0,0.0,0.0
1425,51,No,Travel_Rarely,Research & Development,2,1,Medical,1,1426,Female,1,Manufacturing Director,Married,39070,5.0,Y,13,8,0,16.0,2,10,4,7,2.0,2.0,1.0,3,3,6.702637130801688,0.2796415424722681,1588.525,237,0,0.0,0.0
1426,30,Yes,Travel_Rarely,Research & Development,10,4,Life Sciences,1,1427,Female,2,Research Scientist,Single,55620,5.0,Y,13,8,0,8.0,3,5,0,4,4.0,1.0,3.0,2,3,8.525496376811594,0.314775180707134,1960.8641666666667,230,220,2.5677777777777777,0.0111642512077294
1427,41,No,Travel_Rarely,Research & Development,1,3,Life Sciences,1,1428,Male,2,Human Resources,Single,68830,3.0,Y,19,8,2,16.0,3,1,0,0,4.0,4.0,3.0,2,3,9.09039870689655,0.3062436080150688,2108.9725,232,232,39.86277777777778,0.1718223180076628
1428,30,Yes,Travel_Frequently,Sales,3,2,Medical,1,1429,Male,2,Healthcare Representative,Single,28620,5.0,Y,14,8,0,9.0,2,6,0,1,3.0,1.0,2.0,2,3,7.008028017241379,0.2726857664600667,1625.8625,232,0,0.0,0.0
1429,29,Yes,Travel_Rarely,Research & Development,2,3,Life Sciences,1,1430,Male,1,Sales Executive,Single,49780,0.0,Y,13,8,0,7.0,3,6,1,5,3.0,3.0,2.0,2,3,7.785265046296296,0.2837975411754628,1868.463611111111,240,53,0.0,0.0
1430,45,No,Non-Travel,Research & Development,2,3,Medical,1,1431,Female,2,Research Scientist,Single,103680,6.0,Y,12,8,2,23.0,2,19,12,8,4.0,4.0,3.0,3,3,6.593532265890344,0.3154038101939883,1509.918888888889,229,0,0.0,0.0
1431,54,No,Travel_Rarely,Sales,8,2,Marketing,1,1432,Female,2,Laboratory Technician,Married,61340,2.0,Y,19,8,0,16.0,2,6,0,5,4.0,1.0,3.0,2,3,6.422204184704185,0.2856602657849481,1483.5291666666667,231,0,0.0,0.0
1432,36,No,Travel_Rarely,Research & Development,16,4,Life Sciences,1,1433,Male,1,Healthcare Representative,Single,67350,8.0,Y,25,8,2,16.0,3,13,3,7,4.0,2.0,4.0,2,4,7.587336734693878,0.3102554605000653,1858.8975,245,25,0.0,0.0
1433,33,No,Travel_Rarely,Sales,9,1,Other,1,1434,Female,3,Sales Executive,Married,32950,6.0,Y,22,8,2,7.0,2,3,1,1,3.0,2.0,3.0,3,4,7.494024334251607,0.2649259682996408,1813.5538888888889,242,11,0.0,0.0
1434,37,No,Travel_Frequently,Sales,2,4,Life Sciences,1,1435,Male,2,Laboratory Technician,Divorced,52380,1.0,Y,15,8,1,10.0,5,10,0,7,2.0,4.0,3.0,3,3,10.134707175925929,0.2930896054654799,2432.3297222222222,240,240,272.32972222222224,1.134707175925926
1435,38,No,Travel_Rarely,Research & Development,1,2,Medical,1,1436,Male,4,Laboratory Technician,Divorced,64720,0.0,Y,12,8,0,17.0,4,16,5,13,1.0,3.0,2.0,3,3,6.884387219837864,0.3152223661533548,1604.0622222222223,233,0,0.0,0.0
1436,31,No,Non-Travel,Sales,4,1,Medical,1,1437,Female,3,Research Scientist,Married,96100,0.0,Y,11,8,1,6.0,2,5,1,4,3.0,3.0,3.0,2,3,5.994058070416095,0.300509437759801,1456.556111111111,243,0,0.0,0.0
1437,59,No,Travel_Rarely,Research & Development,5,3,Life Sciences,1,1438,Female,3,Manager,Married,198330,3.0,Y,13,8,0,7.0,2,1,0,0,3.0,4.0,3.0,3,3,6.183065972222222,0.2911974722618272,1483.9358333333332,240,0,0.0,0.0
1438,37,No,Travel_Frequently,Sales,2,3,Marketing,1,1439,Female,2,Laboratory Technician,Divorced,97560,4.0,Y,19,8,0,13.0,2,9,5,8,1.0,4.0,3.0,3,3,6.95293388429752,0.2648302043384877,1682.61,242,0,0.0,0.0
1439,29,No,Travel_Frequently,Sales,15,4,Medical,1,1440,Female,1,Sales Executive,Married,49680,1.0,Y,19,8,3,11.0,4,11,4,1,2.0,4.0,3.0,3,3,6.316933940242763,0.2824518698674677,1503.4302777777775,238,0,0.0,0.0
1440,35,No,Travel_Frequently,Research & Development,19,3,Life Sciences,1,1441,Female,1,Sales Executive,Single,21450,1.0,Y,13,8,0,10.0,6,10,0,8,3.0,3.0,4.0,2,3,5.994657943067034,0.307385400162058,1450.7072222222223,242,0,0.0,0.0
1441,29,Yes,Travel_Rarely,Research & Development,7,1,Life Sciences,1,1442,Female,1,Research Scientist,Single,21800,1.0,Y,21,8,0,4.0,2,4,0,1,3.0,4.0,2.0,3,4,8.353527429102744,0.3065891843258556,1996.493055555556,239,209,0.2716666666666683,0.001136680613668
1442,52,No,Travel_Rarely,Research & Development,1,2,Medical,1,1443,Female,4,Manager,Single,83460,7.0,Y,14,8,0,6.0,5,2,2,2,3.0,4.0,2.0,3,3,7.406395862389586,0.3059713440096082,1770.128611111111,239,13,0.0,0.0
1443,42,No,Travel_Rarely,Research & Development,7,4,Life Sciences,1,1444,Female,2,Sales Executive,Married,34450,1.0,Y,11,8,2,22.0,2,22,11,15,3.0,4.0,3.0,3,3,6.369136989553657,0.2834864299326319,1490.3780555555556,234,0,0.0,0.0
1444,59,No,Travel_Rarely,Research & Development,4,4,Technical Degree,1,1445,Male,1,Healthcare Representative,Married,27600,8.0,Y,11,8,0,7.0,3,2,2,2,2.0,3.0,2.0,4,3,6.719878547378547,0.3061341671572599,1552.2919444444444,231,0,0.0,0.0
1445,50,No,Travel_Rarely,Research & Development,11,2,Life Sciences,1,1446,Male,2,Sales Executive,Divorced,62940,3.0,Y,23,8,1,32.0,2,7,0,6,4.0,4.0,2.0,4,4,7.704610871647509,0.2959883762478972,1787.469722222222,232,43,0.0,0.0
1446,33,Yes,Travel_Rarely,Sales,11,4,Marketing,1,1447,Male,1,Research Scientist,Married,71400,5.0,Y,21,8,0,8.0,2,5,0,4,3.0,4.0,1.0,2,4,10.884872534872535,0.2942918683163847,2514.405555555556,231,231,435.4055555555556,1.8848725348725348
1447,43,No,Travel_Rarely,Sales,1,3,Marketing,1,1448,Female,2,Manufacturing Director,Married,29320,5.0,Y,24,8,0,22.0,3,17,1,9,4.0,4.0,3.0,3,4,9.287386254789272,0.3275808682165474,2154.6736111111118,232,232,74.51472222222223,0.3211841475095786
1448,33,Yes,Travel_Rarely,Sales,1,3,Life Sciences,1,1449,Male,2,Manager,Married,51470,7.0,Y,11,8,0,13.0,2,9,1,7,1.0,1.0,4.0,3,3,7.099097222222222,0.2969411751223314,1703.7833333333333,240,0,0.0,0.0
1449,52,No,Non-Travel,Research & Development,2,3,Technical Degree,1,1450,Male,1,Sales Executive,Single,45070,1.0,Y,14,8,0,33.0,3,33,15,12,1.0,3.0,4.0,2,3,8.798592278719397,0.2971713301888781,2076.467777777778,236,235,8.643888888888894,0.0366266478342749
1450,32,No,Travel_Rarely,Human Resources,13,4,Life Sciences,1,1451,Female,3,Manufacturing Director,Married,85640,2.0,Y,16,8,1,6.0,2,4,1,2,3.0,2.0,3.0,2,3,7.99284693877551,0.3270092396578754,1958.2475,245,118,0.0,0.0
1451,32,Yes,Travel_Rarely,Sales,23,1,Life Sciences,1,1452,Male,3,Healthcare Representative,Single,24680,0.0,Y,11,8,0,4.0,2,3,1,2,4.0,3.0,1.0,3,3,10.195875,0.2937357201051049,2447.01,240,240,287.01,1.195875
1452,39,No,Travel_Rarely,Sales,26,4,Life Sciences,1,1453,Male,2,Research Director,Divorced,81610,7.0,Y,12,8,1,7.0,2,3,1,2,3.0,3.0,3.0,4,3,6.318844537815126,0.3031517258395597,1503.885,238,0,0.0,0.0
1453,32,No,Non-Travel,Sales,2,4,Marketing,1,1454,Male,4,Research Scientist,Married,21090,0.0,Y,13,8,1,4.0,3,3,2,2,3.0,4.0,3.0,2,3,6.236712962962963,0.2649763612473849,1496.8111111111111,240,0,0.0,0.0
1454,41,No,Travel_Rarely,Sales,29,3,Life Sciences,1,1455,Female,2,Laboratory Technician,Divorced,52940,2.0,Y,15,8,0,17.0,3,1,0,0,3.0,1.0,2.0,2,3,6.114475308641976,0.286923863665006,1485.8175,243,0,0.0,0.0
1455,40,No,Travel_Rarely,Research & Development,2,3,Life Sciences,1,1456,Male,1,Manufacturing Director,Divorced,27180,1.0,Y,14,8,1,9.0,4,9,4,7,1.0,4.0,3.0,2,3,7.430190179806362,0.304250994585302,1790.6758333333332,241,8,0.0,0.0
1456,45,No,Travel_Rarely,Research & Development,18,1,Life Sciences,1,1457,Female,2,Sales Representative,Married,58110,0.0,Y,14,8,0,25.0,4,24,1,7,3.0,4.0,3.0,2,3,6.911509456264776,0.3119774779614549,1624.2047222222222,235,0,0.0,0.0
1457,31,No,Travel_Frequently,Research & Development,7,4,Medical,1,1458,Male,1,Research Scientist,Divorced,24370,9.0,Y,14,8,1,9.0,3,2,2,2,2.0,3.0,3.0,4,3,7.313733521657251,0.2934119560761686,1726.0411111111111,236,5,0.0,0.0
1458,33,No,Travel_Rarely,Research & Development,2,4,Life Sciences,1,1459,Female,1,Sales Executive,Married,27660,1.0,Y,12,8,1,2.0,2,2,0,2,3.0,4.0,2.0,3,3,6.78583455165692,0.27603658703116,1547.1702777777778,228,0,0.0,0.0
1459,34,No,Travel_Rarely,Research & Development,26,3,Other,1,1460,Female,1,Sales Executive,Married,190380,6.0,Y,13,8,0,13.0,3,11,5,9,4.0,1.0,3.0,2,3,6.4319160756501175,0.2838728648567268,1511.5002777777777,235,0,0.0,0.0
1460,37,No,Travel_Rarely,Research & Development,22,5,Medical,1,1461,Female,2,Manufacturing Director,Married,30550,2.0,Y,14,8,3,17.0,3,3,0,2,3.0,1.0,2.0,3,3,7.563755935422602,0.2930354694106356,1769.918888888889,234,18,0.0,0.0
1461,45,No,Travel_Frequently,Sales,21,1,Marketing,1,1462,Male,3,Research Scientist,Married,22890,4.0,Y,13,8,0,9.0,3,3,0,2,1.0,3.0,3.0,2,3,8.010291179337232,0.3087110892052789,1826.346388888889,228,119,0.0,0.0
1462,37,Yes,Travel_Frequently,Sales,2,3,Marketing,1,1463,Male,1,Laboratory Technician,Divorced,40010,6.0,Y,11,8,1,17.0,2,1,0,0,1.0,3.0,3.0,3,3,7.120705868205868,0.3042228630058985,1644.8830555555555,231,0,0.0,0.0
1463,39,No,Travel_Frequently,Research & Development,22,3,Medical,1,1464,Female,1,Manufacturing Director,Single,129650,0.0,Y,19,8,1,20.0,2,19,11,8,3.0,3.0,3.0,3,3,7.388473419540229,0.2976869975317063,1714.1258333333333,232,4,0.0,0.0
1464,29,No,Travel_Rarely,Sales,4,3,Other,1,1465,Female,2,Human Resources,Single,35390,1.0,Y,18,8,0,6.0,2,6,1,5,3.0,4.0,3.0,2,3,7.298881915388192,0.3037530025919031,1744.4327777777778,239,3,0.0,0.0
1465,42,No,Travel_Rarely,Research & Development,5,4,Medical,1,1466,Female,1,Research Scientist,Single,60290,3.0,Y,17,8,1,10.0,5,3,0,2,4.0,1.0,3.0,3,3,8.4856290174472,0.3049204940554832,2053.5222222222224,242,230,0.996666666666666,0.0041184573002754
1466,29,No,Travel_Rarely,Research & Development,2,4,Medical,1,1467,Male,1,Laboratory Technician,Divorced,26790,2.0,Y,15,8,0,10.0,2,3,0,2,4.0,4.0,3.0,2,3,6.099508003766479,0.2989542547869761,1439.483888888889,236,0,0.0,0.0
1467,25,No,Travel_Rarely,Research & Development,25,2,Life Sciences,1,1468,Male,2,Sales Executive,Married,37020,0.0,Y,20,8,0,5.0,4,4,1,2,1.0,3.0,3.0,3,4,7.696410608139003,0.3103443154324954,1870.2277777777776,243,45,0.0,0.0
1468,42,No,Travel_Rarely,Sales,18,2,Medical,1,1469,Male,1,Laboratory Technician,Divorced,23980,0.0,Y,14,8,1,10.0,2,9,7,8,4.0,3.0,3.0,2,3,9.51556007226739,0.322622980674087,2340.8277777777776,246,246,128.84416666666667,0.5237567750677506
1469,40,No,Travel_Rarely,Research & Development,28,3,Medical,1,1470,Male,2,Laboratory Technician,Divorced,54680,0.0,Y,12,8,0,22.0,6,21,3,9,1.0,3.0,3.0,4,3,7.036408382066277,0.3089474394007995,1604.3011111111111,228,0,0.0,0.0
1470,51,No,Travel_Rarely,Sales,6,2,Life Sciences,1,1471,Female,1,Healthcare Representative,Married,131160,1.0,Y,11,8,0,1.0,6,1,0,0,3.0,4.0,3.0,3,3,7.409417024320458,0.2924151945826007,1726.3941666666667,233,3,0.0,0.0
1471,31,Yes,Travel_Frequently,Research & Development,10,1,Life Sciences,1,1472,Female,1,Research Scientist,Single,41890,0.0,Y,23,8,1,6.0,3,5,1,4,3.0,2.0,4.0,2,4,7.658033910533911,0.2976360197975577,1769.0058333333334,231,30,0.0,0.0
1472,32,No,Travel_Frequently,Research & Development,17,4,Other,1,1473,Male,4,Sales Executive,Married,193280,1.0,Y,15,8,3,5.0,2,5,0,3,2.0,2.0,1.0,3,3,6.987566851083448,0.3084565872068934,1684.003611111111,241,0,0.0,0.0
1473,38,No,Non-Travel,Research & Development,2,5,Life Sciences,1,1474,Male,3,Human Resources,Married,83210,3.0,Y,11,8,3,13.0,5,8,7,5,4.0,4.0,3.0,2,3,7.204082491582492,0.2892520332232635,1664.1430555555555,231,1,0.0,0.0
1474,32,No,Travel_Rarely,Research & Development,10,1,Medical,1,1475,Male,1,Sales Executive,Single,23420,4.0,Y,12,8,2,9.0,2,6,0,4,4.0,1.0,3.0,3,3,8.00852013585638,0.3062462391621069,1833.951111111111,229,115,0.0,0.0
1475,46,No,Travel_Rarely,Research & Development,8,3,Life Sciences,1,1476,Female,4,Research Director,Married,40710,3.0,Y,13,8,0,28.0,5,7,7,7,3.0,2.0,2.0,3,3,10.77499403910348,0.3039147531912365,2510.573611111111,233,233,413.5736111111111,1.7749940391034813
1476,28,Yes,Travel_Rarely,Research & Development,11,2,Medical,1,1477,Male,2,Sales Executive,Single,58130,2.0,Y,20,8,1,5.0,2,0,0,0,3.0,3.0,1.0,3,4,6.909532163742689,0.3089839156743744,1575.3733333333332,228,0,0.0,0.0
1477,29,No,Travel_Rarely,Research & Development,18,3,Life Sciences,1,1478,Male,2,Sales Executive,Married,31430,2.0,Y,22,8,3,10.0,2,0,0,0,1.0,2.0,3.0,3,4,6.717725035161744,0.2579247272605279,1592.1008333333334,237,0,0.0,0.0
1478,31,No,Travel_Rarely,Research & Development,1,3,Life Sciences,1,1479,Male,3,Laboratory Technician,Married,20440,0.0,Y,21,8,0,10.0,2,9,7,8,2.0,4.0,3.0,3,4,7.214617446393762,0.2986641340768744,1644.9327777777778,228,2,0.0,0.0
1479,25,No,Non-Travel,Research & Development,7,4,Medical,1,1480,Female,4,Laboratory Technician,Divorced,134640,1.0,Y,13,8,1,6.0,2,6,1,5,2.0,1.0,3.0,3,3,7.1283810205054845,0.318997395172664,1660.9127777777778,233,1,0.0,0.0
1480,45,No,Travel_Rarely,Research & Development,17,2,Medical,1,1481,Male,2,Laboratory Technician,Married,79910,0.0,Y,13,8,2,21.0,2,20,4,10,3.0,4.0,3.0,2,3,8.398237922705313,0.2956990688713298,1931.594722222222,230,212,0.2572222222222216,0.0011183574879227
1481,36,No,Travel_Rarely,Research & Development,28,1,Life Sciences,1,1482,Male,1,Laboratory Technician,Married,33770,0.0,Y,12,8,2,16.0,2,15,10,11,4.0,4.0,3.0,3,3,7.075151406771578,0.3103370354892764,1648.5102777777777,233,0,0.0,0.0
1482,55,No,Travel_Rarely,Research & Development,14,4,Life Sciences,1,1483,Female,1,Sales Executive,Single,55380,0.0,Y,17,8,0,37.0,2,36,4,13,4.0,1.0,3.0,3,3,9.295658137390504,0.3019131992871462,2240.2536111111112,241,241,77.95,0.3234439834024896
1483,47,Yes,Non-Travel,Research & Development,1,1,Medical,1,1484,Male,1,Research Scientist,Married,57620,1.0,Y,11,8,2,10.0,4,10,9,9,1.0,2.0,2.0,2,3,9.44614095500459,0.2943431561165509,2285.966111111111,242,242,109.96111111111112,0.4543847566574839
1484,28,No,Travel_Rarely,Research & Development,1,3,Life Sciences,1,1485,Male,1,Manufacturing Director,Married,25920,1.0,Y,14,8,0,5.0,2,5,0,4,4.0,4.0,2.0,3,3,6.116240338164252,0.3086106581297487,1406.7352777777778,230,0,0.0,0.0
1485,37,No,Travel_Rarely,Research & Development,1,3,Life Sciences,1,1486,Male,2,Healthcare Representative,Married,53460,4.0,Y,11,8,0,7.0,2,5,0,1,3.0,4.0,4.0,3,3,6.704287837219936,0.3088021629038767,1629.1419444444443,243,0,0.0,0.0
1486,21,No,Travel_Rarely,Research & Development,3,2,Life Sciences,1,1487,Male,1,Laboratory Technician,Single,42130,1.0,Y,12,8,3,3.0,3,3,1,0,4.0,3.0,4.0,2,3,6.6049799905838045,0.3113292968958566,1558.7752777777778,236,0,0.0,0.0
1487,37,No,Non-Travel,Research & Development,1,3,Medical,1,1488,Male,2,Sales Executive,Divorced,41270,2.0,Y,13,8,1,15.0,2,5,0,2,1.0,4.0,3.0,3,3,11.019594467885607,0.2941823648363932,2611.643888888889,237,237,478.6438888888889,2.0195944678856077
1488,35,No,Travel_Rarely,Sales,7,4,Life Sciences,1,1489,Male,1,Sales Representative,Divorced,24380,7.0,Y,16,8,0,10.0,5,7,6,2,2.0,2.0,2.0,2,3,6.984722222222223,0.320379976446045,1613.4708333333333,231,0,0.0,0.0
1489,38,No,Travel_Rarely,Research & Development,8,3,Life Sciences,1,1490,Female,1,Manager,Divorced,68700,1.0,Y,11,8,1,8.0,5,8,7,7,1.0,1.0,3.0,3,3,9.286795224977045,0.3102193914359004,2247.4044444444444,242,242,77.24750000000002,0.3192045454545455
1490,26,No,Travel_Frequently,Research & Development,1,4,Other,1,1491,Male,2,Laboratory Technician,Divorced,104470,1.0,Y,18,8,0,6.0,3,6,1,4,3.0,2.0,1.0,3,3,7.601738128169663,0.2966986118023343,1832.0188888888888,241,22,0.0,0.0
1491,50,No,Travel_Rarely,Sales,8,4,Life Sciences,1,1492,Male,1,Research Scientist,Divorced,96670,3.0,Y,23,8,0,28.0,2,10,1,6,1.0,2.0,2.0,2,4,5.97706712962963,0.2812484706660058,1434.496111111111,240,0,0.0,0.0
1492,53,No,Travel_Rarely,Research & Development,11,4,Life Sciences,1,1493,Female,2,Research Scientist,Married,21480,3.0,Y,11,8,0,21.0,2,5,1,3,3.0,3.0,2.0,3,3,8.413626347866854,0.2870161293201417,1994.0294444444444,237,219,0.5574999999999992,0.0023523206751054
1493,42,No,Travel_Rarely,Research & Development,4,4,Life Sciences,1,1494,Male,1,Manufacturing Director,Married,89260,1.0,Y,14,8,0,20.0,4,20,11,6,2.0,3.0,3.0,1,3,6.788833333333333,0.2954546645625954,1561.4316666666666,230,0,0.0,0.0
1494,29,No,Travel_Frequently,Research & Development,16,4,Medical,1,1495,Male,1,Laboratory Technician,Single,65130,1.0,Y,11,8,1,10.0,2,10,0,9,2.0,4.0,2.0,3,3,7.062236111111111,0.2789634153971038,1694.9366666666667,240,0,0.0,0.0
1495,55,No,Travel_Rarely,Research & Development,1,4,Other,1,1496,Female,1,Research Scientist,Married,67990,3.0,Y,11,8,0,12.0,2,10,0,8,2.0,4.0,3.0,3,3,9.410524425287356,0.3132691608959394,2183.241666666667,232,232,98.50666666666667,0.4245977011494253
1496,26,No,Travel_Frequently,Research & Development,9,3,Life Sciences,1,1497,Female,1,Manager,Married,162910,1.0,Y,22,8,0,5.0,3,5,3,3,1.0,1.0,3.0,3,4,11.014791373652132,0.2905736471370361,2610.5055555555555,237,237,477.5055555555556,2.014791373652133
1497,37,No,Travel_Rarely,Sales,5,1,Marketing,1,1498,Male,1,Research Scientist,Single,27050,1.0,Y,11,8,0,17.0,2,17,5,7,4.0,4.0,3.0,3,3,7.629000953743443,0.328746289192235,1777.5572222222222,233,35,0.0,0.0
1498,44,Yes,Travel_Frequently,Research & Development,1,2,Medical,1,1499,Male,2,Research Scientist,Divorced,103330,3.0,Y,14,8,1,19.0,2,1,0,0,4.0,3.0,1.0,2,3,11.000575998075998,0.2921228166123742,2541.1330555555555,231,231,462.1330555555556,2.0005759980759983
1499,38,No,Travel_Rarely,Sales,2,3,Marketing,1,1500,Female,1,Manager,Divorced,44480,9.0,Y,12,8,0,10.0,3,2,1,2,4.0,4.0,3.0,2,3,6.820862029384757,0.2942595577320428,1650.6486111111112,242,0,0.0,0.0
1500,26,Yes,Travel_Rarely,Research & Development,4,3,Medical,1,1501,Male,3,Research Scientist,Divorced,68540,2.0,Y,11,8,0,5.0,5,3,0,2,1.0,2.0,3.0,2,3,10.109967811158798,0.2765925467633504,2355.6225,233,233,258.6225,1.1099678111587985
1501,28,No,Travel_Rarely,Research & Development,7,3,Other,1,1502,Male,1,Human Resources,Single,96370,1.0,Y,13,8,0,5.0,6,5,0,2,4.0,4.0,3.0,2,3,6.702303051001821,0.2877618720701649,1635.3619444444444,244,0,0.0,0.0
1502,49,No,Travel_Frequently,Research & Development,1,1,Medical,1,1503,Female,2,Research Scientist,Single,35910,9.0,Y,13,8,0,22.0,2,3,1,2,3.0,1.0,3.0,3,3,10.487479338842974,0.2894115804313533,2537.97,242,242,359.97,1.4874793388429752
1503,36,No,Travel_Rarely,Sales,5,3,Technical Degree,1,1504,Male,3,Sales Executive,Single,54050,4.0,Y,14,8,0,10.0,2,8,7,7,3.0,2.0,3.0,3,3,6.193597768073751,0.2980944646995904,1418.3338888888889,229,0,0.0,0.0
1504,31,No,Travel_Frequently,Research & Development,9,4,Medical,1,1505,Male,1,Sales Executive,Divorced,46840,1.0,Y,16,8,1,2.0,4,2,2,2,4.0,2.0,2.0,3,3,6.607998817966903,0.3198814345564044,1552.8797222222222,235,0,0.0,0.0
1505,26,Yes,Travel_Rarely,Research & Development,8,3,Medical,1,1506,Male,2,Manager,Single,157870,1.0,Y,12,8,2,8.0,5,8,7,4,4.0,4.0,3.0,3,3,10.260264282501126,0.3032390371858564,2534.285277777778,247,247,311.28527777777776,1.2602642825011243
1506,37,No,Travel_Frequently,Sales,9,1,Marketing,1,1507,Male,1,Laboratory Technician,Married,15140,1.0,Y,14,8,0,4.0,3,4,1,2,2.0,4.0,2.0,3,3,9.995476680384089,0.3057651148236717,2428.900833333333,243,243,241.9008333333333,0.9954766803840878
1507,42,No,Travel_Frequently,Sales,2,2,Marketing,1,1508,Male,3,Research Director,Married,29560,5.0,Y,13,8,0,23.0,2,20,4,8,3.0,2.0,4.0,3,3,5.992563025210084,0.2843064570700371,1426.23,238,0,0.0,0.0
1508,18,Yes,Travel_Rarely,Research & Development,1,4,Life Sciences,1,1509,Male,1,Sales Executive,Single,23350,1.0,Y,14,8,2,0.0,3,0,0,0,3.0,3.0,3.0,2,3,6.816210488505748,0.277127561086433,1581.3608333333334,232,0,0.0,0.0
1509,35,No,Travel_Rarely,Sales,20,2,Life Sciences,1,1510,Male,1,Laboratory Technician,Married,51540,0.0,Y,19,8,0,12.0,2,11,6,9,3.0,2.0,2.0,2,3,7.720096982758621,0.3007867673504304,1791.0625,232,39,0.0,0.0
1510,36,No,Travel_Frequently,Research & Development,8,3,Other,1,1511,Female,3,Sales Executive,Married,69620,4.0,Y,12,8,2,4.0,2,1,0,0,3.0,4.0,3.0,2,3,7.185832136015326,0.2894578937938493,1667.1130555555555,232,0,0.0,0.0
1511,51,No,Travel_Rarely,Research & Development,2,3,Life Sciences,1,1512,Male,2,Laboratory Technician,Divorced,56750,5.0,Y,13,8,0,13.0,2,4,1,2,4.0,2.0,3.0,2,3,7.571935990338164,0.313755547622233,1741.5452777777778,230,19,0.0,0.0
1512,41,No,Travel_Rarely,Research & Development,29,1,Life Sciences,1,1513,Male,1,Laboratory Technician,Single,23790,1.0,Y,12,8,0,22.0,6,22,0,4,4.0,2.0,3.0,3,3,6.877735507246377,0.3024430807672619,1581.8791666666666,230,0,0.0,0.0
1513,18,No,Travel_Rarely,Sales,7,3,Life Sciences,1,1514,Male,1,Research Scientist,Single,38120,1.0,Y,15,8,0,0.0,3,0,0,0,4.0,3.0,3.0,3,3,6.992057656395891,0.2983075924874044,1664.1097222222222,238,0,0.0,0.0
1514,28,No,Travel_Rarely,Research & Development,9,3,Medical,1,1515,Male,1,Sales Representative,Single,46480,0.0,Y,23,8,2,9.0,2,8,0,7,2.0,1.0,3.0,2,4,7.170924782807498,0.2615531065924348,1742.5347222222222,243,0,0.0,0.0
1515,31,No,Travel_Rarely,Research & Development,8,1,Technical Degree,1,1516,Male,1,Manufacturing Director,Married,29360,4.0,Y,12,8,1,10.0,2,8,7,7,2.0,4.0,2.0,3,3,7.164225083452552,0.3016990700710414,1669.2644444444445,233,0,0.0,0.0
1516,39,No,Travel_Rarely,Sales,5,4,Marketing,1,1517,Female,2,Human Resources,Divorced,21050,0.0,Y,20,8,0,19.0,3,18,3,7,3.0,4.0,2.0,3,4,7.603831417624521,0.3024467479571396,1764.088888888889,232,19,0.0,0.0
1517,36,No,Non-Travel,Research & Development,5,4,Life Sciences,1,1518,Male,1,Sales Executive,Married,85780,7.0,Y,21,8,0,10.0,4,9,0,8,2.0,2.0,3.0,3,4,7.817613035113035,0.2902318802843215,1805.868611111111,231,67,0.0,0.0
1518,32,No,Travel_Rarely,Sales,2,3,Marketing,1,1519,Male,2,Laboratory Technician,Married,27060,1.0,Y,21,8,1,13.0,4,13,4,8,4.0,3.0,2.0,3,4,6.989849587578846,0.3167892591135283,1600.6755555555555,229,0,0.0,0.0
1519,38,No,Travel_Rarely,Research & Development,5,2,Life Sciences,1,1520,Female,3,Research Scientist,Married,63840,3.0,Y,19,8,2,19.0,4,10,0,1,1.0,2.0,3.0,2,3,6.903497307880568,0.3013818148798244,1567.0938888888888,227,0,0.0,0.0
1520,58,No,Non-Travel,Research & Development,2,3,Life Sciences,1,1521,Male,2,Manufacturing Director,Divorced,39680,2.0,Y,13,8,2,12.0,3,5,1,2,4.0,3.0,3.0,2,3,10.92023792780122,0.3214085554417156,2588.096388888889,237,237,455.0963888888889,1.920237927801219
1521,31,No,Travel_Rarely,Research & Development,20,1,Technical Degree,1,1522,Female,3,Research Scientist,Married,99070,2.0,Y,13,8,1,6.0,3,5,0,3,3.0,4.0,3.0,2,3,9.106765306122448,0.2994407672742842,2231.1575,245,245,44.95583333333335,0.1834931972789116
1522,31,No,Travel_Rarely,Sales,7,4,Marketing,1,1523,Male,2,Sales Executive,Married,132250,3.0,Y,21,8,1,9.0,2,2,1,0,1.0,1.0,3.0,3,4,6.793423095584668,0.3170002966632219,1555.693888888889,229,0,0.0,0.0
1523,45,No,Travel_Frequently,Research & Development,3,1,Medical,1,1524,Female,1,Sales Executive,Divorced,35400,1.0,Y,13,8,0,24.0,6,24,9,11,1.0,1.0,3.0,3,3,7.290649678604224,0.3224480110531436,1764.3372222222222,242,2,0.0,0.0
1524,31,No,Travel_Rarely,Sales,16,4,Marketing,1,1525,Female,2,Research Scientist,Divorced,28040,0.0,Y,19,8,2,3.0,0,2,2,2,3.0,4.0,1.0,3,3,8.60325265099124,0.2892334459594706,2073.383888888889,241,235,1.918888888888892,0.0079621945597049
1525,33,No,Travel_Frequently,Research & Development,9,3,Life Sciences,1,1526,Male,4,Research Director,Married,193920,6.0,Y,12,8,1,12.0,3,10,8,8,4.0,2.0,3.0,3,3,6.794387464387465,0.2904613570688448,1589.8866666666668,234,0,0.0,0.0
1526,39,No,Travel_Rarely,Sales,1,4,Life Sciences,1,1527,Male,1,Sales Executive,Married,196650,1.0,Y,22,8,1,21.0,6,21,11,10,3.0,1.0,3.0,3,4,10.980500929800092,0.3031816063761475,2624.339722222222,239,239,473.33972222222224,1.980500929800093
1527,43,No,Travel_Frequently,Research & Development,7,4,Medical,1,1528,Male,4,Research Scientist,Single,24390,0.0,Y,15,8,0,9.0,2,8,1,7,3.0,4.0,3.0,3,3,7.724989711934156,0.2976009579603086,1877.1725,243,43,0.0,0.0
1528,49,No,Travel_Rarely,Research & Development,1,3,Life Sciences,1,1529,Male,3,Manufacturing Director,Single,73140,7.0,Y,22,8,0,25.0,2,7,0,7,3.0,3.0,3.0,3,4,9.97103305785124,0.3017368596163386,2412.99,242,242,234.99,0.9710330578512396
1529,52,Yes,Travel_Rarely,Research & Development,7,1,Life Sciences,1,1530,Female,2,Research Scientist,Married,47740,2.0,Y,18,8,1,11.0,2,8,7,7,3.0,2.0,2.0,3,3,7.877022821576763,0.321014919158238,1898.3625,241,80,0.0,0.0
1530,27,No,Travel_Rarely,Research & Development,15,4,Medical,1,1531,Male,3,Research Scientist,Single,39020,1.0,Y,22,8,0,4.0,2,4,1,2,3.0,2.0,2.0,3,4,10.713731292517007,0.2973022646735332,2624.8641666666667,245,245,419.8641666666667,1.7137312925170067
1531,32,No,Travel_Rarely,Research & Development,1,3,Life Sciences,1,1532,Male,3,Research Scientist,Married,26620,1.0,Y,11,8,1,13.0,6,13,11,9,3.0,2.0,3.0,4,3,10.537320048309178,0.3112582019945968,2423.583611111111,230,230,353.5836111111111,1.537320048309179
1532,27,No,Travel_Rarely,Research & Development,13,2,Medical,1,1533,Female,4,Research Director,Single,28560,1.0,Y,12,8,2,5.0,5,5,0,4,4.0,3.0,3.0,4,3,10.101125910746813,0.2766161079257765,2464.674722222222,244,244,268.6747222222222,1.1011259107468123
1533,31,No,Travel_Rarely,Sales,24,3,Life Sciences,1,1534,Male,2,Healthcare Representative,Divorced,10810,4.0,Y,11,8,3,13.0,4,7,1,7,4.0,4.0,3.0,4,3,6.600159069325737,0.287530080660785,1544.4372222222223,234,0,0.0,0.0
1534,32,No,Travel_Rarely,Research & Development,7,3,Technical Degree,1,1535,Male,2,Healthcare Representative,Single,24720,7.0,Y,13,8,0,10.0,2,7,0,7,1.0,4.0,2.0,3,3,7.516145075206211,0.2849389006835188,1721.1972222222223,229,10,0.0,0.0
1535,28,Yes,Travel_Rarely,Research & Development,9,4,Medical,1,1536,Male,1,Sales Executive,Married,56730,5.0,Y,14,8,1,5.0,4,3,2,2,1.0,4.0,2.0,2,3,10.711125603864732,0.3130610083048604,2463.5588888888888,230,230,393.5588888888889,1.7111256038647342
1536,30,No,Travel_Rarely,Research & Development,13,3,Life Sciences,1,1537,Female,4,Research Director,Married,41970,1.0,Y,13,8,0,11.0,3,10,1,9,4.0,4.0,3.0,3,3,6.20291134751773,0.2988925608099164,1457.684166666667,235,0,0.0,0.0
1537,31,No,Travel_Frequently,Research & Development,2,1,Life Sciences,1,1538,Female,1,Manager,Married,97130,1.0,Y,17,8,0,10.0,5,10,8,9,3.0,3.0,3.0,2,3,6.6084375,0.3168485435726246,1533.1575,232,0,0.0,0.0
1538,39,No,Travel_Frequently,Research & Development,19,4,Medical,1,1539,Female,1,Research Scientist,Married,20620,1.0,Y,13,8,0,21.0,4,21,13,3,3.0,4.0,3.0,3,3,6.060223404255319,0.3071789125851498,1424.1525,235,0,0.0,0.0
1539,39,Yes,Travel_Rarely,Research & Development,1,1,Medical,1,1540,Female,1,Laboratory Technician,Married,42840,4.0,Y,17,8,1,12.0,0,1,0,0,4.0,3.0,2.0,3,3,10.00678841607565,0.3016740141796479,2351.595277777778,235,235,236.59527777777777,1.0067884160756502
1540,33,No,Travel_Frequently,Sales,4,2,Life Sciences,1,1541,Male,4,Research Scientist,Single,47880,3.0,Y,11,8,1,9.0,0,7,0,1,2.0,4.0,2.0,3,3,7.39196240421456,0.2859201252182869,1714.935277777778,232,4,0.0,0.0
1541,47,No,Travel_Rarely,Research & Development,4,3,Life Sciences,1,1542,Female,2,Healthcare Representative,Married,59060,4.0,Y,23,8,0,21.0,4,3,1,1,4.0,3.0,3.0,4,4,6.526635049683831,0.3079690708590062,1605.5522222222223,246,0,0.0,0.0
1542,43,No,Travel_Frequently,Research & Development,14,3,Medical,1,1543,Female,5,Research Director,Divorced,38860,1.0,Y,17,8,2,9.0,2,9,0,0,3.0,3.0,4.0,3,3,6.352892512077295,0.2872845946545153,1461.165277777778,230,0,0.0,0.0
1543,27,No,Non-Travel,Research & Development,2,3,Life Sciences,1,1544,Male,1,Research Director,Married,168230,0.0,Y,17,8,0,6.0,3,5,1,4,3.0,2.0,3.0,3,3,9.278894849785408,0.3069144194915529,2161.9825,233,233,71.2527777777778,0.3058059132093467
1544,54,No,Travel_Frequently,Research & Development,1,4,Life Sciences,1,1545,Male,2,Research Scientist,Single,29330,3.0,Y,12,8,2,20.0,2,4,0,3,4.0,3.0,2.0,3,3,6.092101769911505,0.2840877510737827,1376.815,226,0,0.0,0.0
1545,43,No,Travel_Rarely,Research & Development,7,2,Life Sciences,1,1546,Female,2,Manager,Married,65000,8.0,Y,23,8,0,10.0,3,1,0,0,3.0,1.0,2.0,3,4,7.203633101851851,0.3060916652136209,1728.8719444444444,240,0,0.0,0.0
1546,45,No,Travel_Rarely,Sales,3,1,Marketing,1,1547,Female,1,Sales Executive,Married,171740,9.0,Y,14,8,1,12.0,6,10,9,8,4.0,4.0,3.0,3,3,7.106525500910746,0.2890755498264606,1733.9922222222222,244,0,0.0,0.0
1547,40,No,Travel_Rarely,Research & Development,2,4,Other,1,1548,Male,4,Research Scientist,Married,50330,2.0,Y,14,8,2,6.0,6,4,0,2,2.0,4.0,2.0,3,3,9.905172292545709,0.3044104859434258,2347.525833333333,237,237,214.64527777777775,0.905676277543366
1548,29,Yes,Travel_Rarely,Research & Development,29,3,Medical,1,1549,Female,1,Research Scientist,Married,23070,1.0,Y,13,8,1,7.0,0,7,0,7,2.0,1.0,2.0,3,3,10.49205736224029,0.284929707238058,2581.0461111111117,246,246,367.0461111111111,1.492057362240289
1549,29,No,Travel_Rarely,Human Resources,8,3,Medical,1,1550,Male,3,Sales Representative,Single,25870,0.0,Y,22,8,2,4.0,3,3,2,2,2.0,4.0,3.0,3,4,6.909123116760829,0.2949661260170209,1630.5530555555556,236,0,0.0,0.0
1550,30,No,Travel_Rarely,Research & Development,10,3,Life Sciences,1,1551,Male,2,Research Scientist,Divorced,55070,1.0,Y,12,8,2,10.0,2,10,1,2,4.0,3.0,3.0,2,3,7.615994585687383,0.3014569110143252,1797.3747222222223,236,25,0.0,0.0
1551,27,No,Travel_Rarely,Research & Development,11,2,Medical,1,1552,Male,1,Manager,Married,43930,1.0,Y,18,8,1,8.0,2,8,0,7,2.0,2.0,3.0,2,3,6.110617283950617,0.281879865498386,1374.888888888889,225,0,0.0,0.0
1552,37,No,Travel_Rarely,Sales,1,4,Life Sciences,1,1553,Male,2,Healthcare Representative,Divorced,133480,7.0,Y,14,8,0,8.0,4,6,0,4,4.0,4.0,2.0,3,3,6.001789351851852,0.2956313963994789,1440.4294444444445,240,0,0.0,0.0
1553,38,No,Travel_Rarely,Research & Development,28,4,Medical,1,1554,Male,1,Laboratory Technician,Divorced,65830,0.0,Y,12,8,0,12.0,1,11,2,9,3.0,4.0,3.0,3,3,9.012154195011338,0.2778085270469997,2207.9777777777776,245,245,27.776111111111117,0.1133718820861678
1554,31,No,Travel_Rarely,Research & Development,6,3,Medical,1,1555,Female,3,Manager,Single,81030,1.0,Y,15,8,1,11.0,5,11,4,10,3.0,4.0,2.0,3,3,10.414085395439107,0.3135468729787894,2384.825555555556,229,229,323.8255555555556,1.4140853954391073
1555,29,No,Travel_Rarely,Research & Development,3,4,Life Sciences,1,1556,Male,3,Sales Executive,Divorced,39780,1.0,Y,11,8,0,7.0,0,7,1,7,4.0,2.0,3.0,3,3,8.419563492063492,0.2830206196596266,1944.9191666666663,231,216,0.6300000000000008,0.0027272727272727
1556,35,No,Travel_Rarely,Sales,16,2,Technical Degree,1,1557,Male,3,Manager,Single,25440,0.0,Y,13,8,1,17.0,3,16,0,13,3.0,2.0,3.0,4,3,7.913552886948083,0.3168343586733091,1812.203611111111,229,98,0.0,0.0
1557,23,No,Travel_Rarely,Research & Development,20,4,Life Sciences,1,1558,Male,1,Manufacturing Director,Divorced,53990,1.0,Y,23,8,0,4.0,2,4,0,2,3.0,4.0,2.0,2,4,7.066395804518211,0.2846426672114394,1703.0013888888889,241,0,0.0,0.0
1558,41,No,Travel_Rarely,Research & Development,9,2,Life Sciences,1,1559,Female,1,Laboratory Technician,Single,54870,6.0,Y,19,8,2,8.0,0,5,1,2,4.0,2.0,3.0,3,3,9.70906462585034,0.2994979169713126,2378.7208333333333,245,245,173.77916666666667,0.7093027210884354
1559,47,No,Travel_Frequently,Sales,1,3,Medical,1,1560,Female,2,Laboratory Technician,Single,68340,3.0,Y,16,8,1,5.0,2,0,0,0,2.0,3.0,3.0,4,3,7.816196311858077,0.2977556022076266,1860.2547222222224,238,69,0.0,0.0
1560,42,No,Travel_Rarely,Research & Development,3,4,Life Sciences,1,1561,Male,1,Manager,Single,10910,2.0,Y,22,8,0,16.0,0,1,0,0,1.0,4.0,3.0,1,4,6.293512857836002,0.287956538496314,1441.2144444444446,229,0,0.0,0.0
1561,29,No,Non-Travel,Sales,22,4,Marketing,1,1562,Male,2,Human Resources,Married,57360,1.0,Y,22,8,0,4.0,1,4,0,2,4.0,3.0,2.0,2,4,6.319985935302391,0.2897050986576645,1497.8366666666666,237,0,0.0,0.0
1562,42,No,Travel_Rarely,Sales,7,4,Medical,1,1563,Male,3,Research Scientist,Divorced,22260,0.0,Y,12,8,1,4.0,3,3,1,0,3.0,3.0,3.0,2,3,8.805406445406446,0.3040229523042423,2034.048888888889,231,230,12.2825,0.0531709956709956
1563,32,No,Travel_Rarely,Research & Development,2,3,Medical,1,1564,Male,2,Research Scientist,Married,57470,1.0,Y,13,8,0,8.0,0,8,0,7,3.0,2.0,3.0,3,3,7.729661636945588,0.3047726997794702,1878.3077777777776,243,46,0.0,0.0
1564,48,No,Travel_Rarely,Sales,13,4,Medical,1,1565,Male,4,Sales Executive,Married,98540,3.0,Y,16,8,1,15.0,2,0,0,0,1.0,3.0,1.0,2,3,7.294775870290892,0.2911685734533242,1699.6827777777778,233,5,0.0,0.0
1565,37,No,Travel_Rarely,Research & Development,8,5,Technical Degree,1,1566,Male,2,Manufacturing Director,Divorced,54670,4.0,Y,12,8,0,13.0,2,7,6,7,3.0,1.0,3.0,3,3,10.803298171589311,0.270415192330687,2560.3816666666667,237,237,427.38166666666666,1.8032981715893108
1566,30,No,Non-Travel,Sales,25,4,Other,1,1567,Male,1,Healthcare Representative,Married,53800,7.0,Y,21,8,1,4.0,0,2,2,2,4.0,3.0,4.0,3,4,10.400979840600094,0.3161609058082507,2465.032222222222,237,237,332.03222222222223,1.4009798406000935
1567,26,No,Travel_Rarely,Sales,28,3,Medical,1,1568,Female,5,Laboratory Technician,Married,51510,1.0,Y,15,8,3,8.0,3,8,7,7,3.0,3.0,3.0,3,3,5.976393617021277,0.3042403447582609,1404.4525,235,0,0.0,0.0
1568,42,No,Travel_Rarely,Sales,2,2,Medical,1,1569,Female,1,Laboratory Technician,Single,21330,3.0,Y,13,8,2,14.0,2,1,0,0,1.0,4.0,3.0,3,3,6.0972750229568415,0.2981687816452144,1475.5405555555556,242,0,0.0,0.0
1569,21,Yes,Travel_Frequently,Research & Development,9,3,Medical,1,1570,Female,4,Manufacturing Director,Single,178750,1.0,Y,12,8,0,3.0,5,3,1,2,1.0,2.0,3.0,2,3,8.101884756657483,0.3012080731794224,1960.6561111111112,242,152,0.0,0.0
1570,36,No,Non-Travel,Human Resources,28,3,Human Resources,1,1571,Male,2,Laboratory Technician,Single,24320,4.0,Y,22,8,0,7.0,4,1,0,0,4.0,4.0,3.0,1,4,7.29282733978792,0.296577991090571,1757.5713888888888,241,2,0.0,0.0
1571,36,No,Travel_Frequently,Research & Development,6,3,Life Sciences,1,1572,Female,2,Research Scientist,Married,47710,4.0,Y,13,8,1,16.0,2,13,1,12,1.0,4.0,3.0,3,3,7.077489270386266,0.3074268838768816,1649.055,233,0,0.0,0.0
1572,57,No,Travel_Rarely,Research & Development,21,4,Life Sciences,1,1573,Male,5,Research Scientist,Married,191610,2.0,Y,18,8,0,15.0,2,3,1,2,4.0,3.0,3.0,1,3,6.312606927010692,0.3107335344813046,1508.7130555555557,239,0,0.0,0.0
1573,40,No,Travel_Rarely,Research & Development,8,3,Other,1,1574,Male,2,Sales Executive,Married,50870,3.0,Y,14,8,1,10.0,3,7,1,7,4.0,3.0,3.0,3,3,8.090185185185184,0.2768924926920949,1917.3738888888888,237,151,0.0,0.0
1574,21,No,Non-Travel,Research & Development,1,5,Life Sciences,1,1575,Female,2,Manager,Single,28630,1.0,Y,14,8,0,3.0,2,3,2,2,1.0,4.0,2.0,1,3,7.978398692810457,0.3108557785483276,1898.858888888889,238,116,0.0,0.0
1575,33,Yes,Travel_Rarely,Human Resources,28,2,Human Resources,1,1576,Female,5,Manager,Single,55610,1.0,Y,21,8,1,1.0,3,1,0,0,4.0,3.0,3.0,1,4,10.495708218549128,0.3080297569667392,2539.961388888889,242,242,361.9613888888889,1.4957082185491275
1576,37,No,Travel_Rarely,Research & Development,5,3,Life Sciences,1,1577,Male,4,Research Scientist,Married,21440,6.0,Y,19,8,0,17.0,3,5,0,3,3.0,1.0,3.0,4,3,8.022877314814815,0.2901397030933766,1925.490555555556,240,122,0.0,0.0
1577,46,No,Non-Travel,Sales,2,4,Marketing,1,1578,Female,2,Laboratory Technician,Married,30650,2.0,Y,11,8,0,7.0,3,1,0,0,3.0,3.0,4.0,3,3,6.114069501600365,0.2906482906018948,1485.7188888888888,243,0,0.0,0.0
1578,41,Yes,Travel_Frequently,Research & Development,16,1,Medical,1,1579,Female,1,Research Scientist,Single,28100,1.0,Y,11,8,0,8.0,3,8,7,7,1.0,2.0,3.0,4,3,7.573262691570881,0.286521033809187,1756.9969444444444,232,16,0.0,0.0
1579,50,No,Travel_Rarely,Research & Development,9,3,Medical,1,1580,Female,3,Laboratory Technician,Single,98880,6.0,Y,15,8,0,20.0,2,4,1,3,4.0,4.0,3.0,3,3,6.918520408163265,0.2948485515451005,1695.0375,245,0,0.0,0.0
1580,40,Yes,Travel_Rarely,Research & Development,8,3,Medical,1,1581,Female,1,Healthcare Representative,Married,86280,2.0,Y,20,8,0,8.0,2,6,1,0,3.0,3.0,3.0,2,4,9.31036556036556,0.2954746186140995,2150.6944444444443,231,231,76.58361111111111,0.331530784030784
1581,31,No,Travel_Rarely,Research & Development,1,3,Life Sciences,1,1582,Male,4,Human Resources,Single,28670,0.0,Y,24,8,0,3.0,5,2,2,2,3.0,2.0,3.0,3,4,10.802310386473431,0.2967259206390542,2484.531388888889,230,230,414.5313888888889,1.80231038647343
1582,21,Yes,Travel_Rarely,Human Resources,10,2,Human Resources,1,1583,Male,1,Laboratory Technician,Single,53730,1.0,Y,12,8,1,1.0,2,1,0,0,3.0,2.0,3.0,3,3,5.988076302443522,0.2989390934874497,1443.1263888888889,241,0,0.0,0.0
1583,29,No,Travel_Rarely,Research & Development,1,3,Life Sciences,1,1584,Female,2,Research Director,Single,66670,9.0,Y,12,8,1,6.0,6,3,1,2,4.0,4.0,3.0,4,3,7.785495620101429,0.3099009806243771,1876.3044444444445,241,54,0.0,0.0
1584,35,No,Travel_Rarely,Research & Development,29,3,Life Sciences,1,1585,Female,3,Sales Executive,Single,50030,9.0,Y,15,8,0,10.0,2,1,0,0,3.0,2.0,3.0,3,3,7.712429691101891,0.3206094123791803,1858.6955555555555,241,40,0.0,0.0
1585,27,No,Travel_Rarely,Sales,2,3,Life Sciences,1,1586,Male,1,Sales Executive,Divorced,23670,1.0,Y,12,8,1,5.0,2,5,0,4,4.0,2.0,3.0,3,3,6.210790314650934,0.3083056274837523,1403.638611111111,226,0,0.0,0.0
1586,28,No,Travel_Rarely,Research & Development,2,2,Medical,1,1587,Male,3,Manager,Single,28580,1.0,Y,12,8,0,7.0,2,7,0,7,2.0,4.0,3.0,2,3,7.08545035460993,0.3149443179325022,1665.0808333333334,235,0,0.0,0.0
1587,49,No,Travel_Rarely,Sales,2,3,Technical Degree,1,1588,Male,2,Manufacturing Director,Single,52040,8.0,Y,14,8,1,26.0,3,5,0,0,2.0,3.0,3.0,3,3,7.795346618357487,0.3166479235463631,1792.9297222222222,230,58,0.0,0.0
1588,51,No,Travel_Rarely,Research & Development,1,2,Life Sciences,1,1589,Male,1,Sales Executive,Married,41050,4.0,Y,22,8,1,18.0,2,7,0,7,3.0,4.0,2.0,3,4,7.598426313342632,0.3105606297376123,1816.023888888889,239,27,0.0,0.0
1589,36,No,Travel_Rarely,Sales,15,2,Life Sciences,1,1590,Male,1,Sales Executive,Married,96790,4.0,Y,12,8,0,6.0,1,2,2,2,4.0,3.0,3.0,3,3,6.010319383259912,0.2978186913908479,1364.3425,227,0,0.0,0.0
1590,34,Yes,Non-Travel,Research & Development,7,3,Life Sciences,1,1591,Male,1,Sales Representative,Single,56170,8.0,Y,25,8,1,9.0,3,5,0,4,1.0,4.0,2.0,3,4,9.08493879472693,0.3047228329256218,2144.0455555555554,236,236,40.441944444444445,0.1713641713747646
1591,55,No,Travel_Rarely,Sales,26,3,Marketing,1,1592,Male,1,Laboratory Technician,Single,104480,2.0,Y,13,8,0,30.0,3,5,1,2,3.0,4.0,3.0,3,3,8.690298309178743,0.2941471862314264,1998.768611111111,230,227,5.248333333333337,0.0228188405797101
1592,24,No,Travel_Rarely,Research & Development,1,3,Life Sciences,1,1593,Female,5,Manager,Divorced,28970,1.0,Y,18,8,3,5.0,4,5,0,3,4.0,3.0,4.0,3,3,10.014321513002365,0.2956331532366176,2353.365555555556,235,235,238.36555555555557,1.014321513002364
1593,30,No,Travel_Rarely,Research & Development,3,3,Life Sciences,1,1594,Female,2,Manager,Married,59680,1.0,Y,13,8,0,1.0,3,1,0,0,3.0,2.0,3.0,3,3,6.898669082125604,0.3160355846235657,1586.693888888889,230,1,0.0,0.0
1594,26,Yes,Travel_Frequently,Sales,14,3,Life Sciences,1,1595,Male,2,Manager,Single,75100,0.0,Y,18,8,3,7.0,3,6,0,4,3.0,1.0,3.0,3,3,7.021446150097466,0.3111426705197965,1600.8897222222222,228,0,0.0,0.0
1595,22,No,Travel_Rarely,Research & Development,16,5,Other,1,1596,Male,1,Research Scientist,Married,29910,1.0,Y,19,8,2,2.0,3,2,1,2,1.0,2.0,3.0,2,3,6.258094035594035,0.3082778911545304,1445.6197222222222,231,0,0.0,0.0
1596,36,No,Travel_Rarely,Research & Development,1,3,Medical,1,1597,Female,5,Healthcare Representative,Married,196360,1.0,Y,12,8,1,10.0,3,10,9,0,2.0,3.0,3.0,3,3,6.397392787524367,0.2961324308200937,1458.6055555555556,228,0,0.0,0.0
1597,30,Yes,Travel_Frequently,Sales,3,2,Marketing,1,1598,Male,3,Research Scientist,Single,11290,9.0,Y,19,8,0,3.0,2,1,0,0,3.0,4.0,3.0,2,3,8.186094702297234,0.2949261103897421,1940.1044444444444,237,173,0.2125000000000003,0.0008966244725738
1598,37,No,Travel_Rarely,Research & Development,10,1,Technical Degree,1,1599,Male,1,Sales Executive,Divorced,133410,1.0,Y,14,8,1,18.0,3,18,12,17,4.0,1.0,2.0,3,3,6.464834960483496,0.281876052262384,1545.0955555555556,239,0,0.0,0.0
1599,40,No,Travel_Rarely,Research & Development,6,2,Medical,1,1600,Male,3,Research Scientist,Divorced,43320,7.0,Y,14,8,2,8.0,3,5,1,3,4.0,2.0,3.0,2,3,6.675874355368026,0.328219295422259,1582.1822222222222,237,0,0.0,0.0
1600,42,No,Travel_Rarely,Research & Development,2,3,Medical,1,1601,Female,4,Manager,Divorced,110310,3.0,Y,12,8,1,8.0,2,5,1,2,2.0,1.0,3.0,2,3,7.480514846743295,0.2994860968457991,1735.4794444444444,232,7,0.0,0.0
1601,37,No,Travel_Rarely,Sales,9,1,Marketing,1,1602,Male,3,Sales Executive,Single,44400,2.0,Y,11,8,1,18.0,3,1,0,1,3.0,2.0,2.0,2,3,9.921687242798352,0.292521443403497,2410.97,243,243,223.97,0.921687242798354
1602,43,No,Travel_Rarely,Sales,10,2,Life Sciences,1,1603,Female,1,Sales Executive,Divorced,46170,1.0,Y,11,8,0,25.0,2,25,3,9,1.0,2.0,3.0,3,3,7.356879873294346,0.31532759351214,1677.368611111111,228,7,0.0,0.0
1603,40,No,Travel_Rarely,Sales,6,2,Life Sciences,1,1604,Female,1,Laboratory Technician,Married,26470,6.0,Y,13,8,0,20.0,2,1,0,0,2.0,3.0,3.0,2,3,7.50868979494516,0.3117631005711563,1749.5247222222222,233,17,0.0,0.0
1604,54,No,Travel_Rarely,Human Resources,9,3,Life Sciences,1,1605,Female,2,Manufacturing Director,Married,63230,4.0,Y,23,8,1,24.0,2,4,1,2,1.0,1.0,2.0,2,4,5.975955882352941,0.2821206263388055,1422.2775,238,0,0.0,0.0
1605,34,No,Non-Travel,Research & Development,28,3,Medical,1,1606,Male,1,Laboratory Technician,Married,56770,9.0,Y,20,8,1,6.0,3,3,1,2,3.0,3.0,3.0,3,4,6.872604308390023,0.3028532441404937,1683.7880555555555,245,0,0.0,0.0
1606,31,No,Travel_Rarely,Research & Development,10,4,Life Sciences,1,1607,Male,3,Sales Executive,Married,21870,1.0,Y,15,8,1,13.0,2,13,3,12,2.0,1.0,1.0,2,3,6.0742691256830605,0.3054325555752154,1482.121666666667,244,0,0.0,0.0
1607,43,No,Travel_Frequently,Sales,14,3,Life Sciences,1,1608,Female,1,Manufacturing Director,Married,37480,7.0,Y,14,8,2,8.0,3,3,1,2,4.0,4.0,3.0,2,3,7.727606039649608,0.290295023676773,1862.353055555556,241,40,0.0,0.0
1608,43,No,Travel_Rarely,Sales,27,4,Life Sciences,1,1609,Male,2,Sales Representative,Divorced,39770,4.0,Y,18,8,1,8.0,3,5,0,2,3.0,3.0,3.0,3,3,8.935685990338163,0.2890705719091491,2055.2077777777777,230,230,19.524722222222216,0.0848900966183574
1609,25,No,Travel_Rarely,Human Resources,7,2,Human Resources,1,1610,Male,1,Manufacturing Director,Single,86330,1.0,Y,19,8,1,5.0,2,5,1,3,2.0,4.0,3.0,4,3,10.902481247069854,0.2767103460241901,2583.888055555556,237,237,450.8880555555555,1.9024812470698544
1610,37,No,Non-Travel,Research & Development,1,3,Medical,1,1611,Male,3,Laboratory Technician,Married,20080,3.0,Y,22,8,0,15.0,5,13,10,7,2.0,3.0,3.0,2,4,10.736613247863248,0.3115533913568418,2512.3675,234,234,406.3675,1.736613247863248
1611,31,No,Travel_Rarely,Research & Development,24,1,Medical,1,1612,Male,3,Laboratory Technician,Married,44400,1.0,Y,13,8,1,4.0,2,4,3,2,4.0,1.0,3.0,3,3,7.1278874269005845,0.2837330856854299,1625.1583333333333,228,0,0.0,0.0
1612,39,No,Travel_Frequently,Research & Development,26,4,Technical Degree,1,1613,Female,1,Sales Executive,Divorced,30670,1.0,Y,20,8,1,21.0,5,21,1,6,2.0,3.0,3.0,1,4,9.0159489747258,0.3184332250815169,2100.716111111111,233,233,32.361111111111114,0.1388888888888889
1613,56,No,Travel_Frequently,Research & Development,20,4,Life Sciences,1,1614,Female,3,Sales Executive,Married,53210,9.0,Y,14,8,0,36.0,1,7,7,7,3.0,1.0,2.0,3,3,7.38608117816092,0.28875777743244,1713.5708333333334,232,4,0.0,0.0
1614,30,No,Travel_Rarely,Sales,5,4,Medical,1,1615,Female,2,Manufacturing Director,Single,54100,0.0,Y,17,8,1,6.0,2,5,4,4,2.0,3.0,3.0,3,3,7.5873362445414845,0.3305946754615277,1737.5,229,28,0.0,0.0
1615,41,No,Travel_Rarely,Research & Development,7,3,Technical Degree,1,1616,Female,3,Research Scientist,Married,27820,1.0,Y,14,8,0,10.0,2,10,0,7,2.0,1.0,3.0,2,3,6.6446671455938695,0.2946894909963125,1541.5627777777777,232,0,0.0,0.0
1616,28,No,Travel_Rarely,Research & Development,7,3,Medical,1,1617,Male,3,Healthcare Representative,Divorced,119570,1.0,Y,13,8,0,10.0,2,10,1,8,3.0,1.0,3.0,2,3,6.213860073766713,0.3110232268844233,1497.540277777778,241,0,0.0,0.0
1617,25,Yes,Travel_Rarely,Research & Development,5,2,Life Sciences,1,1618,Female,3,Laboratory Technician,Married,26600,5.0,Y,13,8,0,6.0,3,2,0,2,1.0,1.0,3.0,3,3,6.494295422031474,0.2846912362472375,1513.1708333333331,233,0,0.0,0.0
1618,52,No,Travel_Rarely,Research & Development,26,2,Life Sciences,1,1619,Female,2,Sales Representative,Married,33750,2.0,Y,21,8,0,28.0,2,5,0,4,4.0,3.0,3.0,2,4,8.202250957854407,0.2987401929789741,1902.9222222222224,232,180,0.0,0.0
1619,45,No,Travel_Rarely,Research & Development,2,3,Medical,1,1620,Female,1,Sales Executive,Married,50980,3.0,Y,14,8,1,8.0,4,2,0,2,1.0,4.0,2.0,3,3,6.778304843304843,0.3131284236833208,1586.1233333333332,234,0,0.0,0.0
1620,52,No,Travel_Rarely,Research & Development,12,3,Medical,1,1621,Male,2,Research Scientist,Married,48780,2.0,Y,11,8,1,31.0,3,5,1,4,4.0,4.0,1.0,3,3,7.309269972451791,0.2838534302750076,1768.8433333333332,242,0,0.0,0.0
1621,42,No,Travel_Frequently,Sales,10,3,Marketing,1,1622,Female,2,Healthcare Representative,Divorced,28370,2.0,Y,13,8,1,19.0,0,5,0,2,1.0,3.0,3.0,2,3,6.824301001821494,0.2877547825984911,1665.1294444444443,244,0,0.0,0.0
1622,30,No,Travel_Rarely,Sales,25,3,Marketing,1,1623,Male,1,Sales Executive,Single,24060,2.0,Y,20,8,1,11.0,5,5,0,2,3.0,4.0,3.0,3,4,7.28737680148768,0.3027507531409579,1741.6830555555557,239,2,0.0,0.0
1623,60,No,Travel_Rarely,Research & Development,10,3,Life Sciences,1,1624,Female,1,Manufacturing Director,Married,22690,5.0,Y,18,8,1,33.0,4,29,11,10,1.0,1.0,1.0,3,3,6.163477496483825,0.3046026171202088,1460.7441666666666,237,0,0.0,0.0
1624,46,No,Travel_Rarely,Sales,19,4,Marketing,1,1625,Female,1,Sales Executive,Divorced,41080,2.0,Y,14,8,0,19.0,5,10,0,8,3.0,3.0,2.0,2,3,7.601014544587506,0.320131304317325,1771.036388888889,233,28,0.0,0.0
1625,42,No,Travel_Frequently,Research & Development,18,4,Technical Degree,1,1626,Male,4,Sales Executive,Married,132060,0.0,Y,13,8,2,7.0,2,6,0,4,4.0,4.0,4.0,3,3,6.612837552742616,0.3244184269405107,1567.2425,237,0,0.0,0.0
1626,24,Yes,Travel_Rarely,Research & Development,27,2,Medical,1,1627,Male,1,Research Scientist,Single,104220,1.0,Y,17,8,1,6.0,0,5,1,4,1.0,2.0,3.0,2,3,10.603659863945577,0.3065402690600956,2597.8966666666665,245,245,392.89666666666665,1.603659863945578
1627,34,Yes,Travel_Frequently,Research & Development,5,3,Medical,1,1628,Male,2,Research Scientist,Divorced,137440,0.0,Y,20,8,1,3.0,3,2,1,0,4.0,3.0,2.0,3,4,6.181501377410469,0.2813997839880178,1495.9233333333334,242,0,0.0,0.0
1628,38,No,Travel_Frequently,Sales,3,3,Marketing,1,1629,Female,2,Sales Executive,Married,49070,1.0,Y,11,8,1,1.0,3,1,0,0,4.0,4.0,3.0,3,3,8.653300376647834,0.2782422975783242,2042.1788888888889,236,235,2.9013888888888903,0.0122940207156308
1629,40,No,Travel_Rarely,Sales,26,4,Marketing,1,1630,Female,1,Sales Executive,Married,34820,0.0,Y,18,8,1,21.0,2,20,1,12,3.0,3.0,3.0,2,3,6.014923816221285,0.279614413806982,1425.5369444444443,237,0,0.0,0.0
1630,26,No,Travel_Rarely,Research & Development,3,2,Medical,1,1631,Female,4,Healthcare Representative,Divorced,24360,1.0,Y,24,8,0,3.0,2,3,0,2,1.0,4.0,1.0,4,4,6.269028384279476,0.3232207534295523,1435.6075,229,0,0.0,0.0
1631,30,No,Non-Travel,Research & Development,15,3,Medical,1,1632,Female,2,Sales Executive,Married,23800,4.0,Y,18,8,3,9.0,2,5,1,4,3.0,4.0,1.0,2,3,7.88355984740105,0.3046628804766578,1836.8694444444443,233,80,0.1936111111111103,0.0008309489747257
1632,29,No,Travel_Rarely,Research & Development,8,3,Medical,1,1633,Female,3,Manufacturing Director,Married,194310,1.0,Y,11,8,0,10.0,3,10,0,7,2.0,3.0,3.0,3,3,7.193886514719848,0.2647916678675417,1683.3694444444443,234,0,0.0,0.0
1633,29,Yes,Travel_Rarely,Research & Development,19,4,Life Sciences,1,1634,Male,3,Research Scientist,Married,17900,5.0,Y,16,8,1,6.0,4,2,1,1,3.0,2.0,4.0,2,3,6.605290249433106,0.3130724358906649,1618.296111111111,245,0,0.0,0.0
1634,19,Yes,Travel_Rarely,Research & Development,4,3,Medical,1,1635,Male,1,Sales Executive,Single,76440,1.0,Y,15,8,2,1.0,2,1,0,0,1.0,4.0,4.0,3,3,7.875434681543468,0.3107043997433211,1882.2288888888888,239,77,0.0,0.0
1635,30,No,Non-Travel,Research & Development,2,4,Life Sciences,1,1636,Female,3,Research Scientist,Married,51310,0.0,Y,15,8,1,10.0,2,9,7,8,3.0,1.0,3.0,3,3,6.678385634588564,0.283069256459319,1596.1341666666667,239,0,0.0,0.0
1636,57,No,Travel_Rarely,Research & Development,2,2,Life Sciences,1,1637,Male,4,Research Scientist,Divorced,63060,3.0,Y,12,8,1,32.0,3,1,0,0,1.0,4.0,2.0,3,3,6.336791027429103,0.3310478796766717,1514.4930555555557,239,0,0.0,0.0
1637,50,No,Travel_Rarely,Sales,10,4,Life Sciences,1,1638,Female,3,Manager,Married,47870,0.0,Y,12,8,0,28.0,3,27,15,7,2.0,3.0,3.0,3,3,7.2048990978157645,0.2997560649030647,1685.9463888888888,234,1,0.0,0.0
1638,30,No,Non-Travel,Sales,10,2,Life Sciences,1,1639,Male,3,Laboratory Technician,Single,188800,0.0,Y,22,8,1,12.0,3,11,6,7,3.0,4.0,2.0,3,4,6.263877826941986,0.3091548108391945,1415.6363888888889,226,0,0.0,0.0
1639,60,No,Travel_Frequently,Research & Development,16,3,Life Sciences,1,1640,Female,4,Laboratory Technician,Married,23390,4.0,Y,20,8,0,22.0,4,18,13,11,3.0,1.0,4.0,3,4,7.205101566324033,0.3255209041931,1635.5580555555557,227,1,0.0,0.0
1640,47,No,Travel_Rarely,Research & Development,1,3,Technical Degree,1,1641,Male,5,Manufacturing Director,Divorced,135700,5.0,Y,16,8,2,20.0,2,5,0,4,1.0,4.0,3.0,2,3,7.799077681577682,0.3056441100786264,1801.5869444444445,231,57,0.0,0.0
1641,46,No,Travel_Rarely,Sales,4,1,Technical Degree,1,1642,Male,1,Laboratory Technician,Married,67120,6.0,Y,21,8,1,26.0,3,3,0,1,1.0,3.0,1.0,2,4,6.790909197012137,0.3327067389954929,1616.2363888888888,238,0,0.0,0.0
1642,35,No,Travel_Rarely,Research & Development,15,2,Medical,1,1643,Female,2,Laboratory Technician,Single,54060,0.0,Y,12,8,1,6.0,2,5,4,3,4.0,3.0,3.0,3,3,6.529607279693487,0.28723171779851,1514.868888888889,232,0,0.0,0.0
1643,54,No,Travel_Rarely,Research & Development,2,4,Medical,1,1644,Male,2,Human Resources,Single,89380,7.0,Y,11,8,3,19.0,2,1,0,0,3.0,3.0,3.0,3,3,7.676790633608816,0.2986098388479296,1857.7833333333333,242,28,0.0,0.0
1644,34,No,Travel_Rarely,Sales,8,2,Life Sciences,1,1645,Male,1,Laboratory Technician,Divorced,24390,3.0,Y,11,8,2,14.0,2,7,5,7,4.0,3.0,3.0,4,3,7.611215998155832,0.266722995496902,1834.303055555556,241,17,0.0,0.0
1645,46,No,Travel_Rarely,Research & Development,2,3,Life Sciences,1,1646,Male,1,Healthcare Representative,Married,88370,2.0,Y,18,8,0,15.0,3,3,1,2,3.0,4.0,3.0,2,3,9.220456916099772,0.2843834962045848,2259.0119444444445,245,245,62.46111111111112,0.2549433106575964
1646,31,No,Travel_Rarely,Research & Development,7,3,Life Sciences,1,1647,Male,2,Research Director,Divorced,53430,1.0,Y,14,8,1,13.0,3,13,0,8,3.0,2.0,4.0,3,3,6.411356881572931,0.2930706886048205,1557.959722222222,243,0,0.0,0.0
1647,33,Yes,Travel_Rarely,Research & Development,10,3,Life Sciences,1,1648,Female,4,Research Director,Married,67280,7.0,Y,22,8,0,15.0,2,7,7,7,2.0,3.0,4.0,2,4,8.510061088059013,0.2947733593453753,2050.924722222222,241,231,1.7255555555555553,0.0071599815583218
1648,33,Yes,Travel_Rarely,Sales,5,4,Marketing,1,1649,Male,2,Research Director,Divorced,66520,7.0,Y,25,8,0,8.0,5,4,1,3,1.0,4.0,3.0,3,4,7.017434364744491,0.2847453798216119,1663.1319444444443,237,0,0.0,0.0
1649,30,No,Travel_Rarely,Research & Development,2,3,Life Sciences,1,1650,Male,1,Sales Executive,Single,48500,0.0,Y,12,8,1,4.0,4,3,1,2,4.0,2.0,3.0,3,3,6.538957175925926,0.3282503923272081,1569.3497222222222,240,0,0.0,0.0
1650,35,No,Travel_Rarely,Research & Development,12,2,Medical,1,1651,Female,2,Sales Representative,Married,28090,4.0,Y,23,8,1,10.0,2,8,0,0,4.0,3.0,3.0,1,4,8.908956868260665,0.2967798321906139,2111.422777777778,237,236,17.92527777777778,0.0756340834505391
1651,31,Yes,Travel_Frequently,Research & Development,22,2,Medical,1,1652,Female,2,Sales Executive,Married,56890,3.0,Y,15,8,2,12.0,2,1,0,0,1.0,3.0,3.0,2,3,6.609761088248743,0.3166628340808049,1606.1719444444443,243,0,0.0,0.0
1652,34,Yes,Travel_Frequently,Sales,17,1,Marketing,1,1653,Male,1,Research Director,Divorced,20010,9.0,Y,22,8,1,11.0,5,3,0,2,2.0,1.0,3.0,4,4,10.986562213039486,0.2770914427756747,2658.748055555556,242,242,480.74805555555554,1.9865622130394855
1653,42,No,Travel_Frequently,Research & Development,2,4,Medical,1,1654,Female,1,Research Scientist,Married,29770,4.0,Y,15,8,3,8.0,3,2,2,0,2.0,3.0,3.0,2,3,7.781885727190605,0.2890041790968432,1914.3438888888888,246,58,0.0,0.0
1654,36,No,Non-Travel,Research & Development,3,4,Medical,1,1655,Male,1,Research Scientist,Single,40250,1.0,Y,11,8,0,10.0,3,10,9,7,2.0,4.0,2.0,3,3,7.232681577681578,0.2993119336410736,1670.7494444444444,231,1,0.0,0.0
1655,22,Yes,Travel_Frequently,Research & Development,7,3,Medical,1,1656,Female,2,Laboratory Technician,Single,37850,5.0,Y,13,8,2,4.0,2,2,1,2,3.0,3.0,3.0,3,3,6.447918439716312,0.2997117268143193,1515.2608333333333,235,0,0.0,0.0
1656,48,No,Travel_Rarely,Research & Development,6,3,Medical,1,1657,Male,1,Laboratory Technician,Married,108540,2.0,Y,14,8,1,14.0,6,9,6,7,2.0,4.0,3.0,3,3,6.795801144492131,0.2928038562650473,1583.4216666666666,233,0,0.0,0.0
1657,55,No,Travel_Rarely,Research & Development,1,3,Medical,1,1658,Female,1,Sales Executive,Single,120310,3.0,Y,11,8,0,37.0,5,10,7,7,1.0,2.0,3.0,3,3,7.367503443526171,0.2674924834041305,1782.9358333333332,242,2,0.0,0.0
1658,41,No,Non-Travel,Research & Development,3,2,Life Sciences,1,1659,Female,2,Research Scientist,Single,99360,7.0,Y,17,8,1,16.0,2,14,1,10,4.0,4.0,3.0,2,3,6.218216183574879,0.3051200482947702,1430.189722222222,230,0,0.0,0.0
1659,35,No,Travel_Rarely,Research & Development,22,3,Medical,1,1660,Female,1,Sales Representative,Married,29660,9.0,Y,18,8,0,15.0,2,11,6,9,2.0,3.0,3.0,2,3,5.992435990338164,0.3079233851860785,1378.2602777777777,230,0,0.0,0.0
1660,40,No,Travel_Rarely,Research & Development,15,3,Life Sciences,1,1661,Female,2,Laboratory Technician,Single,25710,7.0,Y,14,8,0,22.0,1,20,5,13,2.0,3.0,3.0,3,3,7.319618502622795,0.3238456277601307,1705.4711111111112,233,2,0.0,0.0
1661,39,No,Travel_Frequently,Research & Development,12,1,Medical,1,1662,Male,1,Research Scientist,Married,99910,1.0,Y,16,8,1,8.0,3,8,0,7,3.0,3.0,3.0,3,3,7.117489583333334,0.3047167942764539,1708.1975,240,1,0.0,0.0
1662,31,No,Travel_Rarely,Research & Development,1,4,Life Sciences,1,1663,Male,3,Research Director,Single,61420,4.0,Y,13,8,2,10.0,2,6,0,5,2.0,4.0,4.0,2,3,8.677375910746811,0.2845677072494367,2117.279722222222,244,241,4.370555555555557,0.0179121129326047
1663,42,No,Travel_Rarely,Research & Development,5,3,Medical,1,1664,Male,3,Sales Executive,Married,53900,1.0,Y,14,8,0,10.0,3,10,5,8,4.0,1.0,2.0,3,3,10.774355791962174,0.2957264602953567,2531.973611111111,235,235,416.9736111111111,1.7743557919621749
1664,45,No,Travel_Rarely,Research & Development,2,1,Medical,1,1665,Female,4,Sales Executive,Married,44040,0.0,Y,23,8,0,9.0,2,8,3,7,4.0,2.0,4.0,3,4,7.426807992202729,0.3052059345533087,1693.3122222222223,228,6,0.0,0.0
1665,26,Yes,Travel_Frequently,Research & Development,2,1,Life Sciences,1,1666,Female,2,Laboratory Technician,Divorced,59930,0.0,Y,12,8,0,8.0,3,7,1,0,2.0,3.0,2.0,3,3,9.168659122085048,0.314149364699289,2227.9841666666666,243,243,55.09527777777777,0.2267295381801554
1666,29,No,Travel_Rarely,Research & Development,5,3,Medical,1,1667,Male,1,Research Scientist,Divorced,51300,4.0,Y,11,8,0,8.0,3,3,1,2,4.0,4.0,4.0,2,3,7.402640086206896,0.312996111459451,1717.4125,232,5,0.0,0.0
1667,33,No,Travel_Rarely,Research & Development,16,3,Medical,1,1668,Female,1,Laboratory Technician,Divorced,20900,4.0,Y,16,8,0,10.0,2,6,0,5,1.0,3.0,3.0,3,3,7.377401960784314,0.3245054712003775,1755.8216666666667,238,4,0.0,0.0
1668,31,No,Travel_Rarely,Research & Development,2,4,Life Sciences,1,1669,Female,1,Sales Executive,Divorced,29090,9.0,Y,14,8,2,10.0,2,5,0,1,3.0,4.0,2.0,3,3,6.706642406598738,0.2973254317518363,1535.8211111111111,229,0,0.0,0.0
1669,18,Yes,Travel_Frequently,Research & Development,2,3,Technical Degree,1,1670,Male,1,Sales Executive,Single,34680,1.0,Y,18,8,2,0.0,4,0,0,0,2.0,2.0,3.0,4,3,9.177018140589569,0.2859674388567473,2248.3694444444445,245,245,54.83777777777778,0.223827664399093
1670,40,No,Non-Travel,Research & Development,1,4,Technical Degree,1,1671,Female,2,Laboratory Technician,Divorced,30680,3.0,Y,19,8,0,20.0,3,1,0,1,3.0,1.0,3.0,2,3,6.911605067410507,0.2829628530490692,1651.8736111111111,239,0,0.0,0.0
1671,41,No,Non-Travel,Research & Development,23,3,Life Sciences,1,1672,Male,2,Manufacturing Director,Single,26700,2.0,Y,15,8,2,10.0,2,8,0,7,1.0,3.0,3.0,2,3,9.313776340996167,0.3102792660518094,2160.7961111111117,232,232,78.37944444444445,0.3378424329501915
1672,26,No,Travel_Rarely,Research & Development,9,4,Medical,1,1673,Male,3,Healthcare Representative,Divorced,26930,5.0,Y,17,8,3,8.0,3,0,0,0,1.0,3.0,3.0,2,3,5.995600472813239,0.2896168472339586,1408.966111111111,235,0,0.0,0.0
1673,35,No,Travel_Rarely,Research & Development,16,4,Medical,1,1674,Male,2,Human Resources,Single,95260,1.0,Y,15,8,0,5.0,2,5,0,3,1.0,3.0,3.0,2,3,6.311730945821855,0.3364958052881201,1527.4388888888889,242,0,0.0,0.0
1674,34,No,Travel_Rarely,Research & Development,26,3,Medical,1,1675,Male,1,Laboratory Technician,Single,52370,1.0,Y,19,8,1,10.0,3,10,5,7,4.0,4.0,3.0,2,3,6.438360254527656,0.2874229276629388,1461.5077777777778,227,0,0.0,0.0
1675,26,Yes,Travel_Rarely,Sales,1,3,Marketing,1,1676,Female,2,Manufacturing Director,Single,24260,1.0,Y,22,8,0,1.0,3,1,0,0,3.0,4.0,1.0,1,4,8.709504781420765,0.304666842369851,2125.119166666667,244,243,8.042222222222222,0.032959927140255
1676,37,No,Travel_Rarely,Research & Development,8,1,Life Sciences,1,1677,Male,1,Sales Executive,Single,41930,4.0,Y,16,8,1,12.0,5,6,1,2,2.0,4.0,4.0,3,3,7.4239807162534435,0.3001940196770438,1796.6033333333332,242,6,0.0,0.0
1677,46,No,Travel_Frequently,Research & Development,4,1,Medical,1,1678,Male,5,Human Resources,Married,29110,5.0,Y,13,8,0,28.0,3,2,1,2,1.0,3.0,2.0,3,3,6.167455889365761,0.3115881700914654,1437.0172222222222,233,0,0.0,0.0
1678,41,No,Travel_Rarely,Research & Development,24,1,Life Sciences,1,1679,Male,1,Research Director,Married,26610,7.0,Y,14,8,1,22.0,2,18,11,8,2.0,3.0,3.0,3,3,7.716770680372002,0.3139340803628586,1751.7069444444444,227,45,0.0,0.0
1679,37,No,Non-Travel,Research & Development,7,2,Medical,1,1680,Male,1,Sales Executive,Divorced,20280,1.0,Y,16,8,1,9.0,3,9,7,7,1.0,2.0,3.0,3,3,7.489332125603865,0.2931659792258111,1722.546388888889,230,7,0.0,0.0
1680,52,No,Travel_Rarely,Sales,2,1,Medical,1,1681,Male,1,Laboratory Technician,Divorced,99800,3.0,Y,11,8,1,18.0,2,10,6,9,4.0,1.0,3.0,3,3,9.078804644808743,0.2724574207890979,2215.228333333333,244,244,37.205000000000005,0.1524795081967213
1681,32,Yes,Non-Travel,Research & Development,7,2,Life Sciences,1,1682,Female,2,Research Director,Married,32980,8.0,Y,22,8,0,6.0,4,4,1,2,4.0,3.0,3.0,2,4,6.009575650118203,0.2966393916848495,1412.2502777777777,235,0,0.0,0.0
1682,24,No,Travel_Frequently,Sales,22,3,Life Sciences,1,1683,Female,1,Healthcare Representative,Married,29350,0.0,Y,14,8,2,3.0,5,2,2,1,4.0,4.0,3.0,2,3,5.974057710727969,0.2905351142164019,1385.981388888889,232,0,0.0,0.0
1683,38,No,Travel_Rarely,Research & Development,5,3,Life Sciences,1,1684,Female,1,Research Scientist,Married,154270,3.0,Y,16,8,1,18.0,2,1,0,0,3.0,3.0,3.0,3,3,6.01613425925926,0.2982557473055501,1371.6786111111112,228,0,0.0,0.0
1684,37,No,Travel_Rarely,Research & Development,1,4,Technical Degree,1,1685,Female,5,Research Scientist,Married,39440,6.0,Y,11,8,2,8.0,3,6,4,3,2.0,2.0,2.0,3,3,6.891148388648388,0.3084676889020312,1591.8552777777777,231,0,0.0,0.0
1685,49,No,Travel_Rarely,Sales,21,1,Life Sciences,1,1686,Male,1,Sales Executive,Divorced,40110,1.0,Y,18,8,2,31.0,2,31,0,9,4.0,3.0,3.0,1,3,10.797482923497268,0.3210610394496914,2634.585833333333,244,244,438.58583333333337,1.797482923497268
1686,24,No,Travel_Rarely,Sales,1,3,Marketing,1,1687,Female,1,Sales Executive,Married,34070,1.0,Y,15,8,2,6.0,2,6,1,4,2.0,4.0,3.0,2,3,9.008302600472812,0.2916260356559956,2116.951111111111,235,234,28.11527777777777,0.1196394799054373
1687,26,No,Travel_Rarely,Research & Development,19,4,Technical Degree,1,1688,Female,4,Sales Executive,Married,119940,1.0,Y,14,8,1,6.0,6,5,1,4,1.0,2.0,4.0,3,3,7.3836464424951265,0.2781541914334791,1683.471388888889,228,1,0.0,0.0
1688,24,No,Travel_Rarely,Sales,7,3,Medical,1,1689,Female,1,Laboratory Technician,Married,12320,1.0,Y,12,8,0,1.0,4,1,0,0,4.0,2.0,3.0,1,3,6.786804407713499,0.3013702594008373,1642.4066666666668,242,0,0.0,0.0
1689,50,No,Travel_Frequently,Sales,2,2,Marketing,1,1690,Male,1,Sales Executive,Married,29600,1.0,Y,14,8,3,32.0,2,32,10,7,1.0,2.0,3.0,3,3,6.773574380165289,0.2793514379094599,1639.205,242,0,0.0,0.0
1690,25,No,Travel_Rarely,Research & Development,2,3,Life Sciences,1,1691,Male,1,Research Scientist,Married,190940,1.0,Y,16,8,0,7.0,3,7,0,6,2.0,3.0,3.0,2,3,7.405586419753086,0.2908179790330797,1799.5575,243,8,0.0,0.0
1691,24,Yes,Travel_Frequently,Research & Development,2,3,Medical,1,1692,Male,2,Research Scientist,Married,39190,1.0,Y,21,8,0,6.0,3,6,1,2,1.0,3.0,3.0,3,4,10.796519396551725,0.3010025079906862,2504.7925,232,232,416.7925,1.7965193965517243
1692,30,Yes,Travel_Frequently,Research & Development,9,3,Other,1,1693,Male,2,Healthcare Representative,Married,68250,1.0,Y,14,8,0,1.0,2,1,0,0,2.0,1.0,4.0,3,3,6.946756854256854,0.2873885561090033,1604.700833333333,231,0,0.0,0.0
1693,34,No,Travel_Rarely,Sales,6,2,Life Sciences,1,1694,Male,4,Research Director,Married,102480,1.0,Y,12,8,1,6.0,4,6,1,3,2.0,4.0,3.0,3,3,8.880400709219858,0.2809619187936321,2086.8941666666665,235,235,14.679166666666667,0.0624645390070922
1694,31,Yes,Travel_Rarely,Research & Development,9,1,Medical,1,1695,Female,1,Sales Representative,Divorced,189470,2.0,Y,12,8,2,9.0,2,3,1,2,2.0,1.0,1.0,2,3,6.698702887909937,0.2845244187958382,1520.6055555555556,227,0,0.0,0.0
1695,35,No,Travel_Rarely,Research & Development,2,3,Life Sciences,1,1696,Female,5,Sales Executive,Single,24960,4.0,Y,17,8,3,9.0,3,3,0,2,1.0,4.0,3.0,3,3,7.861873306233062,0.2937783039686048,1934.0208333333333,246,80,0.0,0.0
1696,31,No,Travel_Rarely,Sales,1,3,Marketing,1,1697,Female,2,Sales Executive,Divorced,64650,4.0,Y,17,8,0,13.0,3,7,5,7,1.0,4.0,4.0,3,3,6.28636680613668,0.2868091411422672,1502.4416666666666,239,0,0.0,0.0
1697,27,No,Travel_Rarely,Sales,22,4,Medical,1,1698,Male,1,Sales Representative,Divorced,22060,0.0,Y,14,8,1,6.0,4,5,0,3,1.0,3.0,2.0,3,3,7.854169071669072,0.3149208848403513,1814.313055555556,231,74,0.0,0.0
1698,37,No,Travel_Rarely,Sales,9,4,Marketing,1,1699,Female,2,Laboratory Technician,Married,20860,4.0,Y,14,8,0,17.0,3,3,1,0,4.0,3.0,2.0,3,3,8.908952903520804,0.31092430168369,2164.875555555556,243,243,20.550833333333337,0.0845713305898491
1699,20,No,Travel_Rarely,Research & Development,17,4,Medical,1,1700,Female,1,Sales Representative,Single,22930,1.0,Y,13,8,2,1.0,3,1,0,0,4.0,2.0,4.0,1,3,7.093976057647605,0.3067480092421433,1695.4602777777775,239,0,0.0,0.0
1700,42,No,Travel_Rarely,Research & Development,28,4,Life Sciences,1,1701,Female,2,Manufacturing Director,Married,26450,1.0,Y,15,8,0,10.0,5,10,2,2,3.0,4.0,3.0,3,3,7.506218038121804,0.3364594360068873,1793.986111111111,239,16,0.0,0.0
1701,43,No,Travel_Rarely,Research & Development,10,5,Technical Degree,1,1702,Female,2,Sales Executive,Divorced,26830,4.0,Y,11,8,0,21.0,3,1,0,0,2.0,4.0,2.0,3,3,8.721149626517272,0.2987930220471728,2075.633611111111,238,236,6.887777777777778,0.0289402427637721
1702,38,No,Travel_Rarely,Human Resources,2,4,Medical,1,1703,Male,1,Human Resources,Single,20140,3.0,Y,17,8,1,8.0,5,0,0,0,3.0,1.0,2.0,4,3,6.794996423462089,0.302589776161967,1583.2341666666666,233,0,0.0,0.0
1703,43,No,Travel_Frequently,Sales,4,3,Medical,1,1704,Female,2,Healthcare Representative,Divorced,34190,3.0,Y,11,8,1,10.0,5,8,4,7,4.0,3.0,3.0,3,3,9.14118945868946,0.3088230382916701,2139.0383333333334,234,234,48.275277777777774,0.2063046058879392
1704,48,No,Travel_Rarely,Research & Development,8,1,Medical,1,1705,Male,2,Laboratory Technician,Married,53760,7.0,Y,13,8,1,21.0,3,3,0,2,4.0,1.0,1.0,4,3,7.0068008072174734,0.2849616108860661,1639.5913888888888,234,1,0.0,0.0
1705,44,No,Travel_Rarely,Sales,29,4,Marketing,1,1706,Male,2,Sales Executive,Single,19510,4.0,Y,22,8,3,10.0,4,2,0,2,1.0,3.0,4.0,4,4,6.698729024943311,0.288005309617413,1641.1886111111112,245,0,0.0,0.0
1706,34,No,Travel_Rarely,Research & Development,13,4,Life Sciences,1,1707,Female,1,Laboratory Technician,Divorced,23410,1.0,Y,20,8,2,8.0,3,8,0,6,3.0,3.0,3.0,2,4,8.38059541062802,0.2861987544152164,1927.5369444444443,230,206,0.1011111111111109,0.00043961352657
1707,27,Yes,Travel_Rarely,Sales,27,3,Life Sciences,1,1708,Male,2,Research Scientist,Divorced,22930,0.0,Y,18,8,0,5.0,0,4,0,2,3.0,1.0,3.0,3,3,6.505614338404794,0.2858006126033295,1567.8530555555556,241,0,0.0,0.0
1708,21,No,Travel_Rarely,Sales,16,2,Life Sciences,1,1709,Male,3,Sales Executive,Single,87260,1.0,Y,11,8,1,3.0,2,3,1,2,3.0,3.0,3.0,1,3,7.197285954785955,0.3145826664632463,1662.5730555555556,231,1,0.0,0.0
1709,44,No,Travel_Rarely,Research & Development,2,2,Life Sciences,1,1710,Male,1,Laboratory Technician,Married,40110,4.0,Y,14,8,1,26.0,2,2,0,1,4.0,4.0,4.0,3,3,8.654981325863679,0.3169702265814737,2059.885555555556,238,232,5.802222222222229,0.0243790849673202
1710,22,No,Travel_Rarely,Research & Development,2,2,Medical,1,1711,Female,2,Laboratory Technician,Married,195450,0.0,Y,14,8,0,3.0,3,2,2,2,1.0,3.0,3.0,2,3,6.003892390289449,0.2958556643041182,1428.9263888888888,238,0,0.0,0.0
1711,33,No,Travel_Rarely,Sales,13,4,Marketing,1,1712,Female,2,Manufacturing Director,Divorced,45680,2.0,Y,18,8,1,6.0,2,5,1,2,3.0,3.0,3.0,3,3,7.329120971620972,0.3072047641107859,1693.0269444444446,231,3,0.0,0.0
1712,32,No,Travel_Rarely,Research & Development,1,1,Life Sciences,1,1713,Female,1,Healthcare Representative,Married,30220,1.0,Y,16,8,1,6.0,3,6,0,5,1.0,4.0,2.0,3,3,9.394063492063491,0.3156348817738465,2301.5455555555554,245,245,100.75972222222222,0.4112641723356009
1713,30,No,Travel_Frequently,Research & Development,4,5,Technical Degree,1,1714,Male,3,Manager,Divorced,57720,1.0,Y,17,8,0,1.0,3,1,0,0,3.0,3.0,3.0,3,3,7.306887433284813,0.3195880278176958,1673.2772222222222,229,2,0.0,0.0
1714,53,No,Travel_Rarely,Research & Development,24,3,Other,1,1715,Female,3,Manager,Single,22690,7.0,Y,11,8,1,18.0,2,14,8,10,4.0,1.0,4.0,2,3,7.1054965277777775,0.2642614709095218,1705.319166666667,240,0,0.0,0.0
1715,34,No,Travel_Rarely,Research & Development,1,5,Medical,1,1716,Male,1,Research Scientist,Married,53810,1.0,Y,12,8,0,10.0,0,10,8,8,2.0,4.0,2.0,3,3,7.402895955165692,0.2974941252742298,1687.8602777777778,228,8,0.0,0.0
1716,45,Yes,Travel_Frequently,Research & Development,19,4,Life Sciences,1,1717,Male,3,Research Director,Married,34410,2.0,Y,13,8,1,5.0,5,1,0,0,1.0,1.0,3.0,3,3,7.61566087962963,0.3014971491091827,1827.7586111111111,240,23,0.0,0.0
1717,26,No,Travel_Rarely,Research & Development,7,2,Life Sciences,1,1718,Male,1,Manufacturing Director,Married,54540,1.0,Y,13,8,1,3.0,5,3,0,2,3.0,4.0,3.0,4,3,10.005085377585376,0.2759785578226103,2311.174722222222,231,231,232.1747222222222,1.0050853775853776
1718,37,No,Travel_Rarely,Research & Development,4,3,Medical,1,1719,Male,1,Manager,Married,98840,1.0,Y,14,8,0,10.0,3,10,7,8,3.0,3.0,3.0,2,3,6.17747594997595,0.301329291436266,1426.9969444444444,231,0,0.0,0.0
1719,29,No,Travel_Rarely,Research & Development,2,3,Life Sciences,1,1720,Female,1,Healthcare Representative,Married,41570,1.0,Y,17,8,3,6.0,2,6,1,2,2.0,3.0,2.0,3,3,6.80102422907489,0.2832540779752465,1543.8325,227,0,0.0,0.0
1720,35,No,Travel_Rarely,Research & Development,10,5,Medical,1,1721,Female,4,Laboratory Technician,Single,134580,1.0,Y,11,8,0,17.0,3,17,11,8,2.0,4.0,3.0,3,3,6.727743352326685,0.3096813103449609,1574.2919444444444,234,0,0.0,0.0
1721,33,No,Travel_Frequently,Research & Development,8,3,Technical Degree,1,1722,Male,2,Laboratory Technician,Divorced,90690,3.0,Y,25,8,1,15.0,3,13,4,7,3.0,4.0,1.0,3,4,7.496162037037037,0.2720456084240846,1799.078888888889,240,8,0.0,0.0
1722,54,No,Travel_Rarely,Research & Development,5,2,Life Sciences,1,1723,Female,2,Sales Executive,Married,40140,2.0,Y,19,8,1,16.0,4,9,7,1,3.0,2.0,3.0,2,3,6.397855603448276,0.3177355606583332,1484.3025,232,0,0.0,0.0
1723,36,No,Travel_Rarely,Research & Development,8,3,Life Sciences,1,1724,Male,2,Research Scientist,Divorced,59150,2.0,Y,13,8,1,13.0,3,3,0,2,2.0,2.0,3.0,2,3,10.705447916666666,0.3023848352515279,2569.3075,240,240,409.3075,1.7054479166666667
1724,27,No,Travel_Rarely,Sales,9,3,Marketing,1,1725,Male,5,Research Director,Single,59930,0.0,Y,14,8,1,5.0,3,4,1,1,1.0,4.0,3.0,1,3,7.000167394468705,0.3114022927891007,1603.0383333333334,229,0,0.0,0.0
1725,20,Yes,Travel_Rarely,Research & Development,1,3,Life Sciences,1,1726,Male,5,Sales Representative,Single,61620,1.0,Y,12,8,3,1.0,2,1,1,1,4.0,3.0,3.0,2,3,8.610434532042415,0.3152537472757408,2075.114722222222,241,233,4.183611111111116,0.0173593822037805
1726,33,Yes,Travel_Frequently,Research & Development,15,4,Medical,1,1727,Female,1,Laboratory Technician,Single,24060,1.0,Y,11,8,0,10.0,3,10,9,7,1.0,1.0,3.0,3,3,10.42268987341772,0.2996846059476982,2470.1775,237,237,337.1775,1.4226898734177216
1727,35,No,Non-Travel,Research & Development,2,1,Medical,1,1728,Male,1,Research Scientist,Married,187400,1.0,Y,19,8,1,1.0,2,1,0,0,3.0,3.0,3.0,4,3,6.66601394604481,0.2792169360623253,1619.8413888888888,243,0,0.0,0.0
1728,23,No,Travel_Rarely,Research & Development,2,3,Life Sciences,1,1729,Male,1,Healthcare Representative,Married,76370,2.0,Y,11,8,1,5.0,3,3,0,2,1.0,1.0,4.0,3,3,7.071160673121254,0.2953611370870856,1704.1497222222222,241,0,0.0,0.0
1729,25,No,Travel_Rarely,Research & Development,11,3,Medical,1,1730,Male,2,Manufacturing Director,Married,100960,0.0,Y,11,8,1,4.0,3,3,1,2,4.0,2.0,3.0,3,3,7.7076554641060815,0.3203014365294417,1872.9602777777775,243,48,0.0,0.0
1730,38,No,Travel_Rarely,Research & Development,16,3,Life Sciences,1,1731,Male,5,Research Scientist,Single,147560,0.0,Y,20,8,1,8.0,3,7,0,5,4.0,4.0,3.0,2,4,6.807263374485596,0.3001410646109297,1654.165,243,0,0.0,0.0
1731,29,No,Travel_Frequently,Sales,2,4,Life Sciences,1,1732,Male,4,Healthcare Representative,Divorced,64990,1.0,Y,18,8,3,10.0,3,10,2,8,2.0,4.0,3.0,2,3,7.775427708042771,0.3033087270724695,1858.3272222222224,239,56,0.0,0.0
1732,48,No,Travel_Rarely,Research & Development,16,3,Technical Degree,1,1733,Male,1,Sales Executive,Married,97240,3.0,Y,13,8,0,12.0,2,2,2,2,2.0,2.0,3.0,4,3,7.118721524872153,0.2897020441188943,1701.3744444444444,239,0,0.0,0.0
1733,27,No,Travel_Frequently,Sales,4,3,Technical Degree,1,1734,Male,5,Laboratory Technician,Divorced,21940,1.0,Y,12,8,0,6.0,5,6,0,4,4.0,4.0,3.0,3,3,8.938866430260047,0.2992622020521983,2100.633611111111,235,234,21.488333333333337,0.0914397163120567
1734,37,No,Travel_Rarely,Research & Development,16,3,Life Sciences,1,1735,Male,3,Manager,Single,33880,3.0,Y,11,8,0,4.0,2,1,0,0,4.0,4.0,3.0,4,3,7.565030218503021,0.2830026500105025,1808.042222222222,239,18,0.0,0.0
1735,50,No,Travel_Rarely,Sales,5,3,Medical,1,1736,Male,1,Laboratory Technician,Married,54730,1.0,Y,19,8,1,20.0,2,20,3,8,4.0,3.0,3.0,4,3,9.12480329041488,0.3017718558417341,2126.079166666667,233,233,45.71499999999999,0.1962017167381974
1736,34,No,Travel_Rarely,Research & Development,18,1,Medical,1,1737,Male,1,Healthcare Representative,Single,27030,1.0,Y,21,8,1,9.0,2,8,7,7,4.0,2.0,4.0,3,4,6.781649232914923,0.3063736798297158,1620.8141666666666,239,0,0.0,0.0
1737,24,Yes,Travel_Rarely,Research & Development,17,2,Life Sciences,1,1738,Female,1,Healthcare Representative,Single,25010,9.0,Y,12,8,0,4.0,3,2,2,0,1.0,3.0,3.0,1,3,7.503401056014693,0.3041854349244052,1815.823055555556,242,10,0.0,0.0
1738,39,No,Travel_Rarely,Research & Development,12,5,Medical,1,1739,Female,1,Sales Representative,Single,62200,1.0,Y,14,8,2,20.0,2,20,11,10,4.0,3.0,3.0,3,3,6.74090564738292,0.2899618039781159,1631.299166666667,242,0,0.0,0.0
1739,32,No,Travel_Rarely,Research & Development,2,3,Life Sciences,1,1740,Male,5,Research Scientist,Single,30380,1.0,Y,11,8,0,10.0,5,10,0,8,4.0,4.0,2.0,1,3,7.892434573002755,0.322726039116698,1909.9691666666668,242,93,0.0,0.0
1740,50,Yes,Travel_Frequently,Research & Development,4,2,Medical,1,1741,Male,4,Sales Representative,Married,44240,3.0,Y,14,8,1,18.0,2,4,1,3,2.0,3.0,3.0,2,3,8.207366522366522,0.2863819725699859,1895.9016666666664,231,175,0.1522222222222229,0.0006589706589706
1741,38,No,Travel_Rarely,Research & Development,9,4,Life Sciences,1,1742,Male,1,Sales Executive,Single,43120,0.0,Y,12,8,1,10.0,2,9,1,8,2.0,4.0,2.0,2,3,7.198367149758454,0.2798728094815026,1655.6244444444444,230,1,0.0,0.0
1742,27,No,Travel_Rarely,Research & Development,10,3,Medical,1,1743,Male,5,Research Scientist,Married,132450,1.0,Y,23,8,1,9.0,3,9,0,7,3.0,1.0,3.0,2,4,6.449521475256769,0.2938302123809455,1534.986111111111,238,0,0.0,0.0
1743,32,No,Travel_Rarely,Sales,1,3,Medical,1,1744,Male,2,Sales Executive,Single,136640,3.0,Y,14,8,0,10.0,6,7,7,7,3.0,4.0,3.0,3,3,7.892938775510204,0.2981688732393854,1933.77,245,86,0.0,0.0
1744,47,No,Travel_Rarely,Research & Development,2,3,Medical,1,1745,Female,5,Sales Executive,Single,50210,2.0,Y,17,8,0,20.0,3,7,1,7,4.0,1.0,3.0,3,3,6.676836219336219,0.2939893877501769,1542.3491666666666,231,0,0.0,0.0
1745,40,No,Travel_Frequently,Research & Development,3,4,Medical,1,1746,Female,3,Human Resources,Married,51260,5.0,Y,18,8,0,20.0,2,18,1,12,4.0,1.0,3.0,3,3,8.571869747899159,0.2995843730997362,2040.105,238,234,3.42,0.0143697478991596
1746,53,No,Travel_Rarely,Research & Development,7,1,Life Sciences,1,1747,Male,2,Laboratory Technician,Married,28590,3.0,Y,18,8,1,32.0,2,5,1,3,3.0,3.0,3.0,3,3,6.812551263710062,0.2901965350068629,1587.3244444444445,233,0,0.0,0.0
1747,41,No,Travel_Rarely,Sales,6,3,Medical,1,1748,Male,1,Sales Executive,Divorced,102390,3.0,Y,24,8,3,23.0,3,21,12,6,2.0,4.0,2.0,3,4,7.706537494284408,0.3211917420818509,1872.6886111111112,243,44,0.0,0.0
1748,60,No,Travel_Rarely,Research & Development,8,2,Life Sciences,1,1749,Female,5,Laboratory Technician,Single,53290,8.0,Y,20,8,0,10.0,3,2,2,2,1.0,1.0,3.0,4,4,6.60321497584541,0.3229942358266737,1518.7394444444444,230,0,0.0,0.0
1749,27,No,Travel_Frequently,Research & Development,29,1,Life Sciences,1,1750,Male,2,Manufacturing Director,Divorced,43250,1.0,Y,14,8,0,9.0,2,9,1,7,4.0,1.0,2.0,2,3,7.412207049486461,0.2926621450247502,1764.1052777777777,238,5,0.0,0.0
1750,41,No,Travel_Rarely,Research & Development,3,3,Medical,1,1751,Male,1,Manufacturing Director,Married,72600,1.0,Y,16,8,0,22.0,2,22,2,10,4.0,3.0,3.0,3,3,6.236250581125058,0.2856116654075916,1490.463888888889,239,0,0.0,0.0
1751,50,No,Travel_Rarely,Sales,9,3,Life Sciences,1,1752,Male,2,Research Scientist,Married,23220,7.0,Y,25,8,1,4.0,0,2,2,2,4.0,2.0,3.0,4,4,7.406968918257464,0.2969159737363129,1681.3819444444443,227,6,0.0,0.0
1752,28,Yes,Travel_Rarely,Sales,2,4,Life Sciences,1,1753,Male,3,Research Scientist,Single,20750,7.0,Y,18,8,3,10.0,0,7,3,7,1.0,2.0,3.0,2,3,8.10100622406639,0.2923653968625592,1952.3425,241,146,0.0,0.0
1753,36,No,Non-Travel,Research & Development,10,4,Technical Degree,1,1754,Female,2,Research Scientist,Married,41520,9.0,Y,19,8,1,10.0,3,8,0,5,1.0,1.0,3.0,3,3,5.98372763653484,0.2850806188483417,1412.1597222222222,236,0,0.0,0.0
1754,38,No,Travel_Rarely,Research & Development,1,3,Medical,1,1755,Female,3,Manager,Single,96190,4.0,Y,13,8,1,10.0,2,1,0,0,3.0,3.0,4.0,3,3,9.841307617661329,0.3176493195265334,2253.6594444444445,229,229,192.65944444444443,0.8413076176613294
1755,44,No,Non-Travel,Research & Development,8,2,Life Sciences,1,1756,Male,1,Research Scientist,Single,135030,2.0,Y,12,8,0,9.0,6,5,1,4,1.0,3.0,3.0,2,3,6.123103408029879,0.2968744706539202,1457.298611111111,238,0,0.0,0.0
1756,47,No,Travel_Frequently,Research & Development,27,3,Life Sciences,1,1757,Male,1,Research Scientist,Divorced,54410,9.0,Y,22,8,1,28.0,6,22,11,13,4.0,3.0,2.0,2,4,8.299020531400966,0.3007116008618863,1908.7747222222224,230,200,0.0744444444444436,0.0003236714975845
1757,30,No,Travel_Rarely,Research & Development,8,3,Life Sciences,1,1758,Male,2,Sales Executive,Divorced,52090,7.0,Y,14,8,1,10.0,3,8,7,7,3.0,4.0,2.0,3,3,7.521344671201814,0.2871793883804225,1842.7294444444444,245,14,0.0,0.0
1758,29,No,Travel_Rarely,Research & Development,1,2,Medical,1,1759,Female,1,Sales Executive,Single,106730,1.0,Y,13,8,3,1.0,2,1,0,0,3.0,3.0,3.0,3,3,6.429023456790124,0.3144986199599168,1446.530277777778,225,0,0.0,0.0
1759,42,Yes,Travel_Frequently,Research & Development,10,1,Life Sciences,1,1760,Female,1,Sales Executive,Divorced,50100,6.0,Y,21,8,3,7.0,3,2,2,2,3.0,3.0,3.0,3,4,9.95740664845173,0.3064990496596686,2429.6072222222224,244,244,233.60722222222225,0.9574066484517304
1760,43,No,Travel_Frequently,Research & Development,26,1,Life Sciences,1,1761,Male,1,Laboratory Technician,Married,135490,3.0,Y,11,8,2,7.0,3,2,2,2,4.0,4.0,3.0,3,3,7.118760775862069,0.3078437051442799,1651.5525,232,0,0.0,0.0
1761,34,No,Travel_Rarely,Research & Development,2,5,Technical Degree,1,1762,Male,2,Healthcare Representative,Single,49990,3.0,Y,12,8,2,10.0,2,5,4,3,2.0,3.0,3.0,4,3,6.394135536398467,0.3010023389235597,1483.4394444444445,232,0,0.0,0.0
1762,23,No,Travel_Rarely,Sales,13,3,Marketing,1,1763,Male,5,Sales Executive,Married,42210,1.0,Y,11,8,1,5.0,4,4,0,2,2.0,1.0,4.0,3,3,7.805959699453552,0.2869628054064951,1904.6541666666667,244,61,0.0,0.0
1763,39,No,Travel_Rarely,Sales,2,4,Marketing,1,1764,Female,4,Healthcare Representative,Married,138720,9.0,Y,12,8,3,12.0,3,8,3,6,3.0,2.0,1.0,2,3,6.285127217553688,0.2828067352725082,1495.8602777777778,238,0,0.0,0.0
1764,56,No,Travel_Rarely,Research & Development,2,4,Medical,1,1765,Male,1,Manager,Married,20420,7.0,Y,12,8,0,30.0,6,10,1,1,3.0,4.0,2.0,3,3,7.095374244537425,0.3021968200038757,1695.7944444444445,239,0,0.0,0.0
1765,40,No,Travel_Rarely,Sales,9,3,Marketing,1,1766,Male,2,Research Scientist,Single,20730,0.0,Y,14,8,0,5.0,3,4,2,3,4.0,4.0,2.0,3,3,8.797861336946703,0.2981049101558152,2164.273888888889,246,246,11.168611111111112,0.0454008581752484
1766,27,No,Travel_Rarely,Research & Development,10,3,Life Sciences,1,1767,Female,1,Laboratory Technician,Single,29560,8.0,Y,13,8,0,9.0,6,7,0,7,4.0,1.0,1.0,3,3,7.492104481024234,0.3128841325135815,1820.5813888888888,243,14,0.0,0.0
1767,29,No,Travel_Rarely,Sales,20,3,Marketing,1,1768,Female,2,Manager,Divorced,29260,1.0,Y,15,8,1,2.0,3,2,2,2,4.0,2.0,3.0,2,3,7.0666621499548326,0.2978205941561583,1738.398888888889,246,0,0.0,0.0
1768,53,No,Travel_Rarely,Research & Development,9,3,Life Sciences,1,1769,Female,3,Laboratory Technician,Single,48090,2.0,Y,18,8,0,19.0,2,2,2,2,4.0,4.0,3.0,3,3,6.325829710144928,0.2775271546245804,1454.940833333333,230,0,0.0,0.0
1769,35,No,Non-Travel,Research & Development,5,1,Medical,1,1770,Male,1,Healthcare Representative,Divorced,51630,2.0,Y,18,8,2,16.0,4,1,0,0,4.0,1.0,4.0,3,3,7.077205743879473,0.3101157875231389,1670.2205555555556,236,0,0.0,0.0
1770,32,No,Travel_Frequently,Sales,4,4,Life Sciences,1,1771,Male,2,Sales Executive,Married,188440,1.0,Y,19,8,0,10.0,3,10,4,7,1.0,4.0,3.0,1,3,7.808465986394558,0.2893113608668961,1913.0741666666668,245,58,0.0,0.0
1771,38,No,Travel_Rarely,Sales,10,3,Medical,1,1772,Male,4,Laboratory Technician,Married,181720,6.0,Y,12,8,2,6.0,5,1,0,1,4.0,3.0,1.0,3,3,10.874641723356008,0.3257745421684897,2664.287222222222,245,245,459.2872222222222,1.874641723356009
1772,34,No,Travel_Rarely,Research & Development,20,3,Medical,1,1773,Female,3,Laboratory Technician,Divorced,57440,3.0,Y,19,8,1,7.0,4,0,0,0,2.0,1.0,3.0,2,3,6.170700431034483,0.3035470763358716,1431.6025,232,0,0.0,0.0
1773,52,No,Travel_Rarely,Sales,21,5,Technical Degree,1,1774,Male,3,Manager,Married,28890,1.0,Y,11,8,1,34.0,2,34,1,16,3.0,1.0,4.0,3,3,5.995460107684777,0.2980135242947355,1360.9694444444444,227,0,0.0,0.0
1774,33,Yes,Travel_Rarely,Research & Development,1,2,Medical,1,1775,Male,3,Laboratory Technician,Single,28710,1.0,Y,17,8,3,10.0,2,10,7,8,4.0,4.0,2.0,3,3,9.98832877959927,0.3204072278401275,2437.152222222222,244,244,241.1522222222222,0.9883287795992712
1775,25,No,Travel_Rarely,Research & Development,8,3,Life Sciences,1,1776,Male,2,Research Scientist,Single,74840,1.0,Y,15,8,0,6.0,3,6,1,4,3.0,4.0,2.0,3,3,7.7169027777777774,0.3130790438833144,1852.0566666666664,240,41,0.0,0.0
1776,45,No,Travel_Rarely,Sales,2,3,Life Sciences,1,1777,Male,3,Healthcare Representative,Single,60740,0.0,Y,14,8,0,9.0,2,8,3,1,2.0,3.0,3.0,3,3,5.994080086580087,0.3223996937337345,1384.6325,231,0,0.0,0.0
1777,23,No,Travel_Rarely,Research & Development,23,1,Life Sciences,1,1778,Female,2,Research Scientist,Single,173280,1.0,Y,17,8,1,2.0,2,2,0,2,1.0,3.0,3.0,1,3,7.997055555555556,0.2973329099089367,1959.278611111111,245,116,0.0,0.0
1778,47,Yes,Travel_Frequently,Research & Development,4,3,Life Sciences,1,1779,Male,1,Research Director,Single,27740,4.0,Y,13,8,1,8.0,2,5,1,3,2.0,3.0,3.0,3,3,10.009682033096926,0.2937391743647232,2352.275277777778,235,235,237.27527777777777,1.0096820330969267
1779,34,No,Travel_Rarely,Research & Development,12,3,Technical Degree,1,1780,Male,1,Research Scientist,Single,45050,1.0,Y,12,8,0,6.0,3,6,1,4,4.0,4.0,3.0,3,3,7.804073275862069,0.3078538937331336,1810.545,232,58,0.0,0.0
1780,55,Yes,Travel_Rarely,Human Resources,7,3,Human Resources,1,1781,Male,4,Laboratory Technician,Married,74280,5.0,Y,12,8,0,24.0,2,5,1,4,4.0,1.0,3.0,3,3,8.05094806763285,0.2927049607606279,1851.718055555556,230,128,0.0,0.0
1781,36,No,Non-Travel,Research & Development,7,2,Life Sciences,1,1782,Male,5,Sales Executive,Single,116310,1.0,Y,18,8,1,10.0,2,10,0,9,1.0,1.0,3.0,1,3,7.396366898148148,0.2969732962530103,1775.1280555555556,240,3,0.0,0.0
1782,52,No,Non-Travel,Research & Development,1,4,Life Sciences,1,1783,Male,5,Sales Executive,Married,97380,0.0,Y,18,8,2,5.0,2,4,1,2,4.0,4.0,3.0,3,3,7.245820105820106,0.3041280369863484,1673.7844444444445,231,0,0.0,0.0
1783,26,No,Travel_Frequently,Research & Development,2,2,Life Sciences,1,1784,Male,1,Manufacturing Director,Divorced,28350,3.0,Y,11,8,1,5.0,2,2,2,0,1.0,4.0,3.0,3,3,7.090755017131668,0.3038858868665675,1609.6013888888888,227,2,0.0,0.0
1784,29,No,Travel_Rarely,Research & Development,10,2,Medical,1,1785,Male,3,Manufacturing Director,Married,169590,4.0,Y,14,8,3,11.0,5,8,1,1,2.0,3.0,2.0,3,3,6.279730461393597,0.3203582555052413,1482.016388888889,236,0,0.0,0.0
1785,26,Yes,Travel_Rarely,Research & Development,15,2,Life Sciences,1,1786,Male,2,Laboratory Technician,Single,26130,6.0,Y,19,8,1,6.0,2,4,1,2,4.0,1.0,3.0,3,3,6.197631766381766,0.2914486300103416,1450.2458333333334,234,0,0.0,0.0
1786,34,No,Travel_Rarely,Research & Development,14,4,Technical Degree,1,1787,Male,2,Manufacturing Director,Single,61460,2.0,Y,12,8,0,10.0,3,4,1,3,2.0,4.0,3.0,3,3,6.203041125541125,0.3154174175090157,1432.9025,231,0,0.0,0.0
1787,54,No,Travel_Rarely,Research & Development,18,4,Medical,1,1788,Female,2,Laboratory Technician,Divorced,49630,9.0,Y,15,8,1,9.0,2,5,1,4,4.0,1.0,3.0,3,3,8.896373188405796,0.2723056431961922,2046.1658333333328,230,230,15.20777777777778,0.0661207729468599
1788,27,No,Travel_Frequently,Research & Development,13,2,Life Sciences,1,1789,Female,4,Research Scientist,Married,195370,0.0,Y,12,8,0,5.0,5,4,1,1,3.0,4.0,3.0,3,3,6.805050505050505,0.3058095490714163,1646.8222222222223,242,0,0.0,0.0
1789,37,No,Travel_Rarely,Sales,2,4,Technical Degree,1,1790,Male,2,Manufacturing Director,Divorced,61720,0.0,Y,11,8,0,6.0,1,5,4,3,4.0,1.0,2.0,3,3,9.499684944684944,0.2863584614159775,2194.427222222222,231,231,116.12972222222224,0.5027260702260703
1790,38,No,Travel_Frequently,Sales,2,4,Life Sciences,1,1791,Female,2,Research Scientist,Single,23680,6.0,Y,11,8,1,17.0,3,15,4,12,1.0,1.0,3.0,3,3,10.821924119241192,0.2887507435499426,2662.193333333333,246,246,448.1933333333333,1.8219241192411924
1791,34,No,Travel_Rarely,Sales,2,3,Marketing,1,1792,Male,1,Sales Representative,Single,103120,1.0,Y,12,8,0,6.0,2,6,1,3,3.0,1.0,3.0,3,3,6.887651300236406,0.311880765754911,1618.5980555555554,235,0,0.0,0.0
1792,35,No,Travel_Rarely,Research & Development,5,4,Medical,1,1793,Male,3,Manager,Married,16750,1.0,Y,16,8,0,3.0,6,3,0,2,1.0,4.0,2.0,2,3,7.802330765639589,0.3108105049397097,1856.9547222222225,238,62,0.0,0.0
1793,30,No,Travel_Rarely,Research & Development,20,3,Medical,1,1794,Male,1,Laboratory Technician,Married,25230,3.0,Y,13,8,1,7.0,2,2,0,2,4.0,3.0,3.0,3,3,7.1923405797101445,0.3091470908332268,1654.2383333333332,230,1,0.0,0.0
1794,40,No,Travel_Frequently,Research & Development,10,4,Medical,1,1795,Male,2,Manufacturing Director,Married,65670,1.0,Y,13,8,1,8.0,3,8,3,7,3.0,2.0,3.0,4,3,6.371433615819209,0.3041401323105423,1503.6583333333333,236,0,0.0,0.0
1795,34,No,Travel_Rarely,Research & Development,10,3,Life Sciences,1,1796,Male,3,Healthcare Representative,Married,47390,5.0,Y,24,8,2,6.0,2,3,1,2,3.0,1.0,3.0,3,4,7.89317270531401,0.2792405071376551,1815.4297222222224,230,82,0.0,0.0
1796,42,No,Travel_Frequently,Research & Development,9,4,Medical,1,1797,Male,1,Manufacturing Director,Divorced,92080,1.0,Y,15,8,1,24.0,2,24,14,9,2.0,4.0,2.0,4,3,7.821308321308321,0.3025853450266983,1806.7222222222224,231,61,0.0,0.0
1797,23,Yes,Travel_Rarely,Sales,2,3,Medical,1,1798,Female,4,Manufacturing Director,Married,45590,1.0,Y,18,8,1,1.0,2,0,0,0,3.0,1.0,3.0,2,3,7.996996598639455,0.315224881500238,1959.2641666666664,245,121,0.0383333333333339,0.000156462585034
1798,24,No,Non-Travel,Sales,1,5,Marketing,1,1799,Female,1,Manufacturing Director,Divorced,81890,1.0,Y,14,8,1,1.0,3,1,0,0,3.0,2.0,3.0,3,3,6.749403910348116,0.3275430148301728,1572.611111111111,233,0,0.0,0.0
1799,52,No,Travel_Rarely,Research & Development,29,3,Life Sciences,1,1800,Male,2,Manufacturing Director,Married,29420,8.0,Y,11,8,1,9.0,1,5,1,4,4.0,3.0,3.0,2,3,6.058953625235405,0.3024757001477428,1429.9130555555555,236,0,0.0,0.0
1800,50,No,Travel_Rarely,Research & Development,8,4,Life Sciences,1,1801,Male,2,Sales Executive,Married,49410,5.0,Y,11,8,1,30.0,3,4,0,3,3.0,3.0,3.0,1,3,6.363878515444906,0.2891699813601404,1533.6947222222225,241,0,0.0,0.0
1801,29,Yes,Travel_Rarely,Sales,2,4,Marketing,1,1802,Female,4,Research Scientist,Married,106500,1.0,Y,13,8,2,1.0,2,1,0,0,2.0,1.0,3.0,4,3,10.674197154471544,0.3040287446734892,2625.8525,246,246,411.8525,1.6741971544715448
1802,33,No,Travel_Rarely,Research & Development,3,4,Life Sciences,1,1803,Male,4,Manufacturing Director,Married,59020,0.0,Y,12,8,1,14.0,2,13,3,7,3.0,3.0,4.0,3,3,6.994114507520621,0.2888001338098871,1601.6522222222222,229,0,0.0,0.0
1803,33,Yes,Travel_Rarely,Research & Development,23,5,Life Sciences,1,1804,Male,1,Human Resources,Single,86390,5.0,Y,16,8,2,6.0,3,3,0,2,1.0,1.0,3.0,2,3,8.022934782608695,0.3139970060444655,1845.275,230,124,0.0,0.0
1804,47,No,Travel_Rarely,Research & Development,6,4,Other,1,1805,Male,2,Manager,Married,63470,1.0,Y,14,8,0,26.0,2,26,3,0,3.0,4.0,2.0,4,3,9.502909544159545,0.2825402729472265,2223.6808333333333,234,234,118.41277777777776,0.5060375118708451
1805,36,No,Travel_Rarely,Sales,6,3,Medical,1,1806,Female,2,Sales Executive,Married,42000,0.0,Y,22,8,0,10.0,3,9,0,5,3.0,2.0,3.0,3,4,7.686010101010101,0.3149592658951282,1860.0144444444445,242,42,0.0,0.0
1806,29,No,Travel_Rarely,Research & Development,10,3,Other,1,1807,Male,1,Research Scientist,Married,34520,1.0,Y,11,8,0,10.0,3,10,0,7,3.0,3.0,3.0,2,3,7.688039990421456,0.2844195256676405,1783.6252777777777,232,32,0.0,0.0
1807,58,Yes,Travel_Rarely,Research & Development,24,3,Other,1,1808,Female,2,Research Scientist,Single,43170,7.0,Y,17,8,0,40.0,2,31,13,8,4.0,2.0,3.0,3,3,8.896928240740742,0.2898748302571013,2135.262777777778,240,240,16.211388888888887,0.0675474537037037
1808,35,No,Travel_Rarely,Sales,10,4,Marketing,1,1809,Female,1,Research Scientist,Single,26320,3.0,Y,13,8,3,7.0,3,2,2,2,4.0,3.0,3.0,4,3,7.759774805669867,0.2962297421779381,1885.6252777777777,243,45,0.0,0.0
1809,42,No,Travel_Rarely,Sales,15,1,Marketing,1,1810,Male,2,Laboratory Technician,Married,46680,9.0,Y,18,8,2,8.0,2,4,0,2,4.0,4.0,3.0,3,3,10.498053181386512,0.3059268996725539,2456.5444444444443,234,234,350.5444444444445,1.4980531813865148
1810,28,Yes,Travel_Rarely,Research & Development,19,4,Medical,1,1811,Female,2,Sales Executive,Single,32040,6.0,Y,16,8,1,5.0,4,2,2,1,3.0,3.0,2.0,2,3,6.219219122556032,0.302988331309263,1449.0780555555557,233,0,0.0,0.0
1811,36,No,Travel_Rarely,Research & Development,2,3,Life Sciences,1,1812,Male,2,Healthcare Representative,Married,27200,4.0,Y,14,8,1,8.0,3,5,0,4,3.0,2.0,3.0,3,3,6.590180375180375,0.3013007610626786,1522.3316666666667,231,0,0.0,0.0
1812,32,No,Travel_Rarely,Research & Development,3,1,Medical,1,1813,Male,2,Manufacturing Director,Married,171810,1.0,Y,14,8,0,14.0,2,14,6,8,3.0,3.0,3.0,2,3,7.992938296903461,0.2930605800979207,1950.2769444444448,244,114,0.0,0.0
1813,40,No,Travel_Frequently,Sales,9,3,Marketing,1,1814,Male,3,Manufacturing Director,Single,22380,6.0,Y,14,8,0,10.0,3,1,0,0,1.0,3.0,3.0,3,3,6.905994886099489,0.2988166861038082,1650.5327777777777,239,0,0.0,0.0
1814,30,No,Travel_Rarely,Research & Development,7,3,Technical Degree,1,1815,Male,2,Research Director,Single,14830,5.0,Y,13,8,0,12.0,3,0,0,0,3.0,4.0,2.0,3,3,9.40196485260771,0.3308779446257547,2303.481388888889,245,245,102.56888888888888,0.4186485260770975
1815,45,No,Travel_Rarely,Research & Development,10,4,Life Sciences,1,1816,Male,1,Research Director,Single,56050,1.0,Y,12,8,2,1.0,2,1,0,0,2.0,3.0,3.0,3,3,6.6021959942775394,0.3259946893589997,1538.3116666666667,233,0,0.0,0.0
1816,42,No,Travel_Rarely,Research & Development,20,2,Medical,1,1817,Male,2,Sales Representative,Married,72950,1.0,Y,15,8,0,10.0,3,9,7,8,2.0,2.0,2.0,3,3,7.626456552706553,0.3148179808553561,1784.5908333333334,234,27,0.0,0.0
1817,38,No,Travel_Frequently,Sales,4,3,Medical,1,1818,Male,2,Research Scientist,Divorced,23060,2.0,Y,19,8,1,13.0,5,4,1,2,1.0,1.0,2.0,3,3,7.593121693121693,0.2887926272086015,1754.0111111111112,231,20,0.0,0.0
1818,34,No,Travel_Frequently,Research & Development,7,4,Life Sciences,1,1819,Male,3,Laboratory Technician,Single,23480,1.0,Y,14,8,1,6.0,3,5,1,3,3.0,4.0,3.0,3,3,6.909130434782608,0.3143750641867939,1589.1,230,0,0.0,0.0
1819,49,Yes,Travel_Rarely,Sales,7,2,Life Sciences,1,1820,Female,2,Healthcare Representative,Married,89980,1.0,Y,14,8,2,9.0,2,9,7,7,3.0,4.0,4.0,4,3,6.313039855072464,0.3003003893212469,1451.9991666666667,230,0,0.0,0.0
1820,55,Yes,Travel_Rarely,Human Resources,16,3,Technical Degree,1,1821,Male,4,Manufacturing Director,Single,43190,4.0,Y,11,8,0,12.0,3,9,7,3,3.0,4.0,2.0,4,3,6.389931693989071,0.3096587722637555,1559.1433333333334,244,0,0.0,0.0
1821,43,No,Travel_Rarely,Research & Development,25,2,Medical,1,1822,Male,2,Healthcare Representative,Married,61320,6.0,Y,13,8,0,22.0,3,4,1,0,2.0,1.0,3.0,2,3,7.2855543785310735,0.2947990866827515,1719.3908333333334,236,1,0.0,0.0
1822,27,No,Travel_Rarely,Sales,2,4,Medical,1,1823,Male,2,Manager,Divorced,33460,1.0,Y,21,8,1,9.0,2,9,0,8,3.0,4.0,3.0,2,4,10.525373015873017,0.3038932090780914,2578.716388888889,245,245,373.7163888888889,1.525373015873016
1823,35,No,Travel_Rarely,Research & Development,1,3,Medical,1,1824,Male,1,Research Director,Single,108550,3.0,Y,13,8,1,17.0,2,8,1,6,3.0,3.0,4.0,3,3,7.024023532265891,0.2922728380235455,1608.5013888888889,229,1,0.0,0.0
1824,28,No,Travel_Rarely,Sales,1,2,Technical Degree,1,1825,Female,1,Sales Executive,Married,22310,1.0,Y,12,8,0,8.0,3,8,7,5,2.0,2.0,3.0,2,3,9.9114412568306,0.3066886974783392,2418.391666666667,244,244,222.41,0.9115163934426228
1825,34,No,Travel_Rarely,Sales,2,5,Life Sciences,1,1826,Male,4,Research Scientist,Married,23230,0.0,Y,17,8,0,4.0,2,3,0,2,3.0,4.0,1.0,3,3,6.913744769874477,0.2911009272838952,1652.385,239,0,0.0,0.0
1826,26,Yes,Travel_Frequently,Research & Development,22,4,Other,1,1827,Female,1,Sales Executive,Married,20240,1.0,Y,23,8,0,8.0,2,8,1,7,3.0,3.0,3.0,3,4,8.012555315055314,0.2700622299360879,1850.9002777777775,231,114,0.0,0.0
1827,27,No,Non-Travel,Sales,1,3,Technical Degree,1,1828,Female,1,Sales Executive,Married,27130,1.0,Y,11,8,0,0.0,2,0,0,0,4.0,4.0,2.0,3,3,7.249490338164252,0.3070825819789849,1667.3827777777778,230,3,0.0,0.0
1828,51,No,Travel_Rarely,Sales,16,3,Medical,1,1829,Male,3,Research Scientist,Married,94390,2.0,Y,15,8,3,29.0,0,20,4,17,1.0,3.0,2.0,3,3,6.08176429567643,0.3034573621264718,1453.5416666666667,239,0,0.0,0.0
1829,44,No,Travel_Rarely,Sales,24,5,Medical,1,1830,Female,1,Sales Executive,Single,25660,9.0,Y,11,8,1,10.0,3,5,2,3,4.0,2.0,2.0,3,3,6.295518755935423,0.3151327144236356,1473.151388888889,234,0,0.0,0.0
1830,25,No,Travel_Rarely,Research & Development,17,3,Medical,1,1831,Male,1,Laboratory Technician,Single,199260,7.0,Y,11,8,3,6.0,5,4,0,1,1.0,1.0,2.0,4,3,6.377411835748792,0.2811765480429456,1466.8047222222222,230,0,0.0,0.0
1831,33,No,Travel_Rarely,Research & Development,8,4,Life Sciences,1,1832,Male,3,Laboratory Technician,Divorced,24510,1.0,Y,13,8,1,9.0,3,9,0,8,1.0,1.0,3.0,2,3,6.023360136452241,0.3034282642536227,1373.326111111111,228,0,0.0,0.0
1832,35,No,Travel_Rarely,Sales,6,4,Medical,1,1833,Female,2,Manager,Single,94190,1.0,Y,24,8,1,6.0,5,6,1,1,3.0,1.0,2.0,2,4,6.895604075691412,0.2945657466796717,1579.0933333333332,229,0,0.0,0.0
1833,36,No,Travel_Rarely,Sales,10,4,Marketing,1,1834,Male,3,Manager,Married,86860,1.0,Y,13,8,0,18.0,2,18,4,11,2.0,4.0,2.0,3,3,9.710834500466852,0.3291432998425004,2311.178611111111,238,238,169.33416666666668,0.7114880952380953
1834,32,No,Travel_Rarely,Research & Development,3,4,Medical,1,1835,Female,4,Sales Executive,Divorced,30380,2.0,Y,20,8,0,8.0,3,5,0,3,2.0,4.0,2.0,3,4,7.8313574879227055,0.3127376303155884,1801.2122222222222,230,67,0.0,0.0
1835,30,No,Travel_Frequently,Research & Development,4,5,Medical,1,1836,Male,5,Sales Representative,Divorced,30580,9.0,Y,14,8,1,10.0,2,5,0,3,2.0,4.0,2.0,3,3,6.379905817835002,0.3088008262018447,1486.5180555555555,233,0,0.0,0.0
1836,53,No,Travel_Rarely,Sales,6,3,Marketing,1,1837,Male,4,Sales Executive,Married,23250,7.0,Y,18,8,1,35.0,1,5,0,4,1.0,4.0,3.0,4,3,10.363845704948648,0.3040376509612418,2466.595277777778,238,238,324.59527777777777,1.363845704948646
1837,45,No,Travel_Rarely,Research & Development,1,5,Technical Degree,1,1838,Male,2,Healthcare Representative,Divorced,20880,4.0,Y,15,8,3,18.0,2,5,0,2,4.0,1.0,3.0,3,3,8.491444931773879,0.2982267727297228,1936.0494444444444,228,217,0.3300000000000018,0.0014473684210526
1838,32,No,Travel_Rarely,Sales,10,3,Marketing,1,1839,Female,1,Human Resources,Married,30720,5.0,Y,12,8,0,9.0,4,5,1,3,3.0,3.0,2.0,1,3,6.633939603503919,0.2924869648437778,1598.7794444444444,241,0,0.0,0.0
1839,52,No,Travel_Frequently,Research & Development,1,1,Life Sciences,1,1840,Male,2,Laboratory Technician,Married,50060,3.0,Y,16,8,1,31.0,2,9,0,0,3.0,4.0,3.0,3,3,7.627005910165485,0.315867061904023,1792.346388888889,235,27,0.0,0.0
1840,37,No,Travel_Rarely,Sales,24,2,Life Sciences,1,1841,Female,4,Laboratory Technician,Divorced,42570,4.0,Y,15,8,0,9.0,2,1,0,0,4.0,3.0,3.0,3,3,6.1029396235078055,0.3059844379144276,1476.911388888889,242,0,0.0,0.0
1841,28,No,Travel_Rarely,Research & Development,21,4,Life Sciences,1,1842,Female,1,Healthcare Representative,Divorced,25000,1.0,Y,16,8,2,6.0,3,5,0,4,2.0,4.0,3.0,3,3,6.290355509830818,0.3221321678463191,1528.556388888889,243,0,0.0,0.0
1842,22,No,Travel_Rarely,Research & Development,2,2,Life Sciences,1,1843,Male,1,Sales Representative,Married,11020,6.0,Y,19,8,0,4.0,3,2,2,2,4.0,4.0,1.0,2,3,6.472758112094395,0.302728957932568,1462.8433333333332,226,0,0.0,0.0
1843,44,No,Travel_Rarely,Research & Development,22,3,Medical,1,1844,Female,1,Laboratory Technician,Married,104530,2.0,Y,11,8,1,10.0,2,3,0,2,1.0,4.0,2.0,3,3,10.991957939721097,0.2961111605878527,2715.013611111111,247,247,492.0136111111111,1.9919579397210976
1844,42,No,Travel_Frequently,Sales,13,4,Life Sciences,1,1845,Female,2,Laboratory Technician,Single,22880,5.0,Y,16,8,1,8.0,4,2,2,2,2.0,4.0,3.0,2,3,8.005260631001372,0.2815373055403594,1945.2783333333332,243,121,0.0,0.0
1845,36,No,Travel_Rarely,Research & Development,14,3,Other,1,1846,Male,2,Research Scientist,Married,39290,0.0,Y,24,8,0,6.0,6,5,0,3,1.0,1.0,3.0,2,4,7.605230090605627,0.2955580228379091,1772.018611111111,233,18,0.0,0.0
1846,25,No,Travel_Rarely,Sales,11,3,Life Sciences,1,1847,Female,1,Laboratory Technician,Married,23110,1.0,Y,11,8,1,5.0,2,5,0,3,3.0,1.0,3.0,3,3,10.396100517890773,0.3010758981272708,2453.4797222222223,236,236,329.4797222222222,1.3961005178907722
1847,35,No,Travel_Rarely,Research & Development,9,2,Life Sciences,1,1848,Female,1,Healthcare Representative,Married,31400,1.0,Y,13,8,1,17.0,2,17,5,15,4.0,3.0,3.0,2,3,8.77790469348659,0.2858062837047907,2036.473888888889,232,232,7.823055555555554,0.0337200670498084
1848,35,Yes,Travel_Frequently,Sales,8,2,Marketing,1,1849,Female,1,Laboratory Technician,Divorced,36900,1.0,Y,13,8,1,10.0,2,10,7,8,4.0,2.0,3.0,4,3,9.974883286647993,0.2989403765752253,2374.0222222222224,238,238,232.0222222222222,0.9748832866479924
1849,32,No,Non-Travel,Research & Development,21,3,Life Sciences,1,1850,Male,1,Sales Executive,Divorced,44500,0.0,Y,13,8,0,4.0,3,3,0,2,4.0,4.0,3.0,3,3,7.89870778267254,0.3018612730576444,1793.006666666667,227,80,0.0,0.0
1850,25,No,Travel_Rarely,Sales,5,3,Marketing,1,1851,Female,4,Research Scientist,Married,27560,1.0,Y,12,8,2,5.0,2,5,0,3,3.0,1.0,4.0,3,3,7.782481087470449,0.3096377663644382,1828.8830555555555,235,56,0.0,0.0
1851,49,No,Travel_Rarely,Sales,9,3,Technical Degree,1,1852,Female,2,Sales Representative,Married,190330,2.0,Y,18,8,1,7.0,5,4,0,2,3.0,1.0,3.0,3,3,7.517452919020716,0.3008637777240195,1774.118888888889,236,12,0.0,0.0
1852,24,No,Non-Travel,Research & Development,2,5,Technical Degree,1,1853,Male,2,Healthcare Representative,Married,187220,0.0,Y,22,8,1,6.0,3,5,3,4,1.0,4.0,2.0,3,4,7.592135933806147,0.2950796559875293,1784.1519444444446,235,21,0.0,0.0
1853,32,No,Travel_Frequently,Research & Development,12,5,Medical,1,1854,Male,1,Research Scientist,Married,95470,1.0,Y,13,8,1,10.0,3,10,5,3,2.0,2.0,3.0,2,3,6.819206516643226,0.2914282526623327,1616.1519444444446,237,0,0.0,0.0
1854,38,No,Travel_Rarely,Sales,22,2,Medical,1,1855,Male,1,Sales Executive,Married,137340,0.0,Y,13,8,0,3.0,3,2,1,2,2.0,2.0,3.0,4,3,6.937852387511478,0.3021408612765425,1678.9602777777775,242,1,0.0,0.0
1855,42,No,Travel_Rarely,Research & Development,18,1,Technical Degree,1,1856,Female,2,Research Scientist,Married,199990,2.0,Y,23,8,1,17.0,6,5,1,3,3.0,4.0,2.0,3,4,9.599522972339429,0.295786425497768,2275.0869444444443,237,237,142.11111111111111,0.5996249413970933
1856,31,No,Travel_Rarely,Research & Development,16,3,Life Sciences,1,1857,Female,3,Sales Executive,Married,22790,3.0,Y,12,8,1,8.0,3,6,0,2,4.0,4.0,3.0,3,3,10.097114734299517,0.3262487706302927,2322.336388888889,230,230,252.33638888888888,1.097114734299517
1857,29,Yes,Travel_Rarely,Sales,3,3,Marketing,1,1858,Male,3,Laboratory Technician,Divorced,59160,6.0,Y,12,8,0,5.0,2,3,0,2,2.0,3.0,3.0,3,3,9.408224932249322,0.2944484354201489,2314.423333333333,246,246,102.7877777777778,0.417836495031617
1858,53,No,Travel_Rarely,Research & Development,9,3,Life Sciences,1,1859,Male,1,Sales Representative,Married,20890,5.0,Y,16,8,0,28.0,2,2,2,2,1.0,4.0,3.0,2,3,6.412745821042281,0.3130016001839487,1449.2805555555556,226,0,0.0,0.0
1859,35,No,Travel_Rarely,Research & Development,1,3,Life Sciences,1,1860,Male,3,Healthcare Representative,Married,167920,3.0,Y,12,8,1,16.0,3,13,4,8,4.0,2.0,3.0,4,3,7.119608585858586,0.2973162106384315,1722.9452777777778,242,0,0.0,0.0
1860,37,No,Travel_Frequently,Research & Development,13,4,Life Sciences,1,1861,Female,3,Human Resources,Married,35640,5.0,Y,11,8,0,10.0,1,5,0,0,3.0,4.0,3.0,1,3,7.4012350780532605,0.3236060716664652,1791.098888888889,242,8,0.0,0.0
1861,53,No,Travel_Rarely,Research & Development,1,1,Medical,1,1862,Male,1,Sales Executive,Single,44250,6.0,Y,22,8,1,33.0,2,12,3,8,4.0,4.0,3.0,4,4,6.695520977408944,0.3141985824047785,1613.6205555555557,241,0,0.0,0.0
1862,43,No,Travel_Frequently,Research & Development,1,3,Medical,1,1863,Male,1,Laboratory Technician,Married,52650,4.0,Y,11,8,1,12.0,4,5,2,2,4.0,4.0,2.0,3,3,7.641500721500722,0.2995752828479207,1765.1866666666667,231,34,0.0,0.0
1863,47,No,Travel_Rarely,Sales,15,4,Marketing,1,1864,Female,3,Research Director,Married,65530,0.0,Y,15,8,0,8.0,2,7,7,7,3.0,4.0,3.0,3,3,10.676666666666666,0.2892505551514024,2466.31,231,231,387.31,1.6766666666666667
1864,37,No,Non-Travel,Research & Development,1,5,Medical,1,1865,Female,2,Research Scientist,Single,62610,1.0,Y,12,8,0,10.0,1,10,0,9,1.0,2.0,3.0,3,3,8.275650860065086,0.2915472377124858,1977.8805555555557,239,198,0.3524999999999991,0.0014748953974895
1865,50,No,Non-Travel,Research & Development,17,3,Medical,1,1866,Female,1,Laboratory Technician,Divorced,42980,1.0,Y,20,8,1,31.0,6,31,14,7,1.0,1.0,3.0,3,4,6.584802114060964,0.3191682586564376,1488.165277777778,226,0,0.0,0.0
1866,39,No,Travel_Rarely,Research & Development,1,3,Other,1,1867,Female,3,Human Resources,Married,68040,8.0,Y,14,8,1,13.0,3,5,0,4,4.0,4.0,3.0,2,3,6.927850445382091,0.3058673517147307,1641.9005555555557,237,1,0.0,0.0
1867,33,No,Travel_Rarely,Sales,7,3,Life Sciences,1,1868,Male,2,Manufacturing Director,Divorced,38150,3.0,Y,11,8,1,7.0,3,4,0,3,4.0,2.0,4.0,3,3,9.426710465652375,0.2739759095241433,2271.8372222222224,241,241,104.57472222222222,0.433920009220839
1868,32,Yes,Travel_Rarely,Research & Development,9,1,Medical,1,1869,Female,1,Laboratory Technician,Single,27410,1.0,Y,15,8,1,1.0,5,1,0,1,1.0,4.0,1.0,2,3,9.99858249880782,0.287222413010208,2329.6697222222224,233,233,232.66972222222225,0.9985824988078208
1869,29,No,Travel_Rarely,Research & Development,5,4,Life Sciences,1,1870,Female,4,Healthcare Representative,Divorced,66730,6.0,Y,12,8,1,8.0,2,4,0,3,1.0,4.0,3.0,4,3,6.395422953818016,0.3161622397216446,1554.0877777777778,243,0,0.0,0.0
1870,44,No,Travel_Rarely,Research & Development,26,2,Life Sciences,1,1871,Male,2,Manufacturing Director,Married,76390,1.0,Y,14,8,0,8.0,6,8,7,1,2.0,1.0,3.0,3,3,9.816530172413794,0.3247424383140739,2277.435,232,232,189.66472222222225,0.8175203544061302
1871,28,No,Travel_Rarely,Sales,24,5,Life Sciences,1,1872,Female,1,Research Scientist,Single,23280,1.0,Y,11,8,2,4.0,3,4,0,2,1.0,4.0,3.0,3,3,6.42939393939394,0.2771705200229007,1485.19,231,0,0.0,0.0
1872,58,Yes,Travel_Frequently,Sales,9,2,Technical Degree,1,1873,Male,1,Sales Executive,Divorced,21530,9.0,Y,11,8,0,3.0,3,1,0,0,4.0,4.0,2.0,3,3,10.503385634588565,0.3055393343708014,2510.3091666666664,239,239,359.30916666666667,1.5033856345885634
1873,43,No,Travel_Rarely,Sales,7,4,Marketing,1,1874,Male,2,Sales Executive,Divorced,48760,4.0,Y,16,8,2,4.0,4,1,0,0,1.0,2.0,4.0,3,3,6.603793981481482,0.3221407031010573,1584.9105555555557,240,1,0.0,0.0
1874,20,Yes,Travel_Rarely,Research & Development,11,3,Medical,1,1875,Male,2,Sales Executive,Single,93960,1.0,Y,12,8,0,2.0,6,2,0,2,3.0,3.0,2.0,1,3,7.130230716253443,0.2941034826868696,1725.5158333333334,242,0,0.0,0.0
1875,21,Yes,Travel_Rarely,Research & Development,1,3,Medical,1,1876,Male,2,Sales Executive,Single,104000,1.0,Y,13,8,1,1.0,2,1,0,0,4.0,4.0,2.0,3,3,7.927981562348375,0.3074310401882199,1815.5077777777776,229,94,0.0,0.0
1876,36,No,Travel_Rarely,Research & Development,26,4,Medical,1,1877,Male,1,Laboratory Technician,Married,84740,0.0,Y,14,8,0,17.0,3,16,4,11,3.0,4.0,2.0,3,3,10.273963122605364,0.2778972178464791,2383.5594444444446,232,232,295.55944444444447,1.273963122605364
1877,47,No,Travel_Rarely,Research & Development,2,3,Life Sciences,1,1878,Male,2,Manufacturing Director,Single,99810,1.0,Y,21,8,1,3.0,3,3,1,2,4.0,4.0,2.0,3,4,8.480695011337868,0.3028034422292647,2077.7702777777777,245,233,0.8850000000000016,0.0036122448979591
1878,22,Yes,Travel_Rarely,Research & Development,15,4,Life Sciences,1,1879,Female,1,Laboratory Technician,Married,124900,0.0,Y,13,8,0,4.0,3,3,0,2,2.0,3.0,4.0,3,3,9.81487680148768,0.2985964292893891,2345.7555555555555,239,239,194.75666666666663,0.814881450488145
1879,41,Yes,Travel_Rarely,Research & Development,23,3,Life Sciences,1,1880,Female,2,Sales Executive,Divorced,26570,4.0,Y,11,8,0,10.0,3,7,1,0,2.0,4.0,2.0,4,3,10.44849427753934,0.3076087446101646,2434.4991666666665,233,233,337.49916666666667,1.448494277539342
1880,28,No,Travel_Rarely,Research & Development,10,3,Life Sciences,1,1881,Female,3,Manager,Divorced,135910,5.0,Y,20,8,1,6.0,2,2,2,2,3.0,3.0,3.0,3,4,7.680597677595628,0.2906459677240594,1874.065833333333,244,34,0.0,0.0
1881,39,Yes,Travel_Rarely,Research & Development,10,4,Life Sciences,1,1882,Female,4,Human Resources,Married,66960,7.0,Y,11,8,0,8.0,3,2,2,2,4.0,1.0,1.0,3,3,10.69226602120793,0.3153164226235684,2576.836111111111,241,241,407.8361111111111,1.69226602120793
1882,27,No,Travel_Rarely,Research & Development,1,3,Medical,1,1883,Male,1,Research Scientist,Single,20580,1.0,Y,14,8,1,1.0,5,1,0,0,2.0,3.0,3.0,3,3,7.698942495126706,0.3050227775763096,1755.358888888889,228,38,0.0,0.0
1883,34,No,Travel_Rarely,Research & Development,12,2,Technical Degree,1,1884,Male,2,Human Resources,Divorced,88650,1.0,Y,11,8,1,1.0,0,1,1,0,2.0,2.0,3.0,3,3,7.68913912835249,0.2802799394827493,1783.8802777777778,232,35,0.0,0.0
1884,42,No,Travel_Rarely,Sales,11,1,Technical Degree,1,1885,Male,2,Human Resources,Single,59400,7.0,Y,16,8,0,10.0,2,5,0,3,3.0,3.0,3.0,2,3,6.935080409356725,0.2874665232511559,1581.1983333333333,228,0,0.0,0.0
1885,33,No,Travel_Rarely,Sales,2,3,Marketing,1,1886,Female,1,Sales Executive,Single,59140,3.0,Y,16,8,1,6.0,4,3,0,2,3.0,1.0,3.0,3,3,10.528982624599909,0.2979485358157963,2558.5427777777777,243,243,371.5427777777778,1.5289826245999087
1886,58,No,Travel_Rarely,Research & Development,2,4,Life Sciences,1,1887,Male,1,Research Scientist,Divorced,26220,2.0,Y,23,8,0,24.0,3,6,0,4,3.0,2.0,3.0,3,4,8.276629867046534,0.3103105945362698,1936.731388888889,234,189,0.0330555555555562,0.0001412630579297
1887,31,No,Travel_Rarely,Sales,1,3,Life Sciences,1,1888,Female,1,Sales Representative,Married,121850,3.0,Y,14,8,0,13.0,2,7,5,2,2.0,3.0,4.0,3,3,6.118653198653199,0.2925241006633885,1413.408888888889,231,0,0.0,0.0
1888,35,No,Travel_Rarely,Research & Development,2,1,Life Sciences,1,1889,Male,3,Healthcare Representative,Married,106090,1.0,Y,22,8,0,10.0,3,10,0,7,4.0,4.0,1.0,3,4,10.39381549232159,0.2806411949316136,2556.8786111111112,246,246,342.8786111111111,1.39381549232159
1889,49,No,Travel_Rarely,Research & Development,25,2,Life Sciences,1,1890,Female,2,Sales Executive,Married,43450,4.0,Y,15,8,0,29.0,3,26,1,7,1.0,2.0,2.0,2,3,6.988901018922853,0.3145919957170915,1600.4583333333333,229,0,0.0,0.0
1890,48,No,Travel_Rarely,Research & Development,1,4,Medical,1,1891,Male,1,Research Scientist,Married,21770,4.0,Y,18,8,0,13.0,4,0,0,0,4.0,3.0,2.0,3,3,6.698589651883643,0.3122133543849312,1560.7713888888889,233,0,0.0,0.0
1891,31,No,Non-Travel,Research & Development,1,2,Technical Degree,1,1892,Female,2,Sales Executive,Married,27930,1.0,Y,16,8,0,9.0,4,9,0,0,4.0,3.0,2.0,3,3,7.084774743230625,0.2922055580727256,1686.1763888888888,238,0,0.0,0.0
1892,36,No,Travel_Rarely,Human Resources,2,4,Technical Degree,1,1893,Male,1,Sales Executive,Single,79180,2.0,Y,12,8,2,8.0,3,6,0,1,2.0,4.0,3.0,2,3,6.518061415846226,0.2937299102568008,1544.7805555555556,237,0,0.0,0.0
1893,38,No,Travel_Rarely,Sales,6,3,Other,1,1894,Male,2,Sales Executive,Married,87890,1.0,Y,11,8,3,15.0,4,15,5,11,4.0,1.0,3.0,3,3,7.100772386310361,0.3053103710430692,1682.8830555555555,237,0,0.0,0.0
1894,32,No,Non-Travel,Sales,18,3,Marketing,1,1895,Male,1,Laboratory Technician,Married,23890,6.0,Y,12,8,1,5.0,4,3,0,2,3.0,2.0,3.0,2,3,7.129615029967727,0.3079810889982797,1718.2372222222225,241,1,0.0,0.0
1895,25,Yes,Travel_Rarely,Research & Development,1,2,Life Sciences,1,1896,Male,1,Sales Executive,Married,32120,1.0,Y,15,8,1,1.0,3,1,0,0,3.0,2.0,3.0,2,3,8.87862433862434,0.296444728086563,2050.9622222222224,231,230,15.226388888888897,0.0659151034151034
1896,40,No,Travel_Rarely,Research & Development,1,4,Medical,1,1897,Male,2,Research Scientist,Divorced,192320,2.0,Y,14,8,1,11.0,3,1,0,0,1.0,2.0,2.0,3,3,6.146567632850242,0.3123728296773116,1413.7105555555556,230,0,0.0,0.0
1897,26,No,Travel_Frequently,Sales,11,3,Marketing,1,1898,Male,2,Healthcare Representative,Single,22670,1.0,Y,19,8,3,7.0,2,7,0,7,3.0,1.0,3.0,2,3,7.617936170212766,0.2968039874508069,1790.215,235,27,0.0,0.0
1898,41,No,Travel_Rarely,Research & Development,1,4,Medical,1,1899,Male,1,Research Scientist,Single,195170,2.0,Y,13,8,0,20.0,5,18,2,17,4.0,1.0,3.0,3,3,10.680597461685824,0.299441733628486,2477.898611111111,232,232,389.8986111111111,1.6805974616858237
1899,36,No,Travel_Rarely,Research & Development,9,3,Life Sciences,1,1900,Female,2,Healthcare Representative,Single,24360,4.0,Y,13,8,0,16.0,3,11,3,9,3.0,3.0,3.0,1,3,7.10312833575934,0.3164193959304728,1626.6163888888889,229,0,0.0,0.0
1900,19,Yes,Travel_Rarely,Research & Development,15,3,Life Sciences,1,1901,Male,2,Research Scientist,Single,160640,1.0,Y,15,8,1,1.0,3,1,0,0,4.0,2.0,4.0,3,3,10.603697033898303,0.2838397217810091,2502.4725,236,236,378.4725,1.6036970338983052
1901,20,Yes,Travel_Rarely,Research & Development,29,3,Life Sciences,1,1902,Female,3,Laboratory Technician,Single,27070,1.0,Y,11,8,0,1.0,2,1,0,0,1.0,1.0,3.0,3,3,6.124794945159752,0.2904912338181113,1427.0772222222222,233,0,0.0,0.0
1902,31,No,Travel_Rarely,Research & Development,1,4,Life Sciences,1,1903,Male,4,Research Director,Married,190680,0.0,Y,12,8,0,10.0,1,9,8,5,4.0,4.0,1.0,3,3,8.312946343779677,0.3089981232812987,1945.2294444444444,234,197,0.4347222222222235,0.0018577872744539
1903,40,No,Travel_Frequently,Sales,1,3,Marketing,1,1904,Male,1,Research Scientist,Divorced,39310,8.0,Y,19,8,0,3.0,2,1,0,0,4.0,2.0,3.0,2,3,8.087346986817325,0.3128783899784301,1908.6138888888888,236,145,0.0,0.0
1904,32,No,Travel_Rarely,Research & Development,24,3,Life Sciences,1,1905,Male,4,Laboratory Technician,Married,37300,1.0,Y,25,8,1,8.0,4,8,6,3,3.0,1.0,4.0,3,4,7.88483543417367,0.3156272552194701,1876.5908333333332,238,75,0.0,0.0
1905,36,Yes,Travel_Rarely,Research & Development,10,3,Medical,1,1906,Male,3,Sales Executive,Married,22320,1.0,Y,12,8,1,16.0,2,16,3,7,3.0,4.0,3.0,3,3,9.798302083333336,0.2985243757151186,2351.5925,240,240,191.5925,0.7983020833333333
1906,33,No,Travel_Rarely,Research & Development,1,4,Medical,1,1907,Female,4,Manufacturing Director,Single,44650,0.0,Y,13,8,0,6.0,3,5,1,4,2.0,4.0,3.0,3,3,6.025150462962963,0.2855244905739031,1446.036111111111,240,0,0.0,0.0
1907,37,Yes,Travel_Rarely,Sales,10,4,Marketing,1,1908,Female,3,Human Resources,Married,30720,5.0,Y,14,8,0,17.0,3,14,11,7,1.0,3.0,1.0,2,3,6.278001713166911,0.2880821794887227,1425.106388888889,227,0,0.0,0.0
1908,45,No,Non-Travel,Research & Development,8,1,Life Sciences,1,1909,Male,2,Sales Executive,Married,33190,1.0,Y,12,8,1,9.0,3,9,0,8,3.0,2.0,2.0,3,3,6.265175925925926,0.2885897427786261,1503.6422222222222,240,0,0.0,0.0
1909,29,No,Travel_Frequently,Research & Development,29,1,Life Sciences,1,1910,Male,1,Sales Representative,Married,192020,1.0,Y,12,8,0,3.0,5,3,0,2,3.0,3.0,3.0,3,3,7.607713414634146,0.295788178977951,1871.4975,246,19,0.0,0.0
1910,35,No,Travel_Rarely,Human Resources,1,3,Human Resources,1,1911,Male,3,Laboratory Technician,Married,136750,1.0,Y,15,8,3,5.0,5,5,1,0,3.0,3.0,3.0,2,3,6.359511784511785,0.3000845528683264,1469.0472222222222,231,0,0.0,0.0
1911,52,No,Travel_Rarely,Research & Development,5,4,Other,1,1912,Male,1,Laboratory Technician,Married,29110,2.0,Y,17,8,2,26.0,3,9,7,8,4.0,4.0,3.0,3,3,7.022838114754098,0.2962046387550763,1713.5725,244,0,0.0,0.0
1912,58,Yes,Travel_Rarely,Sales,9,2,Medical,1,1913,Female,4,Sales Executive,Single,59570,4.0,Y,14,8,1,7.0,2,1,0,0,4.0,3.0,3.0,1,3,7.52389231824417,0.2828785212883274,1828.305833333333,243,9,0.0,0.0
1913,53,No,Travel_Rarely,Research & Development,9,3,Technical Degree,1,1914,Male,1,Manager,Divorced,39200,6.0,Y,16,8,1,22.0,3,17,15,2,3.0,3.0,4.0,3,3,6.507214944201844,0.2911877042017206,1490.1522222222222,229,0,0.0,0.0
1914,30,No,Travel_Rarely,Sales,3,4,Marketing,1,1915,Male,1,Sales Executive,Divorced,64340,5.0,Y,14,8,1,10.0,3,8,7,7,3.0,3.0,4.0,2,3,8.010463728191,0.2841493999145281,1938.532222222222,242,129,0.0,0.0
1915,38,No,Non-Travel,Sales,4,3,Life Sciences,1,1916,Male,2,Research Director,Single,100480,1.0,Y,23,8,1,6.0,2,5,1,3,3.0,4.0,3.0,3,4,8.10753457814661,0.3065849391784552,1953.9158333333328,241,151,0.1524999999999998,0.0006327800829875
1916,35,No,Travel_Rarely,Sales,1,2,Life Sciences,1,1917,Female,2,Healthcare Representative,Divorced,109380,6.0,Y,14,8,2,12.0,2,10,0,8,4.0,4.0,3.0,1,3,7.291010768477728,0.2882460207126409,1655.0594444444444,227,0,0.0,0.0
1917,39,No,Travel_Rarely,Sales,1,1,Marketing,1,1918,Male,2,Research Scientist,Single,23400,0.0,Y,11,8,1,9.0,2,8,0,7,1.0,3.0,3.0,2,3,6.524470560303894,0.3199749269962408,1526.726111111111,234,0,0.0,0.0
1918,40,Yes,Non-Travel,Research & Development,2,4,Life Sciences,1,1919,Male,1,Human Resources,Single,65450,4.0,Y,15,8,0,22.0,2,1,0,0,2.0,2.0,2.0,3,3,9.496721981721985,0.3248448682358369,2193.742777777778,231,231,117.2811111111111,0.5077104377104377
1919,47,No,Travel_Frequently,Research & Development,7,4,Life Sciences,1,1920,Male,3,Sales Executive,Divorced,69310,1.0,Y,11,8,0,20.0,3,19,2,7,3.0,3.0,4.0,3,3,10.112135053463506,0.2868417530418778,2416.800277777778,239,239,265.8002777777777,1.1121350534635053
1920,36,No,Non-Travel,Sales,28,1,Life Sciences,1,1921,Male,2,Research Scientist,Divorced,48980,4.0,Y,13,8,1,12.0,3,7,0,7,1.0,4.0,3.0,3,3,6.763366620752985,0.3283144403693369,1636.7347222222222,242,0,0.0,0.0
1921,31,Yes,Non-Travel,Research & Development,28,4,Medical,1,1922,Male,2,Research Scientist,Single,25930,0.0,Y,21,8,0,4.0,2,3,1,2,3.0,1.0,3.0,3,4,8.197051553672317,0.2759485098462386,1934.5041666666664,236,186,0.0519444444444445,0.0002201035781544
1922,33,No,Non-Travel,Sales,15,3,Other,1,1923,Male,4,Research Director,Single,194360,1.0,Y,19,8,2,10.0,4,10,6,0,4.0,3.0,3.0,3,3,7.91394995210728,0.3039476539632089,1836.036388888889,232,96,0.0,0.0
1923,29,Yes,Travel_Rarely,Human Resources,3,5,Life Sciences,1,1924,Male,1,Sales Executive,Single,27230,6.0,Y,11,8,1,3.0,2,0,0,0,4.0,1.0,3.0,2,3,10.298806458897923,0.2969483571697903,2533.506388888889,246,246,319.5063888888889,1.2988064588979225
1924,33,No,Travel_Rarely,Research & Development,2,2,Technical Degree,1,1925,Male,2,Laboratory Technician,Single,34790,3.0,Y,12,8,0,5.0,3,3,0,2,2.0,4.0,3.0,3,3,7.516345598845599,0.3005955544062058,1736.2758333333334,231,16,0.0,0.0
1925,45,No,Travel_Rarely,Research & Development,26,1,Medical,1,1926,Female,3,Healthcare Representative,Divorced,27940,3.0,Y,19,8,1,8.0,2,5,0,2,4.0,4.0,3.0,3,3,6.998797112090063,0.2762096805035648,1588.7269444444444,227,0,0.0,0.0
1926,50,No,Travel_Rarely,Sales,10,1,Life Sciences,1,1927,Female,1,Manufacturing Director,Divorced,52490,9.0,Y,21,8,2,32.0,2,5,1,3,4.0,4.0,2.0,2,4,7.395396486229819,0.2900314707211767,1730.5227777777775,234,4,0.0,0.0
1927,33,No,Travel_Frequently,Sales,1,3,Marketing,1,1928,Male,2,Human Resources,Married,21760,1.0,Y,14,8,1,6.0,2,6,1,2,3.0,2.0,3.0,2,3,8.975154958677686,0.3065407185575096,2171.9875,242,242,27.206111111111102,0.1124219467401285
1928,41,No,Travel_Frequently,Sales,11,3,Other,1,1929,Male,1,Laboratory Technician,Divorced,168720,2.0,Y,15,8,1,21.0,2,18,0,11,1.0,3.0,4.0,3,3,7.89010795730228,0.2985153788306258,1806.834722222222,229,90,0.0,0.0
1929,27,No,Travel_Rarely,Research & Development,20,4,Other,1,1930,Male,2,Manufacturing Director,Married,34850,9.0,Y,17,8,2,4.0,2,2,2,2,3.0,2.0,3.0,3,3,7.092681010928962,0.3068149946185752,1730.6141666666667,244,0,0.0,0.0
1930,45,No,Non-Travel,Sales,2,3,Medical,1,1931,Female,1,Sales Executive,Married,66440,1.0,Y,12,8,0,9.0,3,9,0,8,4.0,1.0,3.0,4,3,8.691242030965393,0.2774465038806877,2120.663055555556,244,241,4.138055555555555,0.0169592440801457
1931,47,No,Travel_Rarely,Sales,18,4,Medical,1,1932,Female,2,Research Scientist,Single,55820,1.0,Y,16,8,0,9.0,3,9,0,7,4.0,4.0,3.0,3,3,8.015667824074074,0.2822381270958763,1923.7602777777777,240,126,0.0,0.0
1932,30,Yes,Travel_Rarely,Sales,2,3,Life Sciences,1,1933,Male,2,Healthcare Representative,Married,40000,4.0,Y,12,8,0,7.0,5,5,0,1,1.0,3.0,3.0,2,3,10.489197796934866,0.2928665241392431,2433.4938888888887,232,232,345.4938888888889,1.4891977969348658
1933,50,No,Travel_Rarely,Research & Development,1,3,Technical Degree,1,1934,Female,2,Sales Executive,Married,134960,3.0,Y,18,8,1,22.0,3,12,1,5,4.0,3.0,3.0,3,3,9.492560835629018,0.2931401076257085,2297.199722222222,242,242,120.5277777777778,0.498048668503214
1934,38,No,Travel_Frequently,Research & Development,13,3,Technical Degree,1,1935,Male,1,Manufacturing Director,Married,32100,0.0,Y,17,8,2,3.0,5,2,0,2,3.0,3.0,2.0,2,3,7.6981253006253,0.3324568849136672,1778.2669444444443,231,39,0.0,0.0
1935,46,No,Travel_Rarely,Research & Development,28,3,Medical,1,1936,Female,3,Human Resources,Divorced,190450,6.0,Y,11,8,3,13.0,2,8,0,7,4.0,3.0,3.0,3,3,6.909803051001822,0.3064639375685616,1685.9919444444445,244,0,0.0,0.0
1936,24,No,Travel_Rarely,Sales,28,3,Life Sciences,1,1937,Female,1,Healthcare Representative,Divorced,118490,1.0,Y,16,8,1,5.0,3,4,3,2,4.0,3.0,3.0,3,3,6.552236286919832,0.2979677744433864,1552.88,237,0,0.0,0.0
1937,35,Yes,Travel_Rarely,Sales,24,3,Medical,1,1938,Male,3,Healthcare Representative,Divorced,20700,1.0,Y,13,8,3,5.0,1,4,0,2,3.0,2.0,1.0,2,3,9.331365176151762,0.3079266133286567,2295.5158333333334,246,246,86.33611111111112,0.3509598012646793
1938,31,No,Travel_Frequently,Research & Development,5,2,Technical Degree,1,1939,Male,2,Sales Executive,Married,65020,1.0,Y,12,8,0,4.0,3,4,0,3,3.0,1.0,3.0,3,3,6.272699249882794,0.2930313156913265,1486.6297222222222,237,0,0.0,0.0
1939,18,No,Non-Travel,Sales,5,4,Other,1,1940,Male,2,Manager,Single,32300,1.0,Y,12,8,1,0.0,3,0,0,0,2.0,4.0,3.0,3,3,6.321853070175439,0.2895027003076015,1441.3825,228,0,0.0,0.0
1940,54,No,Travel_Rarely,Sales,23,3,Medical,1,1941,Female,1,Laboratory Technician,Married,136030,8.0,Y,13,8,1,22.0,2,10,0,8,3.0,3.0,3.0,3,3,6.600274276377217,0.3065349660222505,1570.8652777777777,238,0,0.0,0.0
1941,35,No,Travel_Rarely,Research & Development,6,4,Medical,1,1942,Female,1,Manufacturing Director,Divorced,119960,1.0,Y,19,8,2,16.0,3,16,10,1,3.0,3.0,2.0,3,3,9.598844907407408,0.2723896853380077,2303.722777777778,240,240,144.5125,0.6021354166666666
1942,30,No,Travel_Rarely,Research & Development,4,3,Life Sciences,1,1943,Female,5,Healthcare Representative,Married,56050,0.0,Y,12,8,1,9.0,0,8,1,7,2.0,1.0,2.0,2,3,10.098746584699454,0.2991531686294579,2464.0941666666668,244,244,268.09416666666664,1.0987465846994535
1943,20,Yes,Travel_Rarely,Research & Development,2,2,Life Sciences,1,1944,Female,2,Research Scientist,Single,63970,1.0,Y,17,8,1,1.0,3,1,0,0,4.0,1.0,3.0,3,3,8.31152717127608,0.292916446137253,1903.3397222222225,229,201,0.1425,0.000622270742358
1944,30,Yes,Travel_Frequently,Research & Development,8,4,Medical,1,1945,Male,1,Sales Executive,Single,191440,0.0,Y,11,8,0,4.0,3,3,1,2,2.0,2.0,3.0,3,3,7.59495867768595,0.3150351294404558,1837.98,242,24,0.0,0.0
1945,26,No,Travel_Rarely,Sales,1,3,Marketing,1,1946,Female,2,Research Scientist,Married,175840,1.0,Y,20,8,0,8.0,2,8,1,3,4.0,4.0,3.0,3,4,7.939711492608488,0.2809204307239121,1849.9527777777776,233,101,0.0,0.0
1946,22,No,Travel_Rarely,Research & Development,8,3,Other,1,1947,Male,2,Sales Representative,Married,49070,1.0,Y,21,8,1,4.0,2,4,1,1,2.0,1.0,2.0,3,4,7.302466475095786,0.319596997379967,1694.1722222222222,232,5,0.0,0.0
1947,48,No,Travel_Rarely,Human Resources,2,4,Medical,1,1948,Male,2,Sales Executive,Single,45540,2.0,Y,11,8,2,19.0,3,2,2,2,1.0,3.0,3.0,3,3,8.018559101654846,0.2968132274896144,1884.361388888889,235,116,0.0,0.0
1948,48,No,Travel_Rarely,Sales,3,3,Medical,1,1949,Male,1,Research Director,Single,54150,7.0,Y,11,8,1,27.0,1,15,4,8,3.0,3.0,3.0,3,3,6.501231884057971,0.2963939224815473,1495.2833333333333,230,0,0.0,0.0
1949,41,No,Travel_Rarely,Research & Development,2,3,Life Sciences,1,1950,Male,2,Research Scientist,Single,47410,6.0,Y,16,8,0,8.0,3,2,2,1,4.0,3.0,3.0,3,3,6.912519353369763,0.2937599939093295,1686.6547222222223,244,0,0.0,0.0
1950,39,No,Travel_Rarely,Sales,2,3,Life Sciences,1,1951,Male,3,Human Resources,Married,21150,1.0,Y,18,8,0,21.0,3,21,11,8,4.0,4.0,3.0,4,3,7.095823129251701,0.3030561945121119,1738.4766666666667,245,0,0.0,0.0
1951,27,No,Travel_Rarely,Research & Development,3,3,Life Sciences,1,1952,Male,2,Human Resources,Married,31610,0.0,Y,13,8,2,4.0,0,3,2,2,1.0,4.0,3.0,3,3,7.298778935185185,0.2885275537006536,1751.7069444444444,240,1,0.0,0.0
1952,35,No,Travel_Rarely,Sales,24,3,Medical,1,1953,Male,5,Sales Executive,Divorced,57450,1.0,Y,17,8,3,3.0,4,3,1,2,2.0,4.0,2.0,3,3,6.932994754411063,0.3252650803543286,1615.3877777777775,233,1,0.0,0.0
1953,42,No,Travel_Rarely,Research & Development,23,4,Other,1,1954,Male,1,Research Scientist,Married,23730,6.0,Y,14,8,1,21.0,3,1,0,0,4.0,3.0,3.0,4,3,8.008321411540296,0.2942134926422404,1865.9388888888889,233,119,0.0,0.0
1954,50,No,Travel_Rarely,Sales,27,3,Medical,1,1955,Male,2,Sales Executive,Married,33100,4.0,Y,22,8,1,8.0,3,1,0,0,1.0,4.0,3.0,4,4,6.182229468599034,0.3101565410861574,1421.9127777777778,230,0,0.0,0.0
1955,59,No,Travel_Rarely,Research & Development,16,4,Medical,1,1956,Female,5,Laboratory Technician,Single,186650,3.0,Y,12,8,0,30.0,3,5,4,3,3.0,4.0,3.0,2,3,10.114922586520947,0.2827947752858839,2468.041111111111,244,244,272.0411111111111,1.1149225865209471
1956,37,Yes,Travel_Rarely,Sales,15,3,Marketing,1,1957,Male,2,Laboratory Technician,Married,44850,5.0,Y,11,8,1,15.0,2,1,0,0,1.0,2.0,1.0,4,3,6.593880820654679,0.2895091613847164,1589.1252777777777,241,0,0.0,0.0
1957,55,No,Travel_Frequently,Research & Development,26,2,Life Sciences,1,1958,Female,2,Sales Executive,Married,27890,3.0,Y,13,8,1,17.0,2,8,6,7,3.0,2.0,3.0,2,3,8.587631458619112,0.2907173697118548,2086.7944444444443,243,237,1.924999999999999,0.0079218106995884
1958,41,No,Non-Travel,Research & Development,19,1,Life Sciences,1,1959,Male,2,Research Scientist,Divorced,58280,1.0,Y,13,8,0,21.0,0,21,5,10,2.0,3.0,3.0,3,3,6.287888176638177,0.2926268184828137,1471.3658333333333,234,0,0.0,0.0
1959,38,No,Travel_Rarely,Research & Development,24,2,Other,1,1960,Female,1,Laboratory Technician,Single,23260,8.0,Y,14,8,0,19.0,3,1,0,0,2.0,4.0,3.0,4,3,8.395889577594122,0.3114347584027694,2031.8052777777775,242,220,1.2858333333333327,0.0053133608815426
1960,26,Yes,Non-Travel,Research & Development,21,1,Life Sciences,1,1961,Female,1,Manufacturing Director,Single,135250,8.0,Y,17,8,1,7.0,4,2,2,2,2.0,1.0,3.0,2,3,7.712278254649499,0.3145781325000135,1796.9608333333333,233,45,0.0,0.0
1961,52,Yes,Travel_Rarely,Research & Development,5,4,Medical,1,1962,Female,4,Human Resources,Married,14200,1.0,Y,13,8,1,33.0,2,32,6,9,1.0,4.0,3.0,4,3,6.017824074074074,0.30531271748673,1444.2777777777778,240,0,0.0,0.0
1962,44,No,Travel_Rarely,Research & Development,16,3,Life Sciences,1,1963,Female,1,Healthcare Representative,Married,80200,3.0,Y,11,8,1,23.0,2,12,11,11,4.0,4.0,3.0,3,3,10.903643162393164,0.2909302155745926,2551.4525,234,234,445.4525,1.9036431623931624
1963,50,No,Non-Travel,Human Resources,2,2,Life Sciences,1,1964,Male,1,Laboratory Technician,Married,36880,0.0,Y,11,8,0,19.0,3,18,0,13,4.0,3.0,3.0,2,3,6.506327025715672,0.3022684207252719,1489.9488888888889,229,0,0.0,0.0
1964,36,Yes,Travel_Rarely,Sales,2,4,Technical Degree,1,1965,Male,4,Sales Executive,Single,54820,1.0,Y,18,8,0,18.0,3,17,15,14,3.0,1.0,3.0,3,3,7.778434449093445,0.3034527610919569,1859.0458333333331,239,51,0.0,0.0
1965,39,No,Travel_Frequently,Sales,11,3,Marketing,1,1966,Male,1,Sales Executive,Single,160150,1.0,Y,11,8,0,21.0,3,21,2,8,4.0,1.0,3.0,4,3,10.819688697318009,0.2774090750624627,2510.1677777777777,232,232,422.16777777777776,1.8196886973180075
1966,33,No,Non-Travel,Sales,9,2,Technical Degree,1,1967,Male,5,Sales Representative,Single,12000,0.0,Y,11,8,1,3.0,3,2,2,2,2.0,4.0,2.0,3,3,7.579043209876543,0.3132109122254034,1773.496111111111,234,24,0.0,0.0
1967,45,No,Travel_Rarely,Research & Development,7,2,Other,1,1968,Male,1,Human Resources,Married,56610,3.0,Y,12,8,0,26.0,2,9,1,1,4.0,4.0,4.0,2,3,7.403393108298172,0.3118314831081186,1754.6041666666667,237,9,0.0,0.0
1968,32,No,Non-Travel,Research & Development,15,3,Medical,1,1969,Male,2,Manager,Single,69290,9.0,Y,20,8,0,10.0,6,8,7,7,4.0,3.0,3.0,1,4,7.229423076923076,0.3032730057992791,1691.685,234,2,0.0,0.0
1969,34,No,Travel_Rarely,Sales,6,4,Marketing,1,1970,Male,2,Research Director,Divorced,96130,0.0,Y,12,8,1,16.0,5,15,0,9,2.0,4.0,2.0,2,3,7.093754172627563,0.2822386932297557,1652.844722222222,233,0,0.0,0.0
1970,59,No,Travel_Rarely,Research & Development,5,3,Life Sciences,1,1971,Male,2,Research Scientist,Married,56740,3.0,Y,12,8,0,14.0,6,6,0,4,2.0,4.0,1.0,3,3,8.101909007773205,0.2897121506659522,1968.763888888889,243,152,0.0,0.0
1971,45,No,Travel_Rarely,Research & Development,16,1,Medical,1,1972,Male,2,Sales Executive,Single,54840,1.0,Y,20,8,3,6.0,6,6,0,4,2.0,2.0,3.0,3,4,6.705666438042981,0.2828392067469176,1629.4769444444444,243,0,0.0,0.0
1972,53,No,Travel_Frequently,Sales,8,2,Medical,1,1973,Male,2,Research Scientist,Married,120610,2.0,Y,20,8,1,30.0,2,15,6,12,3.0,2.0,3.0,4,4,7.802464975845411,0.2763504592104462,1794.5669444444443,230,53,0.0,0.0
1973,36,Yes,Travel_Rarely,Research & Development,7,2,Life Sciences,1,1974,Female,1,Research Scientist,Divorced,56600,7.0,Y,12,8,0,9.0,3,1,0,0,1.0,3.0,2.0,3,3,6.082717127607957,0.2915229706610309,1392.9422222222222,229,0,0.0,0.0
1974,26,Yes,Travel_Frequently,Sales,2,3,Life Sciences,1,1975,Male,2,Research Scientist,Married,48210,6.0,Y,14,8,2,6.0,2,3,1,2,1.0,1.0,3.0,3,3,8.196520890725436,0.2833279015466861,1983.5580555555557,242,180,0.0,0.0
1975,34,No,Travel_Rarely,Research & Development,2,2,Life Sciences,1,1976,Male,1,Sales Representative,Married,64100,1.0,Y,13,8,1,1.0,5,1,0,0,3.0,3.0,3.0,2,3,9.19380871725384,0.3022437105269138,2261.6769444444444,246,246,59.00138888888888,0.2398430442637759
1976,28,No,Travel_Rarely,Research & Development,10,3,Other,1,1977,Male,2,Sales Representative,Married,52100,1.0,Y,15,8,0,1.0,1,1,0,0,4.0,2.0,3.0,4,3,7.835804637281909,0.3036228538595437,1896.2647222222224,242,78,0.0,0.0
1977,38,No,Travel_Frequently,Sales,9,4,Medical,1,1978,Male,2,Research Scientist,Married,26950,3.0,Y,14,8,1,8.0,4,2,2,2,3.0,3.0,3.0,1,3,7.57216550925926,0.2833888373018362,1817.3197222222225,240,17,0.0,0.0
1978,50,No,Travel_Rarely,Research & Development,5,4,Life Sciences,1,1979,Male,1,Sales Executive,Married,118780,2.0,Y,13,8,1,29.0,2,8,7,7,2.0,3.0,2.0,3,3,9.595780261969288,0.2915460759346565,2360.5619444444446,246,246,146.865,0.5970121951219513
1979,37,No,Travel_Rarely,Research & Development,1,3,Life Sciences,1,1980,Male,1,Laboratory Technician,Single,170680,3.0,Y,23,8,0,8.0,6,4,0,1,4.0,2.0,2.0,3,4,7.308251207729469,0.3104735606175989,1680.8977777777775,230,5,0.0,0.0
1980,40,No,Travel_Rarely,Human Resources,2,3,Medical,1,1981,Male,5,Sales Executive,Married,24550,1.0,Y,15,8,1,8.0,2,7,7,5,3.0,1.0,2.0,3,3,6.07739429695182,0.3244075962471575,1373.4911111111112,226,0,0.0,0.0
1981,26,No,Travel_Frequently,Research & Development,3,3,Medical,1,1982,Male,2,Laboratory Technician,Divorced,139640,1.0,Y,11,8,2,5.0,1,5,1,3,1.0,3.0,3.0,2,3,7.70509728082513,0.3091021456319884,1826.108055555556,237,35,0.0,0.0
1982,46,No,Travel_Rarely,Research & Development,2,1,Medical,1,1983,Female,3,Research Scientist,Divorced,49410,9.0,Y,13,8,2,23.0,2,2,2,2,4.0,4.0,3.0,2,3,7.416584490740741,0.3047919201204134,1779.9802777777777,240,5,0.0,0.0
1983,54,No,Travel_Rarely,Research & Development,5,3,Medical,1,1984,Female,2,Manufacturing Director,Married,24780,6.0,Y,11,8,0,13.0,0,9,7,0,3.0,3.0,3.0,3,3,7.663896166909267,0.2921868897692634,1755.032222222222,229,27,0.0,0.0
1984,56,No,Travel_Frequently,Research & Development,1,2,Life Sciences,1,1985,Female,2,Manufacturing Director,Married,52280,2.0,Y,11,8,0,18.0,4,5,0,3,1.0,3.0,3.0,3,3,6.907202297233942,0.2873058310293324,1637.0069444444443,237,0,0.0,0.0
1985,36,No,Travel_Rarely,Research & Development,4,2,Life Sciences,1,1986,Female,2,Human Resources,Single,44780,0.0,Y,18,8,1,15.0,3,14,7,8,4.0,4.0,2.0,3,3,6.615435145445875,0.3112279940124693,1541.3963888888889,233,0,0.0,0.0
1986,55,No,Non-Travel,Research & Development,2,3,Medical,1,1987,Female,2,Manager,Single,75470,7.0,Y,16,8,0,31.0,2,9,6,2,3.0,1.0,4.0,2,3,6.079126492194674,0.3128029661643858,1471.148611111111,242,0,0.0,0.0
1987,43,No,Travel_Rarely,Sales,25,2,Life Sciences,1,1988,Male,3,Research Scientist,Divorced,50550,5.0,Y,22,8,0,18.0,2,1,0,0,3.0,4.0,3.0,2,4,7.917314030131827,0.3175125218685415,1868.486111111111,236,97,0.0,0.0
1988,20,Yes,Travel_Frequently,Sales,8,3,Marketing,1,1989,Male,3,Sales Executive,Single,34640,1.0,Y,20,8,0,2.0,3,2,0,2,4.0,4.0,3.0,2,4,9.131183523266856,0.2887897531163874,2136.6969444444444,234,234,45.3913888888889,0.1939802943969611
1989,21,Yes,Travel_Rarely,Research & Development,1,4,Life Sciences,1,1990,Male,1,Manager,Single,57750,1.0,Y,18,8,0,1.0,2,1,1,0,3.0,1.0,2.0,3,3,6.645199093943729,0.2753189313329635,1548.3313888888888,233,0,0.0,0.0
1990,46,No,Travel_Rarely,Sales,12,3,Marketing,1,1991,Female,3,Healthcare Representative,Divorced,89430,8.0,Y,12,8,1,19.0,6,16,1,7,4.0,1.0,3.0,3,3,10.97084705075446,0.3262278618308464,2665.915833333333,243,243,478.91583333333335,1.9708470507544584
1991,51,Yes,Travel_Rarely,Sales,23,3,Medical,1,1992,Female,2,Research Scientist,Married,192720,9.0,Y,20,8,0,18.0,2,10,2,7,1.0,3.0,4.0,3,4,8.685112064854554,0.2920014943641192,2023.631111111111,233,230,4.894722222222221,0.0210073915116833
1992,28,Yes,Non-Travel,Research & Development,19,4,Life Sciences,1,1993,Female,4,Laboratory Technician,Single,52380,1.0,Y,17,8,1,10.0,4,10,1,9,2.0,1.0,2.0,2,3,7.391012396694215,0.3283471698772122,1788.625,242,11,0.0,0.0
1993,26,No,Travel_Rarely,Research & Development,5,4,Medical,1,1994,Female,2,Sales Executive,Married,46820,1.0,Y,11,8,1,6.0,3,5,1,3,1.0,1.0,3.0,1,3,7.490146923783287,0.3018516095853849,1812.615555555556,242,8,0.0,0.0
1994,30,No,Travel_Rarely,Research & Development,8,3,Medical,1,1995,Female,1,Sales Executive,Married,183000,0.0,Y,14,8,0,7.0,6,6,0,2,3.0,1.0,2.0,3,3,6.240185185185185,0.2864084271439432,1516.365,243,0,0.0,0.0
1995,41,No,Travel_Rarely,Sales,1,4,Life Sciences,1,1996,Female,1,Research Director,Married,52570,1.0,Y,14,8,0,10.0,2,10,0,8,2.0,3.0,3.0,4,3,7.893505668934241,0.326258698649177,1933.908888888889,245,92,0.0,0.0
1996,38,No,Travel_Rarely,Research & Development,5,3,Technical Degree,1,1997,Male,1,Sales Executive,Married,63490,2.0,Y,11,8,0,20.0,3,19,1,9,3.0,3.0,2.0,3,3,7.289444444444445,0.3061472784634746,1742.1772222222223,239,3,0.0,0.0
1997,40,No,Travel_Rarely,Sales,1,4,Marketing,1,1998,Male,1,Sales Executive,Married,48690,4.0,Y,12,8,0,14.0,2,11,11,1,1.0,4.0,3.0,3,3,7.923896041964712,0.3222797161461566,1846.2677777777776,233,97,0.0,0.0
1998,27,No,Non-Travel,Sales,11,3,Technical Degree,1,1999,Female,2,Laboratory Technician,Married,99850,1.0,Y,14,8,1,3.0,3,3,1,2,1.0,3.0,3.0,2,3,7.991452282157677,0.2853498595148516,1925.94,241,113,0.0,0.0
1999,55,No,Travel_Frequently,Research & Development,23,5,Life Sciences,1,2000,Male,3,Laboratory Technician,Married,36970,3.0,Y,13,8,1,23.0,1,3,1,2,4.0,2.0,3.0,3,3,6.704065972222223,0.3017268972426675,1608.9758333333334,240,0,0.0,0.0
2000,28,No,Travel_Rarely,Research & Development,1,3,Life Sciences,1,2001,Male,2,Healthcare Representative,Single,74570,3.0,Y,11,8,2,10.0,1,8,1,7,3.0,3.0,4.0,4,3,6.568142791551883,0.3036256512649459,1589.4905555555556,242,0,0.0,0.0
2001,44,Yes,Travel_Rarely,Research & Development,18,4,Life Sciences,1,2002,Female,2,Sales Executive,Married,21190,9.0,Y,15,8,0,24.0,3,20,3,6,2.0,1.0,3.0,3,3,6.171379184861718,0.297436402467384,1413.2458333333334,229,0,0.0,0.0
2002,33,No,Travel_Rarely,Sales,23,4,Marketing,1,2003,Female,4,Sales Executive,Divorced,39830,4.0,Y,12,8,0,9.0,3,3,1,2,4.0,4.0,3.0,3,3,6.380267489711934,0.2978396545265975,1550.405,243,0,0.0,0.0
2003,35,Yes,Travel_Rarely,Sales,7,4,Life Sciences,1,2004,Male,3,Sales Representative,Single,61180,0.0,Y,21,8,1,9.0,3,8,4,7,4.0,1.0,3.0,2,4,9.781843220338985,0.3150399378146341,2308.515,236,236,184.88722222222225,0.7834204331450094
2004,33,Yes,Travel_Frequently,Research & Development,1,2,Life Sciences,1,2005,Female,1,Sales Executive,Single,62140,1.0,Y,19,8,2,14.0,3,13,3,8,1.0,3.0,3.0,3,3,7.778514292300599,0.318280606696993,1874.6219444444444,241,60,0.0,0.0
2005,28,No,Travel_Rarely,Human Resources,1,1,Human Resources,1,2006,Male,2,Research Scientist,Divorced,63470,1.0,Y,15,8,1,4.0,2,4,2,2,1.0,3.0,2.0,3,3,6.709533195020747,0.2978384396121115,1616.9975,241,0,0.0,0.0
2006,34,No,Travel_Frequently,Sales,29,4,Marketing,1,2007,Male,1,Research Scientist,Single,115100,0.0,Y,14,8,1,7.0,5,6,0,4,1.0,4.0,2.0,3,3,6.721144957983193,0.3067466839461187,1599.6325,238,0,0.0,0.0
2007,37,No,Travel_Rarely,Research & Development,7,4,Life Sciences,1,2008,Male,4,Sales Executive,Divorced,71430,2.0,Y,21,8,0,8.0,6,1,0,0,4.0,4.0,3.0,2,4,10.592145947176686,0.301964833540743,2584.4836111111117,244,244,388.4836111111111,1.5921459471766848
2008,25,Yes,Travel_Rarely,Human Resources,25,4,Human Resources,1,2009,Female,2,Research Scientist,Married,82680,1.0,Y,12,8,0,7.0,3,7,5,6,4.0,4.0,4.0,2,3,10.865674264007598,0.2816647968347756,2542.567777777778,234,234,436.5677777777778,1.8656742640075972
2009,26,Yes,Travel_Rarely,Sales,8,2,Marketing,1,2010,Male,2,Sales Executive,Divorced,80950,1.0,Y,15,8,0,1.0,3,1,0,0,1.0,3.0,2.0,4,3,7.7896793037672865,0.319285422082447,1814.9952777777776,233,65,0.0,0.0
2010,33,Yes,Travel_Rarely,Research & Development,8,2,Life Sciences,1,2011,Male,4,Manufacturing Director,Single,29040,4.0,Y,13,8,0,5.0,2,2,2,2,1.0,2.0,3.0,3,3,10.216215419501134,0.2958353448011903,2502.972777777778,245,245,297.9727777777778,1.216215419501134
2011,42,No,Travel_Rarely,Research & Development,11,1,Life Sciences,1,2012,Male,4,Research Scientist,Married,60320,0.0,Y,14,8,0,23.0,2,22,13,7,4.0,1.0,3.0,2,3,6.808238425925926,0.2974276316237279,1633.9772222222225,240,0,0.0,0.0
2012,28,Yes,Travel_Frequently,Research & Development,7,3,Life Sciences,1,2013,Male,2,Manager,Divorced,29760,1.0,Y,14,8,0,1.0,3,1,0,0,1.0,2.0,3.0,3,3,6.281261134552274,0.2816346477316193,1488.658888888889,237,0,0.0,0.0
2013,50,Yes,Travel_Frequently,Research & Development,1,4,Medical,1,2014,Male,2,Research Scientist,Single,159920,3.0,Y,14,8,0,5.0,3,0,0,0,4.0,3.0,3.0,3,3,10.508785612535611,0.3068959009196769,2459.0558333333333,234,234,353.05583333333334,1.5087856125356125
2014,33,No,Travel_Frequently,Sales,9,3,Medical,1,2015,Female,2,Research Scientist,Married,46490,0.0,Y,12,8,0,4.0,2,3,0,2,4.0,2.0,3.0,2,3,8.008199152542373,0.2812478590130707,1889.935,236,115,0.0,0.0
2015,34,No,Non-Travel,Sales,1,1,Marketing,1,2016,Female,2,Research Director,Married,26960,3.0,Y,23,8,0,6.0,3,0,0,0,3.0,4.0,3.0,3,4,7.104967992684042,0.3051658634340646,1726.5072222222225,243,0,0.0,0.0
2016,48,No,Non-Travel,Sales,2,1,Life Sciences,1,2017,Male,2,Sales Executive,Single,23700,2.0,Y,11,8,0,27.0,3,5,2,1,1.0,4.0,3.0,3,3,6.198536324786325,0.2841689735408402,1450.4575,234,0,0.0,0.0
2017,45,No,Non-Travel,Research & Development,1,3,Medical,1,2018,Female,2,Human Resources,Married,125040,1.0,Y,12,8,1,15.0,2,15,4,12,2.0,3.0,3.0,3,3,6.020285913528592,0.2976790269132895,1438.8483333333334,239,0,0.0,0.0
2018,52,No,Travel_Rarely,Sales,1,3,Life Sciences,1,2019,Male,1,Sales Executive,Single,59740,7.0,Y,18,8,1,18.0,6,8,4,0,2.0,2.0,3.0,3,3,8.013191411935953,0.295596520692263,1835.0208333333333,229,115,0.0,0.0
2019,38,No,Travel_Rarely,Research & Development,6,2,Medical,1,2020,Male,1,Research Scientist,Divorced,47360,0.0,Y,11,8,1,9.0,3,8,2,7,3.0,3.0,3.0,2,3,10.692461645746166,0.2781489119896002,2555.498333333333,239,239,404.4983333333333,1.6924616457461643
2020,29,No,Travel_Rarely,Research & Development,8,3,Medical,1,2021,Female,4,Research Scientist,Divorced,52960,4.0,Y,14,8,0,11.0,3,7,1,7,3.0,4.0,3.0,4,3,6.31456611570248,0.2970867190950707,1528.125,242,0,0.0,0.0
2021,28,No,Travel_Rarely,Human Resources,1,3,Human Resources,1,2022,Female,4,Laboratory Technician,Divorced,67810,0.0,Y,15,8,1,10.0,2,9,1,7,4.0,2.0,2.0,3,3,6.909151101532567,0.2986056306037291,1602.9230555555555,232,0,0.0,0.0
2022,46,No,Travel_Rarely,Research & Development,6,4,Medical,1,2023,Male,3,Sales Executive,Married,21740,3.0,Y,11,8,1,23.0,3,12,4,9,1.0,3.0,3.0,3,3,6.393413225172075,0.3037272655185556,1444.911388888889,226,0,0.0,0.0
2023,38,No,Travel_Rarely,Research & Development,7,4,Medical,1,2024,Male,1,Sales Executive,Single,66530,7.0,Y,20,8,1,10.0,2,1,0,0,4.0,2.0,3.0,3,4,7.378476430976431,0.3166486443389231,1704.4280555555556,231,5,0.0,0.0
2024,43,No,Travel_Frequently,Research & Development,5,3,Medical,1,2025,Female,2,Laboratory Technician,Married,96990,8.0,Y,19,8,1,18.0,3,8,0,1,3.0,1.0,3.0,3,3,7.070169880624427,0.2871119832175263,1710.9811111111112,242,0,0.0,0.0
2025,39,Yes,Travel_Frequently,Sales,1,3,Marketing,1,2026,Male,2,Healthcare Representative,Divorced,67550,7.0,Y,14,8,1,21.0,2,18,11,5,1.0,4.0,3.0,3,3,7.210405143134401,0.2958719458689002,1651.1827777777778,229,1,0.0,0.0
2026,40,No,Travel_Rarely,Research & Development,1,1,Life Sciences,1,2027,Male,1,Healthcare Representative,Single,22130,1.0,Y,17,8,0,21.0,4,20,4,9,3.0,3.0,4.0,3,3,6.00847508001829,0.3053834793477913,1460.0594444444444,243,0,0.0,0.0
2027,21,No,Travel_Rarely,Research & Development,1,4,Life Sciences,1,2028,Female,1,Research Scientist,Single,26100,1.0,Y,11,8,1,2.0,3,2,2,2,4.0,2.0,4.0,2,3,10.507815055315056,0.3071262062878664,2427.305277777778,231,231,348.30527777777775,1.507815055315055
2028,39,No,Non-Travel,Research & Development,6,3,Life Sciences,1,2029,Male,1,Laboratory Technician,Single,28510,9.0,Y,15,8,0,9.0,2,5,0,3,3.0,2.0,2.0,3,3,6.212142203932327,0.3019384358144877,1509.5505555555555,243,0,0.0,0.0
2029,36,No,Non-Travel,Research & Development,1,3,Medical,1,2030,Male,3,Sales Representative,Single,34520,2.0,Y,13,8,3,18.0,4,11,0,9,1.0,4.0,3.0,4,3,7.214043468154347,0.2966484667962308,1724.1563888888888,239,0,0.0,0.0
2030,31,No,Travel_Frequently,Research & Development,7,3,Life Sciences,1,2031,Male,1,Sales Executive,Married,52580,0.0,Y,14,8,3,3.0,5,2,2,2,3.0,4.0,3.0,3,3,6.611494928538497,0.3069125480325156,1593.3702777777778,241,0,0.0,0.0
2031,28,No,Travel_Rarely,Sales,2,4,Marketing,1,2032,Male,1,Sales Executive,Married,93550,0.0,Y,11,8,0,6.0,4,5,0,4,1.0,2.0,1.0,3,3,7.5153891233005155,0.2925684678280986,1781.147222222222,237,12,0.0,0.0
2032,35,No,Travel_Frequently,Research & Development,9,2,Other,1,2033,Female,1,Manufacturing Director,Divorced,104960,1.0,Y,13,8,1,5.0,2,5,0,2,4.0,4.0,3.0,3,3,6.602540381791483,0.2952214418079855,1498.7766666666666,227,0,0.0,0.0
2033,49,No,Travel_Rarely,Sales,2,2,Medical,1,2034,Female,1,Sales Executive,Married,63800,6.0,Y,23,8,1,22.0,1,9,2,3,4.0,2.0,3.0,2,4,7.179248024174803,0.2980442546487306,1715.8402777777778,239,2,0.0,0.0
2034,34,No,Travel_Frequently,Sales,9,1,Technical Degree,1,2035,Male,2,Sales Executive,Single,26570,2.0,Y,13,8,1,5.0,3,3,0,2,4.0,3.0,2.0,2,3,8.006655188246096,0.293838673070064,1937.6105555555555,242,121,0.0,0.0
2035,29,No,Travel_Frequently,Research & Development,1,4,Medical,1,2036,Male,3,Research Scientist,Divorced,27160,0.0,Y,18,8,0,8.0,2,7,1,1,4.0,2.0,2.0,1,3,7.090194444444445,0.2740536633643673,1701.6466666666668,240,0,0.0,0.0
2036,42,No,Travel_Rarely,Sales,21,2,Life Sciences,1,2037,Female,1,Healthcare Representative,Single,22010,4.0,Y,12,8,1,16.0,3,1,0,0,2.0,4.0,3.0,4,3,7.204965127465128,0.2889602646400197,1664.3469444444445,231,2,0.0,0.0
2037,29,No,Travel_Rarely,Sales,4,2,Other,1,2038,Female,2,Healthcare Representative,Married,65400,1.0,Y,22,8,0,10.0,2,10,1,2,2.0,4.0,2.0,1,4,10.868111343561134,0.278521316005982,2597.478611111111,239,239,446.4786111111111,1.8681113435611345
2038,38,No,Travel_Rarely,Research & Development,1,3,Medical,1,2039,Female,1,Human Resources,Married,38160,1.0,Y,13,8,2,7.0,2,7,5,0,3.0,3.0,4.0,2,3,6.522217412217413,0.2908674591652354,1506.6322222222225,231,0,0.0,0.0
2039,28,No,Travel_Frequently,Sales,6,4,Life Sciences,1,2040,Male,1,Manager,Divorced,52530,1.0,Y,15,8,0,3.0,2,3,0,2,3.0,3.0,3.0,3,3,10.723506375227688,0.2847347105514396,2616.535555555556,244,244,420.5355555555556,1.723506375227687
2040,18,Yes,Non-Travel,Research & Development,2,4,Medical,1,2041,Male,3,Laboratory Technician,Single,109650,1.0,Y,18,8,0,0.0,5,0,0,0,3.0,3.0,3.0,4,3,6.990631091617933,0.2820570835500653,1593.8638888888888,228,0,0.0,0.0
2041,33,Yes,Travel_Rarely,Research & Development,3,2,Life Sciences,1,2042,Male,1,Sales Executive,Single,49360,0.0,Y,14,8,0,6.0,2,5,0,3,1.0,1.0,3.0,2,3,8.961151761517614,0.3312759032745346,2204.443333333333,246,246,28.91111111111112,0.1175248419150858
2042,41,No,Travel_Rarely,Research & Development,4,2,Medical,1,2043,Male,2,Research Scientist,Married,25430,3.0,Y,12,8,0,6.0,3,1,0,0,2.0,4.0,3.0,3,3,8.104184472934472,0.3133269031290925,1896.3791666666664,234,149,0.0,0.0
2043,31,Yes,Travel_Frequently,Sales,10,3,Technical Degree,1,2044,Female,1,Research Director,Married,53040,1.0,Y,17,8,0,2.0,3,2,2,2,3.0,3.0,2.0,4,3,7.059042185338866,0.3094879042234381,1701.2291666666667,241,0,0.0,0.0
2044,37,No,Travel_Rarely,Research & Development,23,3,Life Sciences,1,2045,Male,3,Manufacturing Director,Divorced,166590,7.0,Y,16,8,1,9.0,2,6,1,3,3.0,4.0,3.0,3,3,7.960137759710931,0.3163462881339123,1958.193888888889,246,117,0.0,0.0
2045,27,No,Travel_Rarely,Research & Development,6,2,Medical,1,2046,Female,1,Healthcare Representative,Married,42600,1.0,Y,11,8,2,4.0,2,4,2,2,4.0,3.0,3.0,3,3,7.396815776815776,0.3049832472087203,1708.6644444444444,231,6,0.0,0.0
2046,34,No,Travel_Rarely,Sales,1,1,Marketing,1,2047,Female,2,Laboratory Technician,Married,24760,1.0,Y,19,8,0,6.0,2,6,1,3,2.0,3.0,2.0,3,3,7.093543131739334,0.311808002291972,1681.1697222222222,237,0,0.0,0.0
2047,35,No,Travel_Rarely,Research & Development,6,3,Life Sciences,1,2048,Female,3,Laboratory Technician,Single,31020,1.0,Y,13,8,1,6.0,3,5,1,4,3.0,3.0,1.0,2,3,6.788368770004573,0.3134740838594986,1649.5736111111112,243,0,0.0,0.0
2048,29,Yes,Travel_Rarely,Research & Development,6,3,Life Sciences,1,2049,Male,1,Sales Executive,Married,22440,1.0,Y,12,8,3,11.0,5,11,3,10,4.0,1.0,1.0,1,3,6.798305898491083,0.30022302763797,1651.9883333333332,243,0,0.0,0.0
2049,40,No,Travel_Frequently,Research & Development,2,4,Medical,1,2050,Male,4,Human Resources,Single,75960,9.0,Y,11,8,0,20.0,0,18,2,13,2.0,3.0,2.0,1,3,6.733001867413631,0.2930632699902292,1602.4544444444443,238,0,0.0,0.0
2050,42,Yes,Travel_Frequently,Sales,2,4,Life Sciences,1,2051,Male,1,Laboratory Technician,Single,22850,0.0,Y,16,8,0,22.0,3,21,13,14,3.0,1.0,2.0,1,3,8.040693296602388,0.3215738429480489,1945.8477777777775,242,131,0.1341666666666672,0.0005544077134986
2051,42,No,Travel_Rarely,Research & Development,1,2,Life Sciences,1,2052,Male,4,Laboratory Technician,Single,30340,7.0,Y,21,8,1,9.0,3,6,1,5,2.0,1.0,4.0,2,4,7.692869167869167,0.2875073297133707,1777.0527777777777,231,35,0.0,0.0
2052,35,No,Travel_Rarely,Research & Development,5,3,Medical,1,2053,Male,1,Healthcare Representative,Married,57150,6.0,Y,24,8,2,10.0,0,8,1,7,4.0,3.0,3.0,3,4,7.069662261380323,0.3049518038626375,1604.8133333333333,227,0,0.0,0.0
2053,24,No,Travel_Rarely,Sales,7,4,Life Sciences,1,2054,Female,1,Laboratory Technician,Single,25760,8.0,Y,17,8,3,6.0,3,4,1,2,4.0,2.0,3.0,3,3,7.866042884990254,0.296411409472318,1793.457777777778,228,84,0.0,0.0
2054,28,Yes,Travel_Rarely,Research & Development,15,4,Life Sciences,1,2055,Male,2,Sales Executive,Married,41970,1.0,Y,13,8,0,1.0,3,1,0,0,3.0,4.0,2.0,1,3,10.264871332371332,0.297591645580314,2371.1852777777776,231,231,292.1852777777778,1.2648713323713323
2055,26,No,Travel_Rarely,Research & Development,1,4,Life Sciences,1,2056,Male,2,Sales Representative,Married,143360,1.0,Y,21,8,1,8.0,3,8,0,7,1.0,4.0,3.0,3,4,7.49410320881226,0.3033641964520208,1738.6319444444443,232,11,0.0,0.0
2056,30,No,Travel_Rarely,Research & Development,7,2,Life Sciences,1,2057,Female,1,Manufacturing Director,Married,34480,1.0,Y,11,8,0,10.0,3,10,1,4,3.0,3.0,3.0,3,3,7.706898540489642,0.3115717158532551,1818.8280555555557,236,42,0.0,0.0
2057,40,No,Travel_Frequently,Research & Development,26,4,Life Sciences,1,2058,Male,2,Research Scientist,Married,194060,3.0,Y,20,8,3,16.0,2,1,0,0,3.0,4.0,1.0,3,4,10.537147754137116,0.2874750380905084,2476.2297222222223,235,235,361.2297222222222,1.537147754137116
2058,35,No,Travel_Rarely,Research & Development,18,5,Medical,1,2059,Female,2,Research Scientist,Divorced,65380,2.0,Y,16,8,1,15.0,3,7,6,4,3.0,2.0,4.0,3,3,6.889265710382514,0.2924270185677667,1680.9808333333333,244,0,0.0,0.0
2059,34,No,Travel_Frequently,Research & Development,6,2,Life Sciences,1,2060,Male,1,Research Director,Single,43060,0.0,Y,11,8,0,14.0,2,13,4,9,4.0,1.0,3.0,3,3,7.5504219409282705,0.2959949897636533,1789.45,237,13,0.0,0.0
2060,35,No,Travel_Frequently,Research & Development,3,3,Medical,1,2061,Female,2,Laboratory Technician,Married,22580,1.0,Y,11,8,1,2.0,2,2,2,2,4.0,4.0,4.0,3,3,7.985769774011299,0.273859944118645,1884.6416666666669,236,114,0.0,0.0
2061,43,Yes,Travel_Rarely,Sales,5,3,Marketing,1,2062,Female,3,Research Scientist,Single,45220,8.0,Y,15,8,1,7.0,3,4,1,3,1.0,3.0,2.0,3,3,7.502324074074074,0.2797930866885626,1800.5577777777778,240,6,0.0,0.0
2062,32,No,Non-Travel,Research & Development,11,2,Other,1,2063,Female,2,Research Scientist,Divorced,44870,1.0,Y,11,8,0,1.0,5,1,0,0,3.0,1.0,3.0,2,3,6.622759181775919,0.2873337323343439,1582.8394444444446,239,0,0.0,0.0
2063,56,No,Travel_Rarely,Research & Development,3,2,Other,1,2064,Male,2,Healthcare Representative,Divorced,44490,4.0,Y,15,8,0,28.0,3,5,4,2,4.0,1.0,3.0,1,3,6.281313969571231,0.3078278480114208,1513.7966666666666,241,0,0.0,0.0
2064,29,No,Travel_Rarely,Research & Development,26,1,Life Sciences,1,2065,Male,1,Laboratory Technician,Married,22180,1.0,Y,24,8,1,10.0,1,10,0,8,2.0,4.0,3.0,3,4,7.507831425846447,0.3185231406186772,1749.324722222222,233,18,0.0,0.0
2065,19,No,Travel_Rarely,Research & Development,23,4,Life Sciences,1,2066,Male,2,Laboratory Technician,Single,191970,1.0,Y,12,8,0,1.0,2,1,0,0,3.0,1.0,3.0,3,3,7.278348570089077,0.3021105575145839,1724.9686111111112,237,1,0.0,0.0
2066,45,No,Travel_Rarely,Research & Development,22,3,Life Sciences,1,2067,Female,2,Sales Representative,Married,132120,4.0,Y,13,8,0,7.0,4,3,0,2,1.0,3.0,2.0,3,3,8.794382716049382,0.298121972122421,2057.885555555556,234,234,9.441666666666665,0.0403490028490028
2067,37,No,Travel_Rarely,Research & Development,14,4,Life Sciences,1,2068,Male,3,Research Scientist,Married,65770,1.0,Y,13,8,0,14.0,1,14,3,11,4.0,4.0,2.0,1,3,6.77259789525208,0.2871097845200028,1537.3797222222222,227,0,0.0,0.0
2068,20,No,Travel_Rarely,Research & Development,6,3,Medical,1,2069,Male,5,Research Director,Single,83920,1.0,Y,17,8,0,2.0,5,2,1,2,1.0,3.0,2.0,3,3,6.708462962962964,0.2975619469800864,1610.0311111111112,240,0,0.0,0.0
2069,44,Yes,Travel_Rarely,Human Resources,6,2,Human Resources,1,2070,Male,3,Sales Executive,Single,45580,1.0,Y,13,8,1,6.0,2,6,0,2,3.0,3.0,3.0,1,3,10.428269318701416,0.3003219951611129,2534.0694444444443,243,243,347.06944444444446,1.4282693187014175
2070,53,No,Travel_Rarely,Research & Development,6,4,Life Sciences,1,2071,Male,1,Research Director,Divorced,40310,3.0,Y,12,8,1,26.0,3,7,4,7,4.0,3.0,3.0,2,3,5.99468024691358,0.2872326612833948,1348.8030555555556,225,0,0.0,0.0
2071,29,No,Travel_Rarely,Research & Development,23,3,Medical,1,2072,Male,1,Sales Executive,Married,79690,0.0,Y,14,8,0,6.0,3,5,1,3,2.0,4.0,2.0,3,3,8.899403910348116,0.2941331200857642,2073.561111111111,233,233,16.50444444444445,0.0708345255126371
2072,22,Yes,Travel_Frequently,Research & Development,22,4,Medical,1,2073,Male,1,Sales Representative,Married,26540,0.0,Y,24,8,0,1.0,5,0,0,0,3.0,4.0,3.0,2,4,9.89105984740105,0.287161164709773,2304.6169444444445,233,233,207.61694444444444,0.8910598474010492
2073,46,No,Travel_Rarely,Research & Development,2,3,Life Sciences,1,2074,Male,2,Research Scientist,Married,165550,8.0,Y,14,8,2,28.0,4,26,15,9,3.0,1.0,3.0,3,3,6.031081999029597,0.294209447240469,1381.1177777777775,229,0,0.0,0.0
2074,44,No,Non-Travel,Research & Development,20,3,Life Sciences,1,2075,Male,1,Sales Representative,Single,45560,2.0,Y,13,8,0,6.0,4,0,0,0,4.0,3.0,3.0,3,3,6.196875603864734,0.2886340883065524,1425.2813888888888,230,0,0.0,0.0
2075,33,No,Travel_Rarely,Research & Development,28,4,Life Sciences,1,2076,Female,1,Manager,Married,60910,1.0,Y,15,8,0,5.0,6,5,1,4,2.0,3.0,3.0,1,3,7.840530612244899,0.297574461891506,1920.93,245,71,0.0,0.0
2076,41,Yes,Non-Travel,Research & Development,12,3,Life Sciences,1,2077,Male,2,Sales Representative,Divorced,195660,6.0,Y,16,8,0,5.0,2,1,0,0,1.0,1.0,1.0,4,3,7.201252314814814,0.3036237227959417,1728.3005555555555,240,0,0.0,0.0
2077,30,No,Travel_Rarely,Sales,20,3,Marketing,1,2078,Male,3,Sales Executive,Divorced,48100,8.0,Y,18,8,0,8.0,3,4,0,3,3.0,1.0,3.0,2,3,7.48769516283525,0.2814456532560923,1737.145277777778,232,7,0.0,0.0
2078,40,No,Travel_Frequently,Sales,9,3,Medical,1,2079,Male,1,Manufacturing Director,Married,45230,5.0,Y,16,8,1,5.0,5,0,0,0,2.0,2.0,3.0,4,3,6.765425774134791,0.2915018982510641,1650.763888888889,244,0,0.0,0.0
2079,50,No,Travel_Frequently,Research & Development,25,4,Life Sciences,1,2080,Female,2,Healthcare Representative,Married,32020,2.0,Y,24,8,1,32.0,2,2,2,2,4.0,1.0,3.0,3,4,7.20008226037196,0.2982749915788463,1677.6191666666666,233,1,0.0,0.0
2080,28,No,Travel_Rarely,Research & Development,6,3,Technical Degree,1,2081,Male,2,Research Scientist,Married,23510,1.0,Y,16,8,0,6.0,4,6,3,3,4.0,1.0,3.0,3,3,7.164030683403069,0.2976215367206019,1712.2033333333334,239,0,0.0,0.0
2081,46,No,Travel_Rarely,Research & Development,8,4,Other,1,2082,Male,3,Manager,Married,17020,5.0,Y,21,8,0,25.0,2,4,0,3,4.0,2.0,3.0,3,4,7.305633101851852,0.294041891638552,1753.3519444444444,240,1,0.0,0.0
2082,35,No,Travel_Rarely,Sales,4,4,Marketing,1,2083,Male,1,Laboratory Technician,Married,180410,3.0,Y,20,8,1,15.0,3,7,1,7,3.0,1.0,3.0,2,4,8.515865209471766,0.3051708674922997,2077.871111111111,244,230,1.540277777777778,0.0063126138433515
2083,24,Yes,Travel_Rarely,Human Resources,28,4,Human Resources,1,2084,Male,3,Manufacturing Director,Married,28860,1.0,Y,19,8,1,1.0,5,1,0,0,4.0,2.0,1.0,3,3,6.630590886939571,0.3060649834433649,1511.7747222222222,228,0,0.0,0.0
2084,33,No,Travel_Frequently,Research & Development,9,2,Medical,1,2085,Female,1,Sales Executive,Married,20970,1.0,Y,14,8,2,10.0,5,10,0,1,2.0,3.0,2.0,2,3,5.950504160548213,0.2934327472746556,1350.7644444444445,227,0,0.0,0.0
2085,36,No,Travel_Rarely,Research & Development,9,2,Medical,1,2086,Male,2,Sales Executive,Divorced,119350,1.0,Y,11,8,3,7.0,6,7,1,7,3.0,3.0,3.0,4,3,6.629711352657005,0.2783946586971452,1524.8336111111112,230,0,0.0,0.0
2086,30,No,Travel_Rarely,Sales,29,3,Marketing,1,2087,Male,1,Sales Executive,Divorced,25460,1.0,Y,14,8,1,10.0,2,10,8,9,3.0,3.0,2.0,3,3,5.99736409155937,0.2997275086970049,1397.3858333333333,233,0,0.0,0.0
2087,44,No,Travel_Rarely,Research & Development,3,4,Medical,1,2088,Male,2,Research Scientist,Single,25640,1.0,Y,12,8,3,20.0,3,20,13,17,4.0,4.0,3.0,1,3,7.625331284153006,0.2926408383125735,1860.5808333333332,244,28,0.0,0.0
2088,20,No,Travel_Rarely,Research & Development,18,4,Medical,1,2089,Male,1,Human Resources,Single,84120,1.0,Y,13,8,0,2.0,2,2,2,2,3.0,4.0,3.0,2,3,6.315777550091075,0.292179592943781,1541.0497222222225,244,0,0.0,0.0
2089,46,No,Travel_Rarely,Sales,9,1,Medical,1,2090,Female,1,Sales Executive,Divorced,141180,2.0,Y,22,8,0,12.0,3,6,1,4,4.0,4.0,2.0,3,4,6.200008101851852,0.2884223553373021,1488.0019444444445,240,0,0.0,0.0
2090,42,No,Non-Travel,Research & Development,5,4,Medical,1,2091,Male,5,Sales Executive,Married,170460,7.0,Y,11,8,0,10.0,3,4,0,3,4.0,1.0,4.0,2,3,7.506798185941043,0.2922578518707407,1839.165555555556,245,10,0.0,0.0
2091,60,No,Travel_Rarely,Sales,2,2,Life Sciences,1,2092,Male,2,Sales Executive,Divorced,25640,0.0,Y,14,8,1,12.0,3,11,1,9,2.0,4.0,3.0,3,3,8.590920138888889,0.2995671140966853,2061.820833333333,240,233,2.2622222222222224,0.0094259259259259
2092,32,No,Travel_Frequently,Sales,10,3,Life Sciences,1,2093,Female,1,Sales Executive,Married,102660,1.0,Y,11,8,0,2.0,3,2,2,2,3.0,2.0,3.0,3,3,7.303264760576476,0.3031470031095946,1745.4802777777777,239,2,0.0,0.0
2093,32,No,Travel_Frequently,Research & Development,9,3,Life Sciences,1,2094,Female,2,Research Scientist,Single,50700,4.0,Y,12,8,1,10.0,6,8,0,7,4.0,3.0,3.0,3,3,8.455582287308228,0.3121887363557384,2020.8841666666667,239,221,0.8222222222222229,0.003440260344026
2094,36,No,Travel_Rarely,Sales,3,2,Marketing,1,2095,Male,4,Healthcare Representative,Divorced,178610,2.0,Y,18,8,0,17.0,2,7,7,7,3.0,1.0,3.0,2,3,8.00474648229015,0.2726063064080227,1833.0869444444445,229,122,0.0,0.0
2095,33,No,Travel_Rarely,Sales,26,2,Marketing,1,2096,Male,1,Research Scientist,Married,42300,0.0,Y,12,8,0,15.0,0,14,4,10,1.0,4.0,3.0,3,3,6.08662962962963,0.3058909742053215,1460.7911111111111,240,0,0.0,0.0
2096,40,No,Travel_Rarely,Research & Development,1,3,Medical,1,2097,Female,2,Research Scientist,Divorced,37800,7.0,Y,12,8,0,7.0,2,5,1,3,2.0,2.0,4.0,1,3,7.340324473180077,0.3176272846685945,1702.9552777777778,232,8,0.0,0.0
2097,25,No,Travel_Rarely,Research & Development,6,2,Medical,1,2098,Female,1,Laboratory Technician,Single,27680,0.0,Y,22,8,1,5.0,0,4,1,1,3.0,4.0,3.0,3,4,8.001937260536398,0.3007685716421839,1856.4494444444445,232,118,0.0,0.0
2098,30,No,Travel_Rarely,Sales,9,3,Marketing,1,2099,Female,1,Research Scientist,Married,90710,0.0,Y,19,8,1,12.0,2,11,5,7,4.0,2.0,3.0,2,3,9.193778475127846,0.3111633511846769,2197.313055555556,239,239,59.38138888888888,0.2484576940957693
2099,42,No,Travel_Frequently,Human Resources,8,2,Medical,1,2100,Male,1,Sales Executive,Married,106480,3.0,Y,13,8,1,20.0,1,1,0,0,1.0,1.0,3.0,3,3,9.488813457854404,0.3016738383452298,2201.404722222222,232,232,114.63194444444444,0.4941032088122605
2100,35,No,Non-Travel,Research & Development,1,1,Life Sciences,1,2101,Male,2,Sales Executive,Married,136100,4.0,Y,22,8,2,16.0,4,13,4,12,3.0,4.0,2.0,2,4,9.791557621671258,0.2847637066263243,2369.5569444444445,242,242,191.6875,0.7920971074380165
2101,27,No,Travel_Rarely,Research & Development,7,3,Life Sciences,1,2102,Male,3,Manufacturing Director,Married,34080,1.0,Y,24,8,0,9.0,2,9,6,8,1.0,1.0,2.0,3,4,9.207650759734094,0.2969222020916484,2154.590277777778,234,234,58.87638888888888,0.2516084995251661
2102,54,No,Travel_Frequently,Research & Development,9,2,Medical,1,2103,Male,2,Sales Representative,Divorced,29830,7.0,Y,14,8,1,33.0,2,5,1,4,4.0,3.0,1.0,2,3,6.369145390070922,0.3026663786009455,1496.7491666666667,235,0,0.0,0.0
2103,44,No,Travel_Rarely,Human Resources,4,4,Life Sciences,1,2104,Male,5,Laboratory Technician,Married,76320,1.0,Y,21,8,0,10.0,3,10,7,7,1.0,4.0,3.0,3,4,5.98418388429752,0.3108675990730249,1448.1725,242,0,0.0,0.0
2104,19,Yes,Non-Travel,Sales,2,2,Other,1,2105,Male,3,Healthcare Representative,Single,98240,1.0,Y,18,8,0,1.0,2,1,0,0,1.0,2.0,4.0,3,3,8.402396125116713,0.2780130483491379,1999.770277777778,238,221,0.1436111111111113,0.0006034080298786
2105,29,No,Travel_Rarely,Research & Development,19,4,Life Sciences,1,2106,Male,1,Manufacturing Director,Divorced,99500,1.0,Y,20,8,0,3.0,3,3,1,2,1.0,4.0,3.0,3,4,7.395566059757236,0.2678967436169263,1760.1447222222223,238,3,0.0,0.0
2106,54,No,Travel_Rarely,Research & Development,9,4,Life Sciences,1,2107,Male,2,Sales Executive,Married,20930,3.0,Y,19,8,0,36.0,2,10,0,9,4.0,4.0,3.0,3,3,7.695237068965517,0.3291892292896832,1785.295,232,39,0.0,0.0
2107,31,No,Travel_Rarely,Research & Development,21,3,Life Sciences,1,2108,Male,2,Laboratory Technician,Married,99800,1.0,Y,12,8,0,6.0,1,6,0,1,3.0,1.0,2.0,3,3,8.594112021857923,0.3200586789449283,2096.963333333333,244,236,3.9388888888888864,0.0161429872495446
2108,31,No,Travel_Rarely,Sales,24,1,Marketing,1,2109,Female,1,Sales Executive,Single,38940,1.0,Y,12,8,0,10.0,3,10,1,8,3.0,1.0,3.0,4,3,7.301323529411764,0.2930591682627995,1737.715,238,1,0.0,0.0
2109,59,No,Travel_Rarely,Research & Development,3,4,Technical Degree,1,2110,Male,1,Research Scientist,Single,40510,5.0,Y,16,8,3,13.0,3,6,0,5,3.0,4.0,3.0,3,3,7.44285927456382,0.2926853186727225,1801.1719444444443,242,8,0.0,0.0
2110,43,No,Travel_Rarely,Research & Development,11,2,Life Sciences,1,2111,Male,3,Laboratory Technician,Married,168350,3.0,Y,17,8,1,25.0,3,8,0,7,3.0,4.0,3.0,3,3,6.608296845574388,0.300277740560663,1559.5580555555557,236,0,0.0,0.0
2111,49,No,Travel_Rarely,Sales,14,4,Life Sciences,1,2112,Male,2,Research Scientist,Married,62300,2.0,Y,14,8,0,23.0,2,1,0,0,1.0,3.0,4.0,2,3,6.688532088122606,0.3058182204491421,1551.7394444444444,232,0,0.0,0.0
2112,36,No,Travel_Frequently,Sales,5,2,Marketing,1,2113,Female,1,Laboratory Technician,Married,47170,1.0,Y,19,8,1,12.0,3,11,0,7,3.0,2.0,2.0,3,3,6.095977496483826,0.3066969272644833,1444.746666666667,237,0,0.0,0.0
2113,48,No,Travel_Rarely,Research & Development,1,4,Life Sciences,1,2114,Female,2,Laboratory Technician,Single,132370,5.0,Y,13,8,1,7.0,2,1,0,0,4.0,2.0,2.0,4,3,6.110347222222222,0.3032895130500526,1393.1591666666666,228,0,0.0,0.0
2114,27,No,Travel_Rarely,Research & Development,6,4,Life Sciences,1,2115,Male,2,Laboratory Technician,Divorced,37550,1.0,Y,19,8,0,5.0,2,5,0,3,1.0,3.0,3.0,3,3,8.001521438450899,0.3097641840265895,1928.3666666666663,241,121,0.0,0.0
2115,29,No,Travel_Rarely,Sales,17,4,Medical,1,2116,Male,1,Laboratory Technician,Divorced,65820,1.0,Y,19,8,1,6.0,3,6,1,0,3.0,4.0,3.0,3,3,8.799048288795126,0.3047561941465657,2085.3744444444446,237,234,10.196388888888889,0.0430227379278012
2116,48,No,Travel_Rarely,Sales,1,1,Marketing,1,2117,Male,2,Manufacturing Director,Single,74060,6.0,Y,14,8,2,25.0,2,1,0,0,4.0,4.0,4.0,3,3,6.18902658045977,0.3011057031327007,1435.8541666666667,232,0,0.0,0.0
2117,29,No,Travel_Rarely,Research & Development,3,3,Technical Degree,1,2118,Female,2,Healthcare Representative,Divorced,48050,3.0,Y,16,8,1,9.0,2,7,1,7,4.0,4.0,2.0,3,3,6.878174931129477,0.2926544172188189,1664.5183333333334,242,0,0.0,0.0
2118,34,No,Travel_Rarely,Sales,9,4,Medical,1,2119,Female,2,Laboratory Technician,Married,27410,0.0,Y,15,8,1,2.0,3,1,0,0,3.0,3.0,2.0,3,3,6.000829861111112,0.3138702054000752,1440.1991666666668,240,0,0.0,0.0
2119,44,No,Travel_Rarely,Research & Development,4,3,Life Sciences,1,2120,Female,1,Laboratory Technician,Married,42620,7.0,Y,18,8,0,26.0,2,22,3,10,2.0,2.0,3.0,3,3,6.99462077294686,0.3039539635017984,1608.7627777777775,230,0,0.0,0.0
2120,33,No,Travel_Rarely,Research & Development,8,2,Life Sciences,1,2121,Female,2,Research Scientist,Divorced,161840,0.0,Y,13,8,1,10.0,2,9,0,8,4.0,3.0,3.0,4,3,11.025822087269455,0.3233744882783089,2723.3780555555554,247,247,500.37805555555553,2.0258220872694555
2121,19,No,Travel_Rarely,Sales,2,4,Marketing,1,2122,Male,3,Laboratory Technician,Single,115570,1.0,Y,22,8,0,1.0,0,1,0,1,2.0,4.0,3.0,3,4,10.811617104656523,0.2925041510994839,2605.599722222222,241,241,436.5997222222222,1.811617104656524
2122,23,No,Travel_Rarely,Sales,2,3,Medical,1,2123,Male,3,Laboratory Technician,Married,18780,1.0,Y,13,8,1,1.0,2,1,0,1,4.0,3.0,3.0,3,3,7.476028368794326,0.3215573969407662,1756.8666666666666,235,14,0.0,0.0
2123,25,Yes,Travel_Frequently,Research & Development,1,1,Life Sciences,1,2124,Male,1,Manufacturing Director,Single,109320,1.0,Y,11,8,1,1.0,3,1,1,0,3.0,4.0,3.0,3,3,9.166382797270954,0.3120818042011483,2089.9352777777776,228,228,51.31555555555558,0.2250682261208577
2124,26,No,Travel_Rarely,Human Resources,9,3,Life Sciences,1,2125,Male,2,Research Scientist,Single,68110,1.0,Y,11,8,1,8.0,4,8,2,2,3.0,4.0,2.0,3,3,8.707262583095916,0.3120709151141583,2037.4994444444444,234,231,7.058611111111114,0.030165004748338
2125,45,Yes,Travel_Rarely,Human Resources,12,3,Human Resources,1,2126,Male,2,Laboratory Technician,Single,43060,2.0,Y,11,8,2,26.0,3,24,1,11,1.0,2.0,3.0,3,3,9.911379818594105,0.2892700125702658,2428.288055555556,245,245,223.2880555555556,0.9113798185941044
2126,55,No,Non-Travel,Research & Development,27,3,Life Sciences,1,2127,Female,2,Manager,Divorced,48590,1.0,Y,24,8,1,34.0,3,33,15,0,4.0,2.0,3.0,4,4,9.58409155937053,0.2855321894078272,2233.093333333333,233,233,136.61694444444444,0.5863388173581306
2127,21,Yes,Travel_Frequently,Research & Development,20,2,Medical,1,2128,Female,4,Research Scientist,Single,53370,1.0,Y,14,8,1,2.0,2,2,2,2,1.0,3.0,1.0,3,3,7.613900511390051,0.2830147599714623,1819.7222222222224,239,23,0.0,0.0
2128,46,No,Travel_Rarely,Research & Development,1,4,Life Sciences,1,2129,Male,1,Manufacturing Director,Married,23400,2.0,Y,13,8,1,26.0,2,11,0,8,4.0,2.0,3.0,1,3,6.879879070881225,0.2957095559683952,1596.1319444444443,232,0,0.0,0.0
2129,34,No,Travel_Rarely,Sales,13,4,Medical,1,2130,Male,3,Sales Representative,Single,74910,0.0,Y,14,8,1,4.0,3,3,0,2,3.0,1.0,3.0,2,3,8.909026019690575,0.2902702059990818,2111.4391666666666,237,237,17.768333333333345,0.074971870604782
2130,51,No,Travel_Frequently,Research & Development,14,3,Life Sciences,1,2131,Male,2,Research Director,Divorced,105270,4.0,Y,14,8,0,31.0,3,29,11,10,4.0,2.0,2.0,3,3,11.006115879828329,0.3023875620095665,2564.425,233,233,467.425,2.006115879828326
2131,59,No,Travel_Rarely,Research & Development,4,2,Life Sciences,1,2132,Male,2,Research Scientist,Single,165950,6.0,Y,21,8,1,25.0,2,9,5,4,4.0,4.0,2.0,3,4,6.608805441243713,0.3053493873443309,1605.939722222222,243,0,0.0,0.0
2132,34,No,Travel_Frequently,Sales,14,4,Medical,1,2133,Female,3,Research Scientist,Divorced,88340,4.0,Y,13,8,1,15.0,1,11,5,10,3.0,2.0,4.0,3,3,6.784572368421053,0.2909587676776143,1546.8825,228,0,0.0,0.0
2133,28,No,Travel_Frequently,Research & Development,2,3,Other,1,2134,Female,1,Manager,Single,55770,0.0,Y,19,8,0,5.0,3,4,0,2,4.0,3.0,2.0,3,3,10.420616140832191,0.3016536170480953,2532.2097222222224,243,243,345.20972222222224,1.4206161408321902
2134,44,No,Travel_Rarely,Research & Development,3,4,Life Sciences,1,2135,Male,2,Research Scientist,Divorced,47070,1.0,Y,17,8,0,26.0,4,25,14,13,3.0,1.0,2.0,1,3,7.802089424951267,0.2868398892174272,1778.8763888888889,228,62,0.0,0.0
2135,34,No,Travel_Frequently,Sales,1,3,Life Sciences,1,2136,Male,2,Sales Executive,Married,24000,4.0,Y,18,8,1,14.0,3,10,1,8,3.0,2.0,4.0,3,3,7.470801005747127,0.2922521562579501,1733.2258333333334,232,6,0.0,0.0
2136,35,No,Travel_Rarely,Research & Development,9,3,Life Sciences,1,2137,Male,4,Healthcare Representative,Married,98240,0.0,Y,19,8,0,4.0,2,3,2,2,3.0,3.0,3.0,3,3,10.503479591836737,0.3360358583835141,2573.3525,245,245,368.3525,1.5034795918367343
2137,42,No,Travel_Rarely,Research & Development,23,4,Life Sciences,1,2138,Female,1,Manager,Married,64470,6.0,Y,13,8,0,18.0,3,1,0,0,2.0,2.0,3.0,3,3,9.41620634920635,0.3066024143375849,2306.970555555556,245,245,106.5136111111111,0.4347494331065759
2138,43,No,Travel_Rarely,Research & Development,7,2,Medical,1,2139,Female,1,Laboratory Technician,Single,195020,3.0,Y,18,8,2,23.0,3,21,15,17,4.0,4.0,4.0,4,3,6.409671276079573,0.3017311278864405,1467.814722222222,229,0,0.0,0.0
2139,36,No,Travel_Rarely,Research & Development,2,4,Medical,1,2140,Male,1,Healthcare Representative,Single,27250,9.0,Y,21,8,1,18.0,4,16,5,12,3.0,2.0,3.0,2,4,10.607794995408632,0.2702029743089362,2567.086388888889,242,242,389.0863888888889,1.607794995408632
2140,44,Yes,Travel_Rarely,Research & Development,21,4,Life Sciences,1,2141,Female,2,Laboratory Technician,Married,62720,1.0,Y,19,8,1,10.0,3,10,0,5,1.0,4.0,3.0,3,3,6.012525584795322,0.3152739514656892,1370.8558333333333,228,0,0.0,0.0
2141,28,No,Travel_Frequently,Research & Development,2,3,Life Sciences,1,2142,Female,2,Sales Representative,Married,21270,1.0,Y,14,8,0,2.0,3,2,2,2,4.0,4.0,3.0,3,3,9.679196599616857,0.2752167973603488,2245.573611111111,232,232,157.89055555555555,0.6805627394636015
2142,51,No,Travel_Frequently,Sales,21,4,Medical,1,2143,Male,2,Research Scientist,Single,182000,0.0,Y,17,8,0,8.0,3,7,7,7,2.0,3.0,3.0,3,3,7.017285781544255,0.3035450737242584,1656.0794444444443,236,0,0.0,0.0
2143,30,No,Non-Travel,Research & Development,2,4,Other,1,2144,Male,1,Research Scientist,Single,20960,7.0,Y,11,8,3,10.0,2,8,1,7,3.0,3.0,3.0,3,3,9.497514124293785,0.3183573265611682,2241.4133333333334,236,236,119.05694444444444,0.5044785781544256
2144,29,Yes,Travel_Rarely,Research & Development,29,4,Technical Degree,1,2145,Female,1,Sales Representative,Divorced,28860,3.0,Y,13,8,0,10.0,4,7,7,7,2.0,3.0,3.0,3,3,8.39062440645774,0.2989797530574281,1963.4061111111112,234,215,0.1177777777777784,0.0005033238366571
2145,28,No,Travel_Rarely,Sales,1,4,Life Sciences,1,2146,Female,2,Sales Representative,Single,20330,2.0,Y,15,8,1,5.0,5,3,1,2,4.0,1.0,2.0,3,3,6.765892330383481,0.3015421256944879,1529.0916666666667,226,0,0.0,0.0
2146,25,No,Travel_Rarely,Research & Development,18,2,Life Sciences,1,2147,Male,1,Research Scientist,Single,36220,1.0,Y,25,8,0,2.0,0,2,2,1,4.0,2.0,2.0,3,4,7.982099673202614,0.3362403839637522,1899.7397222222223,238,101,0.1180555555555553,0.0004960317460317
2147,32,No,Travel_Rarely,Research & Development,10,4,Other,1,2148,Female,1,Sales Executive,Married,42330,1.0,Y,11,8,0,10.0,5,10,0,8,3.0,4.0,4.0,3,3,6.8195002374169045,0.2965040557049516,1595.7630555555556,234,0,0.0,0.0
2148,45,No,Travel_Frequently,Research & Development,19,3,Medical,1,2149,Male,3,Laboratory Technician,Single,36810,3.0,Y,17,8,1,22.0,2,0,0,0,3.0,2.0,3.0,3,3,5.978748241912799,0.2809440084309614,1416.9633333333334,237,0,0.0,0.0
2149,39,No,Travel_Rarely,Sales,29,1,Marketing,1,2150,Female,1,Laboratory Technician,Divorced,54600,6.0,Y,13,8,2,21.0,3,19,15,2,3.0,2.0,3.0,3,3,8.400860404896422,0.29292472725278,1982.603055555556,236,219,0.6588888888888889,0.002791902071563
2150,58,No,Travel_Rarely,Research & Development,27,3,Other,1,2151,Male,2,Laboratory Technician,Divorced,21870,1.0,Y,18,8,1,2.0,1,2,2,2,1.0,3.0,3.0,1,3,5.993010869565217,0.3063511856140063,1378.3925,230,0,0.0,0.0
2151,32,Yes,Travel_Rarely,Research & Development,5,3,Technical Degree,1,2152,Female,1,Sales Executive,Married,96020,1.0,Y,13,8,1,10.0,3,10,1,1,4.0,3.0,3.0,3,3,6.479733992467043,0.2762114037307591,1529.2172222222223,236,0,0.0,0.0
2152,39,Yes,Travel_Rarely,Research & Development,18,2,Life Sciences,1,2153,Male,2,Laboratory Technician,Single,28360,0.0,Y,20,8,0,6.0,3,5,0,3,3.0,1.0,3.0,2,4,7.703856421356422,0.2861007079414402,1779.5908333333334,231,31,0.0,0.0
2153,30,No,Travel_Rarely,Sales,9,1,Marketing,1,2154,Male,4,Research Director,Married,40890,0.0,Y,18,8,0,10.0,2,9,6,7,1.0,4.0,3.0,4,3,6.166816415180613,0.3081002334798408,1498.536388888889,243,0,0.0,0.0
2154,36,No,Travel_Rarely,Sales,1,3,Marketing,1,2155,Male,2,Sales Executive,Married,166270,3.0,Y,12,8,0,10.0,5,7,1,7,4.0,3.0,3.0,2,3,6.711335009578544,0.2933232988081714,1557.0297222222223,232,0,0.0,0.0
2155,46,No,Travel_Rarely,Sales,4,3,Medical,1,2156,Male,1,Research Scientist,Single,26190,6.0,Y,12,8,1,10.0,3,7,5,7,4.0,1.0,4.0,2,3,7.706544995408632,0.3038580459612466,1864.983888888889,242,40,0.0,0.0
2156,28,No,Non-Travel,Research & Development,1,3,Medical,1,2157,Male,5,Sales Executive,Married,56790,0.0,Y,13,8,0,10.0,2,9,7,5,3.0,4.0,3.0,2,3,7.984185660018993,0.3073234464186121,1868.2994444444444,234,113,0.0,0.0
2157,50,No,Travel_Rarely,Research & Development,20,2,Medical,1,2158,Female,5,Laboratory Technician,Married,154020,4.0,Y,21,8,0,25.0,3,3,1,2,4.0,1.0,3.0,2,4,10.441048085901029,0.2983364073771096,2484.9694444444444,238,238,342.96944444444443,1.441048085901027
2158,40,Yes,Travel_Rarely,Sales,8,1,Other,1,2159,Male,1,Laboratory Technician,Single,59850,2.0,Y,13,8,3,9.0,1,5,1,0,4.0,2.0,3.0,2,3,9.797106082375478,0.3119971612855594,2272.928611111111,232,232,185.3011111111111,0.7987116858237548
2159,52,Yes,Travel_Rarely,Research & Development,3,2,Technical Degree,1,2160,Male,3,Laboratory Technician,Single,25790,9.0,Y,19,8,1,10.0,1,8,7,7,2.0,2.0,2.0,3,3,10.018041894353368,0.2781050823233491,2444.402222222222,244,244,248.4022222222222,1.0180418943533698
2160,30,No,Travel_Rarely,Research & Development,6,4,Medical,1,2161,Female,1,Sales Executive,Married,30410,1.0,Y,11,8,1,9.0,2,9,0,8,2.0,1.0,3.0,2,3,10.361327825670498,0.3126867011033066,2403.828055555556,232,232,315.8280555555556,1.361327825670498
2161,39,No,Travel_Rarely,Research & Development,26,1,Medical,1,2162,Male,2,Healthcare Representative,Single,34470,0.0,Y,14,8,0,9.0,5,8,1,7,1.0,3.0,3.0,3,3,5.976122448979592,0.3085266236763878,1464.15,245,0,0.0,0.0
2162,31,No,Non-Travel,Research & Development,1,2,Medical,1,2163,Male,1,Sales Executive,Divorced,195130,1.0,Y,12,8,1,10.0,1,10,9,6,4.0,3.0,2.0,2,3,10.10100210970464,0.317806113845075,2393.9375,237,237,260.9375,1.1010021097046414
2163,41,No,Non-Travel,Sales,6,3,Life Sciences,1,2164,Female,1,Research Director,Single,27730,1.0,Y,11,8,0,19.0,3,19,11,9,3.0,2.0,3.0,3,3,7.795501133786848,0.2968185727251187,1909.8977777777775,245,55,0.0,0.0
2164,31,Yes,Travel_Frequently,Research & Development,3,1,Life Sciences,1,2165,Male,1,Sales Executive,Single,71040,1.0,Y,14,8,1,3.0,3,3,2,2,4.0,2.0,4.0,3,3,9.135941290635614,0.2878610553210322,2092.1305555555555,229,229,44.33916666666666,0.1936208151382824
2165,44,Yes,Travel_Rarely,Sales,5,3,Life Sciences,1,2166,Male,1,Laboratory Technician,Married,63220,4.0,Y,11,8,1,10.0,2,3,1,2,1.0,1.0,4.0,3,3,6.027372245663385,0.305404185278919,1428.4872222222225,237,0,0.0,0.0
2166,42,No,Non-Travel,Research & Development,4,3,Life Sciences,1,2167,Male,2,Laboratory Technician,Married,20830,0.0,Y,12,8,2,21.0,3,20,2,10,3.0,3.0,2.0,2,3,9.710156955736224,0.3220328410059538,2388.698611111111,246,246,175.14138888888888,0.7119568654019873
2167,55,No,Travel_Rarely,Sales,11,3,Technical Degree,1,2168,Male,2,Manufacturing Director,Married,83810,4.0,Y,15,8,1,23.0,3,19,9,11,4.0,3.0,3.0,3,3,6.629416786916787,0.3190626823573489,1531.3952777777777,231,0,0.0,0.0
2168,56,No,Travel_Rarely,Sales,3,2,Medical,1,2169,Female,3,Manufacturing Director,Single,26910,6.0,Y,16,8,1,36.0,6,7,7,7,4.0,2.0,3.0,3,3,7.995408022130015,0.3062905249582566,1926.8933333333332,241,120,0.0,0.0
2169,40,No,Non-Travel,Research & Development,1,1,Life Sciences,1,2170,Male,1,Laboratory Technician,Divorced,42860,9.0,Y,15,8,0,6.0,6,4,0,0,3.0,3.0,3.0,3,3,7.337527538314176,0.2972293644989668,1702.306388888889,232,2,0.0,0.0
2170,34,No,Travel_Rarely,Research & Development,3,2,Technical Degree,1,2171,Male,2,Research Director,Divorced,26590,0.0,Y,24,8,3,10.0,2,9,1,6,4.0,4.0,2.0,3,4,7.4184357344632765,0.3063855324151705,1750.7508333333333,236,6,0.0,0.0
2171,40,No,Travel_Rarely,Sales,4,3,Medical,1,2172,Male,2,Sales Executive,Single,94340,1.0,Y,13,8,1,9.0,3,9,8,8,3.0,4.0,3.0,2,3,5.998701388888889,0.2617822101816042,1439.6883333333333,240,0,0.0,0.0
2172,41,No,Travel_Frequently,Sales,1,4,Other,1,2173,Female,2,Healthcare Representative,Divorced,55610,0.0,Y,11,8,0,10.0,2,9,1,7,3.0,1.0,3.0,2,3,7.690605200945626,0.3205302341113584,1807.292222222222,235,40,0.0,0.0
2173,35,No,Travel_Frequently,Sales,1,2,Technical Degree,1,2174,Male,2,Manager,Single,66460,1.0,Y,13,8,1,9.0,2,9,1,1,3.0,3.0,3.0,2,3,9.508205128205129,0.2970678727926679,2348.526666666666,247,247,126.1775,0.5108400809716599
2174,51,No,Travel_Rarely,Sales,18,2,Life Sciences,1,2175,Male,4,Manufacturing Director,Divorced,77250,1.0,Y,13,8,1,33.0,2,33,0,10,3.0,2.0,3.0,3,3,9.48023530762167,0.3061433516748053,2294.2169444444444,242,242,118.5127777777778,0.4897222222222222
2175,38,No,Travel_Rarely,Sales,2,4,Life Sciences,1,2176,Female,1,Research Scientist,Divorced,107250,3.0,Y,18,8,0,11.0,5,7,1,7,2.0,1.0,3.0,2,3,6.585955743879473,0.3109463565410318,1554.2855555555557,236,0,0.0,0.0
2176,34,No,Travel_Rarely,Sales,4,3,Life Sciences,1,2177,Male,2,Research Scientist,Single,88470,1.0,Y,16,8,0,10.0,3,10,9,6,3.0,1.0,4.0,4,3,7.23356081390032,0.2707853175119943,1757.7552777777778,243,0,0.0,0.0
2177,25,No,Travel_Rarely,Research & Development,6,2,Medical,1,2178,Female,4,Research Scientist,Married,20450,3.0,Y,19,8,0,7.0,3,3,1,2,4.0,4.0,2.0,3,3,6.2904,0.2891908796260811,1415.34,225,0,0.0,0.0
2178,58,Yes,Travel_Rarely,Sales,1,4,Technical Degree,1,2179,Male,2,Sales Executive,Married,10090,7.0,Y,13,8,2,31.0,3,10,5,9,3.0,1.0,2.0,4,3,8.488845153664302,0.3042173011873125,1994.878611111111,235,224,1.6655555555555548,0.0070874704491725
2179,40,No,Travel_Rarely,Research & Development,14,4,Medical,1,2180,Female,1,Research Scientist,Married,33480,3.0,Y,22,8,0,7.0,2,4,0,3,2.0,2.0,3.0,1,4,6.117230461393596,0.298394129640225,1443.6663888888888,236,0,0.0,0.0
2180,36,No,Travel_Frequently,Sales,16,2,Life Sciences,1,2181,Male,1,Research Scientist,Married,12810,2.0,Y,11,8,0,17.0,2,15,6,13,1.0,1.0,2.0,3,3,6.086681839402428,0.3068107154542832,1448.6302777777778,238,0,0.0,0.0
2181,48,No,Travel_Rarely,Research & Development,2,1,Life Sciences,1,2182,Male,2,Research Scientist,Single,28190,1.0,Y,20,8,0,11.0,2,10,0,8,4.0,4.0,3.0,2,4,7.596445652173912,0.2768931665155198,1747.1825,230,15,0.0,0.0
2182,27,No,Travel_Rarely,Research & Development,2,3,Life Sciences,1,2183,Female,2,Laboratory Technician,Married,48510,8.0,Y,18,8,0,5.0,2,1,0,0,3.0,3.0,3.0,3,3,7.097427983539094,0.2839767204107848,1724.675,243,0,0.0,0.0
2183,51,No,Travel_Rarely,Research & Development,4,1,Medical,1,2184,Female,3,Manufacturing Director,Single,40280,3.0,Y,14,8,0,29.0,3,5,0,3,4.0,2.0,2.0,3,3,7.494571708272149,0.282180499939657,1701.2677777777778,227,9,0.0,0.0
2184,18,No,Non-Travel,Research & Development,1,4,Medical,1,2185,Male,2,Sales Executive,Single,27200,1.0,Y,22,8,1,0.0,2,0,0,0,4.0,4.0,4.0,3,4,7.905436671239141,0.2767977405527723,1921.0211111111112,243,85,0.0,0.0
2185,35,No,Travel_Rarely,Research & Development,1,4,Other,1,2186,Female,2,Research Director,Married,81200,0.0,Y,13,8,0,10.0,2,9,0,0,4.0,4.0,3.0,2,3,7.180452898550724,0.2902119759631298,1651.5041666666666,230,0,0.0,0.0
2186,27,No,Travel_Frequently,Research & Development,26,4,Medical,1,2187,Female,1,Research Director,Single,46470,3.0,Y,17,8,0,8.0,3,6,0,0,4.0,4.0,3.0,4,3,7.352186609686609,0.2731149768353939,1720.4116666666666,234,2,0.0,0.0
2187,55,Yes,Travel_Rarely,Research & Development,19,3,Technical Degree,1,2188,Male,1,Human Resources,Single,46800,6.0,Y,14,8,3,24.0,0,19,3,8,1.0,3.0,2.0,4,3,8.68269090077732,0.2912692623807957,2109.893888888889,243,242,5.147500000000004,0.0211831275720164
2188,56,No,Travel_Rarely,Research & Development,24,4,Life Sciences,1,2189,Male,2,Laboratory Technician,Married,32210,4.0,Y,15,8,2,33.0,2,19,15,9,4.0,2.0,3.0,3,3,10.380261904761904,0.3048688763216832,2543.1641666666665,245,245,338.1641666666667,1.380261904761905
2189,34,No,Non-Travel,Sales,1,2,Life Sciences,1,2190,Male,2,Research Scientist,Divorced,86210,1.0,Y,17,8,1,5.0,1,5,0,0,1.0,3.0,3.0,3,3,6.379191176470588,0.2935752287189589,1518.2475,238,0,0.0,0.0
2190,40,No,Travel_Rarely,Research & Development,3,3,Life Sciences,1,2191,Male,2,Sales Executive,Divorced,45770,5.0,Y,11,8,1,15.0,3,12,11,8,2.0,3.0,3.0,2,3,6.479356113435611,0.3222866223559063,1548.566111111111,239,0,0.0,0.0
2191,34,No,Travel_Rarely,Research & Development,5,3,Life Sciences,1,2192,Male,1,Research Scientist,Married,45530,4.0,Y,18,8,1,10.0,2,8,7,7,2.0,3.0,3.0,4,3,7.176949192782526,0.3054808021510363,1679.4061111111112,234,1,0.0,0.0
2192,31,Yes,Travel_Frequently,Research & Development,2,2,Medical,1,2193,Female,2,Manufacturing Director,Single,53960,7.0,Y,17,8,1,3.0,2,1,0,0,3.0,4.0,4.0,1,3,7.673500228623685,0.3003305464167051,1864.6605555555557,243,34,0.0,0.0
2193,35,Yes,Travel_Frequently,Research & Development,1,2,Medical,1,2194,Male,1,Manufacturing Director,Married,67960,0.0,Y,13,8,0,5.0,2,4,3,2,4.0,3.0,2.0,3,3,9.072801783264746,0.291896771351389,2204.690833333333,243,243,38.40805555555555,0.1580578417924096
2194,38,No,Travel_Frequently,Research & Development,7,3,Medical,1,2195,Female,2,Sales Representative,Divorced,76250,1.0,Y,15,8,0,4.0,2,4,0,3,4.0,3.0,3.0,2,3,6.375856481481481,0.3021833390005305,1530.2055555555555,240,0,0.0,0.0
2195,34,No,Travel_Rarely,Research & Development,10,4,Other,1,2196,Female,2,Laboratory Technician,Single,74120,1.0,Y,24,8,0,14.0,4,14,4,11,3.0,4.0,4.0,3,4,7.906698939603504,0.2829702800314416,1905.5144444444445,241,87,0.0,0.0
2196,28,No,Travel_Rarely,Research & Development,2,3,Life Sciences,1,2197,Female,2,Healthcare Representative,Married,111590,1.0,Y,12,8,0,5.0,2,5,0,4,3.0,1.0,3.0,3,3,6.683007544581619,0.3176316595802739,1623.9708333333333,243,0,0.0,0.0
2197,31,Yes,Travel_Rarely,Research & Development,15,2,Life Sciences,1,2198,Male,2,Sales Executive,Married,49600,1.0,Y,15,8,0,10.0,3,10,6,7,4.0,3.0,2.0,2,3,10.88627205531712,0.2892579306720602,2536.501388888889,233,233,439.50138888888887,1.8862720553171195
2198,39,No,Travel_Rarely,Research & Development,17,4,Technical Degree,1,2199,Female,2,Healthcare Representative,Married,104750,3.0,Y,11,8,1,8.0,3,5,1,4,1.0,4.0,4.0,3,3,10.322546695402298,0.2976102512013965,2394.830833333333,232,232,306.8308333333333,1.3225466954022989
2199,51,No,Travel_Frequently,Research & Development,20,3,Medical,1,2200,Male,2,Sales Executive,Married,148140,2.0,Y,11,8,1,14.0,2,4,3,2,2.0,2.0,3.0,2,3,7.07558970856102,0.3029693721377203,1726.443888888889,244,0,0.0,0.0
2200,41,No,Travel_Frequently,Research & Development,1,3,Life Sciences,1,2201,Male,4,Sales Executive,Divorced,191410,3.0,Y,12,8,1,12.0,2,6,3,3,4.0,4.0,2.0,3,3,10.669363086936308,0.312059747721555,2549.9777777777776,239,239,398.97777777777776,1.6693630869363083
2201,37,No,Travel_Rarely,Research & Development,2,2,Medical,1,2202,Female,1,Healthcare Representative,Married,54050,7.0,Y,15,8,0,8.0,3,6,1,3,3.0,3.0,3.0,4,3,10.39074152542373,0.3131531452436615,2452.215,236,236,328.215,1.3907415254237288
2202,33,No,Travel_Frequently,Research & Development,2,3,Medical,1,2203,Female,1,Sales Executive,Married,87930,6.0,Y,17,8,0,8.0,2,5,1,2,2.0,4.0,4.0,3,3,7.778146961063628,0.2997092806996933,1820.086388888889,234,52,0.0,0.0
2203,32,No,Travel_Rarely,Research & Development,1,4,Medical,1,2204,Male,5,Research Director,Married,191890,0.0,Y,12,8,1,4.0,3,3,1,2,3.0,2.0,2.0,3,3,10.395856950067476,0.3136105176243039,2567.776666666666,247,247,344.77666666666664,1.3958569500674762
2204,39,No,Non-Travel,Research & Development,29,2,Life Sciences,1,2205,Male,2,Sales Executive,Married,38750,3.0,Y,15,8,0,13.0,3,6,0,5,3.0,3.0,3.0,3,3,6.594622175141243,0.3149070749406035,1556.3308333333334,236,0,0.0,0.0
2205,25,No,Travel_Rarely,Research & Development,7,4,Life Sciences,1,2206,Male,1,Sales Executive,Married,22160,2.0,Y,13,8,3,6.0,2,3,1,2,1.0,3.0,2.0,2,3,7.208837844254512,0.2904194939299504,1686.8680555555557,234,1,0.0,0.0
2206,52,No,Travel_Frequently,Research & Development,2,1,Life Sciences,1,2207,Male,2,Sales Executive,Married,117130,2.0,Y,14,8,0,24.0,2,5,0,2,4.0,3.0,2.0,3,3,9.086195856873822,0.2859799350615025,2144.342222222222,236,236,38.79083333333333,0.1643679378531073
2207,43,No,Travel_Rarely,Research & Development,2,2,Medical,1,2208,Male,1,Laboratory Technician,Single,78610,1.0,Y,14,8,2,20.0,1,20,1,8,1.0,3.0,1.0,3,3,9.686829297245964,0.30951499372075,2266.718055555556,234,234,160.9297222222222,0.6877338556505223
2208,27,No,Travel_Rarely,Research & Development,2,4,Life Sciences,1,2209,Male,1,Human Resources,Married,37080,1.0,Y,16,8,2,6.0,2,6,4,4,4.0,4.0,3.0,3,3,10.314973708276176,0.3145107419753373,2506.538611111111,243,243,319.5386111111111,1.3149737082761774
2209,27,Yes,Travel_Rarely,Research & Development,2,5,Life Sciences,1,2210,Female,1,Research Scientist,Single,137700,1.0,Y,18,8,1,8.0,3,8,7,7,4.0,3.0,3.0,4,3,10.004661835748792,0.3156712859995935,2301.072222222222,230,230,231.07222222222225,1.0046618357487922
2210,26,No,Travel_Rarely,Research & Development,2,2,Other,1,2211,Male,3,Laboratory Technician,Single,53040,0.0,Y,20,8,1,5.0,2,4,1,1,1.0,4.0,3.0,3,4,6.323119288119288,0.3021691622974249,1460.6405555555557,231,0,0.0,0.0
2211,42,No,Travel_Rarely,Sales,23,3,Marketing,1,2212,Female,3,Research Scientist,Married,26420,0.0,Y,13,8,1,21.0,3,20,0,9,3.0,1.0,3.0,3,3,6.1295948568656,0.3021225904091753,1403.6772222222223,229,0,0.0,0.0
2212,52,No,Travel_Rarely,Research & Development,5,2,Life Sciences,1,2213,Female,1,Healthcare Representative,Married,27590,9.0,Y,18,8,1,12.0,6,5,0,4,3.0,1.0,1.0,3,3,6.50694675925926,0.2985991861777999,1561.6672222222223,240,0,0.0,0.0
2213,37,No,Travel_Rarely,Research & Development,20,5,Life Sciences,1,2214,Male,2,Manager,Single,68040,4.0,Y,13,8,1,8.0,1,3,0,2,1.0,3.0,3.0,3,3,7.46818281938326,0.2931882050256939,1695.2775,227,8,0.0,0.0
2214,35,No,Travel_Frequently,Research & Development,6,4,Medical,1,2215,Female,2,Research Director,Single,61420,2.0,Y,15,8,1,10.0,2,2,2,2,3.0,4.0,3.0,3,3,7.665282466010314,0.2989131404794194,1816.6719444444443,237,34,0.0,0.0
2215,25,No,Travel_Rarely,Research & Development,1,4,Medical,1,2216,Male,2,Sales Executive,Married,25000,4.0,Y,14,8,2,7.0,2,3,0,2,1.0,4.0,2.0,1,3,7.995907331511839,0.294353165060293,1951.0013888888889,244,119,0.0,0.0
2216,26,No,Travel_Rarely,Research & Development,29,4,Life Sciences,1,2217,Male,1,Research Scientist,Single,63890,0.0,Y,22,8,0,8.0,2,7,0,7,3.0,1.0,3.0,2,4,6.798512802926383,0.2858333743632661,1652.038611111111,243,0,0.0,0.0
2217,29,No,Travel_Rarely,Sales,9,3,Life Sciences,1,2218,Male,1,Laboratory Technician,Single,111030,1.0,Y,12,8,0,10.0,5,10,0,9,2.0,1.0,2.0,2,3,6.206890838206627,0.3079310728495066,1415.171111111111,228,0,0.0,0.0
2218,49,Yes,Travel_Frequently,Sales,6,5,Medical,1,2219,Female,2,Healthcare Representative,Single,23420,3.0,Y,18,8,0,20.0,2,4,1,3,1.0,1.0,3.0,3,3,7.049729052823315,0.2992488085900394,1720.1338888888888,244,0,0.0,0.0
2219,29,Yes,Travel_Frequently,Sales,3,2,Marketing,1,2220,Female,2,Laboratory Technician,Single,68110,0.0,Y,15,8,1,9.0,2,8,7,7,3.0,4.0,3.0,3,3,8.612993956299395,0.3057825048688903,2058.5055555555555,239,234,2.559444444444446,0.0107089725708972
2220,54,No,Travel_Rarely,Sales,1,3,Medical,1,2221,Female,2,Manager,Single,22970,6.0,Y,18,8,2,29.0,2,20,12,7,4.0,4.0,2.0,2,3,6.248981481481481,0.2879539760008746,1499.7555555555557,240,0,0.0,0.0
2221,58,No,Travel_Rarely,Sales,22,3,Life Sciences,1,2222,Female,2,Laboratory Technician,Married,24500,3.0,Y,12,8,1,32.0,2,9,1,5,4.0,1.0,3.0,3,3,10.56941384180791,0.3128926716739433,2494.3816666666667,236,236,370.38166666666666,1.5694138418079095
2222,55,No,Travel_Rarely,Research & Development,7,3,Life Sciences,1,2223,Female,3,Research Scientist,Divorced,50930,2.0,Y,16,8,1,31.0,3,7,0,0,2.0,4.0,4.0,3,3,7.494744680851064,0.3026089237162745,1761.265,235,12,0.0,0.0
2223,36,No,Travel_Rarely,Research & Development,1,3,Medical,1,2224,Male,2,Sales Executive,Single,53090,3.0,Y,13,8,0,15.0,5,5,0,1,1.0,2.0,3.0,3,3,9.39877822944896,0.2984624573084051,2312.0994444444445,246,246,100.81472222222222,0.4098159439927732
2224,31,Yes,Travel_Frequently,Sales,4,3,Life Sciences,1,2225,Male,2,Manager,Single,30570,1.0,Y,19,8,0,1.0,3,1,0,0,2.0,3.0,3.0,3,3,7.304688232536335,0.279016277063321,1731.2111111111112,237,3,0.0,0.0
2225,30,No,Travel_Rarely,Sales,3,3,Life Sciences,1,2226,Male,3,Sales Executive,Divorced,51210,7.0,Y,13,8,0,8.0,4,3,0,2,4.0,1.0,3.0,3,3,7.491903248587571,0.3089065177978973,1768.0891666666666,236,10,0.0,0.0
2226,31,No,Travel_Rarely,Research & Development,1,3,Medical,1,2227,Male,1,Laboratory Technician,Single,168560,3.0,Y,12,8,1,9.0,3,3,1,0,1.0,2.0,3.0,3,3,7.301046647913736,0.2818614202415604,1730.3480555555554,237,0,0.0,0.0
2227,34,No,Travel_Frequently,Sales,2,1,Marketing,1,2228,Female,5,Manager,Divorced,26860,5.0,Y,11,8,0,10.0,3,4,1,3,4.0,1.0,3.0,4,3,7.592990664845173,0.2919505257952975,1852.689722222222,244,20,0.0,0.0
2228,31,Yes,Travel_Rarely,Sales,20,3,Technical Degree,1,2229,Male,1,Research Scientist,Single,61800,1.0,Y,14,8,1,1.0,2,1,0,0,1.0,2.0,4.0,1,3,8.002105442176871,0.2787105307719424,1960.5158333333331,245,125,0.0,0.0
2229,27,No,Travel_Rarely,Human Resources,11,4,Medical,1,2230,Male,4,Sales Executive,Married,66320,0.0,Y,16,8,0,6.0,3,5,1,4,2.0,1.0,4.0,3,3,7.18484126984127,0.2913556640536068,1760.286111111111,245,0,0.0,0.0
2230,36,No,Travel_Rarely,Sales,1,3,Marketing,1,2231,Male,2,Research Scientist,Single,35050,1.0,Y,12,8,2,10.0,2,10,1,8,1.0,4.0,2.0,2,3,6.319475172074729,0.2839098288008903,1428.201388888889,226,0,0.0,0.0
2231,36,No,Travel_Rarely,Research & Development,24,3,Other,1,2232,Female,3,Research Director,Married,63970,4.0,Y,14,8,1,11.0,3,3,0,2,3.0,1.0,2.0,3,3,7.314436376210235,0.3080773633014412,1762.7791666666667,241,3,0.0,0.0
2232,47,No,Travel_Rarely,Research & Development,23,4,Life Sciences,1,2233,Female,2,Sales Executive,Married,62740,7.0,Y,14,8,2,17.0,0,6,1,2,1.0,4.0,2.0,3,3,7.79139822595705,0.2795953648544582,1854.3527777777776,238,47,0.0,0.0
2233,25,Yes,Travel_Rarely,Sales,16,4,Life Sciences,1,2234,Male,2,Research Scientist,Married,198590,3.0,Y,19,8,0,6.0,3,3,2,2,1.0,1.0,3.0,2,3,7.1928152173913045,0.294571844504062,1654.3475,230,0,0.0,0.0
2234,37,No,Non-Travel,Sales,8,4,Medical,1,2235,Male,1,Healthcare Representative,Single,75870,0.0,Y,22,8,1,7.0,5,6,1,3,3.0,3.0,1.0,3,4,7.562411616161616,0.2886660623359486,1830.1036111111111,242,17,0.0,0.0
2235,56,No,Travel_Rarely,Research & Development,10,4,Other,1,2236,Male,2,Sales Representative,Married,42580,2.0,Y,16,8,0,5.0,2,3,1,0,1.0,1.0,4.0,3,3,6.6068304221251815,0.3052774470979976,1512.9641666666666,229,0,0.0,0.0
2236,47,No,Travel_Rarely,Research & Development,3,2,Medical,1,2237,Male,2,Laboratory Technician,Married,43640,3.0,Y,11,8,1,26.0,3,20,5,6,1.0,3.0,4.0,3,3,6.341896551724138,0.2955358984733303,1471.32,232,0,0.0,0.0
2237,24,No,Travel_Rarely,Research & Development,5,1,Other,1,2238,Male,1,Manufacturing Director,Married,43350,1.0,Y,15,8,1,5.0,5,5,0,3,4.0,3.0,3.0,3,3,9.69560841205578,0.316407100972516,2394.8152777777777,247,247,172.1761111111111,0.6970692757534863
2238,32,No,Travel_Rarely,Sales,4,3,Marketing,1,2239,Male,1,Research Scientist,Married,53260,4.0,Y,14,8,1,7.0,2,4,0,3,4.0,4.0,2.0,3,3,7.510473995271868,0.3119224158707031,1764.961388888889,235,14,0.0,0.0
2239,34,No,Travel_Rarely,Research & Development,9,2,Medical,1,2240,Male,1,Sales Executive,Married,32800,5.0,Y,13,8,0,7.0,3,5,0,2,4.0,2.0,2.0,3,3,6.132323959762232,0.3137794898234795,1490.1547222222223,243,0,0.0,0.0
2240,41,No,Travel_Rarely,Research & Development,26,3,Medical,1,2241,Female,3,Sales Executive,Married,54850,2.0,Y,17,8,2,7.0,2,4,0,3,2.0,3.0,2.0,3,3,10.501243607624362,0.3097452529525745,2509.7972222222224,239,239,358.7972222222222,1.5012436076243607
2241,40,No,Non-Travel,Sales,3,2,Life Sciences,1,2242,Male,1,Sales Executive,Divorced,43420,3.0,Y,11,8,1,11.0,6,8,0,7,3.0,3.0,4.0,2,3,6.365344868173258,0.2915829279954975,1502.221388888889,236,0,0.0,0.0
2242,31,No,Travel_Rarely,Research & Development,16,3,Medical,1,2243,Male,2,Human Resources,Divorced,27820,1.0,Y,19,8,1,13.0,5,13,9,9,1.0,4.0,3.0,3,3,6.728463693957115,0.2740617128017356,1534.0897222222222,228,0,0.0,0.0
2243,46,Yes,Travel_Rarely,Research & Development,18,1,Medical,1,2244,Male,1,Manufacturing Director,Divorced,59800,4.0,Y,11,8,1,28.0,2,7,4,3,1.0,4.0,4.0,3,3,6.684526570048309,0.3089309265747787,1537.441111111111,230,0,0.0,0.0
2244,39,Yes,Non-Travel,Research & Development,2,4,Medical,1,2245,Male,2,Manufacturing Director,Single,43810,2.0,Y,15,8,2,11.0,1,1,0,0,1.0,1.0,4.0,2,3,9.3863808870599,0.2981651039539698,2280.890555555556,243,243,96.33,0.3964197530864198
2245,31,Yes,Travel_Frequently,Sales,2,3,Medical,1,2246,Male,2,Sales Executive,Single,25720,1.0,Y,13,8,3,10.0,3,10,4,7,3.0,2.0,3.0,3,3,6.794415866483768,0.2935937976391655,1651.0430555555556,243,0,0.0,0.0
2246,45,No,Travel_Rarely,Sales,10,2,Marketing,1,2247,Male,1,Sales Executive,Divorced,38330,2.0,Y,14,8,0,24.0,1,7,0,7,2.0,1.0,3.0,3,3,10.508590277777778,0.2790773740280275,2522.0616666666665,240,240,362.06166666666667,1.5085902777777778
2247,31,No,Travel_Rarely,Research & Development,16,4,Life Sciences,1,2248,Male,3,Human Resources,Single,42440,9.0,Y,13,8,0,8.0,3,3,0,2,4.0,2.0,3.0,3,3,6.730294540229885,0.3265255228399273,1561.4283333333333,232,0,0.0,0.0
2248,31,Yes,Travel_Frequently,Research & Development,7,4,Life Sciences,1,2249,Male,1,Laboratory Technician,Married,65000,6.0,Y,23,8,1,7.0,5,2,2,2,2.0,4.0,1.0,3,4,10.276630532971996,0.2925817734908905,2528.051111111111,246,246,314.0511111111111,1.2766305329719962
2249,45,No,Travel_Rarely,Research & Development,1,2,Life Sciences,1,2250,Female,1,Research Scientist,Married,184300,4.0,Y,12,8,1,10.0,5,3,1,2,2.0,4.0,4.0,3,3,10.565856774496014,0.3115011754227937,2504.1080555555554,237,237,371.1080555555556,1.565856774496015
2250,48,No,Travel_Rarely,Research & Development,24,3,Technical Degree,1,2251,Male,2,Research Scientist,Divorced,16010,4.0,Y,12,8,0,15.0,3,2,2,2,3.0,1.0,3.0,3,3,7.085850767085077,0.3349504483520436,1693.5183333333334,239,1,0.0,0.0
2251,34,Yes,Travel_Rarely,Research & Development,7,4,Medical,1,2252,Male,2,Research Scientist,Married,26940,1.0,Y,16,8,1,2.0,3,2,2,2,1.0,3.0,3.0,3,3,7.422883428300095,0.3033337127941463,1736.9547222222222,234,6,0.0,0.0
2252,40,No,Non-Travel,Research & Development,25,4,Other,1,2253,Female,1,Sales Executive,Divorced,31490,2.0,Y,15,8,1,16.0,1,9,4,8,4.0,2.0,3.0,2,3,7.985139470013947,0.2835083137140095,1908.4483333333333,239,116,0.0,0.0
2253,28,No,Travel_Rarely,Research & Development,1,2,Technical Degree,1,2254,Female,1,Research Scientist,Single,176390,0.0,Y,13,8,1,6.0,0,5,1,3,4.0,1.0,3.0,3,3,6.513891156462585,0.2879609182810994,1595.9033333333334,245,0,0.0,0.0
2254,44,No,Non-Travel,Research & Development,5,3,Life Sciences,1,2255,Male,1,Laboratory Technician,Single,23190,3.0,Y,18,8,0,7.0,4,5,0,3,3.0,3.0,3.0,2,3,6.589474506974508,0.2838111228503214,1522.1686111111112,231,0,0.0,0.0
2255,53,No,Travel_Rarely,Research & Development,2,4,Technical Degree,1,2256,Male,2,Manager,Single,116910,4.0,Y,20,8,0,35.0,2,9,8,8,4.0,2.0,2.0,3,4,6.901845760233918,0.2929870343369378,1573.6208333333334,228,0,0.0,0.0
2256,49,No,Travel_Rarely,Research & Development,7,3,Life Sciences,1,2257,Male,3,Laboratory Technician,Married,53240,2.0,Y,19,8,0,20.0,2,3,1,2,1.0,3.0,2.0,1,3,6.786344907407408,0.290031910016329,1628.7227777777778,240,0,0.0,0.0
2257,40,No,Travel_Rarely,Research & Development,2,4,Life Sciences,1,2258,Male,3,Laboratory Technician,Divorced,167520,2.0,Y,18,8,1,8.0,3,3,1,2,3.0,3.0,4.0,3,3,6.50914847161572,0.3072192061501479,1490.595,229,0,0.0,0.0
2258,44,No,Travel_Rarely,Research & Development,5,1,Other,1,2259,Male,3,Research Scientist,Single,52280,1.0,Y,13,8,0,6.0,2,5,1,3,4.0,2.0,2.0,4,3,6.917345545977012,0.2890645413052025,1604.8241666666668,232,0,0.0,0.0
2259,33,No,Travel_Frequently,Human Resources,10,3,Medical,1,2260,Female,2,Sales Executive,Married,27000,0.0,Y,14,8,3,5.0,2,4,0,3,4.0,1.0,3.0,3,3,7.285915103415103,0.3073365967085987,1683.046388888889,231,3,0.0,0.0
2260,34,No,Travel_Rarely,Research & Development,10,4,Life Sciences,1,2261,Female,1,Sales Representative,Single,192460,3.0,Y,15,8,1,15.0,5,13,3,12,4.0,1.0,3.0,3,3,6.873781435756745,0.2951080209309553,1670.328888888889,243,0,0.0,0.0
2261,30,No,Travel_Rarely,Sales,1,2,Technical Degree,1,2262,Male,1,Laboratory Technician,Married,25060,8.0,Y,22,8,0,4.0,3,2,2,2,4.0,3.0,2.0,3,4,6.1275962000962005,0.2884751288957203,1415.4747222222222,231,0,0.0,0.0
2262,42,No,Travel_Frequently,Research & Development,8,4,Medical,1,2263,Female,1,Sales Executive,Single,60620,1.0,Y,22,8,2,12.0,2,12,5,8,1.0,4.0,3.0,3,4,7.286386583679115,0.2977397946767782,1756.0191666666667,241,3,0.0,0.0
2263,44,No,Travel_Frequently,Research & Development,5,3,Life Sciences,1,2264,Female,5,Manufacturing Director,Married,43820,7.0,Y,16,8,2,11.0,2,1,0,0,1.0,3.0,2.0,3,3,7.600639124293785,0.2998223007337528,1793.7508333333333,236,22,0.0,0.0
2264,30,No,Non-Travel,Research & Development,8,3,Life Sciences,1,2265,Male,1,Manufacturing Director,Divorced,21430,1.0,Y,17,8,1,1.0,2,1,0,0,3.0,3.0,2.0,3,3,6.172838214783821,0.2968784218307623,1475.3083333333334,239,0,0.0,0.0
2265,57,No,Travel_Rarely,Sales,2,1,Life Sciences,1,2266,Male,3,Research Scientist,Married,61620,0.0,Y,14,8,0,13.0,5,12,2,8,2.0,3.0,2.0,2,3,7.604345067049809,0.2970734970344937,1764.2080555555556,232,19,0.0,0.0
2266,49,No,Travel_Rarely,Research & Development,7,3,Technical Degree,1,2267,Female,2,Sales Executive,Divorced,50940,3.0,Y,15,8,0,29.0,5,8,0,7,3.0,2.0,3.0,3,3,6.907296539961013,0.2860068305034458,1574.8636111111111,228,0,0.0,0.0
2267,34,No,Travel_Frequently,Research & Development,2,4,Medical,1,2268,Female,2,Sales Representative,Divorced,68770,7.0,Y,20,8,0,16.0,3,14,6,9,2.0,1.0,2.0,3,4,6.293506172839507,0.3065580039321878,1416.038888888889,225,0,0.0,0.0
2268,28,Yes,Travel_Frequently,Research & Development,2,3,Medical,1,2269,Male,1,Research Scientist,Married,22740,3.0,Y,20,8,1,5.0,5,3,1,2,1.0,3.0,4.0,3,4,6.492943287037037,0.3056417685080799,1558.306388888889,240,0,0.0,0.0
2269,29,Yes,Travel_Frequently,Research & Development,28,3,Medical,1,2270,Female,5,Research Scientist,Single,44340,5.0,Y,17,8,3,7.0,1,5,0,0,1.0,2.0,1.0,3,3,7.808987142163998,0.2839522122114288,1788.2580555555555,229,54,0.0,0.0
2270,34,Yes,Travel_Rarely,Research & Development,7,1,Medical,1,2271,Male,1,Research Scientist,Single,62880,0.0,Y,15,8,1,16.0,2,15,10,10,1.0,2.0,4.0,3,3,8.527089890319504,0.2854880098165123,1986.8119444444444,233,229,1.1869444444444444,0.0050941821649976
2271,35,No,Travel_Rarely,Sales,7,4,Other,1,2272,Female,4,Healthcare Representative,Married,25530,1.0,Y,14,8,1,1.0,4,1,0,0,4.0,3.0,3.0,2,3,6.614800538423887,0.3053450221975622,1501.5597222222225,227,0,0.0,0.0
2272,24,Yes,Travel_Frequently,Sales,3,3,Life Sciences,1,2273,Male,2,Research Scientist,Single,76540,2.0,Y,17,8,1,4.0,3,0,0,0,2.0,1.0,2.0,2,3,8.507790456431536,0.2941099211795067,2050.3775,241,228,0.8466666666666658,0.0035131396957123
2273,24,No,Non-Travel,Research & Development,10,3,Life Sciences,1,2274,Female,2,Manager,Married,51600,1.0,Y,17,8,1,1.0,3,1,0,0,4.0,2.0,3.0,1,3,7.406158172635446,0.2685872790561048,1792.290277777778,242,0,0.0,0.0
2274,44,No,Travel_Frequently,Research & Development,5,2,Medical,1,2275,Female,2,Research Scientist,Single,171590,5.0,Y,22,8,1,16.0,1,2,2,2,2.0,3.0,2.0,2,4,10.296231006647671,0.2725670311247762,2409.3180555555555,234,234,303.3180555555556,1.2962310066476732
2275,29,No,Travel_Rarely,Sales,10,2,Life Sciences,1,2276,Female,1,Sales Executive,Divorced,128080,1.0,Y,13,8,0,10.0,6,10,0,4,3.0,3.0,3.0,3,3,6.980078860640301,0.2977214494435438,1647.298611111111,236,0,0.0,0.0
2276,30,No,Travel_Rarely,Research & Development,1,2,Life Sciences,1,2277,Male,3,Sales Executive,Divorced,102210,0.0,Y,19,8,1,6.0,2,5,1,3,3.0,3.0,4.0,3,3,6.101316738816739,0.3110810934964378,1409.4041666666667,231,0,0.0,0.0
2277,55,No,Travel_Rarely,Sales,20,3,Marketing,1,2278,Male,2,Research Scientist,Married,47790,0.0,Y,14,8,1,4.0,6,3,1,2,4.0,3.0,3.0,3,3,10.700993369913125,0.2756037661091007,2600.341388888889,243,243,413.3413888888889,1.700993369913123
2278,33,No,Travel_Rarely,Research & Development,7,2,Life Sciences,1,2279,Male,2,Research Scientist,Married,37370,8.0,Y,22,8,2,8.0,2,5,0,2,1.0,2.0,3.0,3,4,7.897586956521739,0.2872757122519764,1816.445,230,84,0.0,0.0
2279,47,No,Travel_Rarely,Research & Development,8,4,Medical,1,2280,Female,2,Sales Representative,Married,23660,3.0,Y,17,8,0,11.0,5,5,1,2,3.0,3.0,2.0,2,3,10.884125781625782,0.2842698922568896,2514.2330555555554,231,231,435.2330555555556,1.8841257816257817
2280,28,Yes,Travel_Frequently,Sales,1,3,Marketing,1,2281,Male,2,Laboratory Technician,Single,17060,7.0,Y,12,8,0,8.0,3,0,0,0,3.0,1.0,2.0,3,3,7.586788268955651,0.293666239964756,1767.7216666666666,233,20,0.0,0.0
2281,28,No,Travel_Rarely,Sales,8,4,Marketing,1,2282,Male,1,Laboratory Technician,Divorced,163070,1.0,Y,16,8,0,1.0,3,1,0,0,1.0,3.0,1.0,2,3,6.109356167608286,0.2995349490445559,1441.8080555555557,236,0,0.0,0.0
2282,28,No,Travel_Frequently,Research & Development,9,3,Life Sciences,1,2283,Female,2,Sales Executive,Single,59330,0.0,Y,11,8,0,5.0,3,4,1,3,3.0,1.0,3.0,3,3,7.035802600472813,0.3263806747281246,1653.413611111111,235,0,0.0,0.0
2283,49,No,Travel_Rarely,Research & Development,5,4,Life Sciences,1,2284,Female,1,Research Scientist,Married,34240,4.0,Y,11,8,0,10.0,3,3,1,2,3.0,1.0,3.0,3,3,6.4073997584541065,0.2976310899038212,1473.7019444444445,230,0,0.0,0.0
2284,29,No,Travel_Frequently,Research & Development,8,1,Medical,1,2285,Male,1,Research Scientist,Married,40370,0.0,Y,14,8,0,4.0,2,3,0,2,4.0,2.0,3.0,1,3,7.117046336729743,0.3025487061928939,1629.8036111111112,229,0,0.0,0.0
2285,28,No,Travel_Rarely,Research & Development,5,1,Technical Degree,1,2286,Male,2,Laboratory Technician,Married,25590,1.0,Y,11,8,0,8.0,3,8,1,7,3.0,2.0,2.0,2,3,5.98655510018215,0.2886876676894764,1460.7194444444444,244,0,0.0,0.0
2286,33,No,Travel_Rarely,Research & Development,15,4,Life Sciences,1,2287,Female,1,Sales Executive,Single,62010,2.0,Y,15,8,3,14.0,2,0,0,0,4.0,3.0,3.0,2,3,8.49256427915519,0.295835705655959,2055.200555555556,242,232,1.0002777777777787,0.0041333792470156
2287,32,No,Travel_Rarely,Research & Development,7,3,Life Sciences,1,2288,Female,3,Laboratory Technician,Single,44030,2.0,Y,20,8,0,10.0,3,5,0,0,3.0,4.0,4.0,2,4,7.435967391304348,0.2875749986152723,1710.2725,230,6,0.0,0.0
2288,54,No,Travel_Frequently,Sales,10,3,Life Sciences,1,2289,Female,4,Research Scientist,Divorced,37610,3.0,Y,12,8,0,26.0,3,14,1,12,2.0,4.0,3.0,2,3,6.972867149758454,0.2980017937376795,1603.7594444444444,230,0,0.0,0.0
2289,29,Yes,Travel_Rarely,Research & Development,5,3,Life Sciences,1,2290,Female,2,Research Scientist,Single,109340,6.0,Y,17,8,2,11.0,2,9,0,7,1.0,1.0,1.0,3,3,6.55087706855792,0.3068054000761769,1539.456111111111,235,0,0.0,0.0
2290,44,No,Travel_Rarely,Sales,26,1,Marketing,1,2291,Male,1,Sales Representative,Married,107610,3.0,Y,11,8,1,24.0,5,20,14,17,4.0,1.0,4.0,2,3,7.896398071625344,0.3136070553937219,1910.9283333333333,242,88,0.0,0.0
2291,39,No,Travel_Rarely,Sales,6,1,Technical Degree,1,2292,Female,2,Laboratory Technician,Single,51750,4.0,Y,17,8,1,9.0,2,2,2,2,2.0,2.0,3.0,4,3,7.12839598108747,0.2897085385856937,1675.1730555555555,235,0,0.0,0.0
2292,46,No,Travel_Rarely,Research & Development,4,2,Life Sciences,1,2293,Male,3,Manufacturing Director,Married,138260,8.0,Y,11,8,0,23.0,1,13,5,1,3.0,2.0,4.0,2,3,7.025510973936901,0.3239241209693755,1707.1991666666668,243,1,0.0,0.0
2293,35,No,Travel_Rarely,Research & Development,23,4,Life Sciences,1,2294,Male,2,Research Scientist,Single,63340,1.0,Y,14,8,0,11.0,2,11,3,3,4.0,2.0,1.0,4,3,6.21111917934532,0.3021953968367209,1496.8797222222222,241,0,0.0,0.0
2294,23,No,Travel_Rarely,Research & Development,2,4,Medical,1,2295,Female,2,Manager,Single,49360,0.0,Y,19,8,1,5.0,2,4,1,2,1.0,3.0,3.0,2,3,7.679793981481481,0.3314409322638474,1843.1505555555557,240,33,0.0,0.0
2295,40,Yes,Travel_Rarely,Research & Development,2,3,Medical,1,2296,Male,2,Research Director,Single,47750,3.0,Y,15,8,1,15.0,3,5,1,0,4.0,1.0,1.0,4,3,7.59134970032273,0.3153268190786907,1829.5152777777776,241,21,0.0,0.0
2296,34,No,Travel_Rarely,Human Resources,2,3,Human Resources,1,2297,Male,2,Manufacturing Director,Married,28180,1.0,Y,13,8,1,10.0,2,10,8,6,4.0,3.0,3.0,3,3,10.29017173812817,0.3005333794103591,2479.9313888888887,241,241,310.9313888888889,1.2901717381281697
2297,31,Yes,Travel_Frequently,Research & Development,29,3,Life Sciences,1,2298,Female,2,Healthcare Representative,Single,25150,1.0,Y,14,8,0,7.0,3,7,7,7,4.0,3.0,1.0,2,3,6.366089181286549,0.2881765077239681,1451.4683333333332,228,0,0.0,0.0
2298,50,No,Travel_Frequently,Research & Development,6,3,Medical,1,2299,Male,1,Manager,Single,23420,1.0,Y,12,8,1,32.0,2,32,13,9,3.0,4.0,3.0,2,3,9.990187943262413,0.3123277996700129,2347.6941666666667,235,235,232.69416666666663,0.9901879432624112
2299,34,No,Travel_Rarely,Sales,25,5,Marketing,1,2300,Female,1,Research Scientist,Married,41940,0.0,Y,17,8,2,12.0,3,11,5,7,2.0,3.0,3.0,3,3,10.499565972222223,0.2870260829057667,2519.895833333333,240,240,359.8958333333333,1.499565972222222
2300,42,No,Travel_Rarely,Research & Development,1,3,Life Sciences,1,2301,Female,1,Manufacturing Director,Married,106850,4.0,Y,11,8,3,4.0,2,1,0,0,3.0,2.0,3.0,3,3,6.572412764003674,0.308216556566709,1590.523888888889,242,0,0.0,0.0
2301,37,No,Travel_Rarely,Research & Development,2,2,Medical,1,2302,Male,1,Research Scientist,Married,20220,1.0,Y,12,8,0,10.0,1,10,3,7,1.0,4.0,3.0,3,3,8.039399717514124,0.2841019588062635,1897.2983333333332,236,136,0.0,0.0
2302,29,No,Travel_Rarely,Research & Development,1,3,Medical,1,2303,Female,1,Manager,Married,23140,3.0,Y,13,8,0,9.0,5,7,0,7,3.0,1.0,3.0,4,3,6.17307438794727,0.2877366974357618,1456.8455555555556,236,0,0.0,0.0
2303,33,No,Travel_Rarely,Research & Development,1,1,Life Sciences,1,2304,Male,1,Research Scientist,Single,42560,1.0,Y,13,8,3,5.0,1,5,0,2,4.0,2.0,3.0,3,3,7.202849239280775,0.3012060302774055,1735.8866666666668,241,0,0.0,0.0
2304,45,No,Travel_Rarely,Sales,3,3,Life Sciences,1,2305,Male,3,Laboratory Technician,Married,35800,4.0,Y,20,8,1,8.0,1,5,0,3,4.0,4.0,3.0,2,4,5.9808260233918125,0.3022915607734716,1363.628333333333,228,0,0.0,0.0
2305,42,No,Travel_Frequently,Human Resources,1,4,Technical Degree,1,2306,Male,2,Manufacturing Director,Married,31620,2.0,Y,17,8,2,24.0,1,20,13,9,4.0,4.0,1.0,3,3,8.106577635327636,0.2865956324907868,1896.9391666666668,234,154,0.0,0.0
2306,40,No,Travel_Rarely,Sales,10,1,Life Sciences,1,2307,Female,1,Manufacturing Director,Married,65240,0.0,Y,13,8,1,9.0,2,8,7,1,1.0,1.0,4.0,4,3,6.295314167879671,0.2891229418527005,1441.6269444444445,229,0,0.0,0.0
2307,33,No,Travel_Rarely,Research & Development,9,3,Medical,1,2308,Female,2,Manufacturing Director,Married,28990,1.0,Y,17,8,0,15.0,3,15,5,7,2.0,3.0,3.0,2,3,10.623160569105693,0.2867009451028364,2613.2975,246,246,399.2975,1.6231605691056912
2308,40,No,Travel_Rarely,Sales,5,5,Life Sciences,1,2309,Male,1,Manufacturing Director,Single,52310,1.0,Y,12,8,2,21.0,4,21,7,7,3.0,4.0,3.0,3,3,8.38660327339788,0.3092051636376846,2021.171388888889,241,216,1.036944444444444,0.0043026740433379
2309,24,No,Travel_Rarely,Sales,10,2,Marketing,1,2310,Male,1,Manufacturing Director,Divorced,23560,0.0,Y,13,8,0,2.0,5,1,0,0,3.0,1.0,3.0,3,3,6.112486111111111,0.3100297710235507,1466.996666666667,240,0,0.0,0.0
2310,40,No,Non-Travel,Research & Development,7,3,Medical,1,2311,Male,1,Research Scientist,Divorced,28000,3.0,Y,12,8,2,8.0,0,2,2,2,4.0,4.0,3.0,2,3,8.397320127504553,0.2982416141489401,2048.946111111111,244,224,0.4733333333333327,0.0019398907103825
2311,45,No,Travel_Rarely,Research & Development,4,3,Medical,1,2312,Female,3,Laboratory Technician,Divorced,118360,1.0,Y,22,8,0,10.0,2,10,7,7,1.0,2.0,3.0,4,4,6.563907163742691,0.305620651196403,1496.5708333333334,228,0,0.0,0.0
2312,35,No,Travel_Rarely,Research & Development,10,1,Life Sciences,1,2313,Male,1,Healthcare Representative,Married,109030,0.0,Y,11,8,0,6.0,3,5,4,2,2.0,3.0,3.0,4,3,7.803651927437642,0.3110264553895286,1911.8947222222223,245,66,0.0,0.0
2313,32,No,Travel_Rarely,Research & Development,22,4,Medical,1,2314,Male,1,Sales Executive,Married,29730,3.0,Y,22,8,0,12.0,0,7,2,5,4.0,2.0,3.0,4,4,7.286747538677919,0.3081957991130464,1726.9591666666668,237,2,0.0,0.0
2314,36,No,Travel_Rarely,Sales,9,3,Marketing,1,2315,Female,4,Research Scientist,Single,142750,3.0,Y,18,8,1,7.0,5,3,1,2,3.0,4.0,2.0,2,3,9.097270685579195,0.2753488474435009,2137.8586111111117,235,235,38.52166666666666,0.1639219858156028
2315,48,No,Travel_Rarely,Research & Development,12,4,Medical,1,2316,Male,1,Laboratory Technician,Divorced,55620,8.0,Y,13,8,1,18.0,2,8,7,7,3.0,3.0,3.0,3,3,7.873355696798493,0.3142416047260024,1858.1119444444444,236,84,0.0,0.0
2316,29,No,Travel_Rarely,Research & Development,23,4,Life Sciences,1,2317,Female,2,Healthcare Representative,Married,45370,6.0,Y,18,8,1,5.0,5,1,0,0,3.0,3.0,2.0,4,3,7.791838913148957,0.2984789090076556,1784.331111111111,229,59,0.0,0.0
2317,33,No,Travel_Rarely,Research & Development,9,1,Medical,1,2318,Male,1,Healthcare Representative,Married,76420,2.0,Y,20,8,1,8.0,2,2,2,2,1.0,1.0,1.0,2,4,7.097097622313672,0.2993210090027114,1724.594722222222,243,0,0.0,0.0
2318,30,Yes,Travel_Rarely,Research & Development,1,3,Other,1,2319,Male,3,Sales Executive,Married,179240,1.0,Y,13,8,2,10.0,2,10,6,7,2.0,1.0,3.0,3,3,7.3961793372319695,0.3097077599713184,1686.328888888889,228,7,0.0,0.0
2319,38,No,Travel_Frequently,Sales,9,3,Marketing,1,2320,Male,1,Manufacturing Director,Married,52040,3.0,Y,13,8,1,10.0,2,6,1,2,3.0,3.0,3.0,3,3,6.897724051211705,0.3082289209237424,1676.1469444444444,243,0,0.0,0.0
2320,35,No,Travel_Rarely,Sales,7,2,Life Sciences,1,2321,Male,1,Sales Executive,Single,22770,1.0,Y,12,8,1,3.0,2,3,1,2,4.0,1.0,3.0,3,3,6.7887954876273655,0.2929872701530767,1554.6341666666667,229,0,0.0,0.0
2321,30,No,Travel_Rarely,Research & Development,14,3,Technical Degree,1,2322,Male,5,Research Director,Married,27950,3.0,Y,13,8,0,9.0,4,4,1,3,3.0,2.0,3.0,3,3,6.514131179637788,0.3073200212574485,1478.707777777778,227,0,0.0,0.0
2322,35,Yes,Travel_Rarely,Research & Development,2,3,Medical,1,2323,Female,1,Research Scientist,Divorced,25320,1.0,Y,13,8,0,1.0,2,1,0,0,1.0,1.0,3.0,1,3,9.681411443494778,0.3092077274246052,2265.450277777778,234,234,159.725,0.6825854700854701
2323,53,Yes,Travel_Rarely,Research & Development,19,3,Life Sciences,1,2324,Male,2,Manager,Married,25590,0.0,Y,25,8,0,34.0,2,33,1,9,3.0,4.0,3.0,3,4,6.491736975564776,0.2660691376229565,1564.5086111111111,241,0,0.0,0.0
2324,38,Yes,Travel_Rarely,Research & Development,2,3,Medical,1,2325,Female,3,Sales Executive,Married,49080,4.0,Y,19,8,1,7.0,3,5,1,4,3.0,2.0,3.0,2,3,7.613203551912568,0.3017116189956373,1857.621666666667,244,23,0.0,0.0
2325,32,No,Non-Travel,Research & Development,10,4,Life Sciences,1,2326,Female,5,Research Scientist,Married,23800,4.0,Y,13,8,0,9.0,5,6,1,2,4.0,1.0,2.0,3,3,7.385480418943533,0.3087343514781953,1802.0572222222224,244,10,0.0,0.0
2326,48,No,Travel_Rarely,Research & Development,2,5,Life Sciences,1,2327,Male,1,Sales Executive,Married,47650,8.0,Y,12,8,1,10.0,4,8,7,6,3.0,1.0,2.0,3,3,7.093524154589372,0.284072042849386,1631.5105555555556,230,0,0.0,0.0
2327,34,No,Travel_Rarely,Research & Development,3,3,Life Sciences,1,2328,Male,2,Sales Executive,Single,20440,1.0,Y,11,8,0,1.0,2,1,0,0,1.0,4.0,1.0,3,3,7.419126461988305,0.3151209711935989,1691.5608333333334,228,7,0.0,0.0
2328,55,No,Travel_Rarely,Research & Development,11,1,Medical,1,2329,Female,1,Laboratory Technician,Married,26930,1.0,Y,18,8,0,36.0,6,36,2,13,3.0,4.0,3.0,2,3,6.409076113558492,0.2894896912517608,1454.8602777777778,227,0,0.0,0.0
2329,34,No,Travel_Rarely,Research & Development,2,2,Life Sciences,1,2330,Male,2,Research Scientist,Married,65860,9.0,Y,18,8,1,9.0,3,2,2,1,2.0,4.0,2.0,3,3,6.112743362831859,0.3132575156339539,1381.48,226,0,0.0,0.0
2330,26,No,Travel_Rarely,Research & Development,4,3,Life Sciences,1,2331,Male,1,Research Director,Married,32940,1.0,Y,11,8,0,1.0,6,1,0,0,1.0,4.0,3.0,3,3,7.309532775453277,0.3049423180770171,1746.9783333333332,239,1,0.0,0.0
2331,38,No,Travel_Rarely,Sales,14,2,Marketing,1,2332,Female,1,Sales Executive,Married,41710,0.0,Y,23,8,0,10.0,4,9,7,7,3.0,2.0,3.0,4,4,6.966947859744991,0.2897122857788269,1699.935277777778,244,0,0.0,0.0
2332,38,No,Travel_Rarely,Research & Development,2,3,Life Sciences,1,2333,Female,1,Manufacturing Director,Single,27780,2.0,Y,13,8,0,8.0,5,3,1,2,2.0,2.0,4.0,2,3,7.21000233426704,0.2863820616445884,1715.9805555555556,238,0,0.0,0.0
2333,36,No,Travel_Rarely,Human Resources,1,3,Human Resources,1,2334,Male,1,Research Scientist,Single,23770,6.0,Y,13,8,2,15.0,3,1,0,0,2.0,3.0,3.0,3,3,7.38565289648623,0.2921144570305471,1728.2427777777775,234,5,0.0,0.0
2334,29,No,Travel_Rarely,Research & Development,10,3,Life Sciences,1,2335,Male,1,Sales Representative,Single,24040,1.0,Y,17,8,0,10.0,3,10,1,5,2.0,1.0,3.0,2,3,8.066179971988795,0.2996481167047856,1919.7508333333333,238,145,0.0,0.0
2335,35,No,Travel_Rarely,Sales,12,2,Life Sciences,1,2336,Female,2,Sales Executive,Single,23180,3.0,Y,19,8,0,10.0,4,5,0,4,1.0,3.0,3.0,4,3,9.31344467885607,0.3120608574430857,2207.2863888888887,237,237,80.60583333333334,0.3401090014064697
2336,39,No,Travel_Rarely,Sales,2,2,Medical,1,2337,Female,1,Sales Executive,Married,20080,2.0,Y,12,8,0,11.0,3,7,7,6,4.0,3.0,3.0,3,3,7.799657651072125,0.2963368514803234,1778.3219444444444,228,60,0.0,0.0
2337,29,No,Travel_Frequently,Research & Development,5,1,Medical,1,2338,Female,1,Research Scientist,Divorced,62440,1.0,Y,22,8,0,6.0,3,6,1,3,1.0,4.0,4.0,3,4,6.81141339869281,0.3118218657390265,1621.1163888888889,238,0,0.0,0.0
2338,50,No,Travel_Rarely,Research & Development,4,2,Medical,1,2339,Female,1,Laboratory Technician,Married,27990,4.0,Y,12,8,1,27.0,0,1,0,0,3.0,3.0,3.0,1,3,9.386987810595404,0.2854118463949048,2224.716111111111,237,237,94.02055555555552,0.3967112048757617
2339,23,No,Travel_Rarely,Research & Development,7,2,Life Sciences,1,2340,Female,3,Manager,Married,105520,2.0,Y,11,8,0,4.0,2,2,2,2,4.0,3.0,3.0,3,3,6.714817670093,0.2933518712845666,1524.263611111111,227,0,0.0,0.0
2340,36,No,Travel_Frequently,Sales,21,3,Life Sciences,1,2341,Male,2,Human Resources,Married,23290,3.0,Y,15,8,0,9.0,2,3,0,2,1.0,1.0,3.0,3,3,9.199428946113494,0.2904470442450433,2143.4669444444444,233,233,56.32722222222223,0.2417477348593228
2341,42,No,Travel_Rarely,Research & Development,8,2,Life Sciences,1,2342,Female,5,Manager,Single,40140,8.0,Y,13,8,1,24.0,3,1,0,1,4.0,4.0,3.0,3,3,5.996066159520517,0.3273391617120986,1445.0519444444444,241,0,0.0,0.0
2342,35,No,Travel_Rarely,Sales,4,3,Medical,1,2343,Female,2,Laboratory Technician,Married,74030,1.0,Y,12,8,1,10.0,4,10,6,8,2.0,3.0,2.0,3,3,6.42009219348659,0.2944746480488197,1489.461388888889,232,0,0.0,0.0
2343,34,No,Travel_Frequently,Research & Development,25,1,Life Sciences,1,2344,Female,1,Manager,Married,22590,1.0,Y,14,8,0,8.0,2,8,7,7,4.0,3.0,2.0,3,3,6.023118239921337,0.3136660278936474,1361.2247222222222,226,0,0.0,0.0
2344,40,No,Travel_Rarely,Research & Development,1,4,Life Sciences,1,2345,Male,2,Laboratory Technician,Married,69320,1.0,Y,13,8,0,5.0,5,5,1,2,4.0,1.0,3.0,3,3,6.508975256769375,0.2863549142352494,1549.1361111111112,238,0,0.0,0.0
2345,43,No,Travel_Rarely,Research & Development,1,1,Other,1,2346,Male,1,Manager,Divorced,46780,5.0,Y,25,8,1,8.0,0,6,0,2,4.0,2.0,3.0,4,4,6.996113465160076,0.3098669482296425,1651.082777777778,236,0,0.0,0.0
2346,35,No,Travel_Rarely,Sales,6,3,Marketing,1,2347,Female,3,Sales Representative,Married,135820,1.0,Y,17,8,1,1.0,3,1,0,1,3.0,4.0,2.0,2,3,7.355165198237885,0.3248223429632962,1669.6225,227,4,0.0,0.0
2347,46,No,Travel_Rarely,Research & Development,12,4,Technical Degree,1,2348,Male,1,Laboratory Technician,Single,23320,1.0,Y,11,8,0,27.0,2,26,0,12,4.0,1.0,1.0,3,3,6.600259502923977,0.2894007041885492,1504.8591666666666,228,0,0.0,0.0
2348,28,Yes,Travel_Rarely,Human Resources,1,3,Medical,1,2349,Female,2,Laboratory Technician,Married,24130,1.0,Y,16,8,1,1.0,2,1,0,0,3.0,2.0,3.0,3,3,8.397721755368813,0.295555522684681,1998.6577777777777,238,219,0.375,0.0015756302521008
2349,22,No,Non-Travel,Sales,17,2,Marketing,1,2350,Male,3,Sales Executive,Married,97050,1.0,Y,18,8,2,4.0,3,4,1,3,2.0,3.0,2.0,2,3,8.8755463728191,0.2920682079405445,2147.882222222222,242,242,16.054722222222217,0.0663418273645546
2350,50,No,Travel_Frequently,Research & Development,3,3,Other,1,2351,Male,2,Research Scientist,Married,42940,2.0,Y,20,8,0,32.0,2,30,12,13,2.0,3.0,3.0,2,4,9.396084770114944,0.3124467438527277,2179.891666666667,232,232,94.90805555555556,0.4090864463601533
2351,32,No,Travel_Rarely,Research & Development,3,2,Life Sciences,1,2352,Male,3,Research Scientist,Married,47210,3.0,Y,14,8,1,6.0,3,3,0,2,2.0,4.0,3.0,3,3,6.289856973995271,0.2986618426272703,1478.1163888888889,235,0,0.0,0.0
2352,44,No,Travel_Rarely,Research & Development,10,3,Technical Degree,1,2353,Male,3,Manager,Divorced,25190,0.0,Y,21,8,2,23.0,2,22,1,10,2.0,4.0,2.0,3,4,8.780275462962964,0.2746534287227832,2107.266111111111,240,240,8.338055555555556,0.0347418981481481
2353,30,No,Travel_Rarely,Research & Development,4,3,Medical,1,2354,Female,1,Research Director,Married,21210,1.0,Y,13,8,1,6.0,2,6,1,1,2.0,2.0,2.0,3,3,6.612596200096201,0.2873258768698809,1527.5097222222223,231,0,0.0,0.0
2354,45,No,Travel_Rarely,Sales,29,2,Technical Degree,1,2355,Female,2,Research Scientist,Single,29730,1.0,Y,12,8,0,10.0,2,10,1,4,3.0,1.0,3.0,3,3,8.90795908879591,0.3008777211014623,2129.0022222222224,239,238,18.742222222222225,0.078419339841934
2355,45,No,Non-Travel,Sales,2,4,Life Sciences,1,2356,Male,2,Manufacturing Director,Married,58550,1.0,Y,14,8,1,10.0,3,10,4,5,1.0,1.0,3.0,2,3,7.881596648301194,0.3056121409233772,1907.346388888889,242,85,0.0,0.0
2356,31,No,Travel_Frequently,Research & Development,7,3,Medical,1,2357,Male,2,Research Scientist,Single,36170,7.0,Y,21,8,1,10.0,5,5,0,3,4.0,1.0,3.0,3,4,7.217484230955846,0.3020939016221806,1652.8038888888889,229,0,0.0,0.0
2357,36,No,Travel_Rarely,Research & Development,18,1,Medical,1,2358,Male,2,Manufacturing Director,Married,67250,9.0,Y,17,8,1,7.0,3,3,1,1,3.0,3.0,3.0,3,3,10.913562948028677,0.3092474007140784,2706.563611111111,248,248,474.56361111111113,1.913562948028674
2358,34,No,Travel_Frequently,Sales,28,4,Marketing,1,2359,Male,5,Manufacturing Director,Divorced,103250,1.0,Y,11,8,1,9.0,3,9,7,2,3.0,4.0,3.0,2,3,6.067014814814815,0.3074454286186141,1365.0783333333334,225,0,0.0,0.0
2359,49,No,Travel_Rarely,Research & Development,1,4,Life Sciences,1,2360,Male,3,Healthcare Representative,Married,69490,1.0,Y,14,8,1,10.0,2,9,1,4,3.0,1.0,2.0,3,3,7.268998178506376,0.2863649551520193,1773.6355555555556,244,2,0.0,0.0
2360,39,No,Travel_Rarely,Research & Development,6,2,Life Sciences,1,2361,Male,3,Research Scientist,Married,106090,2.0,Y,17,8,1,10.0,2,7,7,7,2.0,1.0,3.0,3,3,6.571264749262537,0.2963490635090182,1485.1058333333333,226,0,0.0,0.0
2361,27,No,Travel_Rarely,Research & Development,2,1,Life Sciences,1,2362,Male,4,Research Scientist,Divorced,44470,1.0,Y,13,8,0,7.0,4,7,0,7,4.0,1.0,3.0,3,3,6.109443247126437,0.3163966749597017,1417.3908333333334,232,0,0.0,0.0
2362,35,No,Travel_Rarely,Research & Development,2,3,Medical,1,2363,Female,2,Sales Executive,Married,21570,1.0,Y,25,8,0,16.0,1,16,1,10,2.0,1.0,3.0,2,4,7.590426328502415,0.3219052859270281,1745.7980555555555,230,26,0.0,0.0
2363,28,No,Travel_Rarely,Research & Development,23,3,Life Sciences,1,2364,Male,3,Manufacturing Director,Divorced,46010,0.0,Y,15,8,2,6.0,2,5,0,0,2.0,1.0,2.0,3,3,7.4313206214689265,0.295159461107949,1753.7916666666667,236,6,0.0,0.0
2364,21,No,Travel_Rarely,Research & Development,3,1,Life Sciences,1,2365,Female,1,Laboratory Technician,Single,170990,1.0,Y,14,8,1,3.0,2,2,2,2,3.0,4.0,3.0,3,3,7.932450023245003,0.2967039367911213,1895.855555555556,239,93,0.0,0.0
2365,18,Yes,Travel_Frequently,Research & Development,3,5,Medical,1,2366,Male,1,Research Director,Single,24790,2.0,Y,12,8,1,0.0,2,0,0,0,2.0,4.0,4.0,2,3,8.383343037360504,0.2932277388127744,1919.7855555555557,229,208,0.3652777777777789,0.0015950994662785
2366,47,No,Travel_Rarely,Research & Development,25,4,Medical,1,2367,Male,2,Research Scientist,Married,148520,3.0,Y,19,8,3,27.0,3,5,1,0,4.0,3.0,3.0,2,3,6.011422413793104,0.2780888161314366,1394.65,232,0,0.0,0.0
2367,39,No,Travel_Rarely,Sales,2,4,Life Sciences,1,2368,Male,1,Laboratory Technician,Divorced,72640,0.0,Y,17,8,0,10.0,5,10,0,7,3.0,3.0,3.0,3,3,6.894523107177975,0.2981961853848711,1558.1622222222222,226,0,0.0,0.0
2368,40,No,Travel_Rarely,Research & Development,22,1,Life Sciences,1,2369,Male,1,Laboratory Technician,Married,56660,1.0,Y,14,8,1,18.0,2,18,14,12,1.0,3.0,3.0,3,3,7.528335717691941,0.3147774525105316,1754.1022222222225,233,16,0.0,0.0
2369,35,No,Non-Travel,Research & Development,29,3,Medical,1,2370,Female,2,Sales Executive,Married,78230,1.0,Y,13,8,1,15.0,3,14,2,9,3.0,3.0,3.0,3,3,6.192031400966183,0.3098488983081287,1424.167222222222,230,0,0.0,0.0
2370,37,No,Travel_Rarely,Research & Development,29,4,Technical Degree,1,2371,Male,1,Laboratory Technician,Married,78800,3.0,Y,12,8,1,9.0,2,4,0,2,3.0,3.0,2.0,4,3,8.02385815118397,0.301459073989317,1957.8213888888888,244,136,0.0,0.0
2371,39,No,Travel_Frequently,Research & Development,2,3,Technical Degree,1,2372,Female,2,Manager,Single,131940,0.0,Y,11,8,0,10.0,2,9,3,8,1.0,3.0,1.0,3,3,6.660232860520095,0.2658728588552325,1565.1547222222223,235,0,0.0,0.0
2372,45,No,Travel_Rarely,Research & Development,28,3,Life Sciences,1,2373,Female,2,Laboratory Technician,Divorced,50670,1.0,Y,11,8,2,10.0,3,10,3,9,4.0,4.0,3.0,2,3,7.326619990892532,0.300230245832605,1787.6952777777778,244,6,0.0,0.0
2373,38,No,Travel_Rarely,Research & Development,2,4,Life Sciences,1,2374,Female,3,Sales Executive,Married,50790,3.0,Y,11,8,0,10.0,3,5,0,2,4.0,3.0,4.0,3,3,9.60052240512117,0.3004452902652568,2332.9269444444444,243,243,146.44944444444445,0.6026726108824875
2374,35,Yes,Travel_Rarely,Research & Development,2,3,Life Sciences,1,2375,Male,3,Healthcare Representative,Married,23210,9.0,Y,12,8,1,15.0,0,13,6,0,4.0,1.0,3.0,3,3,5.999986942070275,0.322310454269141,1403.9969444444444,234,0,0.0,0.0
2375,37,No,Travel_Rarely,Research & Development,22,3,Life Sciences,1,2376,Female,2,Healthcare Representative,Married,174440,1.0,Y,14,8,0,8.0,4,8,7,7,2.0,2.0,1.0,3,3,7.986035024154589,0.2999126565123506,1836.7880555555555,230,109,0.0502777777777776,0.0002185990338164
2376,40,No,Travel_Rarely,Research & Development,8,3,Technical Degree,1,2377,Female,2,Healthcare Representative,Single,24040,6.0,Y,17,8,0,18.0,2,4,3,3,3.0,4.0,2.0,2,3,9.199227316836488,0.2774259437784823,2106.623055555556,229,229,54.22027777777779,0.2367697719553615
2377,44,No,Travel_Frequently,Sales,2,2,Marketing,1,2378,Male,1,Laboratory Technician,Married,34520,4.0,Y,11,8,1,14.0,2,10,0,2,1.0,4.0,3.0,2,3,8.615238961669093,0.3038301795810942,1972.8897222222224,229,223,3.115555555555556,0.013605046094129
2378,48,No,Travel_Frequently,Sales,10,4,Marketing,1,2379,Female,3,Manager,Married,22700,2.0,Y,14,8,3,23.0,2,2,2,2,3.0,4.0,3.0,3,3,7.076158564814815,0.2954102068710021,1698.2780555555555,240,0,0.0,0.0
2379,35,Yes,Travel_Rarely,Research & Development,9,3,Life Sciences,1,2380,Male,2,Manager,Divorced,173990,6.0,Y,12,8,0,7.0,3,2,2,2,3.0,4.0,2.0,1,3,10.702550607287453,0.3134217254900175,2643.53,247,247,420.53,1.7025506072874494
2380,24,No,Travel_Frequently,Research & Development,15,3,Life Sciences,1,2381,Male,2,Research Scientist,Single,54880,1.0,Y,22,8,1,6.0,6,6,1,3,1.0,4.0,3.0,3,4,8.66787419651056,0.2884642424417478,2097.625555555556,242,240,4.936666666666666,0.0203994490358126
2381,27,No,Travel_Rarely,Sales,10,4,Life Sciences,1,2382,Male,3,Sales Executive,Married,194190,7.0,Y,14,8,1,5.0,2,3,0,2,2.0,3.0,3.0,1,3,7.234342706904435,0.2879607596409257,1757.9452777777778,243,1,0.0,0.0
2382,27,No,Travel_Frequently,Research & Development,7,3,Life Sciences,1,2383,Male,1,Research Scientist,Single,28110,2.0,Y,20,8,0,6.0,3,4,1,2,4.0,4.0,2.0,3,4,6.421498792270532,0.3136316111631183,1476.9447222222225,230,0,0.0,0.0
2383,40,Yes,Travel_Rarely,Sales,16,4,Marketing,1,2384,Male,1,Research Director,Single,36330,3.0,Y,16,8,2,10.0,0,4,0,3,1.0,1.0,1.0,3,3,10.471295918367348,0.2752452199595377,2565.4675,245,245,360.4675,1.471295918367347
2384,29,No,Travel_Rarely,Research & Development,20,1,Medical,1,2385,Female,2,Manager,Single,41630,9.0,Y,15,8,1,8.0,4,5,1,4,3.0,3.0,3.0,2,3,7.3178529143898,0.313552147968423,1785.556111111111,244,4,0.0,0.0
2385,36,No,Travel_Rarely,Research & Development,23,3,Life Sciences,1,2386,Female,3,Sales Executive,Married,21320,4.0,Y,20,8,0,9.0,1,3,0,2,2.0,1.0,3.0,2,4,7.927488568815729,0.2824336225454897,1926.3797222222224,243,95,0.0,0.0
2386,25,No,Travel_Frequently,Sales,5,1,Marketing,1,2387,Male,4,Manufacturing Director,Divorced,139730,1.0,Y,14,8,0,7.0,3,7,0,7,4.0,3.0,3.0,2,3,6.126019736842106,0.3250814312897251,1396.7325,228,0,0.0,0.0
2387,39,No,Travel_Rarely,Sales,10,3,Marketing,1,2388,Female,2,Research Director,Married,26840,4.0,Y,12,8,0,7.0,2,5,1,0,4.0,2.0,3.0,3,3,6.755457302280447,0.2723992469703651,1546.9997222222223,229,0,0.0,0.0
2388,49,No,Travel_Rarely,Sales,4,2,Life Sciences,1,2389,Male,2,Research Director,Married,108450,3.0,Y,24,8,0,27.0,4,4,1,2,1.0,2.0,3.0,2,4,7.779442028985508,0.313913354097278,1789.2716666666668,230,58,0.0,0.0
2389,50,No,Travel_Rarely,Research & Development,2,2,Medical,1,2390,Male,3,Sales Executive,Divorced,43770,5.0,Y,12,8,1,19.0,2,14,1,11,4.0,1.0,3.0,2,3,7.804605200945627,0.3079512324958465,1834.0822222222223,235,71,0.0,0.0
2390,20,No,Travel_Rarely,Research & Development,18,4,Medical,1,2391,Female,2,Sales Executive,Single,37430,1.0,Y,13,8,1,2.0,2,2,2,2,3.0,3.0,3.0,3,3,6.620019323671498,0.2979493676906091,1522.6044444444444,230,0,0.0,0.0
2391,34,No,Travel_Rarely,Research & Development,10,3,Medical,1,2392,Male,3,Laboratory Technician,Divorced,41480,1.0,Y,11,8,0,11.0,3,11,7,9,4.0,2.0,3.0,3,3,7.673401600753296,0.317021266635847,1810.9227777777776,236,36,0.0,0.0
2392,36,No,Travel_Rarely,Research & Development,1,3,Life Sciences,1,2393,Female,2,Healthcare Representative,Single,10510,2.0,Y,14,8,0,15.0,2,4,1,3,1.0,2.0,3.0,3,3,5.97903727445394,0.2997907394131879,1399.094722222222,234,0,0.0,0.0
2393,49,No,Travel_Rarely,Human Resources,6,2,Life Sciences,1,2394,Female,2,Research Scientist,Married,107390,2.0,Y,11,8,3,30.0,3,15,2,12,3.0,3.0,3.0,3,3,8.466084379358438,0.3049622628922737,2023.3941666666667,239,227,1.446944444444446,0.006054160855416
2394,36,No,Non-Travel,Research & Development,8,4,Life Sciences,1,2395,Male,4,Laboratory Technician,Married,103880,0.0,Y,14,8,0,4.0,2,3,1,2,4.0,3.0,3.0,3,3,8.007373842592592,0.30594401868105,1921.7697222222223,240,125,0.0,0.0
2395,36,No,Travel_Rarely,Research & Development,2,2,Medical,1,2396,Female,2,Healthcare Representative,Divorced,114160,6.0,Y,16,8,0,13.0,2,5,0,4,4.0,1.0,3.0,3,3,6.281566713156671,0.3011339700470132,1501.2944444444445,239,0,0.0,0.0
2396,54,No,Travel_Rarely,Sales,24,3,Marketing,1,2397,Male,1,Laboratory Technician,Married,26000,3.0,Y,14,8,0,36.0,5,10,4,7,2.0,3.0,3.0,3,3,7.595829694323144,0.3291302346988433,1739.445,229,20,0.0,0.0
2397,43,No,Travel_Rarely,Research & Development,2,4,Life Sciences,1,2398,Female,1,Research Scientist,Married,24220,1.0,Y,11,8,1,14.0,2,14,6,11,3.0,3.0,3.0,3,3,7.581850262279447,0.2737085470694856,1766.5711111111111,233,13,0.0,0.0
2398,35,Yes,Travel_Frequently,Research & Development,17,4,Medical,1,2399,Male,1,Research Director,Single,54720,3.0,Y,11,8,1,13.0,3,11,6,7,4.0,4.0,4.0,2,3,8.39245527306968,0.2906917229495136,1980.6194444444443,236,212,0.299722222222222,0.0012700094161958
2399,38,No,Travel_Frequently,Research & Development,19,2,Life Sciences,1,2400,Male,2,Research Scientist,Married,24510,7.0,Y,12,8,1,19.0,3,13,2,9,4.0,4.0,4.0,3,3,7.190964791952446,0.3083752249523177,1747.4044444444444,243,1,0.0,0.0
2400,29,No,Travel_Rarely,Research & Development,1,2,Medical,1,2401,Male,2,Sales Representative,Divorced,42400,1.0,Y,14,8,0,10.0,2,10,0,9,1.0,2.0,2.0,2,3,10.692972910927455,0.3174180715809431,2587.6994444444445,242,242,409.69944444444445,1.6929729109274565
2401,33,No,Travel_Rarely,Research & Development,7,3,Medical,1,2402,Male,5,Sales Executive,Divorced,109990,1.0,Y,18,8,3,6.0,3,6,0,4,4.0,4.0,3.0,2,3,6.363958333333334,0.30556317057102,1450.9825,228,0,0.0,0.0
2402,32,No,Travel_Rarely,Research & Development,5,4,Technical Degree,1,2403,Male,5,Research Scientist,Divorced,50030,0.0,Y,13,8,0,10.0,5,9,1,6,4.0,2.0,2.0,3,3,6.588329889807162,0.2954171319961457,1594.3758333333333,242,0,0.0,0.0
2403,31,No,Travel_Rarely,Research & Development,28,4,Technical Degree,1,2404,Female,2,Sales Executive,Married,127420,1.0,Y,11,8,0,10.0,4,10,0,2,1.0,4.0,3.0,2,3,7.418722451790634,0.3048613315866684,1795.3308333333334,242,8,0.0,0.0
2404,49,No,Travel_Rarely,Research & Development,2,4,Medical,1,2405,Male,1,Laboratory Technician,Divorced,42270,4.0,Y,18,8,0,17.0,3,2,2,2,4.0,1.0,2.0,2,3,9.698152664859984,0.3022771391676287,2385.745555555556,246,246,171.89972222222224,0.6987793586269196
2405,38,No,Travel_Frequently,Sales,29,2,Medical,1,2406,Female,1,Sales Executive,Single,39170,1.0,Y,15,8,3,4.0,2,4,3,3,4.0,2.0,3.0,3,3,7.830377068557919,0.2821996760479563,1840.138611111111,235,60,0.0,0.0
2406,47,No,Travel_Rarely,Research & Development,1,4,Medical,1,2407,Male,3,Laboratory Technician,Divorced,183030,6.0,Y,22,8,1,29.0,2,3,1,2,2.0,2.0,3.0,2,4,6.737826867816091,0.316351445892685,1563.1758333333332,232,0,0.0,0.0
2407,49,No,Travel_Rarely,Research & Development,21,3,Medical,1,2408,Male,2,Manufacturing Director,Single,23800,4.0,Y,13,8,0,23.0,3,8,0,0,3.0,3.0,3.0,1,3,6.414545873674505,0.298805044619098,1545.9055555555556,241,0,0.0,0.0
2408,41,No,Travel_Rarely,Research & Development,24,4,Life Sciences,1,2409,Female,4,Manager,Single,137260,3.0,Y,12,8,0,21.0,6,2,0,2,4.0,3.0,3.0,4,3,10.988097643097642,0.2934493483161342,2538.250555555556,231,231,459.25055555555554,1.988097643097643
2409,20,No,Travel_Rarely,Research & Development,1,3,Life Sciences,1,2410,Male,1,Sales Representative,Single,47770,1.0,Y,18,8,1,2.0,3,2,0,2,4.0,1.0,3.0,3,3,7.6711191129401,0.3076928147563972,1864.0819444444444,243,31,0.0,0.0
2410,33,No,Non-Travel,Research & Development,18,2,Medical,1,2411,Female,2,Healthcare Representative,Divorced,63850,1.0,Y,13,8,0,7.0,6,6,1,2,3.0,4.0,3.0,2,3,9.468951760402376,0.2887305186308916,2300.9552777777776,243,243,115.4697222222222,0.475184042066758
2411,36,No,Travel_Rarely,Research & Development,2,2,Technical Degree,1,2412,Male,3,Sales Executive,Married,199730,6.0,Y,12,8,0,10.0,2,3,0,2,1.0,3.0,2.0,3,3,5.988968089990817,0.300419339054975,1449.3302777777778,242,0,0.0,0.0
2412,44,No,Travel_Rarely,Research & Development,9,3,Technical Degree,1,2413,Female,3,Healthcare Representative,Divorced,68610,4.0,Y,12,8,0,8.0,2,2,2,2,3.0,4.0,3.0,2,3,8.491249418874942,0.3111014694743612,2029.4086111111112,239,227,1.1313888888888908,0.0047338447233844
2413,23,Yes,Travel_Rarely,Human Resources,6,3,Life Sciences,1,2414,Female,3,Laboratory Technician,Single,49690,1.0,Y,12,8,0,5.0,3,5,1,2,4.0,3.0,3.0,3,3,8.12734473556526,0.3016617139354156,1861.1619444444443,229,147,0.0,0.0
2414,38,No,Travel_Rarely,Research & Development,11,2,Life Sciences,1,2415,Male,1,Sales Executive,Married,198450,7.0,Y,11,8,1,7.0,3,0,0,0,4.0,3.0,2.0,3,3,7.387090220385675,0.3008868961438069,1787.6758333333332,242,5,0.0,0.0
2415,53,No,Travel_Rarely,Research & Development,24,3,Life Sciences,1,2416,Male,4,Research Director,Married,133200,3.0,Y,11,8,0,11.0,2,4,1,2,2.0,4.0,3.0,3,3,8.002307692307692,0.275886788238724,1872.54,234,116,0.0,0.0
2416,48,Yes,Travel_Frequently,Sales,10,2,Marketing,1,2417,Male,1,Healthcare Representative,Married,63470,2.0,Y,12,8,1,19.0,3,9,7,7,4.0,3.0,3.0,1,3,9.926055786076532,0.293998079751519,2392.1794444444445,241,241,223.17944444444447,0.926055786076533
2417,32,Yes,Travel_Rarely,Sales,1,3,Life Sciences,1,2418,Male,2,Research Scientist,Single,27430,1.0,Y,19,8,1,1.0,2,1,0,0,4.0,2.0,3.0,3,3,7.488606259097525,0.3033739168207346,1714.8908333333334,229,12,0.0,0.0
2418,26,No,Non-Travel,Research & Development,18,2,Medical,1,2419,Male,1,Human Resources,Single,108800,1.0,Y,23,8,1,7.0,5,7,5,7,4.0,4.0,3.0,3,4,7.173929738562091,0.2870913117249501,1707.3952777777777,238,1,0.0,0.0
2419,55,No,Travel_Rarely,Research & Development,23,1,Life Sciences,1,2420,Male,5,Laboratory Technician,Divorced,23420,5.0,Y,11,8,2,8.0,2,4,1,2,1.0,2.0,3.0,3,3,7.686730955846676,0.3217474702639401,1760.2613888888889,229,39,0.0,0.0
2420,34,No,Travel_Rarely,Sales,28,3,Life Sciences,1,2421,Female,2,Research Scientist,Married,176500,1.0,Y,19,8,1,15.0,6,15,4,13,2.0,4.0,4.0,1,3,7.9967980009298,0.3075599658240425,1911.2347222222224,239,116,0.0,0.0
2421,60,No,Travel_Rarely,Sales,17,4,Medical,1,2422,Male,1,Manager,Divorced,40250,3.0,Y,13,8,1,19.0,5,1,0,0,3.0,4.0,4.0,2,3,6.19178280651341,0.2981803482958206,1436.493611111111,232,0,0.0,0.0
2422,33,No,Travel_Rarely,Sales,3,3,Life Sciences,1,2423,Male,3,Manager,Married,97250,1.0,Y,11,8,0,14.0,0,14,2,13,2.0,2.0,3.0,3,3,7.78063557384545,0.3087454320068277,1890.6944444444443,243,56,0.0,0.0
2423,37,No,Travel_Frequently,Research & Development,13,3,Life Sciences,1,2424,Male,1,Laboratory Technician,Divorced,119040,1.0,Y,12,8,1,6.0,4,6,1,3,3.0,4.0,2.0,3,3,6.484710351377018,0.2952022854420514,1517.4222222222222,234,0,0.0,0.0
2424,34,No,Travel_Rarely,Research & Development,7,2,Life Sciences,1,2425,Male,1,Healthcare Representative,Married,21770,1.0,Y,13,8,0,10.0,5,10,8,7,2.0,4.0,3.0,3,3,7.116946721311476,0.2806558547481723,1736.535,244,0,0.0,0.0
2425,23,Yes,Travel_Rarely,Research & Development,12,2,Medical,1,2426,Male,2,Research Scientist,Divorced,75250,1.0,Y,14,8,2,3.0,2,3,0,2,3.0,4.0,3.0,3,3,9.21426044634378,0.3122375729188888,2156.1369444444445,234,234,60.5563888888889,0.2587879867046534
2426,44,No,Travel_Rarely,Human Resources,1,3,Life Sciences,1,2427,Male,1,Research Scientist,Married,48340,1.0,Y,14,8,0,9.0,1,8,6,7,3.0,4.0,3.0,4,3,8.4743629476584,0.290746037751607,2050.795833333333,242,228,0.9438888888888872,0.0039003673094582
2427,35,No,Travel_Frequently,Research & Development,13,3,Life Sciences,1,2428,Male,3,Sales Executive,Single,20420,0.0,Y,16,8,0,6.0,2,5,1,4,1.0,4.0,4.0,3,3,8.168764124293785,0.2694909871757772,1927.8283333333331,236,168,0.0,0.0
2428,43,No,Travel_Rarely,Research & Development,25,4,Life Sciences,1,2429,Male,2,Sales Executive,Married,22200,1.0,Y,11,8,0,10.0,2,10,8,8,4.0,4.0,3.0,1,3,8.106120857699805,0.2978219721722842,1848.1955555555555,228,146,0.0,0.0
2429,24,No,Travel_Rarely,Research & Development,6,3,Life Sciences,1,2430,Male,3,Sales Executive,Married,10520,1.0,Y,13,8,0,5.0,3,5,0,4,3.0,3.0,3.0,3,3,6.718498817966903,0.3075243973163467,1578.8472222222222,235,0,0.0,0.0
2430,41,No,Travel_Rarely,Sales,6,4,Marketing,1,2431,Male,1,Research Scientist,Single,28210,1.0,Y,17,8,0,10.0,3,10,8,7,4.0,3.0,3.0,3,3,6.988722943722944,0.3179454968315517,1614.395,231,0,0.0,0.0
2431,29,No,Travel_Rarely,Research & Development,2,2,Life Sciences,1,2432,Male,2,Research Scientist,Married,192370,9.0,Y,11,8,1,9.0,2,5,1,2,4.0,3.0,3.0,3,3,7.874943236714976,0.2861087754197589,1811.2369444444444,230,87,0.0,0.0
2432,36,No,Travel_Rarely,Human Resources,1,4,Life Sciences,1,2433,Female,3,Research Scientist,Single,41070,3.0,Y,11,8,1,17.0,2,13,6,7,3.0,4.0,2.0,1,3,6.298267085076708,0.3043186690946003,1505.2858333333334,239,0,0.0,0.0
2433,45,No,Non-Travel,Sales,2,3,Life Sciences,1,2434,Female,2,Manufacturing Director,Married,83960,3.0,Y,15,8,2,25.0,3,23,14,4,3.0,3.0,2.0,2,3,6.324778481012658,0.2773648497910057,1498.9725,237,0,0.0,0.0
2434,24,Yes,Travel_Rarely,Sales,6,2,Medical,1,2435,Female,2,Manager,Married,20070,1.0,Y,12,8,0,1.0,2,1,0,0,4.0,3.0,3.0,2,3,6.430741134751773,0.279313563161503,1511.2241666666666,235,0,0.0,0.0
2435,47,Yes,Travel_Frequently,Research & Development,1,3,Medical,1,2436,Female,2,Sales Executive,Married,196270,7.0,Y,11,8,2,25.0,1,23,14,10,3.0,3.0,1.0,3,3,6.796874090247453,0.3036780242068385,1556.4841666666666,229,0,0.0,0.0
2436,26,No,Travel_Rarely,Research & Development,9,1,Medical,1,2437,Male,1,Sales Executive,Married,106860,1.0,Y,14,8,1,3.0,2,3,0,2,4.0,3.0,4.0,3,3,7.681713534522176,0.3034120018620075,1866.6563888888888,243,37,0.0,0.0
2437,45,No,Travel_Rarely,Research & Development,1,4,Life Sciences,1,2438,Male,1,Research Director,Single,29420,1.0,Y,22,8,1,21.0,4,21,8,6,4.0,2.0,3.0,3,4,6.625135233918129,0.2927041409786388,1510.5308333333332,228,0,0.0,0.0
2438,32,No,Travel_Frequently,Sales,1,1,Marketing,1,2439,Male,2,Laboratory Technician,Married,88580,6.0,Y,16,8,1,10.0,2,5,1,3,1.0,3.0,2.0,3,3,6.893607565011821,0.2777030531981006,1619.997777777778,235,0,0.0,0.0
2439,31,No,Travel_Rarely,Research & Development,14,2,Life Sciences,1,2440,Male,1,Sales Executive,Married,167560,1.0,Y,11,8,2,6.0,5,5,0,3,2.0,3.0,4.0,3,3,7.198543735224586,0.3066016707586553,1691.6577777777777,235,0,0.0,0.0
2440,41,No,Non-Travel,Sales,2,2,Medical,1,2441,Male,2,Research Scientist,Married,107980,6.0,Y,14,8,2,10.0,5,3,1,2,3.0,2.0,3.0,1,3,7.69978044638525,0.296077693294581,1763.2497222222223,229,33,0.0,0.0
2441,40,No,Travel_Rarely,Research & Development,22,2,Technical Degree,1,2442,Male,1,Healthcare Representative,Married,23230,2.0,Y,16,8,1,18.0,2,1,0,0,2.0,1.0,3.0,3,3,9.824216149347729,0.2944531380073781,2426.581388888889,247,247,203.58138888888888,0.8242161493477282
2442,24,No,Travel_Rarely,Research & Development,3,3,Life Sciences,1,2443,Female,1,Research Scientist,Divorced,14160,1.0,Y,15,8,1,6.0,3,6,1,2,2.0,1.0,4.0,2,3,6.013961202938475,0.3219718520028403,1455.378611111111,242,0,0.0,0.0
2443,46,No,Travel_Rarely,Research & Development,6,3,Medical,1,2444,Male,4,Sales Executive,Single,46150,6.0,Y,12,8,0,19.0,3,10,0,9,3.0,2.0,3.0,2,3,7.563393458393458,0.3054598319413637,1747.1438888888888,231,19,0.0,0.0
2444,35,No,Travel_Rarely,Sales,8,4,Life Sciences,1,2445,Male,1,Laboratory Technician,Married,24610,2.0,Y,20,8,1,17.0,4,7,0,7,4.0,3.0,3.0,3,4,7.413913043478261,0.2859773080786519,1705.2,230,6,0.0,0.0
2445,30,No,Travel_Rarely,Sales,9,4,Marketing,1,2446,Male,1,Laboratory Technician,Married,87220,1.0,Y,17,8,1,10.0,3,10,0,8,2.0,4.0,2.0,3,3,7.298294175232501,0.2801389638350388,1656.7127777777778,227,2,0.0,0.0
2446,47,No,Non-Travel,Research & Development,3,2,Life Sciences,1,2447,Female,2,Sales Executive,Married,39550,7.0,Y,12,8,1,4.0,5,1,0,0,3.0,2.0,1.0,3,3,7.683868086147822,0.3073857573352619,1744.2380555555555,227,38,0.0,0.0
2447,46,No,Travel_Rarely,Research & Development,1,4,Technical Degree,1,2448,Female,3,Sales Executive,Divorced,99570,4.0,Y,20,8,0,13.0,1,10,0,3,3.0,4.0,2.0,3,4,9.79296449976948,0.3037440256146983,2360.1044444444447,241,241,191.20722222222224,0.7933909635776857
2448,36,Yes,Travel_Rarely,Research & Development,1,3,Medical,1,2449,Male,2,Manufacturing Director,Divorced,33760,5.0,Y,20,8,0,16.0,3,2,2,2,2.0,1.0,3.0,3,4,10.406761133603238,0.2905796664087773,2570.47,247,247,347.47,1.406761133603239
2449,32,Yes,Travel_Rarely,Research & Development,26,3,Medical,1,2450,Female,2,Research Director,Single,88230,6.0,Y,13,8,2,10.0,3,0,0,0,1.0,2.0,3.0,3,3,7.000198087431694,0.2891396362626999,1708.0483333333334,244,0,0.0,0.0
2450,23,No,Travel_Rarely,Sales,6,4,Life Sciences,1,2451,Male,3,Manufacturing Director,Single,103220,1.0,Y,14,8,2,3.0,2,3,1,2,3.0,2.0,1.0,3,3,6.011363425925926,0.3148023595685863,1442.7272222222225,240,0,0.0,0.0
2451,31,No,Travel_Frequently,Sales,3,3,Marketing,1,2452,Male,2,Sales Executive,Single,46210,2.0,Y,18,8,1,9.0,3,5,1,4,4.0,4.0,2.0,3,3,6.504944903581268,0.2989572588609924,1574.1966666666667,242,0,0.0,0.0
2452,39,No,Non-Travel,Research & Development,3,3,Life Sciences,1,2453,Female,2,Manufacturing Director,Married,109760,1.0,Y,11,8,0,9.0,3,9,5,8,4.0,4.0,3.0,2,3,10.174394353369763,0.2985724568858688,2482.552222222222,244,244,286.5522222222222,1.1743943533697632
2453,32,No,Travel_Rarely,Research & Development,6,3,Technical Degree,1,2454,Male,1,Research Scientist,Married,36600,3.0,Y,11,8,2,10.0,0,4,0,2,4.0,3.0,1.0,2,3,7.647353556485355,0.2880649530067389,1827.7175,239,30,0.0,0.0
2454,40,No,Travel_Rarely,Sales,6,3,Life Sciences,1,2455,Male,3,Manufacturing Director,Single,104820,1.0,Y,11,8,1,21.0,6,21,12,8,2.0,2.0,2.0,2,3,7.936594516594516,0.3006747245687485,1833.3533333333328,231,93,0.0,0.0
2455,45,No,Travel_Rarely,Research & Development,19,4,Medical,1,2456,Male,1,Sales Representative,Married,71190,4.0,Y,15,8,0,9.0,2,5,0,3,3.0,3.0,4.0,3,3,7.796080498866213,0.3023384268413844,1910.0397222222225,245,61,0.0,0.0
2456,30,No,Travel_Frequently,Sales,9,3,Life Sciences,1,2457,Male,1,Research Director,Single,95820,0.0,Y,12,8,1,10.0,2,9,0,7,4.0,1.0,3.0,3,3,6.204518762183236,0.3060379533621196,1414.6302777777778,228,0,0.0,0.0
2457,24,No,Travel_Frequently,Sales,3,4,Marketing,1,2458,Male,1,Sales Executive,Married,45080,0.0,Y,11,8,1,3.0,5,2,2,1,1.0,4.0,3.0,3,3,5.991230822873082,0.2948697922526664,1431.9041666666667,239,0,0.0,0.0
2458,30,Yes,Travel_Frequently,Research & Development,10,3,Life Sciences,1,2459,Female,1,Human Resources,Divorced,22070,6.0,Y,14,8,0,6.0,4,4,1,2,3.0,4.0,2.0,3,3,6.712487425697302,0.3106031999242381,1631.1344444444444,243,0,0.0,0.0
2459,31,No,Travel_Rarely,Research & Development,3,2,Life Sciences,1,2460,Male,3,Laboratory Technician,Married,77560,1.0,Y,15,8,2,6.0,3,5,0,2,1.0,3.0,3.0,4,3,7.615965986394558,0.3062621854500374,1865.9116666666664,245,27,0.0,0.0
2460,27,No,Travel_Rarely,Sales,3,3,Life Sciences,1,2461,Male,1,Manager,Single,66940,1.0,Y,13,8,1,6.0,2,6,1,4,3.0,4.0,2.0,2,3,6.324247828074989,0.3053954388138328,1536.7922222222223,243,0,0.0,0.0
2461,29,Yes,Travel_Rarely,Sales,4,3,Marketing,1,2462,Male,5,Research Scientist,Single,36910,1.0,Y,13,8,0,2.0,3,2,2,2,2.0,2.0,3.0,3,3,6.80957787481805,0.3074398919013722,1559.3933333333334,229,0,0.0,0.0
2462,29,No,Travel_Frequently,Research & Development,8,4,Life Sciences,1,2463,Female,1,Sales Executive,Single,23770,8.0,Y,21,8,1,10.0,2,3,0,2,4.0,3.0,4.0,3,4,8.806621338912134,0.2894565202363198,2104.7825,239,239,10.32611111111111,0.0432054858205485
2463,30,No,Travel_Rarely,Sales,7,3,Life Sciences,1,2464,Male,3,Sales Executive,Divorced,23130,2.0,Y,11,8,0,12.0,5,7,1,7,3.0,1.0,3.0,3,3,7.966133879781421,0.3017711735664228,1943.736666666667,244,110,0.0,0.0
2464,34,No,Travel_Rarely,Research & Development,1,2,Medical,1,2465,Female,2,Healthcare Representative,Married,176650,0.0,Y,11,8,0,6.0,5,5,1,2,4.0,4.0,3.0,2,3,9.900068860877685,0.3195539786393178,2356.216388888889,238,238,214.2163888888889,0.9000688608776845
2465,33,No,Non-Travel,Research & Development,2,4,Medical,1,2466,Male,1,Sales Representative,Single,25960,8.0,Y,14,8,1,13.0,4,11,1,7,4.0,2.0,2.0,3,3,7.385372315592904,0.3179325498249677,1757.7186111111112,238,5,0.0,0.0
2466,49,No,Travel_Rarely,Sales,3,4,Marketing,1,2467,Male,1,Sales Executive,Single,47280,3.0,Y,11,8,1,8.0,4,5,0,4,4.0,4.0,4.0,3,3,7.704099815583218,0.2999745123997571,1856.688055555556,241,33,0.0,0.0
2467,33,Yes,Travel_Rarely,Research & Development,10,3,Life Sciences,1,2468,Male,1,Sales Executive,Single,43020,2.0,Y,13,8,0,11.0,3,0,0,0,1.0,1.0,2.0,1,3,8.287419501133787,0.2956205955502972,2030.4177777777777,245,205,0.0,0.0
2468,38,No,Travel_Frequently,Research & Development,28,3,Medical,1,2469,Male,1,Healthcare Representative,Married,29790,4.0,Y,12,8,1,9.0,3,6,0,5,3.0,2.0,2.0,3,3,7.855806878306878,0.2988585346730133,1814.691388888889,231,72,0.0,0.0
2469,31,Yes,Travel_Rarely,Human Resources,9,4,Human Resources,1,2470,Male,2,Laboratory Technician,Married,168850,2.0,Y,14,8,2,10.0,2,1,0,0,1.0,3.0,3.0,3,3,6.192894226103833,0.287412976015881,1418.1727777777778,229,0,0.0,0.0
2470,29,No,Travel_Rarely,Research & Development,3,4,Other,1,2471,Female,2,Sales Representative,Divorced,55930,1.0,Y,13,8,1,1.0,3,1,0,0,4.0,1.0,3.0,3,3,6.334084406294707,0.2957800948660764,1475.8416666666667,233,0,0.0,0.0
2471,30,No,Travel_Rarely,Research & Development,2,1,Medical,1,2472,Male,1,Sales Representative,Married,104450,3.0,Y,18,8,1,10.0,3,7,1,7,3.0,3.0,3.0,3,3,6.778561946902655,0.3129535353173232,1531.955,226,0,0.0,0.0
2472,32,No,Non-Travel,Research & Development,10,4,Life Sciences,1,2473,Female,1,Laboratory Technician,Single,87400,2.0,Y,11,8,1,12.0,2,7,0,7,2.0,2.0,3.0,3,3,5.983953544061302,0.2722141306376582,1388.2772222222222,232,0,0.0,0.0
2473,38,No,Travel_Rarely,Research & Development,8,2,Technical Degree,1,2474,Female,1,Manufacturing Director,Married,25140,3.0,Y,11,8,0,15.0,2,1,1,0,2.0,4.0,3.0,2,3,9.004004922644164,0.2977584889089601,2133.9491666666668,237,237,28.12305555555556,0.1186626816690108
2474,43,Yes,Travel_Frequently,Research & Development,1,4,Other,1,2475,Male,3,Sales Executive,Married,76550,9.0,Y,12,8,1,6.0,3,1,0,0,3.0,3.0,3.0,3,3,8.375763888888889,0.3012278716959881,1943.177222222222,232,206,0.0805555555555557,0.0003472222222222
2475,42,No,Travel_Rarely,Human Resources,1,3,Other,1,2476,Female,1,Healthcare Representative,Divorced,174650,8.0,Y,13,8,1,7.0,3,5,0,4,2.0,2.0,2.0,3,3,6.706082498807821,0.2949720158896634,1562.5172222222222,233,0,0.0,0.0
2476,55,No,Travel_Rarely,Research & Development,3,2,Life Sciences,1,2477,Female,1,Sales Executive,Married,73510,8.0,Y,20,8,1,34.0,3,1,0,0,3.0,3.0,3.0,3,4,7.595277777777778,0.2898374646281963,1739.318611111111,229,16,0.0,0.0
2477,33,No,Non-Travel,Research & Development,14,3,Other,1,2478,Male,1,Research Scientist,Divorced,108200,5.0,Y,12,8,0,11.0,2,9,1,7,4.0,2.0,2.0,3,3,6.700411479944675,0.2985655715522544,1614.799166666667,241,0,0.0,0.0
2478,41,No,Travel_Rarely,Research & Development,5,3,Medical,1,2479,Male,1,Sales Representative,Divorced,121690,1.0,Y,19,8,0,5.0,2,5,0,4,3.0,1.0,3.0,3,3,6.29044806763285,0.3144264731360211,1446.8030555555556,230,0,0.0,0.0
2479,34,No,Non-Travel,Research & Development,7,4,Medical,1,2480,Female,1,Research Scientist,Divorced,196260,1.0,Y,21,8,0,15.0,5,15,0,7,4.0,3.0,3.0,2,4,8.18945486111111,0.2921119128495599,1965.4691666666668,240,185,0.4824999999999999,0.0020104166666666
2480,53,No,Non-Travel,Research & Development,10,4,Medical,1,2481,Male,2,Healthcare Representative,Married,20700,4.0,Y,13,8,2,27.0,2,3,0,2,1.0,3.0,2.0,4,3,8.10130935422602,0.3109995125947641,1895.7063888888888,234,148,0.0,0.0
2481,43,No,Travel_Rarely,Sales,16,2,Marketing,1,2482,Female,1,Laboratory Technician,Single,67820,0.0,Y,16,8,1,10.0,2,9,1,8,2.0,4.0,3.0,3,3,6.09770474137931,0.3159352016280998,1414.6675,232,0,0.0,0.0
2482,34,No,Travel_Rarely,Sales,10,2,Life Sciences,1,2483,Female,5,Sales Executive,Single,77790,5.0,Y,12,8,1,6.0,2,2,2,2,4.0,4.0,3.0,3,3,7.703959551656919,0.3159174986071565,1756.5027777777775,228,36,0.0,0.0
2483,21,Yes,Travel_Rarely,Sales,1,2,Marketing,1,2484,Male,5,Healthcare Representative,Single,27910,1.0,Y,14,8,0,1.0,3,1,1,0,2.0,2.0,3.0,4,3,7.524425369575583,0.3143666963702955,1753.191111111111,233,16,0.0,0.0
2484,38,No,Travel_Rarely,Research & Development,8,2,Life Sciences,1,2485,Female,2,Sales Executive,Married,32010,1.0,Y,11,8,1,5.0,3,5,0,4,4.0,3.0,3.0,2,3,6.388770180436847,0.3047472592765342,1494.9722222222222,234,0,0.0,0.0
2485,22,Yes,Travel_Rarely,Research & Development,1,3,Other,1,2486,Male,4,Research Scientist,Married,49680,1.0,Y,14,8,0,1.0,3,1,0,0,3.0,1.0,3.0,3,3,8.890420081967212,0.2817448314598415,2169.2625,244,244,16.235833333333332,0.066540300546448
2486,31,No,Travel_Rarely,Research & Development,8,5,Life Sciences,1,2487,Male,5,Sales Executive,Married,131200,1.0,Y,12,8,2,13.0,6,12,5,7,1.0,4.0,3.0,2,3,7.280066193853428,0.2948201558947732,1710.8155555555556,235,2,0.0,0.0
2487,51,No,Travel_Rarely,Research & Development,1,4,Life Sciences,1,2488,Female,1,Manager,Married,40330,2.0,Y,14,8,0,15.0,2,2,2,2,1.0,3.0,3.0,3,3,6.703338102050548,0.3223618167754897,1561.8777777777775,233,0,0.0,0.0
2488,37,No,Travel_Rarely,Research & Development,24,1,Life Sciences,1,2489,Male,2,Sales Executive,Married,32910,1.0,Y,16,8,3,5.0,2,5,0,3,2.0,2.0,3.0,2,3,8.021012583095917,0.3182274861872019,1876.9169444444444,234,119,0.0,0.0
2489,46,No,Travel_Rarely,Sales,3,4,Marketing,1,2490,Female,1,Sales Representative,Divorced,42720,7.0,Y,13,8,0,24.0,3,2,2,2,3.0,4.0,3.0,4,3,9.994054373522458,0.3138023766368877,2348.6027777777776,235,235,233.60277777777776,0.9940543735224584
2490,36,No,Travel_Rarely,Research & Development,27,3,Technical Degree,1,2491,Female,4,Research Scientist,Married,50560,7.0,Y,12,8,0,15.0,2,12,5,7,4.0,1.0,3.0,2,3,9.504157210401893,0.318505432572397,2233.4769444444446,235,235,121.30055555555558,0.5161725768321513
2491,44,Yes,Travel_Frequently,Sales,10,4,Life Sciences,1,2492,Male,1,Research Scientist,Divorced,28440,1.0,Y,12,8,0,6.0,2,5,2,3,3.0,2.0,2.0,4,3,9.287852011494254,0.3066667382454524,2154.7816666666668,232,232,73.23194444444445,0.3156549329501916
2492,37,No,Travel_Rarely,Research & Development,19,2,Technical Degree,1,2493,Male,2,Sales Executive,Divorced,27030,2.0,Y,14,8,0,19.0,2,10,4,7,3.0,2.0,2.0,3,3,6.133804044630405,0.2960771947994027,1465.9791666666667,239,0,0.0,0.0
2493,35,Yes,Travel_Rarely,Research & Development,15,4,Life Sciences,1,2494,Male,2,Research Scientist,Single,19040,1.0,Y,22,8,1,10.0,4,10,7,7,3.0,4.0,3.0,3,4,8.582574919317658,0.3126291757035073,2068.4005555555555,241,235,2.4736111111111097,0.0102639465191332
2494,33,No,Travel_Rarely,Research & Development,8,5,Medical,1,2495,Male,2,Laboratory Technician,Married,82240,6.0,Y,19,8,0,14.0,3,10,7,6,4.0,1.0,3.0,3,3,7.992180316091954,0.3151863599813618,1854.1858333333328,232,113,0.0,0.0
2495,28,No,Travel_Rarely,Sales,9,3,Medical,1,2496,Female,2,Sales Executive,Married,47660,1.0,Y,12,8,0,5.0,3,5,0,3,3.0,4.0,4.0,3,3,7.389827423167849,0.3091946495012652,1736.6094444444443,235,7,0.0,0.0
2496,39,No,Travel_Rarely,Sales,3,4,Marketing,1,2497,Female,2,Laboratory Technician,Single,26100,7.0,Y,12,8,0,9.0,2,4,2,2,3.0,3.0,3.0,2,3,6.908993800667621,0.3191564829258315,1609.7955555555557,233,0,0.0,0.0
2497,46,No,Non-Travel,Research & Development,9,2,Life Sciences,1,2498,Male,2,Manufacturing Director,Single,57310,8.0,Y,17,8,0,6.0,2,2,2,2,2.0,2.0,3.0,3,3,6.691906090190609,0.3031321939323414,1599.3655555555556,239,0,0.0,0.0
2498,40,No,Travel_Rarely,Research & Development,2,2,Medical,1,2499,Male,1,Research Director,Married,25390,4.0,Y,12,8,1,7.0,3,4,0,2,3.0,1.0,2.0,3,3,6.555122819100092,0.3196408779700662,1586.3397222222222,242,0,0.0,0.0
2499,42,No,Travel_Rarely,Research & Development,7,4,Other,1,2500,Female,2,Laboratory Technician,Married,57140,5.0,Y,11,8,0,10.0,2,0,0,0,2.0,1.0,2.0,3,3,6.6004096638655465,0.2918714534282742,1570.8975,238,0,0.0,0.0
2500,35,No,Non-Travel,Sales,10,1,Life Sciences,1,2501,Female,2,Research Director,Divorced,43230,2.0,Y,18,8,3,15.0,3,7,1,7,2.0,4.0,3.0,3,3,6.702782350251486,0.2874303158420819,1628.776111111111,243,0,0.0,0.0
2501,38,No,Non-Travel,Sales,6,4,Marketing,1,2502,Male,3,Sales Executive,Divorced,73360,5.0,Y,11,8,0,13.0,3,11,3,8,1.0,2.0,3.0,3,3,7.757895439107229,0.2766235693409178,1776.5580555555557,229,46,0.0,0.0
2502,34,Yes,Travel_Frequently,Research & Development,2,1,Life Sciences,1,2503,Male,1,Manufacturing Director,Married,134990,4.0,Y,23,8,2,11.0,2,7,0,7,4.0,1.0,2.0,4,4,7.888297258297259,0.3144506815285346,1822.1966666666667,231,84,0.0,0.0
2503,37,Yes,Travel_Rarely,Research & Development,24,3,Life Sciences,1,2504,Male,1,Laboratory Technician,Single,137580,1.0,Y,11,8,1,10.0,5,10,0,8,4.0,1.0,1.0,3,3,6.19627662037037,0.2838465453663091,1487.106388888889,240,0,0.0,0.0
2504,39,No,Travel_Frequently,Research & Development,2,1,Medical,1,2505,Male,2,Healthcare Representative,Divorced,51550,2.0,Y,18,8,1,7.0,3,2,2,2,3.0,4.0,3.0,2,3,6.196037758537758,0.2982701271283738,1431.2847222222222,231,0,0.0,0.0
2505,43,No,Non-Travel,Human Resources,8,5,Medical,1,2506,Female,3,Sales Executive,Single,22580,4.0,Y,18,8,0,7.0,2,3,1,2,1.0,3.0,2.0,3,3,7.399991582491583,0.2937722301109133,1709.3980555555556,231,4,0.0,0.0
2506,41,No,Travel_Rarely,Research & Development,3,3,Life Sciences,1,2507,Male,3,Research Scientist,Single,35970,3.0,Y,13,8,1,11.0,2,3,1,2,2.0,2.0,1.0,1,3,7.812406189083821,0.3159003267867048,1781.2286111111111,228,59,0.0,0.0
2507,41,No,Travel_Rarely,Research & Development,1,1,Technical Degree,1,2508,Male,3,Laboratory Technician,Divorced,25150,0.0,Y,18,8,0,23.0,2,22,13,5,3.0,3.0,4.0,2,3,10.281769675925926,0.2889374825001602,2467.6247222222223,240,240,307.6247222222222,1.2817696759259258
2508,30,No,Travel_Rarely,Sales,26,3,Marketing,1,2509,Female,2,Manager,Single,44200,9.0,Y,11,8,0,9.0,3,7,0,2,1.0,3.0,3.0,3,3,7.114706790123456,0.2823518421183661,1664.8413888888888,234,1,0.0,0.0
2509,26,Yes,Travel_Rarely,Human Resources,2,1,Technical Degree,1,2510,Female,3,Sales Executive,Married,65780,0.0,Y,15,8,2,6.0,3,5,1,4,4.0,2.0,3.0,2,3,8.71812324929972,0.3126343633972971,2074.9133333333334,238,238,8.061666666666657,0.0338725490196078
2510,46,Yes,Travel_Rarely,Research & Development,10,3,Medical,1,2511,Male,1,Sales Executive,Married,44220,4.0,Y,11,8,1,13.0,2,9,3,7,4.0,2.0,4.0,3,3,8.025100472813238,0.2789004676029636,1885.898611111111,235,135,0.0,0.0
2511,40,No,Travel_Rarely,Sales,27,2,Medical,1,2512,Female,3,Sales Executive,Divorced,102740,4.0,Y,18,8,0,12.0,3,5,0,3,3.0,4.0,3.0,3,3,6.611040528233151,0.2980194195544727,1613.0938888888888,244,0,0.0,0.0
2512,34,No,Travel_Rarely,Research & Development,2,3,Life Sciences,1,2513,Male,2,Laboratory Technician,Married,53430,1.0,Y,14,8,0,10.0,5,10,4,8,2.0,3.0,3.0,2,3,7.37671412037037,0.295053449905696,1770.411388888889,240,4,0.0,0.0
2513,58,No,Non-Travel,Research & Development,2,4,Medical,1,2514,Male,1,Laboratory Technician,Divorced,23760,4.0,Y,12,8,1,37.0,3,16,14,14,2.0,2.0,2.0,3,3,6.598882058287796,0.3054442713405761,1610.127222222222,244,0,0.0,0.0
2514,35,No,Travel_Rarely,Research & Development,8,1,Technical Degree,1,2515,Female,3,Manufacturing Director,Married,53460,0.0,Y,14,8,0,6.0,3,5,0,3,2.0,3.0,4.0,2,3,7.410872849837285,0.3122995244301938,1771.1986111111112,239,5,0.0,0.0
2515,47,No,Travel_Rarely,Research & Development,19,5,Medical,1,2516,Female,2,Research Scientist,Divorced,28270,8.0,Y,14,8,1,28.0,3,22,14,10,3.0,2.0,3.0,3,3,10.678910165484634,0.2865244381099431,2509.543888888889,235,235,394.5438888888889,1.6789101654846337
2516,40,No,Travel_Rarely,Research & Development,1,4,Life Sciences,1,2517,Male,2,Manager,Divorced,199430,2.0,Y,13,8,1,15.0,3,7,7,7,2.0,1.0,3.0,3,3,7.227091714559387,0.3070458571925525,1676.685277777778,232,0,0.0,0.0
2517,54,No,Travel_Rarely,Sales,27,4,Medical,1,2518,Male,1,Research Scientist,Married,31310,4.0,Y,14,8,0,14.0,3,7,1,7,4.0,4.0,2.0,2,3,7.074631268436578,0.3079480207115951,1598.8666666666666,226,0,0.0,0.0
2518,31,No,Travel_Frequently,Sales,8,4,Other,1,2519,Female,3,Manufacturing Director,Married,25520,2.0,Y,18,8,0,9.0,2,3,2,2,1.0,1.0,3.0,3,3,7.494165453663269,0.293429799813147,1716.1638888888888,229,10,0.0,0.0
2519,28,No,Travel_Rarely,Sales,1,2,Life Sciences,1,2520,Male,3,Manager,Married,44770,1.0,Y,15,8,0,3.0,6,3,1,2,3.0,1.0,3.0,3,3,7.611939871970736,0.2899454195555022,1849.701388888889,243,25,0.0,0.0
2520,38,No,Travel_Rarely,Research & Development,19,3,Medical,1,2521,Female,2,Manufacturing Director,Married,64740,2.0,Y,13,8,2,20.0,3,4,0,3,2.0,4.0,2.0,1,3,9.500636716963877,0.3030651822599013,2308.654722222222,243,243,123.16972222222222,0.506871284865112
2521,26,No,Travel_Rarely,Sales,8,3,Marketing,1,2522,Female,1,Healthcare Representative,Single,30330,1.0,Y,12,8,0,5.0,2,5,1,2,3.0,4.0,3.0,2,3,6.115757149554618,0.3154716903133499,1449.4344444444444,237,0,0.0,0.0
2522,58,No,Travel_Frequently,Research & Development,10,4,Technical Degree,1,2523,Female,1,Sales Representative,Married,29360,2.0,Y,13,8,1,23.0,3,2,2,2,1.0,3.0,3.0,3,3,9.615240362811791,0.2995597485989079,2355.733888888889,245,245,151.43416666666667,0.6180986394557824
2523,18,No,Non-Travel,Research & Development,2,3,Life Sciences,1,2524,Male,3,Sales Representative,Single,186060,1.0,Y,24,8,2,0.0,4,0,0,0,2.0,3.0,1.0,3,4,7.631033478893741,0.3027443559275782,1747.506666666667,229,25,0.0,0.0
2524,31,Yes,Travel_Rarely,Research & Development,2,3,Life Sciences,1,2525,Male,3,Laboratory Technician,Married,21680,0.0,Y,14,8,1,2.0,2,1,0,0,4.0,1.0,3.0,3,3,6.141918767507002,0.3036160711210999,1461.7766666666666,238,0,0.0,0.0
2525,29,Yes,Travel_Rarely,Research & Development,8,2,Medical,1,2526,Male,1,Manager,Divorced,28530,4.0,Y,14,8,1,4.0,5,2,2,0,1.0,1.0,3.0,2,3,8.672918925022584,0.2793919153572863,2133.538055555556,246,245,3.823611111111109,0.0155431345980126
2526,45,No,Non-Travel,Sales,1,4,Technical Degree,1,2527,Male,1,Research Scientist,Married,170480,4.0,Y,15,8,0,10.0,3,8,5,7,3.0,3.0,4.0,2,3,7.199625122910521,0.2956404450777327,1627.1152777777777,226,0,0.0,0.0
2527,36,No,Travel_Rarely,Sales,2,3,Technical Degree,1,2528,Female,5,Laboratory Technician,Married,22900,4.0,Y,11,8,0,15.0,5,1,0,0,4.0,2.0,3.0,3,3,10.682005532503457,0.2986258229280743,2574.363333333333,241,241,405.3633333333333,1.682005532503458
2528,43,No,Travel_Frequently,Sales,8,3,Medical,1,2529,Male,1,Research Director,Married,36000,1.0,Y,23,8,0,7.0,2,7,7,7,1.0,4.0,3.0,3,4,7.031896433470507,0.307936897554853,1708.7508333333333,243,0,0.0,0.0
2529,27,No,Travel_Frequently,Sales,8,4,Life Sciences,1,2530,Male,5,Research Scientist,Single,21070,0.0,Y,13,8,0,6.0,2,5,0,2,4.0,4.0,2.0,3,3,10.221362811791384,0.3120893734275983,2504.233888888889,245,245,299.2338888888889,1.2213628117913833
2530,29,No,Travel_Frequently,Research & Development,6,2,Medical,1,2531,Male,1,Human Resources,Married,41150,1.0,Y,11,8,0,11.0,1,11,3,10,4.0,4.0,4.0,3,3,7.692630315500686,0.3069944927797887,1869.309166666667,243,37,0.0,0.0
2531,32,No,Travel_Frequently,Sales,9,4,Life Sciences,1,2532,Male,4,Sales Executive,Single,43270,8.0,Y,13,8,0,4.0,4,0,0,0,4.0,4.0,4.0,3,3,7.596130519165453,0.2834784706921413,1739.513888888889,229,17,0.0,0.0
2532,42,No,Non-Travel,Research & Development,11,3,Medical,1,2533,Male,1,Manager,Married,178560,3.0,Y,18,8,0,10.0,2,6,3,3,3.0,3.0,2.0,3,3,6.496671315667132,0.3197821956665141,1552.7044444444446,239,0,0.0,0.0
2533,47,No,Travel_Rarely,Sales,2,2,Life Sciences,1,2534,Female,5,Manager,Single,31960,4.0,Y,14,8,1,7.0,3,2,2,0,2.0,3.0,3.0,2,3,6.1155828584995255,0.2996278195362772,1431.046388888889,234,0,0.0,0.0
2534,46,No,Travel_Rarely,Human Resources,1,3,Life Sciences,1,2535,Female,1,Laboratory Technician,Divorced,190810,3.0,Y,21,8,0,12.0,2,9,4,7,4.0,4.0,2.0,3,4,7.192263244256916,0.3160415234277069,1704.566388888889,237,1,0.0,0.0
2535,28,No,Non-Travel,Research & Development,7,3,Life Sciences,1,2536,Male,1,Sales Executive,Divorced,89660,1.0,Y,16,8,1,3.0,3,3,2,2,3.0,4.0,3.0,2,3,7.716707027540361,0.2988428828826304,1805.7094444444444,234,39,0.0,0.0
2536,29,No,Travel_Rarely,Research & Development,16,3,Medical,1,2537,Female,1,Manufacturing Director,Divorced,22100,8.0,Y,11,8,1,11.0,4,7,1,6,4.0,3.0,3.0,3,3,8.041272583559168,0.3010563621531104,1978.1530555555555,246,132,0.0,0.0
2537,42,No,Travel_Rarely,Sales,2,4,Medical,1,2538,Female,2,Research Director,Single,45390,4.0,Y,17,8,1,8.0,5,0,0,0,4.0,3.0,3.0,3,3,6.596468764902242,0.2819352076829943,1536.9772222222225,233,0,0.0,0.0
2538,32,Yes,Travel_Rarely,Research & Development,1,1,Medical,1,2539,Male,2,Laboratory Technician,Single,27410,7.0,Y,11,8,0,7.0,3,2,2,2,3.0,2.0,2.0,3,3,10.42669995408632,0.3241376411192423,2523.261388888889,242,242,345.2613888888889,1.426699954086318
2539,46,No,Travel_Rarely,Research & Development,23,1,Life Sciences,1,2540,Male,2,Laboratory Technician,Divorced,34910,2.0,Y,14,8,0,25.0,0,19,2,8,1.0,1.0,3.0,3,3,7.880292397660819,0.2982982324071992,1796.7066666666667,228,74,0.0,0.0
2540,27,No,Travel_Rarely,Sales,2,3,Life Sciences,1,2541,Female,5,Research Scientist,Married,45410,1.0,Y,14,8,2,9.0,4,9,5,8,2.0,3.0,3.0,4,3,7.124595624385448,0.2863739617582003,1610.1586111111112,226,0,0.0,0.0
2541,29,No,Travel_Rarely,Research & Development,1,2,Medical,1,2542,Male,3,Sales Executive,Married,26780,1.0,Y,25,8,1,1.0,3,1,0,0,4.0,2.0,3.0,3,4,7.963377871542429,0.2943189268426953,1887.3205555555555,237,105,0.0,0.0
2542,43,No,Travel_Rarely,Research & Development,1,3,Life Sciences,1,2543,Male,1,Manufacturing Director,Married,73790,7.0,Y,13,8,2,21.0,3,16,6,14,1.0,3.0,3.0,2,3,6.286693587860988,0.3251164121133147,1427.0794444444443,227,0,0.0,0.0
2543,48,No,Travel_Rarely,Research & Development,2,3,Life Sciences,1,2544,Female,2,Manager,Married,62720,4.0,Y,14,8,0,29.0,3,22,12,9,4.0,2.0,3.0,2,3,6.085625909752547,0.2981653044372949,1393.6083333333331,229,0,0.0,0.0
2544,29,Yes,Travel_Frequently,Research & Development,13,2,Life Sciences,1,2545,Female,1,Laboratory Technician,Single,52200,1.0,Y,17,8,0,1.0,3,1,1,0,4.0,4.0,2.0,2,3,8.599234594856865,0.2991873052305815,1969.2247222222225,229,222,2.3386111111111134,0.0102122755943716
2545,46,Yes,Travel_Rarely,Research & Development,4,4,Medical,1,2546,Female,2,Sales Representative,Married,27430,5.0,Y,25,8,1,14.0,1,8,0,7,3.0,2.0,3.0,4,4,7.888104166666666,0.3028115646627485,1893.145,240,89,0.0,0.0
2546,27,No,Travel_Frequently,Research & Development,16,4,Medical,1,2547,Male,3,Healthcare Representative,Married,49980,0.0,Y,20,8,2,8.0,3,7,7,3,4.0,1.0,2.0,3,4,7.678046139359698,0.2814801501072341,1812.0188888888888,236,34,0.0,0.0
2547,39,No,Travel_Rarely,Research & Development,2,3,Technical Degree,1,2548,Male,3,Healthcare Representative,Divorced,102520,8.0,Y,13,8,1,7.0,3,2,2,2,4.0,4.0,3.0,3,3,6.535387205387205,0.3342608086936021,1509.6744444444444,231,0,0.0,0.0
2548,55,No,Travel_Rarely,Research & Development,2,3,Life Sciences,1,2549,Female,1,Human Resources,Married,27810,8.0,Y,13,8,1,19.0,2,5,0,4,2.0,4.0,4.0,3,3,6.190505162241887,0.3106830937798398,1399.0541666666666,226,0,0.0,0.0
2549,28,No,Travel_Rarely,Research & Development,29,2,Life Sciences,1,2550,Male,2,Laboratory Technician,Married,68520,1.0,Y,18,8,1,1.0,2,1,0,0,2.0,2.0,3.0,4,3,6.993290686952513,0.2876223434219595,1685.3830555555555,241,0,0.0,0.0
2550,30,Yes,Travel_Rarely,Sales,12,4,Life Sciences,1,2551,Female,2,Sales Executive,Single,49500,1.0,Y,12,8,2,1.0,3,1,0,0,2.0,4.0,2.0,3,3,7.683623685413808,0.2888838971135676,1867.1205555555557,243,36,0.0,0.0
2551,22,Yes,Travel_Rarely,Research & Development,16,2,Life Sciences,1,2552,Female,2,Laboratory Technician,Single,35790,1.0,Y,19,8,3,1.0,3,1,0,0,4.0,2.0,3.0,3,3,10.50865587695133,0.3017950999617847,2543.094722222222,242,242,365.09472222222223,1.5086558769513316
2552,36,No,Travel_Rarely,Research & Development,11,3,Life Sciences,1,2553,Male,1,Sales Executive,Married,131910,1.0,Y,14,8,1,10.0,2,10,1,7,2.0,3.0,3.0,2,3,9.496987922705314,0.3093878878192518,2184.307222222222,230,230,116.24444444444444,0.5054106280193237
2553,31,No,Travel_Rarely,Research & Development,2,4,Life Sciences,1,2554,Female,5,Manager,Divorced,103770,1.0,Y,14,8,0,10.0,2,10,0,2,2.0,3.0,3.0,3,3,7.516973022405121,0.2697435010435166,1826.6244444444444,243,11,0.0,0.0
2554,34,No,Travel_Rarely,Sales,14,2,Technical Degree,1,2555,Female,1,Sales Executive,Married,22350,2.0,Y,14,8,1,9.0,2,5,1,0,3.0,4.0,3.0,3,3,8.095313852813852,0.3170144046426036,1870.0175,231,140,0.0,0.0
2555,29,No,Travel_Rarely,Research & Development,5,5,Life Sciences,1,2556,Female,1,Sales Executive,Single,105020,3.0,Y,12,8,0,11.0,4,3,1,2,4.0,1.0,3.0,2,3,7.075585399449036,0.3224780045537975,1712.2916666666667,242,1,0.0,0.0
2556,37,No,Travel_Rarely,Research & Development,7,2,Medical,1,2557,Male,1,Manufacturing Director,Married,20110,5.0,Y,13,8,0,16.0,4,5,0,4,4.0,1.0,3.0,4,3,8.70323188405797,0.2999912389110923,2001.743333333333,230,226,5.878888888888884,0.0255603864734299
2557,35,No,Travel_Rarely,Sales,2,1,Technical Degree,1,2558,Male,2,Laboratory Technician,Married,18590,0.0,Y,25,8,1,4.0,2,3,0,2,4.0,2.0,3.0,2,4,10.515715105601467,0.2887179741650572,2544.803055555556,242,242,366.8030555555556,1.5157151056014693
2558,45,No,Travel_Rarely,Research & Development,3,3,Medical,1,2559,Female,2,Sales Executive,Married,37600,0.0,Y,14,8,1,10.0,2,9,3,8,2.0,4.0,2.0,2,3,7.114031279178338,0.300057222159753,1693.1394444444445,238,1,0.0,0.0
2559,36,No,Travel_Frequently,Research & Development,5,3,Medical,1,2560,Female,4,Manufacturing Director,Single,177790,1.0,Y,17,8,1,10.0,5,10,0,8,2.0,4.0,2.0,1,3,6.537147667147667,0.3177201358565419,1510.081111111111,231,0,0.0,0.0
2560,40,No,Travel_Rarely,Research & Development,3,3,Other,1,2561,Male,1,Sales Executive,Divorced,68330,2.0,Y,13,8,0,22.0,3,19,11,16,1.0,1.0,3.0,3,3,6.808731725146199,0.307074304822697,1552.3908333333334,228,0,0.0,0.0
2561,26,No,Travel_Rarely,Research & Development,26,2,Life Sciences,1,2562,Male,2,Human Resources,Married,68120,1.0,Y,13,8,0,1.0,2,1,1,0,2.0,3.0,2.0,2,3,9.306218303365608,0.3097043712220142,2242.7986111111118,241,241,80.29083333333332,0.3331569847856154
2562,27,No,Travel_Rarely,Research & Development,4,3,Technical Degree,1,2563,Male,2,Manufacturing Director,Single,51710,0.0,Y,20,8,1,9.0,1,8,0,7,1.0,3.0,2.0,2,4,7.593683261183261,0.3019531208702698,1754.1408333333334,231,20,0.0,0.0
2563,48,No,Travel_Frequently,Research & Development,2,3,Life Sciences,1,2564,Male,2,Research Director,Divorced,197400,3.0,Y,14,8,0,24.0,2,22,4,7,4.0,4.0,3.0,4,3,7.185576131687243,0.3138440765094976,1746.095,243,0,0.0,0.0
2564,44,No,Travel_Rarely,Sales,1,2,Medical,1,2565,Male,4,Manager,Married,187110,2.0,Y,12,8,1,10.0,0,2,2,2,2.0,1.0,3.0,3,3,7.078182471264368,0.288988766849119,1642.138333333333,232,0,0.0,0.0
2565,34,Yes,Non-Travel,Research & Development,27,2,Life Sciences,1,2566,Female,1,Sales Representative,Married,36920,1.0,Y,12,8,1,5.0,5,5,3,0,4.0,1.0,3.0,3,3,10.214114959114958,0.3028412638953128,2359.4605555555554,231,231,280.4605555555556,1.2141149591149591
2566,56,Yes,Travel_Rarely,Human Resources,1,2,Medical,1,2567,Female,5,Sales Executive,Single,25590,1.0,Y,21,8,0,5.0,3,4,1,0,1.0,4.0,3.0,3,4,6.895618055555556,0.3163154814975675,1654.9483333333333,240,0,0.0,0.0
2567,36,No,Travel_Rarely,Research & Development,13,3,Technical Degree,1,2568,Female,3,Healthcare Representative,Married,25170,2.0,Y,14,8,0,12.0,3,4,1,3,3.0,2.0,1.0,3,3,7.319204331450094,0.2603613321264993,1727.3322222222223,236,3,0.0,0.0
2568,41,No,Travel_Rarely,Research & Development,5,3,Life Sciences,1,2569,Female,1,Sales Executive,Married,66230,5.0,Y,18,8,0,14.0,3,5,1,4,3.0,2.0,3.0,3,3,6.396317358130663,0.2960628407434588,1490.3419444444444,233,0,0.0,0.0
2569,42,No,Travel_Rarely,Research & Development,7,3,Technical Degree,1,2570,Female,2,Sales Executive,Married,182650,9.0,Y,12,8,1,18.0,4,13,5,7,3.0,1.0,4.0,3,3,7.415789855072464,0.3137789395169681,1705.631666666667,230,9,0.0,0.0
2570,31,No,Travel_Rarely,Sales,9,4,Life Sciences,1,2571,Female,1,Sales Executive,Divorced,161240,2.0,Y,23,8,1,8.0,2,5,1,4,3.0,4.0,3.0,2,4,8.317417480241748,0.2884127470182849,1987.8627777777776,239,204,0.017777777777777,7.438400743839751e-05
2571,34,No,Travel_Rarely,Research & Development,8,1,Life Sciences,1,2572,Female,3,Laboratory Technician,Married,25850,3.0,Y,12,8,0,9.0,5,4,0,1,4.0,4.0,2.0,3,3,9.213606557377048,0.2750642068556246,2248.12,244,244,60.0775,0.2462192622950819
2572,31,No,Travel_Rarely,Sales,25,2,Life Sciences,1,2573,Female,3,Manufacturing Director,Divorced,182130,8.0,Y,21,8,2,4.0,3,2,2,2,1.0,3.0,2.0,4,4,6.783251705653021,0.3064139919970329,1546.5813888888888,228,0,0.0,0.0
2573,26,No,Travel_Frequently,Sales,16,2,Life Sciences,1,2574,Male,2,Healthcare Representative,Married,83800,0.0,Y,14,8,0,8.0,3,7,7,7,3.0,4.0,3.0,4,3,6.094803383630544,0.3002446893570747,1481.0372222222222,243,0,0.0,0.0
2574,45,No,Travel_Frequently,Research & Development,8,4,Life Sciences,1,2575,Female,2,Manager,Single,29940,4.0,Y,18,8,1,12.0,2,4,0,3,2.0,3.0,3.0,3,3,7.7881630086877,0.3022652830856909,1892.5236111111112,243,57,0.0,0.0
2575,33,No,Travel_Rarely,Sales,1,3,Life Sciences,1,2576,Female,5,Sales Executive,Single,12230,1.0,Y,13,8,1,10.0,3,10,0,9,2.0,3.0,2.0,3,3,6.366932773109244,0.3029371559412202,1515.33,238,0,0.0,0.0
2576,28,No,Travel_Frequently,Sales,8,3,Life Sciences,1,2577,Male,4,Research Scientist,Married,11180,1.0,Y,11,8,0,7.0,3,7,0,7,3.0,4.0,3.0,3,3,10.595948195030472,0.291516264398703,2511.239722222222,237,237,378.2397222222222,1.5959481950304737
2577,29,Yes,Travel_Frequently,Human Resources,2,4,Human Resources,1,2578,Male,2,Sales Executive,Single,28750,1.0,Y,11,8,0,1.0,3,1,0,0,3.0,1.0,3.0,3,3,6.790143442622951,0.305208453625743,1656.795,244,0,0.0,0.0
2578,39,No,Non-Travel,Research & Development,8,5,Medical,1,2579,Female,2,Sales Representative,Married,188240,6.0,Y,19,8,1,10.0,4,3,1,2,1.0,3.0,3.0,3,3,6.2782693236714975,0.291697687167053,1444.0019444444445,230,0,0.0,0.0
2579,27,No,Travel_Rarely,Sales,3,2,Technical Degree,1,2580,Male,2,Healthcare Representative,Married,135770,1.0,Y,12,8,1,6.0,2,5,1,2,2.0,2.0,2.0,3,3,7.282654195011338,0.307460364382179,1784.2502777777777,245,3,0.0,0.0
2580,34,No,Travel_Frequently,Research & Development,9,4,Life Sciences,1,2581,Female,2,Manufacturing Director,Married,26250,1.0,Y,12,8,3,16.0,4,15,6,11,3.0,4.0,3.0,3,3,8.898696493624772,0.291879926142962,2171.2819444444444,244,244,17.380000000000003,0.0712295081967213
2581,28,Yes,Travel_Rarely,Research & Development,25,3,Technical Degree,1,2582,Male,1,Research Director,Single,187890,3.0,Y,16,8,1,6.0,4,2,2,2,4.0,3.0,3.0,3,3,9.39283240353324,0.3295062493677578,2244.8869444444445,239,239,97.53888888888888,0.4081125058112506
2582,47,No,Non-Travel,Research & Development,1,4,Medical,1,2583,Male,1,Research Scientist,Married,45380,8.0,Y,11,8,0,16.0,3,8,1,7,3.0,2.0,4.0,3,3,5.995739568682606,0.2839405863041129,1420.9902777777777,237,0,0.0,0.0
2583,56,No,Travel_Rarely,Research & Development,4,3,Technical Degree,1,2584,Female,2,Sales Executive,Married,198470,4.0,Y,14,8,0,6.0,6,0,0,0,4.0,1.0,3.0,3,3,7.906703783524904,0.3054734469556826,1834.3552777777777,232,86,0.0,0.0
2584,39,No,Travel_Rarely,Research & Development,1,3,Other,1,2585,Female,1,Laboratory Technician,Married,105120,1.0,Y,12,8,1,10.0,2,10,7,9,1.0,1.0,3.0,3,3,7.018032693187013,0.2896898587268026,1705.3819444444443,243,0,0.0,0.0
2585,38,No,Travel_Frequently,Research & Development,4,2,Medical,1,2586,Female,1,Manager,Divorced,44440,1.0,Y,13,8,0,20.0,2,20,0,7,4.0,2.0,3.0,3,3,10.800123716153127,0.3054537915982362,2570.4294444444445,238,238,428.42944444444447,1.800123716153128
2586,58,No,Travel_Rarely,Sales,5,3,Marketing,1,2587,Male,5,Sales Representative,Married,21540,4.0,Y,21,8,1,29.0,3,1,0,0,4.0,4.0,2.0,3,4,9.88089598108747,0.2958341409101818,2322.010555555556,235,235,207.27750000000003,0.8820319148936172
2587,32,Yes,Travel_Frequently,Research & Development,9,3,Life Sciences,1,2588,Male,2,Laboratory Technician,Single,191900,3.0,Y,17,8,1,8.0,2,4,0,3,1.0,3.0,3.0,3,3,10.220263593380617,0.2928664901135937,2401.7619444444445,235,235,286.76194444444445,1.2202635933806147
2588,38,No,Travel_Rarely,Research & Development,3,4,Life Sciences,1,2589,Female,1,Sales Representative,Divorced,44900,2.0,Y,21,8,1,10.0,1,5,0,3,2.0,4.0,4.0,3,4,7.61587962962963,0.268528150860968,1827.8111111111111,240,17,0.0,0.0
2589,49,No,Travel_Frequently,Sales,11,4,Life Sciences,1,2590,Male,2,Research Scientist,Married,35060,3.0,Y,11,8,1,28.0,4,5,4,3,2.0,4.0,3.0,2,3,6.336143790849673,0.304812794702134,1508.002222222222,238,0,0.0,0.0
2590,42,No,Travel_Rarely,Sales,1,3,Life Sciences,1,2591,Female,1,Sales Executive,Divorced,23720,3.0,Y,12,8,1,14.0,3,0,0,0,2.0,4.0,3.0,3,3,8.703656028368794,0.3072768199611816,2045.3591666666664,235,231,5.995833333333332,0.0255141843971631
2591,27,Yes,Travel_Frequently,Sales,8,1,Life Sciences,1,2592,Male,4,Laboratory Technician,Married,102310,1.0,Y,13,8,1,1.0,2,1,0,0,1.0,2.0,3.0,3,3,6.4536290708812265,0.301304468701908,1497.2419444444445,232,0,0.0,0.0
2592,35,No,Travel_Rarely,Research & Development,25,1,Medical,1,2593,Male,1,Sales Executive,Married,54100,0.0,Y,18,8,0,6.0,4,5,0,4,2.0,1.0,1.0,3,3,6.594681026365348,0.3035120663259986,1556.344722222222,236,0,0.0,0.0
2593,28,No,Non-Travel,Research & Development,21,1,Medical,1,2594,Male,3,Research Scientist,Single,79780,1.0,Y,16,8,2,5.0,2,5,1,4,3.0,3.0,2.0,3,3,6.666081999029597,0.3129777577572257,1526.5327777777777,229,0,0.0,0.0
2594,31,No,Non-Travel,Sales,23,1,Medical,1,2595,Male,1,Sales Executive,Divorced,38670,1.0,Y,11,8,1,4.0,4,4,2,3,3.0,1.0,4.0,4,3,9.78247256515775,0.2985978340897139,2377.1408333333334,243,243,190.14083333333332,0.7824725651577504
2595,36,No,Non-Travel,Research & Development,1,3,Life Sciences,1,2596,Male,2,Research Scientist,Married,28380,1.0,Y,19,8,2,5.0,5,5,0,2,1.0,2.0,3.0,1,3,7.088763888888889,0.2951472600612258,1701.3033333333333,240,0,0.0,0.0
2596,34,No,Travel_Rarely,Sales,2,3,Marketing,1,2597,Male,4,Healthcare Representative,Single,46950,1.0,Y,16,8,1,14.0,2,14,2,1,1.0,4.0,2.0,3,3,5.997830459770115,0.299320442711098,1391.496666666667,232,0,0.0,0.0
2597,34,No,Travel_Rarely,Research & Development,19,3,Technical Degree,1,2598,Female,1,Research Director,Divorced,33390,1.0,Y,16,8,0,9.0,2,8,1,1,4.0,3.0,2.0,2,3,6.761289351851852,0.3145151362052506,1622.7094444444444,240,0,0.0,0.0
2598,26,No,Travel_Rarely,Research & Development,2,2,Life Sciences,1,2599,Male,2,Research Scientist,Single,20800,0.0,Y,13,8,0,8.0,6,7,7,6,3.0,1.0,2.0,4,3,6.794783406754772,0.3090762391082607,1542.4158333333332,227,0,0.0,0.0
2599,29,No,Travel_Rarely,Research & Development,2,4,Other,1,2600,Male,2,Laboratory Technician,Married,20960,0.0,Y,22,8,0,6.0,2,5,0,2,1.0,1.0,2.0,4,4,7.750866858237547,0.3227726627714543,1798.201111111111,232,46,0.0,0.0
2600,32,No,Non-Travel,Research & Development,3,1,Life Sciences,1,2601,Male,3,Manager,Divorced,62090,5.0,Y,17,8,1,9.0,5,5,1,2,3.0,4.0,3.0,4,3,6.60344301382928,0.2947191153144739,1538.6022222222225,233,0,0.0,0.0
2601,31,No,Travel_Frequently,Research & Development,25,5,Technical Degree,1,2602,Female,2,Human Resources,Married,180610,1.0,Y,14,8,1,10.0,2,10,8,7,4.0,1.0,3.0,3,3,6.878268247326825,0.3079811135830791,1643.9061111111112,239,0,0.0,0.0
2602,28,Yes,Travel_Rarely,Sales,7,5,Life Sciences,1,2603,Female,2,Sales Representative,Divorced,171230,5.0,Y,15,8,1,6.0,2,4,0,3,3.0,4.0,2.0,2,3,6.291164759179781,0.3114059618493448,1465.8413888888888,233,0,0.0,0.0
2603,38,No,Travel_Rarely,Research & Development,9,2,Technical Degree,1,2604,Male,3,Sales Representative,Single,23720,4.0,Y,12,8,0,20.0,3,1,0,0,1.0,1.0,2.0,2,3,7.180157882241216,0.324137696746207,1680.1569444444444,234,2,0.0,0.0
2604,35,No,Travel_Rarely,Research & Development,5,3,Life Sciences,1,2605,Male,2,Sales Representative,Married,48830,1.0,Y,18,8,1,10.0,1,10,0,9,3.0,4.0,3.0,1,3,8.805177083333332,0.2962521129187677,2113.2425,240,239,10.31111111111111,0.0429629629629629
2605,27,No,Travel_Rarely,Sales,2,3,Life Sciences,1,2606,Female,1,Manager,Single,39040,1.0,Y,15,8,0,7.0,2,7,0,7,4.0,4.0,3.0,3,3,7.9143746993747,0.2944704103018735,1828.220555555556,231,97,0.0,0.0
2606,32,No,Travel_Rarely,Research & Development,8,1,Medical,1,2607,Female,2,Research Scientist,Single,46270,8.0,Y,17,8,1,8.0,2,1,0,0,4.0,4.0,3.0,2,3,7.296955828779599,0.3074303685574697,1780.4572222222223,244,6,0.0,0.0
2607,31,Yes,Travel_Frequently,Research & Development,2,1,Other,1,2608,Male,3,Sales Executive,Married,70940,1.0,Y,14,8,1,10.0,2,10,0,8,1.0,4.0,3.0,3,3,10.304995291902072,0.3061173569082405,2431.978888888889,236,236,307.9788888888889,1.3049952919020715
2608,53,Yes,Travel_Rarely,Research & Development,18,3,Medical,1,2609,Male,1,Research Scientist,Single,34230,6.0,Y,15,8,1,15.0,4,2,2,2,1.0,1.0,2.0,3,3,10.803005910165483,0.2893931517498,2538.706388888889,235,235,423.7063888888889,1.8030059101654847
2609,54,No,Travel_Rarely,Research & Development,14,3,Other,1,2610,Male,3,Research Scientist,Married,66740,3.0,Y,17,8,1,9.0,2,4,2,3,1.0,3.0,2.0,3,3,7.91128699660359,0.2992823246366491,1811.6847222222225,229,89,0.0,0.0
2610,33,No,Travel_Frequently,Research & Development,2,4,Medical,1,2611,Female,4,Sales Executive,Divorced,168800,1.0,Y,14,8,3,9.0,2,9,2,8,4.0,3.0,3.0,3,3,7.88844228927203,0.3250457418312886,1830.118611111111,232,80,0.0,0.0
2611,43,No,Travel_Rarely,Research & Development,3,3,Medical,1,2612,Male,1,Research Scientist,Married,90940,1.0,Y,12,8,1,10.0,0,10,0,9,1.0,3.0,3.0,3,3,7.491992753623188,0.2990500154179572,1723.1583333333333,230,10,0.0,0.0
2612,38,No,Travel_Frequently,Research & Development,2,5,Medical,1,2613,Female,4,Sales Executive,Married,84460,0.0,Y,14,8,0,7.0,3,6,1,2,4.0,2.0,3.0,2,3,8.016118084611808,0.311707564549223,1915.8522222222225,239,121,0.0,0.0
2613,55,No,Travel_Rarely,Sales,9,3,Marketing,1,2614,Male,2,Laboratory Technician,Married,119160,4.0,Y,15,8,1,35.0,3,10,1,4,3.0,2.0,3.0,2,3,8.237924285044539,0.3069523112726162,1952.388055555556,237,186,0.4013888888888886,0.0016936240037505
2614,31,No,Travel_Rarely,Sales,6,3,Other,1,2615,Male,1,Manufacturing Director,Divorced,45340,1.0,Y,13,8,0,1.0,2,1,0,0,4.0,4.0,3.0,3,3,10.80042699724518,0.2860755158790504,2613.7033333333334,242,242,435.7033333333333,1.800426997245179
2615,39,No,Travel_Rarely,Research & Development,4,3,Life Sciences,1,2616,Male,2,Sales Executive,Single,98520,0.0,Y,12,8,1,21.0,5,20,11,10,2.0,1.0,3.0,2,3,6.100789894833105,0.2805635994591957,1482.4919444444445,243,0,0.0,0.0
2616,42,No,Non-Travel,Research & Development,10,4,Life Sciences,1,2617,Female,2,Research Scientist,Single,61510,1.0,Y,13,8,1,20.0,3,20,3,7,4.0,3.0,3.0,3,3,6.595412494039104,0.3279436233168369,1536.7311111111112,233,0,0.0,0.0
2617,31,No,Non-Travel,Research & Development,14,2,Life Sciences,1,2618,Male,2,Healthcare Representative,Married,23020,4.0,Y,14,8,0,13.0,3,11,4,8,3.0,3.0,4.0,3,3,6.112748665696263,0.2973285466197554,1399.8194444444443,229,0,0.0,0.0
2618,54,No,Travel_Rarely,Research & Development,1,3,Medical,1,2619,Female,2,Human Resources,Single,23620,6.0,Y,13,8,1,9.0,2,5,1,4,3.0,1.0,3.0,4,3,10.46367270531401,0.3117926528450299,2406.6447222222223,230,230,336.64472222222224,1.4636727053140095
2619,24,No,Travel_Rarely,Research & Development,5,4,Other,1,2620,Male,1,Manufacturing Director,Single,178610,1.0,Y,11,8,2,4.0,5,4,1,2,2.0,3.0,2.0,1,3,6.87842056932966,0.2796449899699048,1664.5777777777778,242,0,0.0,0.0
2620,23,No,Travel_Rarely,Research & Development,7,3,Life Sciences,1,2621,Male,2,Research Scientist,Single,191870,1.0,Y,11,8,1,5.0,2,5,1,4,4.0,4.0,4.0,3,3,6.989227053140096,0.2785760322613137,1607.522222222222,230,0,0.0,0.0
2621,40,No,Travel_Frequently,Research & Development,21,3,Medical,1,2622,Female,3,Research Scientist,Married,197170,1.0,Y,21,8,0,10.0,1,10,9,4,4.0,3.0,4.0,2,4,7.8108961352657,0.2994974227130334,1796.506111111111,230,59,0.0,0.0
2622,40,No,Travel_Rarely,Research & Development,8,1,Medical,1,2623,Female,5,Research Scientist,Married,35440,3.0,Y,18,8,3,15.0,3,11,5,10,2.0,2.0,3.0,2,3,6.2057952973720605,0.2710062283375641,1495.5966666666666,241,0,0.0,0.0
2623,25,No,Travel_Rarely,Sales,20,5,Medical,1,2624,Female,2,Laboratory Technician,Married,85000,4.0,Y,12,8,0,6.0,2,2,1,2,3.0,2.0,3.0,3,3,6.186274717514125,0.2804947545072213,1459.9608333333333,236,0,0.0,0.0
2624,30,No,Travel_Rarely,Human Resources,20,4,Life Sciences,1,2625,Male,2,Research Scientist,Married,46610,1.0,Y,11,8,0,12.0,3,12,1,7,4.0,2.0,2.0,2,3,6.082886122637159,0.2924345751679048,1465.9755555555555,241,0,0.0,0.0
2625,25,No,Travel_Rarely,Research & Development,7,2,Medical,1,2626,Male,5,Sales Executive,Divorced,41030,6.0,Y,15,8,1,7.0,2,2,0,2,4.0,3.0,2.0,3,3,10.186044685990336,0.3034966137675704,2342.7902777777776,230,230,272.79027777777776,1.1860446859903382
2626,47,No,Travel_Rarely,Research & Development,1,4,Life Sciences,1,2627,Male,2,Sales Executive,Single,42490,2.0,Y,13,8,1,25.0,2,17,12,11,1.0,3.0,3.0,2,3,7.804060283687943,0.3066526716164744,1833.9541666666669,235,68,0.0,0.0
2627,33,No,Non-Travel,Research & Development,1,3,Life Sciences,1,2628,Male,2,Research Scientist,Divorced,140260,1.0,Y,12,8,0,1.0,4,1,0,0,2.0,3.0,2.0,3,3,6.20551536643026,0.3396875829610234,1458.296111111111,235,0,0.0,0.0
2628,38,No,Travel_Rarely,Research & Development,19,3,Life Sciences,1,2629,Female,2,Sales Executive,Married,68930,0.0,Y,17,8,0,16.0,3,15,5,8,4.0,2.0,3.0,3,3,7.88748847395113,0.2875024275176312,1900.8847222222223,241,92,0.0,0.0
2629,31,No,Travel_Rarely,Research & Development,10,4,Medical,1,2630,Female,3,Sales Executive,Married,61250,0.0,Y,13,8,1,3.0,3,2,1,2,1.0,3.0,3.0,3,3,7.20173928077455,0.2993298888724652,1735.6191666666666,241,0,0.0,0.0
2630,38,No,Travel_Frequently,Research & Development,1,4,Other,1,2631,Male,2,Research Scientist,Married,36690,2.0,Y,19,8,0,10.0,2,8,7,7,1.0,3.0,3.0,3,3,6.505002286236854,0.3245653777202809,1580.7155555555555,243,0,0.0,0.0
2631,42,No,Travel_Rarely,Research & Development,6,3,Medical,1,2632,Male,2,Laboratory Technician,Divorced,100080,6.0,Y,19,8,1,9.0,3,4,1,2,4.0,1.0,2.0,1,3,9.820030473511483,0.2929539005483005,2327.347222222222,237,237,194.4283333333333,0.8203727144866384
2632,41,No,Travel_Rarely,Sales,2,2,Medical,1,2633,Male,1,Healthcare Representative,Married,23870,3.0,Y,17,8,1,12.0,1,5,1,0,4.0,4.0,3.0,1,3,7.692067510548523,0.2971110267743748,1823.02,237,43,0.0,0.0
2633,47,No,Non-Travel,Research & Development,21,2,Medical,1,2634,Male,1,Sales Executive,Married,46390,0.0,Y,11,8,1,14.0,2,13,5,12,3.0,2.0,1.0,2,3,7.175159752026706,0.296236301498379,1671.8122222222223,233,0,0.0,0.0
2634,35,No,Travel_Rarely,Research & Development,4,3,Life Sciences,1,2635,Male,2,Healthcare Representative,Married,78980,7.0,Y,15,8,0,5.0,2,2,2,2,4.0,3.0,3.0,2,3,10.434484618916436,0.3132922169424113,2525.1452777777777,242,242,347.1452777777778,1.434484618916437
2635,22,No,Travel_Rarely,Human Resources,12,1,Human Resources,1,2636,Male,2,Sales Executive,Single,25340,0.0,Y,11,8,0,4.0,1,3,1,2,4.0,3.0,4.0,3,3,6.435723593964335,0.2905743122224093,1563.8808333333334,243,0,0.0,0.0
2636,35,No,Travel_Rarely,Research & Development,9,3,Medical,1,2637,Female,2,Sales Executive,Single,131420,1.0,Y,25,8,2,10.0,4,10,0,8,2.0,3.0,3.0,3,4,8.021547281323878,0.3004723568386354,1885.0636111111112,235,126,0.0,0.0
2637,33,No,Travel_Rarely,Sales,3,4,Medical,1,2638,Male,3,Healthcare Representative,Married,16110,0.0,Y,14,8,0,10.0,2,9,8,1,2.0,4.0,3.0,2,3,9.09485935302391,0.3191363900099809,2155.4816666666666,237,237,42.86750000000001,0.1808755274261603
2638,32,No,Travel_Rarely,Research & Development,3,2,Technical Degree,1,2639,Male,3,Manufacturing Director,Single,53630,1.0,Y,13,8,0,6.0,4,6,4,1,3.0,2.0,3.0,3,3,7.001826878745966,0.2636103286280704,1687.4402777777775,241,0,0.0,0.0
2639,40,No,Travel_Rarely,Research & Development,1,4,Medical,1,2640,Male,2,Research Director,Married,50710,8.0,Y,17,8,1,8.0,3,1,0,0,1.0,4.0,2.0,2,3,6.184851394604481,0.3015412734508979,1502.918888888889,243,0,0.0,0.0
2640,32,No,Travel_Rarely,Research & Development,1,2,Medical,1,2641,Male,3,Sales Executive,Married,136950,0.0,Y,13,8,0,3.0,3,2,2,2,2.0,2.0,3.0,3,3,6.001692028985507,0.3097837583981644,1380.3891666666666,230,0,0.0,0.0
2641,39,No,Travel_Rarely,Research & Development,4,4,Life Sciences,1,2642,Male,1,Sales Executive,Single,134020,7.0,Y,14,8,1,18.0,1,7,1,7,1.0,4.0,3.0,3,3,8.016600694444444,0.2956157829562533,1923.9841666666664,240,127,0.0,0.0
2642,38,No,Travel_Rarely,Sales,20,4,Medical,1,2643,Female,2,Research Director,Married,20290,3.0,Y,11,8,1,20.0,3,18,1,11,2.0,3.0,3.0,2,3,8.024595410628018,0.2970976110525953,1845.6569444444444,230,123,0.1263888888888882,0.0005495169082125
2643,32,No,Travel_Rarely,Research & Development,18,3,Life Sciences,1,2644,Male,2,Manager,Married,63770,1.0,Y,12,8,2,14.0,3,14,5,7,3.0,4.0,3.0,3,3,7.8913028007346195,0.2845194426593336,1909.6952777777776,242,87,0.0,0.0
2644,37,No,Travel_Rarely,Research & Development,1,3,Life Sciences,1,2645,Female,4,Sales Executive,Married,54290,1.0,Y,17,8,1,16.0,3,16,6,8,3.0,4.0,3.0,3,3,9.41780218503022,0.3206658282558597,2250.8547222222223,239,239,103.19611111111112,0.4317828916782892
2645,25,No,Travel_Rarely,Research & Development,2,4,Medical,1,2646,Female,2,Manufacturing Director,Divorced,27850,0.0,Y,21,8,0,6.0,2,5,0,4,1.0,3.0,2.0,3,4,8.030438218390804,0.2944479819341125,1863.0616666666667,232,129,0.0,0.0
2646,52,No,Non-Travel,Research & Development,2,4,Other,1,2647,Male,1,Manager,Divorced,46140,2.0,Y,16,8,1,16.0,3,9,0,0,1.0,4.0,2.0,3,3,6.812064471879287,0.3013827632800274,1655.3316666666667,243,0,0.0,0.0
2647,44,No,Travel_Rarely,Research & Development,8,1,Life Sciences,1,2648,Female,1,Sales Representative,Single,26100,6.0,Y,15,8,0,6.0,2,4,1,2,2.0,4.0,3.0,3,3,10.769022131887986,0.3111889193469222,2649.1794444444445,246,246,435.17944444444447,1.7690221318879855
2648,21,No,Travel_Rarely,Sales,10,5,Medical,1,2649,Male,3,Research Scientist,Single,66870,1.0,Y,19,8,3,2.0,0,2,1,2,3.0,1.0,3.0,3,3,8.209698275862069,0.2908143644790648,1904.65,232,179,0.0,0.0
2649,39,No,Non-Travel,Research & Development,3,4,Life Sciences,1,2650,Female,2,Research Director,Single,47240,2.0,Y,12,8,1,21.0,4,6,1,3,4.0,4.0,2.0,4,3,6.314996312684366,0.3058750579627848,1427.1891666666668,226,0,0.0,0.0
2650,23,Yes,Travel_Frequently,Research & Development,2,4,Life Sciences,1,2651,Female,2,Manufacturing Director,Married,61790,1.0,Y,11,8,0,1.0,3,1,1,0,4.0,1.0,2.0,3,3,7.957643061516452,0.2995844769155163,1854.1308333333332,233,106,0.0,0.0
2651,36,No,Travel_Rarely,Research & Development,24,3,Life Sciences,1,2652,Female,2,Laboratory Technician,Married,61200,0.0,Y,19,8,0,10.0,2,9,3,4,1.0,4.0,3.0,3,3,7.830423338185347,0.3007366546315398,1793.1669444444444,229,61,0.0,0.0
2652,36,No,Travel_Frequently,Research & Development,16,1,Medical,1,2653,Male,2,Sales Executive,Divorced,105960,7.0,Y,15,8,0,18.0,3,4,0,2,4.0,2.0,3.0,2,3,7.825021008403361,0.317168564023074,1862.355,238,69,0.0,0.0
2653,56,No,Non-Travel,Research & Development,8,1,Life Sciences,1,2654,Male,1,Sales Executive,Divorced,54670,1.0,Y,20,8,0,13.0,6,13,1,9,3.0,3.0,2.0,2,4,6.62011158594492,0.2962802070367552,1549.1061111111112,234,0,0.0,0.0
2654,29,Yes,Travel_Rarely,Research & Development,9,4,Medical,1,2655,Male,2,Sales Representative,Married,29960,9.0,Y,25,8,0,4.0,4,2,2,2,1.0,4.0,4.0,3,4,10.876961134954698,0.3023584564077295,2534.3319444444446,233,233,437.3319444444445,1.8769611349546973
2655,42,No,Travel_Rarely,Research & Development,17,1,Life Sciences,1,2656,Male,3,Research Scientist,Married,99980,5.0,Y,24,8,2,24.0,3,22,4,14,1.0,3.0,2.0,2,4,7.37828154425612,0.3103476721874906,1741.2744444444445,236,5,0.0,0.0
2656,56,Yes,Travel_Rarely,Sales,10,4,Other,1,2657,Male,2,Sales Executive,Married,40780,8.0,Y,24,8,1,14.0,3,10,9,8,4.0,3.0,1.0,3,4,6.812821327683616,0.2644911934456064,1607.825833333333,236,0,0.0,0.0
2657,41,No,Travel_Rarely,Research & Development,13,4,Life Sciences,1,2658,Female,1,Healthcare Representative,Married,109200,0.0,Y,15,8,1,21.0,3,20,0,10,1.0,2.0,3.0,4,3,7.812496468926554,0.2771343203127815,1843.7491666666667,236,57,0.0,0.0
2658,34,No,Travel_Rarely,Sales,1,3,Medical,1,2659,Female,1,Laboratory Technician,Married,62320,1.0,Y,13,8,1,8.0,3,8,1,7,4.0,3.0,3.0,3,3,7.357590187590187,0.3035434799267403,1699.6033333333332,231,5,0.0,0.0
2659,36,No,Non-Travel,Sales,1,1,Medical,1,2660,Female,1,Human Resources,Divorced,132470,1.0,Y,14,8,0,15.0,3,15,11,11,4.0,4.0,2.0,3,3,7.69374655647383,0.2831442546038074,1861.8866666666668,242,35,0.0,0.0
2660,41,No,Travel_Rarely,Research & Development,1,5,Medical,1,2661,Male,1,Healthcare Representative,Divorced,40810,2.0,Y,13,8,0,14.0,3,5,0,4,3.0,2.0,3.0,3,3,7.083069561157797,0.3449071681477622,1685.7705555555556,238,1,0.0,0.0
2661,32,No,Travel_Rarely,Sales,9,4,Life Sciences,1,2662,Female,2,Research Scientist,Single,57690,1.0,Y,11,8,0,4.0,3,4,1,2,4.0,1.0,3.0,3,3,6.697839896858884,0.3128771197747133,1587.3880555555556,237,0,0.0,0.0
2662,35,No,Travel_Rarely,Research & Development,16,3,Medical,1,2663,Female,2,Healthcare Representative,Single,23940,1.0,Y,16,8,1,9.0,3,9,1,7,3.0,4.0,3.0,3,3,10.48613070539419,0.2885282971458219,2527.1575,241,241,358.1575,1.486130705394191
2663,38,No,Travel_Rarely,Research & Development,23,3,Medical,1,2664,Male,3,Sales Representative,Married,39040,1.0,Y,22,8,0,10.0,3,10,1,9,1.0,4.0,3.0,2,4,6.913981102003643,0.2891651101714843,1687.0113888888889,244,0,0.0,0.0
2664,50,Yes,Travel_Frequently,Sales,4,2,Life Sciences,1,2665,Female,2,Laboratory Technician,Divorced,167990,7.0,Y,14,8,1,12.0,2,6,0,1,2.0,3.0,3.0,2,3,7.196671394799055,0.2786943921904267,1691.217777777778,235,1,0.0,0.0
2665,36,No,Travel_Rarely,Research & Development,22,4,Life Sciences,1,2666,Male,1,Healthcare Representative,Married,29500,4.0,Y,14,8,0,8.0,1,6,0,0,2.0,4.0,2.0,2,3,6.297541666666667,0.287058431227311,1511.41,240,0,0.0,0.0
2666,45,No,Travel_Rarely,Sales,24,3,Life Sciences,1,2667,Male,1,Laboratory Technician,Single,36290,8.0,Y,16,8,1,8.0,2,5,0,1,4.0,3.0,3.0,4,3,6.082725321888413,0.296998094728007,1417.275,233,0,0.0,0.0
2667,40,No,Travel_Rarely,Sales,10,4,Life Sciences,1,2668,Male,1,Research Scientist,Single,93620,2.0,Y,11,8,1,8.0,6,2,2,2,3.0,3.0,3.0,3,3,6.21671196948021,0.2889086334862262,1448.493888888889,233,0,0.0,0.0
2668,35,No,Travel_Frequently,Sales,7,2,Life Sciences,1,2669,Male,2,Manufacturing Director,Married,32290,1.0,Y,25,8,0,10.0,2,10,0,2,3.0,3.0,4.0,2,4,8.381166666666667,0.2839226217219765,2053.3858333333333,245,220,0.5405555555555548,0.0022063492063492
2669,40,No,Travel_Rarely,Research & Development,17,4,Life Sciences,1,2670,Male,1,Manager,Married,35780,2.0,Y,14,8,1,20.0,2,5,0,2,3.0,3.0,3.0,3,3,7.506722222222222,0.3013206297622502,1726.546111111111,230,11,0.0,0.0
2670,35,No,Travel_Rarely,Human Resources,14,1,Life Sciences,1,2671,Male,2,Research Scientist,Married,79880,1.0,Y,18,8,0,4.0,3,4,1,1,3.0,4.0,3.0,3,3,6.899807504873294,0.3008862205427574,1573.1561111111112,228,0,0.0,0.0
2671,29,No,Travel_Rarely,Research & Development,1,3,Medical,1,2672,Male,3,Sales Executive,Married,42840,4.0,Y,11,8,0,10.0,5,4,0,3,4.0,2.0,3.0,2,3,9.795089869281046,0.324671794284362,2331.231388888889,238,238,189.30055555555555,0.7953804855275444
2672,29,No,Travel_Rarely,Research & Development,5,3,Medical,1,2673,Male,2,Sales Representative,Single,75530,1.0,Y,19,8,0,5.0,3,5,0,4,4.0,1.0,1.0,3,3,6.116676499508358,0.2925673745091295,1382.368888888889,226,0,0.0,0.0
2673,50,Yes,Travel_Rarely,Research & Development,17,3,Medical,1,2674,Male,1,Research Scientist,Divorced,173280,4.0,Y,15,8,2,20.0,1,3,2,0,4.0,1.0,3.0,3,3,9.596655982905984,0.3088947610954794,2245.6175,234,234,140.0236111111111,0.5983915004748338
2674,39,No,Travel_Rarely,Sales,25,3,Medical,1,2675,Male,2,Sales Executive,Married,197010,0.0,Y,11,8,0,21.0,3,20,9,6,2.0,4.0,2.0,4,3,7.494827134000953,0.2963630678672234,1746.2947222222222,233,10,0.0,0.0
2675,31,No,Non-Travel,Research & Development,8,4,Life Sciences,1,2676,Female,4,Sales Executive,Single,147320,0.0,Y,12,8,0,10.0,3,9,1,7,2.0,1.0,3.0,3,3,7.26115721040189,0.2861290392872594,1706.3719444444444,235,1,0.0,0.0
2676,26,No,Travel_Rarely,Research & Development,11,4,Medical,1,2677,Male,2,Manager,Single,92780,0.0,Y,20,8,0,5.0,3,4,0,0,4.0,3.0,3.0,3,4,7.523019005847954,0.3062038144336688,1715.2483333333334,228,13,0.0,0.0
2677,36,No,Travel_Frequently,Research & Development,5,1,Technical Degree,1,2678,Male,1,Sales Executive,Married,13590,4.0,Y,12,8,0,17.0,2,5,0,3,3.0,4.0,3.0,3,3,7.697297358834244,0.2873960906146444,1878.1405555555557,244,37,0.0,0.0
2678,39,No,Travel_Rarely,Research & Development,2,1,Medical,1,2679,Female,1,Research Scientist,Married,47790,4.0,Y,14,8,2,9.0,3,7,1,7,4.0,1.0,3.0,3,3,5.987375910746812,0.3236006047046167,1460.9197222222222,244,0,0.0,0.0
2679,27,No,Travel_Rarely,Research & Development,8,2,Medical,1,2680,Male,1,Laboratory Technician,Married,164220,1.0,Y,20,8,1,6.0,3,6,0,3,2.0,2.0,3.0,3,4,9.295790330079033,0.2760372543657645,2221.693888888889,239,239,75.50416666666666,0.3159170153417015
2680,49,No,Travel_Frequently,Research & Development,6,1,Medical,1,2681,Male,3,Healthcare Representative,Married,29960,2.0,Y,18,8,1,17.0,2,9,0,8,4.0,2.0,2.0,2,3,6.415900997150998,0.3011180667565914,1501.3208333333334,234,0,0.0,0.0
2681,34,No,Travel_Rarely,Sales,4,3,Medical,1,2682,Female,1,Sales Executive,Married,12610,2.0,Y,14,8,1,6.0,6,4,1,2,2.0,3.0,4.0,3,3,6.470493025493026,0.304722446975624,1494.683888888889,231,0,0.0,0.0
2682,41,Yes,Travel_Rarely,Research & Development,7,2,Life Sciences,1,2683,Female,1,Research Scientist,Single,20990,8.0,Y,12,8,1,8.0,2,6,0,5,2.0,4.0,1.0,3,3,8.594232301922176,0.3140292862853443,2036.833055555556,237,230,3.5572222222222223,0.0150093764650726
2683,49,No,Travel_Frequently,Sales,1,4,Life Sciences,1,2684,Female,2,Manufacturing Director,Married,58100,1.0,Y,21,8,1,10.0,2,10,1,7,3.0,2.0,3.0,3,4,6.697707115009746,0.2976446803757354,1527.0772222222222,228,0,0.0,0.0
2684,37,Yes,Travel_Rarely,Research & Development,2,3,Life Sciences,1,2685,Male,1,Sales Executive,Single,56470,6.0,Y,19,8,0,7.0,2,0,0,0,4.0,3.0,3.0,3,3,8.492027417027417,0.3419310484851387,1961.6583333333333,231,209,1.5583333333333351,0.0067460317460317
2685,33,No,Travel_Frequently,Research & Development,10,2,Medical,1,2686,Male,2,Research Scientist,Married,34200,1.0,Y,14,8,0,8.0,3,8,3,0,4.0,3.0,3.0,3,3,9.51720177970178,0.2731772730549291,2198.473611111111,231,231,120.69,0.5224675324675324
2686,27,No,Travel_Rarely,Sales,5,4,Medical,1,2687,Female,4,Manufacturing Director,Married,44000,9.0,Y,17,8,1,6.0,3,2,2,2,1.0,2.0,3.0,2,3,6.3870397153351695,0.3013774601077041,1545.663611111111,242,0,0.0,0.0
2687,32,No,Travel_Frequently,Research & Development,9,2,Medical,1,2688,Female,2,Research Scientist,Single,35000,0.0,Y,16,8,1,8.0,2,7,3,6,4.0,4.0,2.0,2,3,7.246658462259728,0.299604891037016,1717.4580555555556,237,2,0.0,0.0
2688,59,No,Travel_Rarely,Sales,2,2,Marketing,1,2689,Female,5,Sales Representative,Married,20660,4.0,Y,12,8,1,12.0,3,1,0,0,3.0,1.0,2.0,3,3,9.9697350069735,0.287109446684073,2382.766666666667,239,239,231.76666666666665,0.9697350069735008
2689,30,No,Travel_Rarely,Research & Development,11,4,Medical,1,2690,Male,2,Laboratory Technician,Divorced,171690,1.0,Y,17,8,2,1.0,2,1,0,0,4.0,3.0,3.0,3,3,6.396685660018993,0.302122316263008,1496.8244444444445,234,0,0.0,0.0
2690,38,No,Travel_Frequently,Sales,18,4,Life Sciences,1,2691,Male,2,Healthcare Representative,Single,41620,0.0,Y,15,8,1,10.0,1,9,1,8,4.0,3.0,3.0,3,3,7.990215537113877,0.3149017397186933,1925.6419444444443,241,111,0.0,0.0
2691,36,No,Travel_Rarely,Research & Development,7,3,Life Sciences,1,2692,Male,1,Sales Executive,Married,92040,6.0,Y,23,8,1,17.0,2,7,7,7,3.0,3.0,2.0,3,4,7.820515173764072,0.3067303543132021,1775.2569444444443,227,58,0.0,0.0
2692,35,No,Travel_Rarely,Human Resources,3,4,Human Resources,1,2693,Male,2,Manager,Married,32940,0.0,Y,11,8,0,6.0,2,5,0,3,1.0,2.0,3.0,3,3,7.497904896421845,0.2737226972279826,1769.5055555555557,236,9,0.0,0.0
2693,29,No,Travel_Rarely,Sales,29,4,Life Sciences,1,2694,Male,2,Laboratory Technician,Single,21270,0.0,Y,11,8,1,10.0,3,9,0,8,4.0,3.0,3.0,2,3,10.72930316091954,0.3216873774646206,2489.1983333333333,232,232,401.1983333333333,1.7293031609195402
2694,31,No,Travel_Rarely,Research & Development,2,2,Medical,1,2695,Male,2,Laboratory Technician,Divorced,39750,1.0,Y,15,8,1,5.0,3,5,4,3,1.0,3.0,2.0,3,3,6.335467224546723,0.2845489029948251,1514.1766666666667,239,0,0.0,0.0
2695,34,No,Travel_Rarely,Research & Development,28,3,Technical Degree,1,2696,Male,1,Laboratory Technician,Divorced,107930,0.0,Y,11,8,3,3.0,1,2,1,2,2.0,4.0,3.0,2,3,7.589471982758621,0.3017411188338268,1760.7575,232,16,0.0,0.0
2696,28,Yes,Travel_Rarely,Research & Development,1,4,Life Sciences,1,2697,Male,5,Research Director,Single,100960,2.0,Y,13,8,0,6.0,2,4,0,3,3.0,3.0,3.0,3,3,10.514124371284865,0.3180525778519847,2554.932222222222,243,243,367.9322222222222,1.514124371284865
2697,29,No,Travel_Rarely,Research & Development,16,2,Life Sciences,1,2698,Female,4,Laboratory Technician,Divorced,36460,1.0,Y,14,8,0,10.0,3,10,8,8,2.0,1.0,3.0,4,3,8.0110807860262,0.3004340084198393,1834.5375,229,125,0.0,0.0
2698,32,No,Travel_Rarely,Human Resources,22,3,Human Resources,1,2699,Female,2,Research Director,Divorced,74460,0.0,Y,19,8,0,7.0,3,6,0,5,1.0,2.0,2.0,3,3,10.69983190271817,0.2949229814697539,2493.060833333333,233,233,396.0608333333333,1.6998319027181688
2699,22,No,Non-Travel,Research & Development,8,3,Life Sciences,1,2700,Female,3,Sales Executive,Divorced,108510,1.0,Y,16,8,1,1.0,2,1,0,0,4.0,4.0,2.0,4,3,9.987742486338798,0.3039587412066855,2437.0091666666667,244,244,241.00916666666663,0.9877424863387978
2700,53,No,Travel_Rarely,Research & Development,11,3,Medical,1,2701,Male,2,Manager,Married,21090,2.0,Y,13,8,0,31.0,3,25,3,7,1.0,4.0,3.0,3,3,8.013222455648926,0.2936837320777314,1907.1469444444444,238,122,0.0,0.0
2701,38,No,Travel_Rarely,Research & Development,29,3,Life Sciences,1,2702,Female,1,Manufacturing Director,Single,37220,5.0,Y,14,8,0,6.0,0,3,1,2,4.0,4.0,3.0,3,3,9.679868113912232,0.2733685865142653,2303.808611111111,238,238,161.87777777777777,0.6801587301587301
2702,24,No,Non-Travel,Research & Development,1,5,Life Sciences,1,2703,Male,3,Research Scientist,Divorced,93800,0.0,Y,16,8,0,5.0,2,4,1,3,1.0,3.0,2.0,2,3,6.901887706855792,0.3126316659397174,1621.943611111111,235,1,0.0,0.0
2703,36,Yes,Travel_Rarely,Research & Development,1,3,Life Sciences,1,2704,Male,1,Research Director,Single,54860,7.0,Y,12,8,1,10.0,2,5,0,3,3.0,1.0,3.0,3,3,6.500812621832359,0.3004881770088466,1482.185277777778,228,0,0.0,0.0
2704,34,No,Travel_Rarely,Sales,24,3,Marketing,1,2705,Male,4,Research Scientist,Single,27420,0.0,Y,11,8,1,13.0,2,12,2,11,1.0,2.0,3.0,3,3,6.120792349726776,0.3105933347983488,1493.4733333333334,244,0,0.0,0.0
2705,21,No,Travel_Rarely,Sales,2,3,Life Sciences,1,2706,Male,2,Manufacturing Director,Single,137570,1.0,Y,12,8,1,0.0,3,0,0,0,3.0,4.0,3.0,3,3,5.980667388167388,0.2899721130408901,1381.5341666666666,231,0,0.0,0.0
2706,34,Yes,Travel_Rarely,Sales,15,2,Marketing,1,2707,Female,2,Research Scientist,Single,84630,2.0,Y,13,8,0,8.0,2,4,1,3,2.0,1.0,3.0,1,3,7.786240362811791,0.2999929031297615,1907.628888888889,245,55,0.0,0.0
2707,53,No,Travel_Rarely,Sales,2,1,Life Sciences,1,2708,Male,5,Human Resources,Divorced,31620,4.0,Y,15,8,0,26.0,4,14,4,8,3.0,3.0,2.0,3,3,7.499900875979714,0.2927940124983568,1807.476111111111,241,6,0.0,0.0
2708,32,Yes,Travel_Frequently,Research & Development,10,3,Medical,1,2709,Female,2,Manufacturing Director,Single,165980,1.0,Y,13,8,0,10.0,2,10,6,7,2.0,1.0,3.0,3,3,9.491586648376773,0.3104715041938572,2306.455555555556,243,243,121.05944444444448,0.4981870141746686
2709,42,No,Travel_Rarely,Research & Development,10,3,Technical Degree,1,2710,Male,2,Laboratory Technician,Married,66510,0.0,Y,20,8,0,10.0,5,9,4,2,3.0,2.0,3.0,2,4,6.884506172839506,0.3249954953877793,1610.9744444444443,234,0,0.0,0.0
2710,44,No,Travel_Rarely,Research & Development,3,1,Life Sciences,1,2711,Female,1,Manufacturing Director,Married,23450,3.0,Y,15,8,2,24.0,0,22,5,17,1.0,4.0,3.0,3,3,7.094737394957983,0.2991303868679364,1688.5475,238,0,0.0,0.0
2711,46,No,Travel_Rarely,Sales,2,3,Life Sciences,1,2712,Female,1,Research Scientist,Single,34200,3.0,Y,13,8,2,22.0,3,2,2,1,2.0,1.0,2.0,1,3,8.01465541490858,0.3160574046988174,1899.4733333333331,237,115,0.0,0.0
2712,33,No,Travel_Rarely,Sales,3,3,Medical,1,2713,Male,1,Manufacturing Director,Single,43730,4.0,Y,14,8,0,7.0,3,1,0,0,3.0,4.0,3.0,3,3,6.460929038281979,0.3154604527195178,1537.701111111111,238,0,0.0,0.0
2713,44,No,Travel_Rarely,Human Resources,26,3,Life Sciences,1,2714,Male,5,Healthcare Representative,Married,47590,2.0,Y,21,8,0,9.0,2,4,1,3,4.0,4.0,4.0,3,4,8.498006535947711,0.2827355682086414,2022.5255555555557,238,230,1.387777777777778,0.0058309990662931
2714,30,No,Travel_Rarely,Research & Development,1,4,Technical Degree,1,2715,Female,1,Research Scientist,Single,53010,1.0,Y,16,8,1,10.0,3,10,1,8,4.0,3.0,3.0,3,3,6.097253213957759,0.2999712432576562,1475.5352777777778,242,0,0.0,0.0
2715,39,Yes,Travel_Rarely,Human Resources,1,4,Medical,1,2716,Male,1,Sales Executive,Married,36730,3.0,Y,14,8,1,19.0,3,1,0,0,4.0,4.0,4.0,3,3,6.489479458450046,0.2862171491916711,1544.496111111111,238,0,0.0,0.0
2716,24,Yes,Travel_Rarely,Human Resources,2,5,Human Resources,1,2717,Male,3,Sales Executive,Married,47680,2.0,Y,11,8,1,6.0,2,2,2,0,2.0,4.0,2.0,2,3,9.689935720844812,0.3018958657380371,2344.9644444444443,242,242,167.3636111111111,0.6915851698806245
2717,43,No,Travel_Rarely,Sales,9,5,Technical Degree,1,2718,Female,1,Research Director,Divorced,12740,1.0,Y,19,8,0,6.0,3,5,1,4,4.0,3.0,2.0,2,3,6.499559426229508,0.3010364264739608,1585.8925,244,0,0.0,0.0
2718,50,Yes,Travel_Rarely,Research & Development,12,4,Medical,1,2719,Male,1,Research Director,Married,49000,1.0,Y,11,8,0,3.0,3,3,0,2,1.0,3.0,3.0,2,3,8.894330543933053,0.265683529609704,2125.745,239,238,13.97833333333333,0.058486750348675
2719,35,No,Travel_Rarely,Sales,2,4,Marketing,1,2720,Male,3,Manufacturing Director,Married,104660,1.0,Y,13,8,0,2.0,1,2,2,2,4.0,4.0,3.0,3,3,7.104071327683616,0.2921779562239686,1676.5608333333332,236,0,0.0,0.0
2720,36,No,Travel_Rarely,Research & Development,25,1,Life Sciences,1,2721,Female,4,Sales Executive,Married,170070,9.0,Y,12,8,1,6.0,2,1,0,0,2.0,1.0,4.0,2,3,9.130807971014494,0.3164524432886423,2100.085833333333,230,230,46.78777777777778,0.2034251207729468
2721,33,No,Travel_Frequently,Sales,9,2,Marketing,1,2722,Male,4,Human Resources,Married,29090,2.0,Y,11,8,0,10.0,2,5,1,3,3.0,1.0,3.0,2,3,6.599109929078014,0.2979901603784217,1550.7908333333332,235,0,0.0,0.0
2722,35,No,Travel_Rarely,Research & Development,10,1,Medical,1,2723,Male,1,Research Scientist,Divorced,57650,1.0,Y,14,8,1,1.0,2,1,0,0,3.0,4.0,3.0,3,3,6.1866900093370685,0.3237804042388582,1472.4322222222222,238,0,0.0,0.0
2723,27,No,Travel_Rarely,Sales,8,2,Marketing,1,2724,Female,3,Research Scientist,Divorced,45990,1.0,Y,15,8,1,1.0,3,1,0,0,4.0,1.0,3.0,2,3,7.5895013947001395,0.298745246486162,1813.8908333333331,239,17,0.0,0.0
2724,26,Yes,Travel_Rarely,Sales,4,3,Marketing,1,2725,Male,2,Manager,Single,24040,1.0,Y,12,8,0,1.0,6,1,0,1,1.0,3.0,2.0,3,3,7.700121671258035,0.3131268926322141,1863.4294444444445,242,42,0.0,0.0
2725,27,No,Travel_Frequently,Sales,24,3,Life Sciences,1,2726,Male,4,Healthcare Representative,Single,31720,1.0,Y,20,8,1,9.0,1,9,1,7,4.0,3.0,3.0,3,4,6.773530543530543,0.2955143727250568,1564.6855555555555,231,0,0.0,0.0
2726,30,No,Travel_Frequently,Research & Development,1,4,Medical,1,2727,Male,1,Research Scientist,Single,20330,1.0,Y,14,8,1,12.0,3,12,3,7,3.0,4.0,3.0,1,3,6.813341335162322,0.290015666300653,1655.6419444444443,243,0,0.0,0.0
2727,41,Yes,Travel_Rarely,Sales,20,4,Marketing,1,2728,Male,2,Sales Executive,Married,102090,1.0,Y,13,8,1,23.0,2,22,15,8,2.0,3.0,3.0,3,3,6.006660855416086,0.2923694563545206,1435.5919444444444,239,0,0.0,0.0
2728,34,No,Non-Travel,Research & Development,7,2,Technical Degree,1,2729,Female,1,Research Scientist,Single,86200,0.0,Y,13,8,1,10.0,2,9,8,7,2.0,3.0,3.0,2,3,7.779143026004728,0.2892672573194233,1828.098611111111,235,48,0.0,0.0
2729,37,No,Travel_Rarely,Research & Development,17,3,Life Sciences,1,2730,Female,3,Sales Executive,Married,20640,4.0,Y,16,8,0,8.0,3,1,0,0,2.0,2.0,3.0,2,3,6.083371980676328,0.3178244005264524,1399.1755555555555,230,0,0.0,0.0
2730,46,No,Travel_Frequently,Research & Development,20,3,Technical Degree,1,2731,Male,3,Sales Executive,Single,40350,4.0,Y,14,8,1,14.0,2,9,0,8,1.0,4.0,3.0,3,3,9.295620490620491,0.2946266637057697,2147.2883333333334,231,231,73.27916666666667,0.3172258297258297
2731,35,No,Travel_Rarely,Research & Development,8,4,Medical,1,2732,Female,3,Research Scientist,Married,38380,1.0,Y,16,8,1,1.0,2,1,0,1,4.0,4.0,3.0,3,3,6.919921802054155,0.3026643594473742,1646.941388888889,238,0,0.0,0.0
2732,48,Yes,Travel_Rarely,Research & Development,2,4,Technical Degree,1,2733,Female,1,Sales Executive,Single,45910,9.0,Y,16,8,0,23.0,6,1,0,0,1.0,3.0,3.0,1,3,9.309293684710353,0.3068746768030418,2178.3747222222223,234,234,78.54666666666667,0.3356695156695157
2733,28,Yes,Travel_Rarely,Research & Development,10,1,Medical,1,2734,Male,1,Sales Executive,Single,25610,1.0,Y,22,8,1,2.0,3,2,2,2,3.0,3.0,2.0,3,4,10.671643614568923,0.3253937698135367,2571.866111111111,241,241,402.8661111111112,1.671643614568926
2734,44,No,Travel_Rarely,Research & Development,1,1,Medical,1,2735,Female,3,Research Scientist,Divorced,15630,5.0,Y,12,8,2,9.0,3,4,1,3,2.0,1.0,2.0,3,3,9.391213080168775,0.2960168176862336,2225.7175,237,237,96.0902777777778,0.4054442100328176
2735,35,No,Non-Travel,Research & Development,5,4,Technical Degree,1,2736,Female,3,Manufacturing Director,Married,48980,2.0,Y,15,8,2,10.0,2,4,2,3,3.0,1.0,3.0,3,3,9.484306742640076,0.3058518767876627,2219.3277777777776,234,234,114.70916666666666,0.4902101139601139
2736,26,No,Travel_Rarely,Research & Development,4,4,Life Sciences,1,2737,Female,3,Sales Executive,Married,47890,7.0,Y,20,8,1,5.0,2,2,0,0,3.0,4.0,2.0,3,4,10.19218287037037,0.3202969710543739,2446.123888888889,240,240,286.1238888888889,1.1921828703703703
2737,33,No,Travel_Frequently,Sales,29,4,Life Sciences,1,2738,Female,1,Human Resources,Single,31800,1.0,Y,14,8,1,15.0,2,15,8,12,1.0,4.0,3.0,3,3,8.223002267573696,0.2852527322404742,2014.635555555556,245,188,0.0,0.0
2738,35,No,Travel_Frequently,Research & Development,15,3,Medical,1,2739,Male,3,Manufacturing Director,Married,65490,1.0,Y,20,8,0,9.0,3,9,1,8,2.0,1.0,2.0,3,4,6.477757246376812,0.2968262868552322,1489.8841666666667,230,0,0.0,0.0
2739,35,No,Travel_Rarely,Human Resources,3,2,Life Sciences,1,2740,Female,1,Laboratory Technician,Married,63880,3.0,Y,13,8,0,4.0,6,2,2,2,3.0,1.0,3.0,2,3,8.797342403628118,0.307270935357396,2155.3488888888887,245,244,11.717500000000008,0.0478265306122449
2740,31,No,Travel_Rarely,Sales,10,2,Life Sciences,1,2741,Female,2,Research Scientist,Divorced,112440,3.0,Y,12,8,1,10.0,3,7,1,7,4.0,4.0,2.0,3,3,6.0799437102300535,0.302213205267051,1380.147222222222,227,0,0.0,0.0
2741,37,No,Travel_Rarely,Sales,4,3,Marketing,1,2742,Male,4,Human Resources,Divorced,160320,1.0,Y,13,8,0,7.0,2,7,0,7,1.0,3.0,4.0,3,3,7.412775403608737,0.30471433601324,1734.5894444444446,234,6,0.0,0.0
2742,32,No,Travel_Rarely,Research & Development,21,3,Other,1,2743,Male,2,Sales Executive,Married,23620,1.0,Y,11,8,0,9.0,2,9,7,8,1.0,4.0,3.0,3,3,8.112133190883192,0.2929374212199589,1898.2391666666667,234,153,0.0630555555555556,0.0002694681861348
2743,38,No,Travel_Frequently,Research & Development,25,3,Medical,1,2744,Male,2,Manufacturing Director,Single,163280,1.0,Y,17,8,3,10.0,2,10,9,9,4.0,4.0,3.0,3,3,6.184593079922027,0.3195705228645111,1410.0872222222222,228,0,0.0,0.0
2744,50,No,Travel_Rarely,Sales,2,4,Marketing,1,2745,Female,4,Research Scientist,Divorced,83760,5.0,Y,14,8,3,29.0,2,27,13,8,2.0,3.0,2.0,3,3,9.529191609977325,0.3106602371505255,2334.6519444444443,245,245,130.57416666666668,0.5329557823129253
2745,59,No,Travel_Rarely,Research & Development,1,3,Technical Degree,1,2746,Male,1,Laboratory Technician,Single,166060,7.0,Y,11,8,0,28.0,6,21,7,9,1.0,1.0,2.0,3,3,6.903471064814815,0.3111525757695491,1656.8330555555556,240,0,0.0,0.0
2746,36,No,Travel_Rarely,Sales,1,2,Marketing,1,2747,Female,2,Sales Executive,Divorced,86060,1.0,Y,14,8,2,17.0,3,17,12,8,3.0,3.0,3.0,3,3,6.0043942577030815,0.2867313458666888,1429.0458333333331,238,0,0.0,0.0
2747,55,No,Travel_Rarely,Research & Development,7,3,Medical,1,2748,Male,3,Research Scientist,Divorced,22720,2.0,Y,17,8,1,21.0,2,5,0,2,4.0,3.0,3.0,3,3,8.11756763285024,0.2859362806083719,1867.040555555556,230,152,0.0,0.0
2748,36,No,Travel_Frequently,Research & Development,3,3,Life Sciences,1,2749,Female,2,Laboratory Technician,Single,20180,1.0,Y,13,8,0,6.0,5,6,0,3,2.0,2.0,3.0,3,3,7.211824074074074,0.2885090297863559,1730.8377777777778,240,0,0.0,0.0
2749,45,No,Travel_Rarely,Research & Development,1,2,Medical,1,2750,Female,1,Sales Executive,Divorced,70830,2.0,Y,12,8,1,25.0,5,1,0,0,2.0,1.0,3.0,3,3,6.770771475256769,0.2892152597604706,1611.443611111111,238,0,0.0,0.0
2750,35,No,Travel_Frequently,Human Resources,9,3,Other,1,2751,Female,2,Sales Representative,Married,40840,4.0,Y,13,8,1,5.0,3,3,1,2,2.0,1.0,2.0,3,3,6.08270863137816,0.3034345641314796,1417.2711111111112,233,0,0.0,0.0
2751,36,Yes,Travel_Rarely,Sales,7,2,Life Sciences,1,2752,Male,4,Laboratory Technician,Married,144110,0.0,Y,18,8,3,2.0,2,1,0,0,4.0,3.0,2.0,4,3,8.87298726851852,0.2629400007314524,2129.516944444445,240,240,12.98777777777778,0.0541157407407407
2752,59,No,Travel_Frequently,Research & Development,10,4,Life Sciences,1,2753,Male,3,Research Scientist,Single,23080,7.0,Y,19,8,1,20.0,4,4,1,3,1.0,3.0,2.0,2,3,6.809138418079097,0.2952115601308166,1606.9566666666667,236,0,0.0,0.0
2753,29,No,Travel_Rarely,Research & Development,28,4,Life Sciences,1,2754,Female,1,Sales Representative,Married,48410,0.0,Y,11,8,0,6.0,3,5,0,4,3.0,2.0,3.0,3,3,7.797563131313131,0.2859043533663993,1887.0102777777777,242,51,0.0,0.0
2754,31,No,Travel_Rarely,Research & Development,3,2,Medical,1,2755,Female,3,Sales Executive,Single,42850,1.0,Y,21,8,1,1.0,2,1,1,0,3.0,2.0,3.0,1,4,6.308999302649931,0.3184914097358936,1507.8508333333334,239,0,0.0,0.0
2755,32,No,Travel_Rarely,Sales,3,4,Life Sciences,1,2756,Male,2,Manufacturing Director,Married,97150,1.0,Y,15,8,1,10.0,1,10,0,9,2.0,2.0,3.0,2,3,7.5021654846335695,0.2999052547025759,1763.0088888888888,235,13,0.0,0.0
2756,36,No,Travel_Rarely,Research & Development,2,3,Life Sciences,1,2757,Male,2,Sales Representative,Married,43200,3.0,Y,17,8,0,5.0,2,1,0,0,2.0,4.0,3.0,3,3,7.192458804143126,0.3218710943562647,1697.4202777777778,236,0,0.0,0.0
2757,31,No,Travel_Rarely,Research & Development,27,3,Medical,1,2758,Female,2,Research Director,Single,21320,1.0,Y,18,8,0,11.0,3,11,1,8,3.0,4.0,3.0,3,3,6.103305898491083,0.3308964362833254,1483.1033333333332,243,0,0.0,0.0
2758,35,No,Travel_Rarely,Research & Development,2,4,Medical,1,2759,Male,2,Healthcare Representative,Single,101240,0.0,Y,14,8,1,16.0,2,15,2,8,3.0,1.0,3.0,4,3,6.036447626040137,0.298258161819014,1370.273611111111,227,0,0.0,0.0
2759,45,No,Travel_Rarely,Human Resources,14,3,Human Resources,1,2760,Female,1,Sales Executive,Married,54730,4.0,Y,13,8,0,17.0,3,0,0,0,4.0,1.0,4.0,1,3,8.942251334303736,0.3004873382928234,2047.7755555555557,229,229,20.628888888888888,0.0900824842309558
2760,37,No,Travel_Rarely,Research & Development,1,3,Life Sciences,1,2761,Female,3,Sales Executive,Single,52070,4.0,Y,17,8,3,16.0,3,5,0,2,1.0,3.0,4.0,3,3,6.592121101364522,0.2950089821127642,1503.003611111111,228,0,0.0,0.0
2761,46,No,Travel_Rarely,Research & Development,9,3,Medical,1,2762,Male,3,Manager,Divorced,164370,8.0,Y,15,8,1,16.0,0,4,0,2,2.0,2.0,3.0,3,3,10.29169289461135,0.3002553235831033,2397.9644444444443,233,233,300.96444444444444,1.2916928946113495
2762,30,No,Travel_Rarely,Sales,18,3,Life Sciences,1,2763,Male,4,Human Resources,Married,22960,1.0,Y,18,8,1,10.0,2,10,3,0,4.0,4.0,2.0,3,3,9.193685666185669,0.2959468944447479,2123.741388888889,231,231,54.81611111111112,0.2372991822991823
2763,35,No,Travel_Rarely,Research & Development,20,4,Life Sciences,1,2764,Female,3,Human Resources,Single,40690,1.0,Y,13,8,0,6.0,5,6,0,4,2.0,3.0,3.0,3,3,7.903942768199234,0.2927905123031957,1833.7147222222225,232,85,0.0,0.0
2764,55,No,Travel_Rarely,Research & Development,2,3,Life Sciences,1,2765,Female,2,Laboratory Technician,Married,74410,3.0,Y,12,8,1,24.0,4,1,1,0,1.0,4.0,3.0,3,3,6.689085038986355,0.3214309962720723,1525.111388888889,228,0,0.0,0.0
2765,38,No,Non-Travel,Sales,11,1,Marketing,1,2766,Male,2,Laboratory Technician,Divorced,24300,7.0,Y,13,8,2,17.0,2,13,1,9,2.0,4.0,3.0,4,3,8.799516203703705,0.3033601277536144,2111.883888888889,240,240,12.219722222222224,0.0509155092592592
2766,34,No,Travel_Rarely,Research & Development,8,2,Medical,1,2767,Male,1,Research Scientist,Married,58780,1.0,Y,14,8,0,5.0,1,5,1,3,1.0,2.0,3.0,3,3,7.969375917767988,0.3121066891150925,1809.0483333333332,227,102,0.0,0.0
2767,56,No,Travel_Rarely,Human Resources,2,1,Medical,1,2768,Male,2,Sales Executive,Single,26440,4.0,Y,11,8,1,37.0,2,6,0,2,4.0,4.0,2.0,3,3,6.303037974683544,0.3066765049252667,1493.82,237,0,0.0,0.0
2768,23,No,Travel_Rarely,Research & Development,10,3,Medical,1,2769,Male,2,Laboratory Technician,Divorced,64390,3.0,Y,22,8,3,3.0,2,0,0,0,3.0,1.0,3.0,3,4,6.400710514233242,0.3111307673895724,1548.9719444444445,242,0,0.0,0.0
2769,51,No,Travel_Rarely,Research & Development,29,4,Life Sciences,1,2770,Female,5,Manufacturing Director,Married,24510,3.0,Y,17,8,0,10.0,2,4,0,3,4.0,4.0,3.0,2,3,6.680548668503214,0.3075293847371867,1616.6927777777778,242,0,0.0,0.0
2770,30,No,Travel_Rarely,Sales,8,2,Technical Degree,1,2771,Male,1,Sales Representative,Married,63920,1.0,Y,21,8,1,11.0,2,11,10,8,3.0,4.0,3.0,4,4,7.580297291092746,0.2844733322793976,1834.4319444444443,242,18,0.0,0.0
2771,46,Yes,Travel_Rarely,Sales,1,2,Medical,1,2772,Female,2,Research Scientist,Single,97140,1.0,Y,22,8,0,9.0,0,9,4,7,3.0,4.0,3.0,3,4,6.2123274231678485,0.2957125087617919,1459.8969444444444,235,0,0.0,0.0
2772,40,No,Travel_Frequently,Research & Development,6,3,Medical,1,2773,Male,1,Healthcare Representative,Married,60770,1.0,Y,16,8,2,22.0,2,22,11,11,3.0,2.0,2.0,2,3,7.393092592592593,0.2870588423704696,1774.3422222222223,240,2,0.0,0.0
2773,51,No,Travel_Rarely,Research & Development,8,4,Life Sciences,1,2774,Female,5,Sales Representative,Single,24500,0.0,Y,12,8,1,11.0,2,10,1,0,3.0,4.0,1.0,3,3,10.108070175438597,0.3106576416715046,2496.693333333333,247,247,273.6933333333333,1.1080701754385964
2774,30,No,Travel_Rarely,Research & Development,9,3,Life Sciences,1,2775,Male,1,Manufacturing Director,Divorced,92500,1.0,Y,12,8,3,11.0,0,11,2,7,3.0,2.0,2.0,3,3,8.0854113018598,0.2849399668292307,1883.9008333333331,233,139,0.0,0.0
2775,46,No,Travel_Frequently,Research & Development,12,1,Medical,1,2776,Male,1,Laboratory Technician,Married,20740,2.0,Y,15,8,1,21.0,3,10,9,5,3.0,1.0,2.0,3,3,9.029782559198544,0.2932895979383004,2203.266944444445,244,244,32.24805555555555,0.1321641621129325
2776,32,No,Travel_Rarely,Sales,15,3,Marketing,1,2777,Male,1,Research Scientist,Single,101690,1.0,Y,14,8,0,12.0,6,11,5,7,2.0,3.0,3.0,2,3,7.266001182033096,0.3154789438772987,1707.5102777777777,235,3,0.0,0.0
2777,54,No,Travel_Rarely,Research & Development,25,1,Medical,1,2778,Female,1,Laboratory Technician,Married,48550,9.0,Y,25,8,1,16.0,2,4,0,3,1.0,3.0,1.0,2,4,7.62899599811676,0.287956701996196,1800.4430555555557,236,23,0.0,0.0
2778,24,No,Travel_Rarely,Sales,6,2,Marketing,1,2779,Male,2,Research Scientist,Married,40870,0.0,Y,20,8,3,4.0,1,3,0,2,1.0,3.0,2.0,3,4,7.780240271917487,0.3115426230870962,1843.9169444444444,237,56,0.0,0.0
2779,28,No,Non-Travel,Sales,9,4,Medical,1,2780,Male,2,Laboratory Technician,Married,23670,1.0,Y,13,8,0,5.0,2,5,0,4,2.0,3.0,4.0,2,3,5.9836557971014495,0.2833836596140479,1376.2408333333333,230,0,0.0,0.0
2780,58,No,Travel_Rarely,Research & Development,8,4,Life Sciences,1,2781,Male,2,Sales Executive,Single,29720,0.0,Y,14,8,0,38.0,2,37,1,8,4.0,3.0,2.0,4,3,7.103534836065574,0.3006452772784791,1733.2625,244,0,0.0,0.0
2781,44,No,Non-Travel,Research & Development,23,2,Medical,1,2782,Female,1,Research Scientist,Married,195860,4.0,Y,16,8,0,17.0,3,3,1,2,2.0,2.0,4.0,2,3,6.709030092592593,0.3091063443779651,1610.1672222222223,240,0,0.0,0.0
2782,37,Yes,Travel_Rarely,Human Resources,9,3,Human Resources,1,2783,Male,2,Healthcare Representative,Divorced,54840,4.0,Y,17,8,0,7.0,4,3,0,2,3.0,1.0,3.0,3,3,10.150894557823127,0.2831114048439841,2486.9691666666668,245,245,281.9691666666667,1.150894557823129
2783,32,No,Travel_Rarely,Human Resources,12,2,Human Resources,1,2784,Female,1,Sales Representative,Single,20610,1.0,Y,15,8,1,1.0,2,1,0,0,4.0,1.0,3.0,2,3,7.979950266860747,0.2972946590486464,1827.4086111111112,229,99,0.0,0.0
2784,20,Yes,Travel_Frequently,Sales,4,4,Life Sciences,1,2785,Female,2,Healthcare Representative,Single,99240,1.0,Y,22,8,0,1.0,3,1,1,0,4.0,4.0,3.0,3,4,10.725876251788268,0.3074458284523307,2499.1291666666666,233,233,402.12916666666666,1.7258762517882689
2785,34,No,Travel_Rarely,Research & Development,1,4,Other,1,2786,Male,4,Laboratory Technician,Single,41980,1.0,Y,22,8,1,16.0,2,16,2,10,1.0,3.0,3.0,2,4,7.589314128943759,0.273444577021405,1844.2033333333331,243,14,0.0,0.0
2786,37,No,Non-Travel,Sales,24,2,Life Sciences,1,2787,Male,1,Research Scientist,Divorced,68150,5.0,Y,20,8,1,17.0,3,1,0,0,3.0,4.0,4.0,3,4,7.763286838340487,0.3006943584322604,1808.8458333333333,233,49,0.0,0.0
2787,59,No,Non-Travel,Research & Development,12,2,Life Sciences,1,2788,Male,2,Sales Executive,Married,47230,9.0,Y,14,8,0,30.0,0,3,2,2,3.0,4.0,3.0,3,3,7.192599290780142,0.2863518508237958,1690.2608333333333,235,0,0.0,0.0
2788,50,No,Travel_Frequently,Research & Development,3,4,Medical,1,2789,Male,4,Research Scientist,Married,61420,3.0,Y,13,8,2,28.0,3,8,0,7,1.0,2.0,2.0,2,3,9.614590643274855,0.3024877932150061,2374.803888888889,247,247,152.2436111111111,0.6163708951866846
2789,25,Yes,Travel_Rarely,Sales,10,1,Marketing,1,2790,Male,2,Research Director,Single,82370,1.0,Y,13,8,0,6.0,6,6,0,3,3.0,3.0,3.0,2,3,8.532735760971056,0.3018990313538362,2030.7911111111111,238,229,1.850555555555557,0.0077754435107376
2790,25,No,Travel_Rarely,Research & Development,26,3,Technical Degree,1,2791,Male,1,Laboratory Technician,Married,88530,1.0,Y,22,8,1,2.0,3,2,2,1,4.0,4.0,3.0,3,4,7.701538647342994,0.3021967509471758,1771.3538888888888,230,37,0.0,0.0
2791,22,No,Travel_Rarely,Research & Development,2,1,Life Sciences,1,2792,Male,1,Sales Representative,Single,193310,1.0,Y,12,8,1,1.0,2,0,0,0,2.0,4.0,3.0,3,3,6.311839371980676,0.3255572695348326,1451.7230555555554,230,0,0.0,0.0
2792,51,No,Travel_Frequently,Research & Development,1,3,Life Sciences,1,2793,Female,1,Sales Executive,Single,20730,3.0,Y,14,8,1,23.0,4,13,12,8,1.0,1.0,2.0,3,3,7.474746326905417,0.3022536921941305,1808.888611111111,242,10,0.0,0.0
2793,34,Yes,Travel_Frequently,Human Resources,4,4,Life Sciences,1,2794,Female,5,Sales Executive,Single,55620,1.0,Y,15,8,0,9.0,3,9,0,6,1.0,3.0,3.0,3,3,8.195805795019156,0.3120441695645479,1901.4269444444444,232,171,0.0266666666666672,0.0001149425287356
2794,54,No,Non-Travel,Research & Development,9,3,Life Sciences,1,2795,Male,1,Laboratory Technician,Single,196130,2.0,Y,17,8,0,23.0,5,5,4,4,4.0,4.0,3.0,3,3,8.075190748688602,0.2785411112184711,1881.5194444444444,233,143,0.0,0.0
2795,24,No,Travel_Rarely,Research & Development,2,1,Life Sciences,1,2796,Male,2,Laboratory Technician,Married,34070,0.0,Y,13,8,1,6.0,4,5,1,2,2.0,3.0,3.0,3,3,6.530900673400674,0.2757900611300499,1508.6380555555556,231,0,0.0,0.0
2796,34,No,Travel_Rarely,Sales,4,3,Marketing,1,2797,Female,2,Sales Representative,Divorced,50630,6.0,Y,12,8,1,12.0,2,1,0,0,3.0,2.0,3.0,3,3,6.019647577092512,0.3037285475674407,1366.46,227,0,0.0,0.0
2797,37,No,Travel_Rarely,Sales,6,1,Technical Degree,1,2798,Male,1,Laboratory Technician,Single,46390,2.0,Y,12,8,2,12.0,3,5,1,3,3.0,4.0,3.0,3,3,6.219499029597283,0.3113071505787116,1424.2652777777778,229,0,0.0,0.0
2798,34,No,Travel_Rarely,Sales,9,2,Medical,1,2799,Male,2,Healthcare Representative,Single,48760,2.0,Y,21,8,1,14.0,3,11,5,8,3.0,1.0,3.0,3,4,7.892017224648229,0.3030468899680636,1807.2719444444444,229,80,0.0,0.0
2799,36,No,Travel_Frequently,Human Resources,7,3,Medical,1,2800,Male,1,Research Scientist,Married,26900,0.0,Y,11,8,0,10.0,1,9,2,8,2.0,4.0,3.0,3,3,8.026875283446712,0.3091337586695549,1966.5844444444444,245,122,0.0,0.0
2800,36,No,Travel_Rarely,Research & Development,1,3,Medical,1,2801,Female,2,Manufacturing Director,Divorced,175670,5.0,Y,13,8,0,7.0,6,1,0,0,1.0,4.0,3.0,3,3,7.506159003831417,0.2851107768283791,1741.4288888888889,232,8,0.0,0.0
2801,43,No,Travel_Frequently,Research & Development,3,4,Life Sciences,1,2802,Male,1,Sales Executive,Married,24080,1.0,Y,12,8,1,25.0,3,25,4,12,3.0,4.0,4.0,3,3,8.667025273224043,0.3065393659879109,2114.7541666666666,244,243,4.595833333333331,0.0188353825136611
2802,30,No,Travel_Frequently,Research & Development,10,3,Life Sciences,1,2803,Female,3,Healthcare Representative,Divorced,28140,1.0,Y,24,8,0,10.0,2,10,0,9,1.0,3.0,2.0,3,4,7.911322081575246,0.3090772608402796,1874.9833333333331,237,85,0.0,0.0
2803,33,No,Non-Travel,Sales,7,3,Life Sciences,1,2804,Male,2,Sales Executive,Married,112450,0.0,Y,21,8,0,8.0,3,7,0,7,3.0,2.0,4.0,3,4,6.736566859066859,0.2811101499247767,1556.1469444444444,231,0,0.0,0.0
2804,56,Yes,Travel_Rarely,Research & Development,15,3,Life Sciences,1,2805,Male,2,Laboratory Technician,Married,33120,9.0,Y,19,8,0,7.0,1,5,4,3,2.0,2.0,3.0,1,3,9.003661723163843,0.3078324244428585,2124.8641666666667,236,236,29.809722222222224,0.1263123822975518
2805,51,No,Travel_Rarely,Research & Development,3,2,Other,1,2806,Female,2,Sales Representative,Single,190490,7.0,Y,14,8,1,23.0,2,20,15,15,1.0,3.0,3.0,3,3,6.718495762711864,0.2904666302911156,1585.565,236,0,0.0,0.0
2806,31,Yes,Travel_Rarely,Research & Development,2,4,Technical Degree,1,2807,Female,3,Sales Executive,Married,21410,4.0,Y,20,8,0,12.0,2,7,7,7,2.0,3.0,2.0,3,4,8.396202908917502,0.2866154022268369,1956.3152777777775,233,222,0.833055555555557,0.003575345731998
2807,26,No,Travel_Rarely,Sales,17,3,Medical,1,2808,Female,2,Manager,Married,57690,1.0,Y,19,8,0,5.0,4,5,4,3,3.0,2.0,2.0,2,3,7.718274853801169,0.2970222266956697,1759.7666666666669,228,40,0.0,0.0
2808,58,Yes,Travel_Rarely,Sales,2,2,Medical,1,2809,Female,1,Research Scientist,Married,43850,1.0,Y,13,8,1,40.0,2,40,15,6,4.0,4.0,2.0,2,3,7.566837068160597,0.2915330361822806,1800.907222222222,238,22,0.0,0.0
2809,19,Yes,Travel_Rarely,Research & Development,5,2,Life Sciences,1,2810,Male,1,Manager,Single,53320,1.0,Y,23,8,1,0.0,2,0,0,0,4.0,3.0,2.0,3,4,9.410347512784751,0.3021287088479387,2249.073055555556,239,239,100.54305555555555,0.4206822408182241
2810,22,No,Travel_Rarely,Sales,29,4,Technical Degree,1,2811,Male,1,Sales Executive,Married,46630,0.0,Y,13,8,1,3.0,1,2,2,1,3.0,4.0,3.0,3,3,6.39757696007696,0.3177034685319045,1477.8402777777778,231,0,0.0,0.0
2811,49,No,Travel_Rarely,Research & Development,2,3,Life Sciences,1,2812,Female,1,Sales Executive,Married,47240,1.0,Y,11,8,1,16.0,3,15,5,11,3.0,1.0,2.0,2,3,7.196874704491726,0.3056368871011751,1691.2655555555557,235,1,0.0,0.0
2812,43,No,Travel_Frequently,Sales,2,2,Life Sciences,1,2813,Male,1,Sales Executive,Single,32110,4.0,Y,13,8,0,18.0,2,3,1,2,2.0,3.0,3.0,4,3,7.990022675736961,0.2847848249445829,1957.5555555555557,245,120,0.0,0.0
2813,50,No,Travel_Frequently,Research & Development,19,4,Life Sciences,1,2814,Male,2,Sales Executive,Single,53770,4.0,Y,14,8,1,16.0,3,2,2,1,3.0,4.0,3.0,4,3,7.084341339155749,0.2945648347115868,1622.3141666666666,229,0,0.0,0.0
2814,31,Yes,Travel_Rarely,Research & Development,15,1,Medical,1,2815,Female,2,Sales Executive,Married,40660,3.0,Y,22,8,0,4.0,2,2,2,2,2.0,3.0,3.0,2,4,8.386093749999999,0.2994077052016525,2012.6625,240,217,0.2002777777777762,0.0008344907407407
2815,41,No,Travel_Rarely,Research & Development,17,2,Other,1,2816,Male,1,Manufacturing Director,Divorced,52080,3.0,Y,11,8,3,12.0,2,9,0,7,3.0,3.0,3.0,1,3,8.089008916323731,0.2989720732627391,1965.6291666666664,243,150,0.0,0.0
2816,26,No,Travel_Rarely,Research & Development,17,4,Life Sciences,1,2817,Male,2,Sales Executive,Married,48770,1.0,Y,13,8,1,8.0,5,8,5,7,3.0,3.0,3.0,4,3,7.87903371320038,0.3081978389095349,1843.693888888889,234,70,0.0,0.0
2817,36,No,Travel_Rarely,Human Resources,25,1,Human Resources,1,2818,Male,2,Research Scientist,Divorced,31170,6.0,Y,21,8,1,7.0,2,3,0,1,2.0,2.0,3.0,4,4,6.792215419501134,0.308489411962778,1664.092777777778,245,0,0.0,0.0
2818,51,Yes,Travel_Frequently,Research & Development,6,3,Life Sciences,1,2819,Female,1,Manager,Single,15690,2.0,Y,11,8,0,18.0,2,4,0,3,1.0,4.0,3.0,4,3,7.193490896358543,0.2892782504184269,1712.0508333333332,238,1,0.0,0.0
2819,39,No,Travel_Rarely,Research & Development,7,3,Life Sciences,1,2820,Female,1,Research Scientist,Married,196580,4.0,Y,13,8,1,17.0,3,15,5,9,4.0,3.0,4.0,4,3,7.93308615819209,0.2817325806927021,1872.2083333333333,236,106,0.0,0.0
2820,25,No,Travel_Rarely,Sales,29,1,Medical,1,2821,Female,3,Research Scientist,Married,30690,2.0,Y,14,8,1,6.0,3,2,2,2,1.0,3.0,3.0,2,3,7.785092208390964,0.3111530433484869,1876.2072222222223,241,52,0.0,0.0
2821,30,No,Travel_Rarely,Research & Development,21,1,Medical,1,2822,Male,2,Laboratory Technician,Married,104350,0.0,Y,11,8,0,12.0,5,11,4,7,3.0,4.0,1.0,3,3,10.030638039786512,0.2771482668348643,2297.016111111111,229,229,236.01611111111112,1.0306380397865114
2822,32,Yes,Travel_Rarely,Research & Development,2,4,Life Sciences,1,2823,Female,2,Research Director,Single,41480,7.0,Y,15,8,0,10.0,0,5,0,4,1.0,1.0,4.0,2,3,7.915311065197429,0.3228699588833949,1915.5052777777776,242,90,0.0,0.0
2823,45,No,Travel_Rarely,Research & Development,2,1,Technical Degree,1,2824,Female,2,Healthcare Representative,Single,57680,5.0,Y,23,8,1,9.0,4,6,0,3,3.0,4.0,2.0,3,4,7.409882478632478,0.302557525729085,1733.9125,234,7,0.0,0.0
2824,38,No,Travel_Rarely,Research & Development,7,4,Life Sciences,1,2825,Female,2,Research Director,Single,50420,3.0,Y,16,8,1,19.0,4,3,2,2,4.0,3.0,3.0,3,3,10.426072295002426,0.2768921172860284,2387.5705555555555,229,229,326.5705555555556,1.4260722950024258
2825,30,No,Travel_Rarely,Sales,13,3,Marketing,1,2826,Female,2,Laboratory Technician,Single,57700,1.0,Y,16,8,1,5.0,2,5,0,4,1.0,3.0,2.0,4,3,6.693944901691815,0.2962829355962165,1626.628611111111,243,0,0.0,0.0
2826,32,No,Travel_Frequently,Sales,2,3,Marketing,1,2827,Male,3,Laboratory Technician,Divorced,77560,0.0,Y,21,8,0,9.0,3,8,0,7,4.0,4.0,4.0,3,4,6.489492544492544,0.307212098898474,1499.0727777777777,231,0,0.0,0.0
2827,30,No,Travel_Rarely,Research & Development,1,3,Medical,1,2828,Female,3,Sales Executive,Divorced,103060,5.0,Y,13,8,0,8.0,5,3,2,2,4.0,1.0,3.0,3,3,6.674859903381643,0.3177768900232765,1535.217777777778,230,0,0.0,0.0
2828,30,No,Travel_Rarely,Sales,9,3,Medical,1,2829,Male,2,Research Scientist,Single,39360,0.0,Y,11,8,1,6.0,3,5,1,2,2.0,4.0,3.0,3,3,6.430403608736943,0.2888050504600957,1504.7144444444446,234,0,0.0,0.0
2829,41,No,Travel_Frequently,Sales,10,2,Medical,1,2830,Female,3,Manufacturing Director,Divorced,79450,4.0,Y,12,8,1,21.0,6,7,7,7,4.0,1.0,2.0,2,3,7.281752955082743,0.3144674545456363,1711.2119444444445,235,1,0.0,0.0
2830,41,No,Travel_Rarely,Research & Development,10,4,Medical,1,2831,Male,4,Research Scientist,Married,57430,2.0,Y,12,8,3,7.0,2,5,1,4,3.0,1.0,3.0,4,3,7.996069739952719,0.3003277309861223,1879.076388888889,235,125,0.0,0.0
2831,19,No,Travel_Rarely,Research & Development,1,3,Other,1,2832,Female,5,Manufacturing Director,Single,152020,1.0,Y,18,8,3,1.0,2,1,0,0,2.0,2.0,3.0,2,3,6.412936507936507,0.3022828422961913,1526.2788888888888,238,0,0.0,0.0
2832,40,No,Travel_Frequently,Research & Development,26,4,Medical,1,2833,Male,2,Manufacturing Director,Divorced,54400,1.0,Y,12,8,1,20.0,2,20,2,13,2.0,2.0,3.0,3,3,7.022685969868173,0.287953089839021,1657.3538888888888,236,0,0.0,0.0
2833,35,No,Travel_Rarely,Sales,8,1,Marketing,1,2834,Female,3,Laboratory Technician,Married,37600,1.0,Y,14,8,3,10.0,2,10,0,6,3.0,2.0,3.0,3,3,7.35771513002364,0.3109182545256641,1729.0630555555556,235,2,0.0,0.0
2834,53,No,Travel_Rarely,Sales,14,2,Life Sciences,1,2835,Female,5,Manufacturing Director,Married,35170,2.0,Y,12,8,1,13.0,1,7,4,5,2.0,3.0,1.0,2,3,10.932706855791965,0.2761320769750274,2569.186111111111,235,235,454.1861111111111,1.932706855791962
2835,45,No,Travel_Rarely,Sales,1,4,Technical Degree,1,2836,Male,1,Research Scientist,Divorced,25800,8.0,Y,17,8,3,20.0,3,17,0,15,2.0,2.0,1.0,3,3,6.843852157943067,0.2731702471776965,1656.2122222222222,242,0,0.0,0.0
2836,32,No,Travel_Frequently,Sales,2,2,Life Sciences,1,2837,Female,1,Manufacturing Director,Single,21660,1.0,Y,19,8,1,9.0,4,9,3,7,2.0,4.0,3.0,1,3,7.894804526748971,0.3020150810912322,1918.4375,243,83,0.0,0.0
2837,29,No,Non-Travel,Research & Development,10,4,Technical Degree,1,2838,Male,3,Healthcare Representative,Married,58690,1.0,Y,11,8,1,10.0,6,10,0,9,4.0,3.0,3.0,4,3,6.118706018518519,0.2739999802894281,1468.4894444444444,240,0,0.0,0.0
2838,51,No,Travel_Rarely,Research & Development,1,3,Other,1,2839,Female,3,Research Director,Married,80080,2.0,Y,15,8,1,10.0,4,1,0,0,2.0,3.0,3.0,3,3,7.583658625730995,0.2939180202630249,1729.0741666666668,228,22,0.0,0.0
2839,58,No,Travel_Rarely,Sales,3,3,Marketing,1,2840,Female,1,Research Scientist,Married,52060,4.0,Y,11,8,3,9.0,4,1,0,0,2.0,2.0,2.0,1,3,9.95375347222222,0.3228066076759829,2388.900833333333,240,240,228.9391666666667,0.9539131944444444
2840,40,No,Travel_Rarely,Research & Development,11,2,Technical Degree,1,2841,Male,4,Laboratory Technician,Married,52950,7.0,Y,18,8,0,15.0,4,12,2,11,3.0,4.0,2.0,3,3,6.194080543425521,0.2922318592037604,1418.4444444444443,229,0,0.0,0.0
2841,34,No,Travel_Frequently,Sales,24,4,Marketing,1,2842,Male,2,Manufacturing Director,Married,164130,6.0,Y,16,8,0,6.0,1,4,1,2,3.0,3.0,3.0,3,3,7.026667884990253,0.3116189625266719,1602.0802777777778,228,0,0.0,0.0
2842,22,No,Travel_Rarely,Research & Development,3,3,Medical,1,2843,Male,1,Laboratory Technician,Married,132690,1.0,Y,25,8,1,2.0,2,2,2,2,3.0,4.0,3.0,3,4,7.703482552800734,0.3039913387024357,1864.2427777777775,242,41,0.0,0.0
2843,27,No,Non-Travel,Research & Development,3,3,Medical,1,2844,Male,1,Healthcare Representative,Divorced,27830,6.0,Y,16,8,1,6.0,2,2,2,2,4.0,2.0,1.0,4,3,6.2832463768115945,0.2995790381406715,1445.1466666666668,230,0,0.0,0.0
2844,28,No,Travel_Rarely,Sales,4,4,Life Sciences,1,2845,Male,2,Healthcare Representative,Married,54330,1.0,Y,13,8,1,5.0,4,5,0,2,3.0,4.0,1.0,2,3,6.489963042441583,0.2988607722225913,1512.161388888889,233,0,0.0,0.0
2845,57,No,Travel_Rarely,Research & Development,3,3,Life Sciences,1,2846,Male,2,Manufacturing Director,Divorced,20130,3.0,Y,14,8,1,12.0,5,5,1,4,3.0,4.0,1.0,3,3,10.88718439716312,0.2948695291382286,2558.488333333333,235,235,443.4883333333333,1.8871843971631208
2846,27,No,Non-Travel,Research & Development,2,3,Life Sciences,1,2847,Male,1,Manufacturing Director,Divorced,139660,1.0,Y,19,8,0,1.0,1,1,0,1,3.0,3.0,2.0,3,3,10.613379818594105,0.3035070136419582,2600.2780555555555,245,245,395.2780555555556,1.6133798185941044
2847,50,No,Travel_Rarely,Research & Development,4,3,Life Sciences,1,2848,Female,2,Manufacturing Director,Single,43740,3.0,Y,15,8,1,21.0,5,5,4,4,3.0,2.0,3.0,4,3,6.223148148148148,0.3170615731112188,1512.225,243,0,0.0,0.0
2848,41,No,Travel_Rarely,Sales,7,4,Marketing,1,2849,Male,4,Laboratory Technician,Divorced,68420,4.0,Y,12,8,1,13.0,3,9,1,8,1.0,3.0,3.0,3,3,6.183541666666667,0.2931508605050609,1434.5816666666667,232,0,0.0,0.0
2849,30,No,Travel_Rarely,Human Resources,1,4,Human Resources,1,2850,Female,1,Manager,Married,174260,2.0,Y,12,8,1,12.0,0,10,7,4,2.0,4.0,3.0,2,3,6.886836355183636,0.3135756303186268,1645.953888888889,239,0,0.0,0.0
2850,38,No,Travel_Rarely,Sales,1,1,Medical,1,2851,Male,2,Laboratory Technician,Single,176030,4.0,Y,16,8,0,12.0,0,8,0,7,1.0,4.0,4.0,2,3,6.278257887517146,0.3099246930692882,1525.6166666666666,243,0,0.0,0.0
2851,32,No,Travel_Rarely,Research & Development,20,3,Medical,1,2852,Female,1,Manufacturing Director,Single,45810,3.0,Y,14,8,1,8.0,3,5,1,4,3.0,3.0,3.0,3,3,6.930907651072125,0.3012989379697428,1580.2469444444444,228,0,0.0,0.0
2852,27,No,Travel_Rarely,Research & Development,5,4,Medical,1,2853,Male,2,Healthcare Representative,Married,47350,0.0,Y,13,8,0,6.0,2,5,1,1,3.0,2.0,2.0,3,3,8.924711761971176,0.3238314913941185,2133.0061111111117,239,239,23.273888888888887,0.0973802882380288
2853,19,Yes,Travel_Frequently,Research & Development,10,2,Life Sciences,1,2854,Male,2,Healthcare Representative,Single,41870,0.0,Y,22,8,1,1.0,4,0,0,0,3.0,1.0,4.0,3,4,7.514374090247453,0.2928241231787961,1720.7916666666667,229,11,0.0,0.0
2854,36,No,Travel_Frequently,Sales,25,3,Marketing,1,2855,Female,2,Research Director,Single,55050,4.0,Y,21,8,2,13.0,3,8,7,2,4.0,2.0,2.0,3,4,7.428980696798494,0.2964271165092737,1753.2394444444444,236,2,0.0,0.0
2855,30,No,Non-Travel,Sales,1,3,Medical,1,2856,Female,1,Sales Executive,Divorced,54700,1.0,Y,18,8,1,12.0,2,12,6,10,3.0,1.0,3.0,3,3,6.828885445362718,0.2919048090142001,1652.5902777777778,242,0,0.0,0.0
2856,45,No,Travel_Rarely,Research & Development,24,2,Medical,1,2857,Male,2,Sales Executive,Divorced,54760,4.0,Y,13,8,1,9.0,3,5,0,3,3.0,1.0,4.0,3,3,8.11569214876033,0.2865458994350711,1963.9975,242,158,0.0,0.0
2857,56,No,Travel_Rarely,Research & Development,4,3,Life Sciences,1,2858,Male,4,Manager,Divorced,25870,4.0,Y,12,8,0,19.0,2,2,2,2,3.0,1.0,3.0,2,3,8.298600780532599,0.2859795746246713,2008.2613888888889,242,200,0.2599999999999998,0.0010743801652892
2858,33,No,Travel_Rarely,Research & Development,2,2,Medical,1,2859,Male,1,Sales Executive,Single,24400,0.0,Y,18,8,3,4.0,4,3,0,2,3.0,4.0,4.0,3,3,6.8169341138659325,0.2932532254500811,1649.6980555555556,242,0,0.0,0.0
2859,19,Yes,Travel_Rarely,Research & Development,8,2,Life Sciences,1,2860,Male,2,Sales Executive,Single,159720,1.0,Y,21,8,0,1.0,2,1,1,0,2.0,4.0,2.0,3,4,7.197164351851852,0.2988555898553344,1727.3194444444443,240,2,0.0,0.0
2860,46,No,Travel_Rarely,Research & Development,10,3,Technical Degree,1,2861,Female,2,Laboratory Technician,Divorced,153790,1.0,Y,12,8,0,24.0,1,24,15,7,2.0,1.0,3.0,1,3,6.85781746031746,0.2864976074150016,1584.1558333333332,231,0,0.0,0.0
2861,38,No,Travel_Rarely,Sales,4,4,Life Sciences,1,2862,Male,1,Manufacturing Director,Single,70820,1.0,Y,14,8,0,2.0,3,2,2,1,3.0,4.0,3.0,4,3,7.900873015873016,0.3016972903345342,1880.4077777777777,238,88,0.0,0.0
2862,31,No,Travel_Rarely,Sales,2,5,Life Sciences,1,2863,Male,2,Sales Representative,Married,27280,8.0,Y,11,8,0,7.0,3,4,0,2,3.0,4.0,3.0,4,3,10.368086675887506,0.3088089226979695,2498.708888888889,241,241,329.7088888888889,1.368086675887506
2863,34,No,Travel_Rarely,Sales,9,3,Marketing,1,2864,Female,2,Manager,Single,53680,2.0,Y,14,8,1,9.0,2,3,1,2,4.0,2.0,3.0,3,3,6.208591787439613,0.2998641953695771,1427.976111111111,230,0,0.0,0.0
2864,41,Yes,Travel_Rarely,Research & Development,18,4,Life Sciences,1,2865,Male,5,Laboratory Technician,Single,53470,1.0,Y,24,8,1,4.0,1,4,0,2,2.0,2.0,2.0,3,4,10.05429196217494,0.3120014976058519,2362.758611111111,235,235,247.75861111111112,1.054291962174941
2865,50,No,Travel_Rarely,Sales,19,4,Marketing,1,2866,Male,3,Sales Executive,Married,31950,2.0,Y,11,8,0,5.0,4,3,0,2,3.0,3.0,2.0,2,3,6.77911814653081,0.2850195132975236,1552.4180555555556,229,0,0.0,0.0
2866,53,No,Travel_Rarely,Sales,1,2,Life Sciences,1,2867,Male,1,Manager,Divorced,39890,1.0,Y,13,8,0,5.0,2,4,1,3,4.0,1.0,3.0,3,3,6.132815602836879,0.2735068734552456,1441.2116666666666,235,0,0.0,0.0
2867,33,No,Travel_Rarely,Research & Development,4,3,Life Sciences,1,2868,Male,1,Human Resources,Married,33060,1.0,Y,11,8,3,8.0,6,8,1,6,4.0,2.0,3.0,1,3,7.506620370370371,0.2938614546241734,1801.588888888889,240,14,0.0,0.0
2868,40,No,Travel_Rarely,Research & Development,11,3,Life Sciences,1,2869,Female,2,Sales Executive,Married,70050,1.0,Y,20,8,2,21.0,2,20,9,9,4.0,3.0,3.0,3,4,6.2197065217391305,0.3084970443823871,1430.5325,230,0,0.0,0.0
2869,55,No,Travel_Rarely,Research & Development,6,1,Life Sciences,1,2870,Female,2,Laboratory Technician,Single,26550,8.0,Y,17,8,0,36.0,0,24,2,15,3.0,2.0,3.0,2,3,6.09393365472911,0.3167781861795046,1474.7319444444445,242,0,0.0,0.0
2870,34,No,Travel_Frequently,Human Resources,7,4,Other,1,2871,Female,1,Research Scientist,Married,13930,1.0,Y,11,8,2,10.0,4,10,1,9,4.0,3.0,2.0,4,3,6.819717553688142,0.2929273370822837,1623.092777777778,238,0,0.0,0.0
2871,51,No,Travel_Rarely,Human Resources,4,2,Human Resources,1,2872,Male,2,Sales Representative,Single,25700,3.0,Y,18,8,0,21.0,2,7,1,0,4.0,2.0,3.0,3,3,7.382190214906265,0.3083140814426159,1793.8722222222225,243,5,0.0,0.0
2872,52,No,Travel_Rarely,Research & Development,2,4,Medical,1,2873,Female,2,Sales Representative,Married,35370,0.0,Y,11,8,1,34.0,3,33,11,9,3.0,3.0,3.0,3,3,6.266114798426745,0.2975943631744426,1416.1419444444443,226,0,0.0,0.0
2873,27,No,Travel_Rarely,Sales,15,3,Marketing,1,2874,Male,1,Research Scientist,Single,39860,1.0,Y,12,8,2,7.0,3,7,0,3,4.0,2.0,2.0,3,3,7.528170068027211,0.2995819591682344,1844.4016666666664,245,14,0.0,0.0
2874,35,Yes,Travel_Rarely,Research & Development,2,4,Life Sciences,1,2875,Female,2,Research Director,Married,108830,3.0,Y,12,8,0,8.0,3,1,0,1,2.0,3.0,3.0,4,3,8.999426937441642,0.270813034361743,2141.863611111111,238,238,25.889444444444447,0.1087791783380018
2875,43,No,Non-Travel,Research & Development,6,2,Medical,1,2876,Male,1,Healthcare Representative,Divorced,20280,4.0,Y,20,8,1,7.0,2,5,2,2,4.0,3.0,4.0,2,4,8.014231601731602,0.2937527477153748,1851.2875,231,122,0.0119444444444436,5.1707551707548256e-05
2876,45,No,Non-Travel,Research & Development,9,2,Medical,1,2877,Female,1,Sales Executive,Married,95250,9.0,Y,19,8,0,22.0,3,20,11,8,1.0,4.0,3.0,3,3,6.208377871542429,0.2849462211441502,1471.3855555555556,237,0,0.0,0.0
2877,37,No,Travel_Rarely,Research & Development,7,3,Life Sciences,1,2878,Female,1,Research Scientist,Married,29290,1.0,Y,12,8,0,8.0,2,8,1,7,2.0,1.0,2.0,1,3,10.083961556493202,0.2941378196946411,2389.898888888889,237,237,256.8988888888889,1.083961556493202
2878,35,No,Travel_Frequently,Research & Development,1,3,Other,1,2879,Male,2,Research Director,Single,22750,5.0,Y,13,8,0,10.0,2,6,1,2,2.0,2.0,3.0,4,3,6.117416187739464,0.2899450246347442,1419.2405555555556,232,0,0.0,0.0
2879,42,No,Non-Travel,Research & Development,1,1,Technical Degree,1,2880,Male,2,Sales Executive,Divorced,78790,2.0,Y,11,8,1,11.0,2,5,0,2,3.0,3.0,3.0,3,3,6.392047884704788,0.2882441281899477,1527.6994444444445,239,0,0.0,0.0
2880,38,No,Travel_Rarely,Sales,8,2,Marketing,1,2881,Male,5,Research Scientist,Married,49300,9.0,Y,14,8,0,14.0,0,1,0,0,4.0,3.0,3.0,3,3,6.299181481481481,0.281248395155131,1417.315833333333,225,0,0.0,0.0
2881,38,No,Travel_Rarely,Human Resources,25,1,Human Resources,1,2882,Female,1,Manufacturing Director,Married,78470,3.0,Y,14,8,1,9.0,3,7,1,7,4.0,4.0,1.0,4,3,7.283589743589743,0.3009115763632061,1704.36,234,1,0.0,0.0
2882,27,No,Travel_Frequently,Research & Development,13,4,Medical,1,2883,Male,1,Manager,Married,44010,5.0,Y,13,8,0,6.0,4,2,2,0,3.0,1.0,3.0,2,3,6.521139005113901,0.3027892430895485,1558.5522222222223,239,0,0.0,0.0
2883,49,No,Non-Travel,Research & Development,23,1,Other,1,2884,Female,2,Sales Executive,Divorced,92410,1.0,Y,19,8,1,7.0,5,7,1,7,4.0,4.0,3.0,3,3,9.59264058956916,0.2814672530226918,2350.1969444444444,245,245,145.55222222222224,0.5940907029478458
2884,34,No,Travel_Frequently,Research & Development,7,2,Medical,1,2885,Male,4,Sales Representative,Divorced,29740,1.0,Y,23,8,0,5.0,2,5,2,0,4.0,3.0,4.0,3,4,10.51404477262072,0.3160523880439423,2491.828611111111,237,237,358.8286111111111,1.514044772620722
2885,40,No,Travel_Rarely,Research & Development,23,3,Medical,1,2886,Female,1,Laboratory Technician,Married,45020,8.0,Y,12,8,2,15.0,0,7,3,7,3.0,4.0,4.0,2,3,10.400431972789116,0.2873563281682792,2548.105833333333,245,245,343.1058333333333,1.4004319727891157
2886,38,Yes,Travel_Rarely,Sales,6,4,Life Sciences,1,2887,Female,3,Research Scientist,Married,107480,7.0,Y,15,8,0,17.0,3,1,0,0,2.0,1.0,3.0,3,3,8.400432367149758,0.3163930527779811,1932.0994444444443,230,204,0.7833333333333332,0.0034057971014492
2887,29,Yes,Travel_Rarely,Sales,10,2,Life Sciences,1,2888,Female,2,Research Scientist,Married,15550,1.0,Y,19,8,2,10.0,2,10,1,9,2.0,4.0,2.0,3,3,6.715693277310924,0.3084540557074996,1598.335,238,0,0.0,0.0
2888,22,No,Travel_Rarely,Research & Development,1,3,Life Sciences,1,2889,Female,4,Healthcare Representative,Divorced,129360,1.0,Y,11,8,2,4.0,3,4,2,2,4.0,2.0,2.0,3,3,8.494217391304348,0.3064089667531702,1953.67,230,217,0.8980555555555547,0.0039045893719806
2889,36,No,Travel_Frequently,Research & Development,1,3,Life Sciences,1,2890,Female,2,Laboratory Technician,Single,23050,1.0,Y,17,8,0,8.0,3,8,1,7,2.0,4.0,3.0,3,3,7.506036556036555,0.2922169488967514,1733.8944444444444,231,9,0.0,0.0
2890,40,No,Non-Travel,Research & Development,28,2,Life Sciences,1,2891,Male,1,Manufacturing Director,Married,167040,9.0,Y,22,8,0,5.0,2,3,0,2,4.0,4.0,1.0,4,4,6.108284662867996,0.2950133335934274,1429.338611111111,234,0,0.0,0.0
2891,46,No,Travel_Rarely,Research & Development,25,1,Medical,1,2892,Male,5,Research Scientist,Divorced,34330,7.0,Y,18,8,0,17.0,3,4,0,3,4.0,1.0,3.0,3,3,6.019111346516007,0.2976523862037986,1420.5102777777777,236,0,0.0,0.0
2892,32,Yes,Travel_Rarely,Research & Development,5,3,Medical,1,2893,Male,1,Healthcare Representative,Married,34770,1.0,Y,11,8,0,14.0,2,14,9,8,4.0,4.0,2.0,4,3,7.798501821493625,0.3208718700588968,1902.8344444444444,244,69,0.0,0.0
2893,30,No,Non-Travel,Research & Development,17,4,Life Sciences,1,2894,Male,2,Healthcare Representative,Single,64300,1.0,Y,12,8,1,12.0,2,11,5,8,3.0,3.0,3.0,2,3,8.02510401891253,0.2868321257871743,1885.8994444444445,235,124,0.0,0.0
2894,27,No,Travel_Frequently,Research & Development,18,2,Medical,1,2895,Female,1,Laboratory Technician,Single,65160,1.0,Y,19,8,1,7.0,4,7,0,7,4.0,3.0,3.0,3,3,6.187480506822612,0.331055359135176,1410.7455555555557,228,0,0.0,0.0
2895,51,No,Travel_Rarely,Research & Development,2,1,Medical,1,2896,Female,1,Manufacturing Director,Married,39070,5.0,Y,13,8,0,16.0,2,10,4,7,2.0,2.0,1.0,3,3,6.688292654579265,0.3314263846615297,1598.5019444444445,239,0,0.0,0.0
2896,30,Yes,Travel_Rarely,Research & Development,10,4,Life Sciences,1,2897,Female,2,Research Scientist,Single,55620,5.0,Y,13,8,0,8.0,3,5,0,4,4.0,1.0,3.0,2,3,8.48314309056956,0.2999373780845571,2018.9880555555555,238,223,0.9047222222222224,0.0038013538748832
2897,41,No,Travel_Rarely,Research & Development,1,3,Life Sciences,1,2898,Male,2,Human Resources,Single,68830,3.0,Y,19,8,2,16.0,3,1,0,0,4.0,4.0,3.0,2,3,9.080530838041431,0.3096290312001825,2143.005277777778,236,236,39.784444444444446,0.168578154425612
2898,30,Yes,Travel_Frequently,Sales,3,2,Medical,1,2899,Male,2,Healthcare Representative,Single,28620,5.0,Y,14,8,0,9.0,2,6,0,1,3.0,1.0,3.0,2,3,7.004625755462576,0.3153291008295595,1674.1055555555556,239,1,0.0,0.0
2899,29,Yes,Travel_Rarely,Research & Development,2,3,Life Sciences,1,2900,Male,1,Sales Executive,Single,49780,0.0,Y,13,8,0,7.0,3,6,1,5,3.0,3.0,2.0,2,3,7.803890056022409,0.2819756471754753,1857.325833333333,238,59,0.0,0.0
2900,45,No,Non-Travel,Research & Development,2,3,Medical,1,2901,Female,2,Research Scientist,Single,103680,6.0,Y,12,8,2,23.0,2,19,12,8,4.0,4.0,3.0,3,3,6.583583900226757,0.3211429027793889,1612.9780555555556,245,0,0.0,0.0
2901,54,No,Travel_Rarely,Sales,8,2,Marketing,1,2902,Female,2,Laboratory Technician,Married,61340,2.0,Y,19,8,0,16.0,2,6,0,5,4.0,1.0,3.0,2,3,6.371495815899581,0.3145005013380694,1522.7875,239,0,0.0,0.0
2902,36,No,Travel_Rarely,Research & Development,16,4,Life Sciences,1,2903,Male,1,Healthcare Representative,Single,67350,8.0,Y,25,8,2,16.0,3,13,3,7,4.0,2.0,4.0,2,4,7.622738095238095,0.2960223177714597,1814.2116666666664,238,25,0.0,0.0
2903,33,No,Travel_Rarely,Sales,9,1,Other,1,2904,Female,3,Sales Executive,Married,32950,6.0,Y,22,8,2,7.0,2,3,1,1,3.0,2.0,3.0,3,4,7.508465829846583,0.3081740886919205,1794.5233333333333,239,12,0.0,0.0
2904,37,No,Travel_Frequently,Sales,2,4,Life Sciences,1,2905,Male,2,Laboratory Technician,Divorced,52380,1.0,Y,15,8,1,10.0,5,10,0,7,2.0,4.0,3.0,3,3,10.11399664750958,0.3003659668370008,2346.447222222222,232,232,258.4472222222222,1.1139966475095784
2905,38,No,Travel_Rarely,Research & Development,1,2,Medical,1,2906,Male,4,Laboratory Technician,Divorced,64720,0.0,Y,12,8,0,17.0,4,16,5,13,1.0,3.0,2.0,3,3,6.934340277777777,0.2880295837070703,1608.7669444444443,232,0,0.0,0.0
2906,31,No,Non-Travel,Sales,4,1,Medical,1,2907,Female,3,Research Scientist,Married,96100,0.0,Y,11,8,1,6.0,2,5,1,4,3.0,3.0,3.0,2,3,5.972023319615912,0.2884156440912498,1451.2016666666666,243,0,0.0,0.0
2907,59,No,Travel_Rarely,Research & Development,5,3,Life Sciences,1,2908,Female,3,Manager,Married,198330,3.0,Y,13,8,0,7.0,2,1,0,0,3.0,4.0,3.0,3,3,6.214212570621468,0.2955422221409231,1466.5541666666666,236,0,0.0,0.0
2908,37,No,Travel_Frequently,Sales,2,3,Marketing,1,2909,Female,2,Laboratory Technician,Divorced,97560,4.0,Y,19,8,0,13.0,2,9,5,8,1.0,4.0,3.0,3,3,7.020965550703542,0.292242251561864,1607.8011111111111,229,1,0.0,0.0
2909,29,No,Travel_Frequently,Sales,15,4,Medical,1,2910,Female,1,Sales Executive,Married,49680,1.0,Y,19,8,3,11.0,4,11,4,1,2.0,4.0,3.0,3,3,6.28642361111111,0.3119251022900099,1508.7416666666666,240,0,0.0,0.0
2910,35,No,Travel_Frequently,Research & Development,19,3,Life Sciences,1,2911,Female,1,Sales Executive,Single,21450,1.0,Y,13,8,0,10.0,6,10,0,8,3.0,3.0,4.0,2,3,5.982920768870136,0.2909576706885908,1417.9522222222222,237,0,0.0,0.0
2911,29,Yes,Travel_Rarely,Research & Development,7,1,Life Sciences,1,2912,Female,1,Research Scientist,Single,21800,1.0,Y,21,8,0,4.0,2,4,0,1,3.0,4.0,2.0,3,4,8.36599815583218,0.2823854060282458,2016.2055555555555,241,218,0.279166666666665,0.0011583679114799
2912,52,No,Travel_Rarely,Research & Development,1,2,Medical,1,2913,Female,4,Manager,Single,83460,7.0,Y,14,8,0,6.0,5,2,2,2,3.0,4.0,2.0,3,3,7.386176963601533,0.287942161238266,1713.5930555555556,232,2,0.0,0.0
2913,42,No,Travel_Rarely,Research & Development,7,4,Life Sciences,1,2914,Female,2,Sales Executive,Married,34450,1.0,Y,11,8,2,22.0,2,22,11,15,3.0,4.0,3.0,3,3,6.401950405340963,0.3064033827658908,1491.6544444444444,233,0,0.0,0.0
2914,59,No,Travel_Rarely,Research & Development,4,4,Technical Degree,1,2915,Male,1,Healthcare Representative,Married,27600,8.0,Y,11,8,0,7.0,3,2,2,2,2.0,3.0,2.0,4,3,6.696338061465721,0.2788022319308484,1573.6394444444445,235,0,0.0,0.0
2915,50,No,Travel_Rarely,Research & Development,11,2,Life Sciences,1,2916,Male,2,Sales Executive,Divorced,62940,3.0,Y,23,8,1,32.0,2,7,0,6,4.0,4.0,2.0,4,4,7.682673041894354,0.3077566517039465,1874.5722222222223,244,38,0.0,0.0
2916,33,Yes,Travel_Rarely,Sales,11,4,Marketing,1,2917,Male,1,Research Scientist,Married,71400,5.0,Y,21,8,0,8.0,2,5,0,4,3.0,4.0,1.0,2,4,10.90069927536232,0.2988203561648976,2507.1608333333334,230,230,437.16083333333336,1.9006992753623189
2917,43,No,Travel_Rarely,Sales,1,3,Marketing,1,2918,Female,2,Manufacturing Director,Married,29320,5.0,Y,24,8,0,22.0,3,17,1,9,4.0,4.0,3.0,3,4,9.317622549019609,0.2945279587025047,2217.5941666666668,238,238,80.67194444444443,0.3389577497665733
2918,33,Yes,Travel_Rarely,Sales,1,3,Life Sciences,1,2919,Male,2,Manager,Married,51470,7.0,Y,11,8,0,13.0,2,9,1,7,1.0,1.0,4.0,3,3,7.10071346242508,0.3133793046459091,1711.2719444444444,241,1,0.0,0.0
2919,52,No,Non-Travel,Research & Development,2,3,Technical Degree,1,2920,Male,1,Sales Executive,Single,45070,1.0,Y,14,8,0,33.0,3,33,15,12,1.0,3.0,4.0,2,3,8.800496376811594,0.2894625344865743,2024.1141666666667,230,229,9.765833333333338,0.0424601449275362
2920,32,No,Travel_Rarely,Human Resources,13,4,Life Sciences,1,2921,Female,3,Manufacturing Director,Married,85640,2.0,Y,16,8,1,6.0,2,4,1,2,3.0,2.0,3.0,2,3,8.019951590594744,0.3164975794715877,1932.8083333333332,241,125,0.0,0.0
2921,32,Yes,Travel_Rarely,Sales,23,1,Life Sciences,1,2922,Male,3,Healthcare Representative,Single,24680,0.0,Y,11,8,0,4.0,2,3,1,2,4.0,3.0,1.0,3,3,10.182786087369422,0.3008507893869734,2382.7719444444447,234,234,276.77194444444444,1.1827860873694207
2922,39,No,Travel_Rarely,Sales,26,4,Life Sciences,1,2923,Male,2,Research Director,Divorced,81610,7.0,Y,12,8,1,7.0,2,3,1,2,3.0,3.0,3.0,4,3,6.318539351851852,0.2798422838909258,1516.4494444444445,240,0,0.0,0.0
2923,32,No,Non-Travel,Sales,2,4,Marketing,1,2924,Male,4,Research Scientist,Married,21090,0.0,Y,13,8,1,4.0,3,3,2,2,3.0,4.0,3.0,2,3,6.210912193973635,0.284271797890304,1465.7752777777778,236,0,0.0,0.0
2924,41,No,Travel_Rarely,Sales,29,3,Life Sciences,1,2925,Female,2,Laboratory Technician,Divorced,52940,2.0,Y,15,8,0,17.0,3,1,0,0,3.0,1.0,2.0,2,3,6.091800281293952,0.3109144234056264,1443.756666666667,237,0,0.0,0.0
2925,40,No,Travel_Rarely,Research & Development,2,3,Life Sciences,1,2926,Male,1,Manufacturing Director,Divorced,27180,1.0,Y,14,8,1,9.0,4,9,4,7,3.0,4.0,3.0,2,3,7.3476493930905695,0.290025839789098,1748.7405555555556,238,3,0.0,0.0
2926,45,No,Travel_Rarely,Research & Development,18,1,Life Sciences,1,2927,Female,2,Sales Representative,Married,58110,0.0,Y,14,8,0,25.0,4,24,1,7,3.0,4.0,3.0,2,3,6.942974137931034,0.2932672794679137,1610.77,232,0,0.0,0.0
2927,31,No,Travel_Frequently,Research & Development,7,4,Medical,1,2928,Male,1,Research Scientist,Divorced,24370,9.0,Y,14,8,1,9.0,3,2,2,2,2.0,3.0,3.0,4,3,7.324519890260631,0.2785006892963188,1779.8583333333331,243,2,0.0,0.0
2928,33,No,Travel_Rarely,Research & Development,2,4,Life Sciences,1,2929,Female,1,Sales Executive,Married,27660,1.0,Y,12,8,1,2.0,2,2,0,2,3.0,4.0,2.0,3,3,6.760009832841691,0.3030127006379082,1527.762222222222,226,0,0.0,0.0
2929,34,No,Travel_Rarely,Research & Development,26,3,Other,1,2930,Female,1,Sales Executive,Married,190380,6.0,Y,13,8,0,13.0,3,11,5,9,4.0,1.0,3.0,2,3,6.393331056466303,0.3071019541904916,1559.9727777777778,244,0,0.0,0.0
2930,37,No,Travel_Rarely,Research & Development,22,5,Medical,1,2931,Female,2,Manufacturing Director,Married,30550,2.0,Y,14,8,3,17.0,3,3,0,2,3.0,1.0,2.0,3,3,7.593826530612245,0.297068727416785,1860.4875,245,26,0.0,0.0
2931,45,No,Travel_Frequently,Sales,21,1,Marketing,1,2932,Male,3,Research Scientist,Married,22890,4.0,Y,13,8,0,9.0,3,3,0,2,1.0,3.0,3.0,2,3,8.004546533713201,0.3121336078109188,1873.0638888888889,234,117,0.0,0.0
2932,37,Yes,Travel_Frequently,Sales,2,3,Marketing,1,2933,Male,1,Laboratory Technician,Divorced,40010,6.0,Y,11,8,1,17.0,2,1,0,0,1.0,3.0,3.0,3,3,7.07385431568908,0.303848451757324,1648.2080555555556,233,0,0.0,0.0
2933,39,No,Travel_Frequently,Research & Development,22,3,Medical,1,2934,Female,1,Manufacturing Director,Single,129650,0.0,Y,19,8,1,20.0,2,19,11,8,3.0,3.0,3.0,3,3,7.441578884078884,0.28501182039571,1719.0047222222222,231,6,0.0,0.0
2934,29,No,Travel_Rarely,Sales,4,3,Other,1,2935,Female,2,Human Resources,Single,35390,1.0,Y,18,8,0,6.0,2,6,1,5,3.0,4.0,3.0,2,3,7.301593507087334,0.3103957206126819,1774.2872222222222,243,2,0.0,0.0
2935,42,No,Travel_Rarely,Research & Development,5,4,Medical,1,2936,Female,1,Research Scientist,Single,60290,3.0,Y,17,8,1,10.0,5,3,0,2,4.0,1.0,3.0,3,3,8.51441897137312,0.2910354216806578,1949.8019444444444,229,223,1.5449999999999982,0.0067467248908296
2936,29,No,Travel_Rarely,Research & Development,2,4,Medical,1,2937,Male,1,Laboratory Technician,Divorced,26790,2.0,Y,15,8,0,10.0,2,3,0,2,4.0,4.0,3.0,2,3,6.081796951819076,0.2747612258592183,1374.486111111111,226,0,0.0,0.0
2937,25,No,Travel_Rarely,Research & Development,25,2,Life Sciences,1,2938,Male,2,Sales Executive,Married,37020,0.0,Y,20,8,0,5.0,4,4,1,2,1.0,3.0,3.0,3,4,7.718641078838175,0.3007505738365403,1860.1925,241,47,0.0,0.0
2938,42,No,Travel_Rarely,Sales,18,2,Medical,1,2939,Male,1,Laboratory Technician,Divorced,23980,0.0,Y,14,8,1,10.0,2,9,7,8,4.0,1.0,3.0,2,3,9.495627572016462,0.2914543537602704,2307.4375,243,243,122.41388888888888,0.5037608596250571
2939,40,No,Travel_Rarely,Research & Development,28,3,Medical,1,2940,Male,2,Laboratory Technician,Divorced,54680,0.0,Y,12,8,0,22.0,6,21,3,9,1.0,3.0,3.0,4,3,7.01772427140255,0.2934834439340405,1712.324722222222,244,0,0.0,0.0
2940,51,No,Travel_Rarely,Sales,6,2,Life Sciences,1,2941,Female,1,Healthcare Representative,Married,131160,1.0,Y,11,8,0,1.0,6,1,0,0,3.0,4.0,2.0,3,3,7.420300625300626,0.2928443176211543,1714.0894444444446,231,6,0.0,0.0
2941,31,Yes,Travel_Frequently,Research & Development,10,1,Life Sciences,1,2942,Female,1,Research Scientist,Single,41890,0.0,Y,23,8,1,6.0,3,5,1,4,3.0,2.0,4.0,2,4,7.702797702766057,0.3083027089123575,1825.563055555556,237,40,0.0,0.0
2942,32,No,Travel_Frequently,Research & Development,17,4,Other,1,2943,Male,4,Sales Executive,Married,193280,1.0,Y,15,8,3,5.0,2,5,0,3,2.0,2.0,1.0,3,3,7.0129084967320265,0.3158687561051438,1669.0722222222223,238,0,0.0,0.0
2943,38,No,Non-Travel,Research & Development,2,5,Life Sciences,1,2944,Male,3,Human Resources,Married,83210,3.0,Y,11,8,3,13.0,5,8,7,5,4.0,4.0,3.0,2,3,7.221461925287356,0.2902551031055559,1675.3791666666666,232,1,0.0,0.0
2944,32,No,Travel_Rarely,Research & Development,10,1,Medical,1,2945,Male,1,Sales Executive,Single,23420,4.0,Y,12,8,2,9.0,2,6,0,4,4.0,1.0,3.0,3,3,7.9793561676082865,0.2905067214866776,1883.128055555556,236,110,0.0,0.0
2945,46,No,Travel_Rarely,Research & Development,8,3,Life Sciences,1,2946,Female,4,Research Director,Married,40710,3.0,Y,13,8,0,28.0,5,7,7,7,3.0,2.0,2.0,3,3,10.815976890756302,0.2862620275220647,2574.2025,238,238,432.2025,1.8159768907563023
2946,28,Yes,Travel_Rarely,Research & Development,11,2,Medical,1,2947,Male,2,Sales Executive,Single,58130,2.0,Y,20,8,1,5.0,2,0,0,0,1.0,3.0,1.0,3,4,6.895297787193974,0.2899476573503619,1627.290277777778,236,0,0.0,0.0
2947,29,No,Travel_Rarely,Research & Development,18,3,Life Sciences,1,2948,Male,2,Sales Executive,Married,31430,2.0,Y,22,8,3,10.0,2,0,0,0,1.0,2.0,3.0,3,4,6.726156189083821,0.3190105307027052,1533.5636111111112,228,0,0.0,0.0
2948,31,No,Travel_Rarely,Research & Development,1,3,Life Sciences,1,2949,Male,3,Laboratory Technician,Married,20440,0.0,Y,21,8,0,10.0,2,9,7,8,2.0,4.0,3.0,3,4,7.226828989483311,0.2933462566092094,1756.1194444444443,243,2,0.0,0.0
2949,25,No,Non-Travel,Research & Development,7,4,Medical,1,2950,Female,4,Laboratory Technician,Divorced,134640,1.0,Y,13,8,1,6.0,2,6,1,5,2.0,1.0,3.0,3,3,7.08512741046832,0.2736623680243199,1714.6008333333334,242,0,0.0,0.0
2950,45,No,Travel_Rarely,Research & Development,17,2,Medical,1,2951,Male,2,Laboratory Technician,Married,79910,0.0,Y,13,8,2,21.0,2,20,4,10,3.0,4.0,3.0,2,3,8.40964906264289,0.284111412921157,2043.5447222222224,243,228,0.2825000000000006,0.0011625514403292
2951,36,No,Travel_Rarely,Research & Development,28,1,Life Sciences,1,2952,Male,1,Laboratory Technician,Married,33770,0.0,Y,12,8,2,16.0,2,15,10,11,4.0,4.0,3.0,3,3,7.072117467043315,0.2994969709215123,1669.0197222222223,236,0,0.0,0.0
2952,55,No,Travel_Rarely,Research & Development,14,4,Life Sciences,1,2953,Female,1,Sales Executive,Single,55380,0.0,Y,17,8,0,37.0,2,36,4,13,4.0,1.0,3.0,3,3,9.27186226851852,0.2899199439806822,2225.2469444444446,240,240,70.93416666666667,0.2955590277777778
2953,47,Yes,Non-Travel,Research & Development,1,1,Medical,1,2954,Male,1,Research Scientist,Married,57620,1.0,Y,11,8,2,10.0,4,10,9,9,1.0,2.0,2.0,2,3,9.422889344262297,0.2967355062191162,2299.185,244,244,105.4022222222222,0.4319763205828779
2954,28,No,Travel_Rarely,Research & Development,1,3,Life Sciences,1,2955,Male,1,Manufacturing Director,Married,25920,1.0,Y,14,8,0,5.0,2,5,0,4,4.0,4.0,2.0,3,3,6.066950589970502,0.312419093992801,1371.1308333333334,226,0,0.0,0.0
2955,37,No,Travel_Rarely,Research & Development,1,3,Life Sciences,1,2956,Male,2,Healthcare Representative,Married,53460,4.0,Y,11,8,0,7.0,2,5,0,1,3.0,4.0,4.0,3,3,6.701199813258637,0.2837754803527447,1594.8855555555556,238,0,0.0,0.0
2956,21,No,Travel_Rarely,Research & Development,3,2,Life Sciences,1,2957,Male,1,Laboratory Technician,Single,42130,1.0,Y,12,8,3,3.0,3,3,1,0,4.0,3.0,4.0,2,3,6.594208572796935,0.2924869850158499,1529.856388888889,232,0,0.0,0.0
2957,37,No,Non-Travel,Research & Development,1,3,Medical,1,2958,Male,2,Sales Executive,Divorced,41270,2.0,Y,13,8,1,15.0,2,5,0,2,1.0,4.0,3.0,3,3,11.001878952122857,0.2778262091142134,2706.4622222222224,246,246,492.46222222222224,2.001878952122855
2958,35,No,Travel_Rarely,Sales,7,4,Life Sciences,1,2959,Male,1,Sales Representative,Divorced,24380,7.0,Y,16,8,0,10.0,5,7,6,2,2.0,2.0,2.0,2,3,7.030591168091168,0.306845621769458,1645.1583333333333,234,0,0.0,0.0
2959,38,No,Travel_Rarely,Research & Development,8,3,Life Sciences,1,2960,Female,1,Manager,Divorced,68700,1.0,Y,11,8,1,8.0,5,8,7,7,1.0,1.0,3.0,3,3,9.294923215898825,0.3033066202652286,2286.551111111111,246,246,78.9536111111111,0.3209496386630532
2960,26,No,Travel_Frequently,Research & Development,1,4,Other,1,2961,Male,2,Laboratory Technician,Divorced,104470,1.0,Y,18,8,0,6.0,3,6,1,4,3.0,2.0,1.0,3,3,7.546754571026724,0.3057318600174397,1788.5808333333334,237,20,0.0,0.0
2961,50,No,Travel_Rarely,Sales,8,4,Life Sciences,1,2962,Male,1,Research Scientist,Divorced,96670,3.0,Y,23,8,0,28.0,2,10,1,6,1.0,2.0,2.0,2,4,5.9777025715672,0.2898415963860817,1368.8938888888888,229,0,0.0,0.0
2962,53,No,Travel_Rarely,Research & Development,11,4,Life Sciences,1,2963,Female,2,Research Scientist,Married,21480,3.0,Y,11,8,0,21.0,2,5,1,3,3.0,3.0,2.0,3,3,8.349351851851852,0.2841797930274813,1903.6522222222225,228,197,0.3855555555555554,0.0016910331384015
2963,42,No,Travel_Rarely,Research & Development,4,4,Life Sciences,1,2964,Male,1,Manufacturing Director,Married,89260,1.0,Y,14,8,0,20.0,4,20,11,6,2.0,3.0,3.0,1,3,6.814167890357317,0.3166795003111513,1546.816111111111,227,0,0.0,0.0
2964,29,No,Travel_Frequently,Research & Development,16,4,Medical,1,2965,Male,1,Laboratory Technician,Single,65130,1.0,Y,11,8,1,10.0,2,10,0,9,2.0,4.0,2.0,3,3,7.103465491923642,0.2952038005526615,1612.486666666667,227,1,0.0,0.0
2965,55,No,Travel_Rarely,Research & Development,1,4,Other,1,2966,Female,1,Research Scientist,Married,67990,3.0,Y,11,8,0,12.0,2,10,0,8,2.0,4.0,3.0,3,3,9.400733867054829,0.3130121213268022,2152.768055555556,229,229,95.22277777777778,0.4158199902959728
2966,26,No,Travel_Frequently,Research & Development,9,3,Life Sciences,1,2967,Female,1,Manager,Married,162910,1.0,Y,22,8,0,5.0,3,5,3,3,1.0,1.0,3.0,3,4,11.00306473829201,0.3009141744238674,2662.741666666667,242,242,484.7416666666667,2.0030647382920117
2967,37,No,Travel_Rarely,Sales,5,1,Marketing,1,2968,Male,1,Research Scientist,Single,27050,1.0,Y,11,8,0,17.0,2,17,5,7,4.0,4.0,3.0,3,3,7.611183891314895,0.2764000104775753,1742.961111111111,229,22,0.0,0.0
2968,44,Yes,Travel_Frequently,Research & Development,1,2,Medical,1,2969,Male,2,Research Scientist,Divorced,103330,3.0,Y,14,8,1,19.0,2,1,0,0,4.0,3.0,1.0,2,3,11.021406771578446,0.2900623478961333,2567.987777777778,233,233,470.98777777777775,2.0214067715784454
2969,38,No,Travel_Rarely,Sales,2,3,Marketing,1,2970,Female,1,Manager,Divorced,44480,9.0,Y,12,8,0,10.0,3,2,1,2,4.0,4.0,3.0,2,3,6.781370056497176,0.3239331537716423,1600.4033333333334,236,0,0.0,0.0
2970,26,Yes,Travel_Rarely,Research & Development,4,3,Medical,1,2971,Male,3,Research Scientist,Divorced,68540,2.0,Y,11,8,0,5.0,5,3,0,2,1.0,2.0,3.0,2,3,10.13693533697632,0.2788141912035945,2473.412222222222,244,244,277.4122222222222,1.1369353369763209
2971,28,No,Travel_Rarely,Research & Development,7,3,Other,1,2972,Male,1,Human Resources,Single,96370,1.0,Y,13,8,0,5.0,6,5,0,2,4.0,4.0,3.0,2,3,6.700665954415955,0.3162561026155914,1567.9558333333334,234,0,0.0,0.0
2972,49,No,Travel_Frequently,Research & Development,1,1,Medical,1,2973,Female,2,Research Scientist,Single,35910,9.0,Y,13,8,0,22.0,2,3,1,2,3.0,1.0,3.0,3,3,10.511506734006732,0.3090323486196407,2428.158055555556,231,231,349.1580555555556,1.511506734006734
2973,36,No,Travel_Rarely,Sales,5,3,Technical Degree,1,2974,Male,3,Sales Executive,Single,54050,4.0,Y,14,8,0,10.0,2,8,7,7,3.0,2.0,3.0,3,3,6.1994655414908575,0.2962502657728426,1469.2733333333333,237,0,0.0,0.0
2974,31,No,Travel_Frequently,Research & Development,9,4,Medical,1,2975,Male,1,Sales Executive,Divorced,46840,1.0,Y,16,8,1,2.0,4,2,2,2,4.0,2.0,2.0,3,3,6.5930073461891645,0.2754355903942416,1595.5077777777778,242,0,0.0,0.0
2975,26,Yes,Travel_Rarely,Research & Development,8,3,Medical,1,2976,Male,2,Manager,Single,157870,1.0,Y,12,8,2,8.0,5,8,7,4,4.0,4.0,3.0,3,3,10.273392687559353,0.3179918828071062,2403.9738888888887,234,234,297.9738888888889,1.2733926875593542
2976,37,No,Travel_Frequently,Sales,9,1,Marketing,1,2977,Male,1,Laboratory Technician,Married,15140,1.0,Y,14,8,0,4.0,3,4,1,2,2.0,4.0,2.0,3,3,10.029451476793248,0.2896348394358599,2376.98,237,237,243.98,1.029451476793249
2977,42,No,Travel_Frequently,Sales,2,2,Marketing,1,2978,Male,3,Research Director,Married,29560,5.0,Y,13,8,0,23.0,2,20,4,8,3.0,2.0,4.0,3,3,6.0334113060428844,0.2942506138692027,1375.6177777777775,228,0,0.0,0.0
2978,18,Yes,Travel_Rarely,Research & Development,1,4,Life Sciences,1,2979,Male,1,Sales Executive,Single,23350,1.0,Y,14,8,2,0.0,3,0,0,0,3.0,3.0,3.0,2,3,6.770954785954785,0.2884234689425801,1564.0905555555555,231,0,0.0,0.0
2979,35,No,Travel_Rarely,Sales,20,2,Life Sciences,1,2980,Male,1,Laboratory Technician,Married,51540,0.0,Y,19,8,0,12.0,2,11,6,9,3.0,2.0,2.0,2,3,7.696398109727985,0.2977384685341727,1854.8319444444444,241,35,0.0,0.0
2980,36,No,Travel_Frequently,Research & Development,8,3,Other,1,2981,Female,3,Sales Executive,Married,69620,4.0,Y,12,8,2,4.0,2,1,0,0,3.0,4.0,3.0,2,3,7.18869976359338,0.2986599482269871,1689.3444444444444,235,0,0.0,0.0
2981,51,No,Travel_Rarely,Research & Development,2,3,Life Sciences,1,2982,Male,2,Laboratory Technician,Divorced,56750,5.0,Y,13,8,0,13.0,2,4,1,2,4.0,2.0,3.0,2,3,7.606370214752567,0.298132810676484,1810.316111111111,238,23,0.0,0.0
2982,41,No,Travel_Rarely,Research & Development,29,1,Life Sciences,1,2983,Male,1,Laboratory Technician,Single,23790,1.0,Y,12,8,0,22.0,6,22,0,4,4.0,2.0,3.0,3,3,6.925646591970121,0.2824557495747579,1648.3038888888889,238,0,0.0,0.0
2983,18,No,Travel_Rarely,Sales,7,3,Life Sciences,1,2984,Male,1,Research Scientist,Single,38120,1.0,Y,15,8,0,0.0,3,0,0,0,4.0,3.0,3.0,3,3,6.973782231598688,0.2987914578568106,1652.786388888889,237,0,0.0,0.0
2984,28,No,Travel_Rarely,Research & Development,9,3,Medical,1,2985,Male,1,Sales Representative,Single,46480,0.0,Y,23,8,2,9.0,2,8,0,7,2.0,1.0,3.0,2,4,7.201891701828411,0.3078306322912332,1706.8483333333334,237,1,0.0,0.0
2985,31,No,Travel_Rarely,Research & Development,8,1,Technical Degree,1,2986,Male,1,Manufacturing Director,Married,29360,4.0,Y,12,8,1,10.0,2,8,7,7,2.0,4.0,2.0,3,3,7.210875979714154,0.2983790114995368,1737.8211111111111,241,0,0.0,0.0
2986,39,No,Travel_Rarely,Sales,5,4,Marketing,1,2987,Female,2,Human Resources,Divorced,21050,0.0,Y,20,8,0,19.0,3,18,3,7,3.0,4.0,2.0,3,4,7.600149051490515,0.2893528147247221,1869.6366666666668,246,20,0.0,0.0
2987,36,No,Non-Travel,Research & Development,5,4,Life Sciences,1,2988,Male,1,Sales Executive,Married,85780,7.0,Y,21,8,0,11.0,4,9,0,8,2.0,2.0,3.0,3,4,7.826676286676286,0.273243724340536,1807.9622222222224,231,67,0.0,0.0
2988,32,No,Travel_Rarely,Sales,2,3,Marketing,1,2989,Male,2,Laboratory Technician,Married,27060,1.0,Y,21,8,1,13.0,4,13,4,8,4.0,3.0,2.0,3,4,6.953546918767507,0.2819779294213112,1654.944166666667,238,0,0.0,0.0
2989,38,No,Travel_Rarely,Research & Development,5,2,Life Sciences,1,2990,Female,3,Research Scientist,Married,63840,3.0,Y,19,8,2,19.0,4,10,0,1,1.0,2.0,3.0,2,3,6.88454523107178,0.3020614077456933,1555.907222222222,226,0,0.0,0.0
2990,58,No,Non-Travel,Research & Development,2,3,Life Sciences,1,2991,Male,2,Manufacturing Director,Divorced,39680,2.0,Y,13,8,2,12.0,3,5,1,2,4.0,3.0,3.0,2,3,10.898085399449036,0.275983832112289,2637.3366666666666,242,242,459.3366666666666,1.898085399449036
2991,31,No,Travel_Rarely,Research & Development,20,1,Technical Degree,1,2992,Female,3,Research Scientist,Married,99070,0.0,Y,13,8,1,6.0,3,5,0,3,3.0,4.0,3.0,2,3,9.100579297245964,0.2765077249903665,2129.535555555556,234,234,38.55333333333332,0.1647578347578347
2992,31,No,Travel_Rarely,Sales,7,4,Marketing,1,2993,Male,2,Sales Executive,Married,132250,3.0,Y,21,8,1,9.0,2,2,1,0,1.0,1.0,3.0,3,4,6.827082175925926,0.2936704694799188,1638.4997222222223,240,0,0.0,0.0
2993,45,No,Travel_Frequently,Research & Development,3,1,Medical,1,2994,Female,1,Sales Executive,Divorced,35400,1.0,Y,13,8,0,24.0,6,24,9,11,1.0,1.0,3.0,3,3,7.299360991893181,0.3181704924635389,1700.7511111111112,233,3,0.0,0.0
2994,31,No,Travel_Rarely,Sales,16,4,Marketing,1,2995,Female,2,Research Scientist,Divorced,28040,0.0,Y,19,8,2,3.0,0,2,2,2,3.0,4.0,1.0,3,3,8.61594744121715,0.3046305539703431,2076.443333333333,241,234,3.007777777777777,0.0124804057169202
2995,33,No,Travel_Frequently,Research & Development,9,3,Life Sciences,1,2996,Male,4,Research Director,Married,193920,6.0,Y,12,8,1,12.0,3,10,8,8,4.0,2.0,3.0,3,3,6.763073997233748,0.3115207047347674,1629.9008333333334,241,0,0.0,0.0
2996,39,No,Travel_Rarely,Sales,1,4,Life Sciences,1,2997,Male,1,Sales Executive,Married,196650,1.0,Y,22,8,1,21.0,6,21,11,10,3.0,1.0,3.0,3,4,10.997257089725707,0.2929929242585018,2628.3444444444444,239,239,477.3444444444444,1.997257089725709
2997,43,No,Travel_Frequently,Research & Development,7,4,Medical,1,2998,Male,4,Research Scientist,Single,24390,0.0,Y,15,8,0,9.0,2,8,1,7,3.0,4.0,3.0,3,3,7.680348725348725,0.3127930016259777,1774.1605555555554,231,36,0.0,0.0
2998,49,No,Travel_Rarely,Research & Development,1,3,Life Sciences,1,2999,Male,3,Manufacturing Director,Single,73140,7.0,Y,22,8,0,25.0,2,7,0,7,3.0,3.0,3.0,3,4,9.991833098921706,0.2983796385952555,2368.064444444444,237,237,235.0644444444445,0.9918330989217066
2999,52,Yes,Travel_Rarely,Research & Development,7,1,Life Sciences,1,3000,Female,2,Research Scientist,Married,47740,2.0,Y,18,8,1,11.0,2,8,7,7,3.0,2.0,2.0,3,3,7.913886473429952,0.3246379573506641,1820.193888888889,230,87,0.0,0.0
3000,27,No,Travel_Rarely,Research & Development,15,4,Medical,1,3001,Male,3,Research Scientist,Single,39020,1.0,Y,22,8,0,4.0,2,4,1,2,3.0,2.0,2.0,3,4,10.689522996357011,0.3279272197592532,2608.243611111111,244,244,412.2436111111111,1.6895229963570126
3001,32,No,Travel_Rarely,Research & Development,1,3,Life Sciences,1,3002,Male,3,Research Scientist,Married,26620,1.0,Y,11,8,1,13.0,6,13,11,9,3.0,2.0,3.0,4,3,10.529409576940958,0.3037425983163641,2516.528888888889,239,239,365.5288888888889,1.5294095769409577
3002,27,No,Travel_Rarely,Research & Development,13,2,Medical,1,3003,Female,4,Research Director,Single,28560,1.0,Y,12,8,2,5.0,5,5,0,4,4.0,3.0,3.0,4,3,10.103739050253573,0.2871857424736534,2435.001111111111,241,241,266.0011111111112,1.103739050253573
3003,31,No,Travel_Rarely,Sales,24,3,Life Sciences,1,3004,Male,2,Healthcare Representative,Divorced,10810,4.0,Y,11,8,3,13.0,4,7,1,7,4.0,4.0,3.0,4,3,6.624016548463357,0.3039970063097156,1556.6438888888888,235,0,0.0,0.0
3004,32,No,Travel_Rarely,Research & Development,7,3,Technical Degree,1,3005,Male,2,Healthcare Representative,Single,24720,7.0,Y,13,8,0,10.0,2,7,0,7,1.0,4.0,2.0,3,3,7.500045695045695,0.3109008853157372,1732.5105555555556,231,10,0.0,0.0
3005,28,Yes,Travel_Rarely,Research & Development,9,4,Medical,1,3006,Male,1,Sales Executive,Married,56730,5.0,Y,14,8,1,5.0,4,3,2,2,1.0,4.0,2.0,2,3,10.722796296296297,0.2787519337083988,2573.471111111111,240,240,413.4711111111111,1.7227962962962962
3006,30,No,Travel_Rarely,Research & Development,13,3,Life Sciences,1,3007,Female,4,Research Director,Married,41970,1.0,Y,13,8,0,11.0,3,10,1,9,4.0,4.0,3.0,3,3,6.20279012345679,0.3063062891186693,1395.6277777777775,225,0,0.0,0.0
3007,31,No,Travel_Frequently,Research & Development,2,1,Life Sciences,1,3008,Female,1,Manager,Married,97130,1.0,Y,17,8,0,10.0,5,10,8,9,3.0,3.0,3.0,2,3,6.587253734827264,0.280480582519911,1567.766388888889,238,0,0.0,0.0
3008,39,No,Travel_Frequently,Research & Development,19,4,Medical,1,3009,Female,1,Research Scientist,Married,20620,1.0,Y,13,8,0,21.0,4,21,13,3,3.0,4.0,3.0,3,3,6.085376728659991,0.3018493883355921,1417.8927777777778,233,0,0.0,0.0
3009,39,Yes,Travel_Rarely,Research & Development,1,1,Medical,1,3010,Female,1,Laboratory Technician,Married,42840,4.0,Y,17,8,1,12.0,0,1,0,0,4.0,3.0,2.0,3,3,10.018378250591017,0.2851807543126901,2354.318888888889,235,235,239.3188888888889,1.0183782505910166
3010,33,No,Travel_Frequently,Sales,4,2,Life Sciences,1,3011,Male,4,Research Scientist,Single,47880,3.0,Y,11,8,1,9.0,0,7,0,1,2.0,4.0,2.0,3,3,7.38912970910825,0.3188548421867143,1721.6672222222223,233,7,0.0,0.0
3011,47,No,Travel_Rarely,Research & Development,4,3,Life Sciences,1,3012,Female,2,Healthcare Representative,Married,59060,4.0,Y,23,8,0,21.0,4,3,1,1,4.0,3.0,3.0,4,4,6.50920269642027,0.2812703272611151,1555.6994444444445,239,0,0.0,0.0
3012,43,No,Travel_Frequently,Research & Development,14,3,Medical,1,3013,Female,5,Research Director,Divorced,38860,1.0,Y,17,8,2,9.0,2,9,0,0,3.0,3.0,4.0,3,3,6.316731884057971,0.3015636618098252,1452.8483333333334,230,0,0.0,0.0
3013,27,No,Non-Travel,Research & Development,2,3,Life Sciences,1,3014,Male,1,Research Director,Married,168230,0.0,Y,17,8,0,6.0,3,5,1,4,3.0,2.0,3.0,3,3,9.298370132953467,0.2879544910843309,2175.8186111111117,234,234,75.02888888888889,0.320636277302944
3014,54,No,Travel_Frequently,Research & Development,1,4,Life Sciences,1,3015,Male,2,Research Scientist,Single,29330,3.0,Y,12,8,2,20.0,2,4,0,3,4.0,3.0,2.0,3,3,6.113697556477639,0.3123240953788058,1473.401111111111,241,0,0.0,0.0
3015,43,No,Travel_Rarely,Research & Development,7,2,Life Sciences,1,3016,Female,2,Manager,Married,65000,8.0,Y,23,8,0,10.0,3,1,0,0,3.0,1.0,2.0,3,4,7.199790748898678,0.2843763290873515,1634.3525,227,0,0.0,0.0
3016,45,No,Travel_Rarely,Sales,3,1,Marketing,1,3017,Female,1,Sales Executive,Married,171740,9.0,Y,14,8,1,12.0,6,10,9,8,4.0,4.0,3.0,3,3,7.089812021072797,0.2881167164572229,1644.836388888889,232,1,0.0,0.0
3017,40,No,Travel_Rarely,Research & Development,2,4,Other,1,3018,Male,4,Research Scientist,Married,50330,2.0,Y,14,8,2,6.0,6,4,0,2,2.0,4.0,2.0,3,3,9.893391393442624,0.2948411629875689,2413.9875,244,244,217.9875,0.8933913934426229
3018,29,Yes,Travel_Rarely,Research & Development,29,3,Medical,1,3019,Female,1,Research Scientist,Married,23070,1.0,Y,13,8,1,7.0,0,7,0,7,2.0,1.0,2.0,3,3,10.506102906704172,0.2934745115305055,2489.946388888889,237,237,356.94638888888886,1.5061029067041725
3019,29,No,Travel_Rarely,Human Resources,8,3,Medical,1,3020,Male,3,Sales Representative,Single,25870,0.0,Y,22,8,2,4.0,3,3,2,2,2.0,4.0,3.0,3,4,6.917478369763206,0.2797211055059507,1687.8647222222223,244,0,0.0,0.0
3020,30,No,Travel_Rarely,Research & Development,10,3,Life Sciences,1,3021,Male,2,Research Scientist,Divorced,55070,1.0,Y,12,8,2,10.0,2,10,1,2,4.0,3.0,3.0,2,3,7.593638888888889,0.3126076846335795,1822.4733333333331,240,27,0.0,0.0
3021,27,No,Travel_Rarely,Research & Development,11,2,Medical,1,3022,Male,1,Manager,Married,43930,1.0,Y,18,8,1,8.0,2,8,0,7,2.0,2.0,3.0,2,3,6.125528252611586,0.2841997565955236,1433.3736111111111,234,0,0.0,0.0
3022,37,No,Travel_Rarely,Sales,1,4,Life Sciences,1,3023,Male,2,Healthcare Representative,Divorced,133480,7.0,Y,14,8,0,8.0,4,6,0,4,4.0,4.0,2.0,3,3,6.0287616713352,0.2961782687375516,1434.8452777777777,238,0,0.0,0.0
3023,38,No,Travel_Rarely,Research & Development,28,4,Medical,1,3024,Male,1,Laboratory Technician,Divorced,65830,0.0,Y,12,8,0,12.0,1,11,2,9,3.0,4.0,3.0,3,3,8.990253164556963,0.3118565247492514,2130.69,237,237,28.32500000000001,0.1195147679324895
3024,31,No,Travel_Rarely,Research & Development,6,3,Medical,1,3025,Female,3,Manager,Single,81030,1.0,Y,15,8,1,11.0,5,11,4,10,3.0,4.0,3.0,3,3,10.400454648526075,0.308011945367965,2548.111388888889,245,245,343.1113888888889,1.4004546485260772
3025,29,No,Travel_Rarely,Research & Development,3,4,Life Sciences,1,3026,Male,3,Sales Executive,Divorced,39780,1.0,Y,11,8,0,7.0,0,7,1,7,4.0,2.0,3.0,3,3,8.375703309692671,0.3067510974576428,1968.2902777777776,235,207,0.8319444444444457,0.0035401891252955
3026,35,No,Travel_Rarely,Sales,16,2,Technical Degree,1,3027,Male,3,Manager,Single,25440,0.0,Y,13,8,1,17.0,3,16,0,13,3.0,2.0,3.0,4,3,7.913146945646946,0.3273844130020565,1827.9369444444444,231,90,0.0,0.0
3027,23,No,Travel_Rarely,Research & Development,20,4,Life Sciences,1,3028,Male,1,Manufacturing Director,Divorced,53990,1.0,Y,23,8,0,4.0,2,4,0,2,3.0,4.0,2.0,2,4,7.131063458856346,0.3075569491377176,1704.3241666666668,239,0,0.0,0.0
3028,41,No,Travel_Rarely,Research & Development,9,2,Life Sciences,1,3029,Female,1,Laboratory Technician,Single,54870,6.0,Y,19,8,2,8.0,0,5,1,2,4.0,2.0,3.0,3,3,9.68606325863679,0.2898573790826847,2305.283055555556,238,238,163.5625,0.6872373949579832
3029,47,No,Travel_Frequently,Sales,1,3,Medical,1,3030,Female,2,Laboratory Technician,Single,68340,3.0,Y,16,8,1,5.0,2,0,0,0,2.0,3.0,3.0,4,3,7.781565972222222,0.2934978751527531,1867.575833333333,240,57,0.0,0.0
3030,42,No,Travel_Rarely,Research & Development,3,4,Life Sciences,1,3031,Male,1,Manager,Single,10910,2.0,Y,22,8,0,16.0,0,1,0,0,1.0,4.0,3.0,1,4,6.323136473429951,0.2863844477340669,1454.3213888888888,230,0,0.0,0.0
3031,29,No,Non-Travel,Sales,22,4,Marketing,1,3032,Male,2,Human Resources,Married,57360,1.0,Y,22,8,0,4.0,1,4,0,2,4.0,3.0,2.0,2,4,6.295467278719397,0.2988337617157825,1485.7302777777777,236,0,0.0,0.0
3032,42,No,Travel_Rarely,Sales,7,4,Medical,1,3033,Male,3,Research Scientist,Divorced,22260,0.0,Y,12,8,1,4.0,3,3,1,0,3.0,3.0,3.0,2,3,8.775288238028823,0.3124900593195809,2097.293888888889,239,237,10.372222222222224,0.0433984193398419
3033,32,No,Travel_Rarely,Research & Development,2,3,Medical,1,3034,Male,2,Research Scientist,Married,57470,1.0,Y,13,8,0,8.0,0,8,0,7,3.0,2.0,3.0,3,3,7.719472101972102,0.3086048368927191,1783.1980555555556,231,41,0.0,0.0
3034,48,No,Travel_Rarely,Sales,13,4,Medical,1,3035,Male,4,Sales Executive,Married,98540,3.0,Y,16,8,1,15.0,2,0,0,0,1.0,3.0,1.0,2,3,7.304210144927536,0.3038924515749681,1679.9683333333332,230,3,0.0,0.0
3035,37,No,Travel_Rarely,Research & Development,8,5,Technical Degree,1,3036,Male,2,Manufacturing Director,Divorced,54670,4.0,Y,12,8,0,13.0,2,7,6,7,3.0,1.0,3.0,3,3,10.815693863319389,0.3007820202097329,2584.9508333333333,239,239,433.9508333333333,1.8156938633193864
3036,30,No,Non-Travel,Sales,25,4,Other,1,3037,Male,1,Healthcare Representative,Married,53800,7.0,Y,21,8,1,4.0,0,2,2,2,4.0,3.0,4.0,3,4,10.4232215007215,0.2956556686570234,2407.764166666667,231,231,328.76416666666665,1.4232215007215008
3037,26,No,Travel_Rarely,Sales,28,3,Medical,1,3038,Female,5,Laboratory Technician,Married,51510,1.0,Y,15,8,3,8.0,3,8,7,7,3.0,3.0,3.0,3,3,5.980144675925926,0.3054824771533857,1435.2347222222222,240,0,0.0,0.0
3038,42,No,Travel_Rarely,Sales,2,2,Medical,1,3039,Female,1,Laboratory Technician,Single,21330,3.0,Y,13,8,2,14.0,2,1,0,0,1.0,4.0,3.0,3,3,6.077879515317787,0.2831697942675035,1476.9247222222225,243,0,0.0,0.0
3039,21,Yes,Travel_Frequently,Research & Development,9,3,Medical,1,3040,Female,4,Manufacturing Director,Single,178750,1.0,Y,12,8,0,3.0,5,3,1,2,1.0,2.0,3.0,2,3,8.080786052009456,0.2937239967541311,1898.9847222222224,235,145,0.0,0.0
3040,36,No,Non-Travel,Human Resources,28,3,Human Resources,1,3041,Male,2,Laboratory Technician,Single,24320,4.0,Y,22,8,0,7.0,4,1,0,0,4.0,4.0,3.0,1,4,7.304043073910916,0.2800178946523721,1658.0177777777778,227,2,0.0,0.0
3041,36,No,Travel_Frequently,Research & Development,6,3,Life Sciences,1,3042,Female,2,Research Scientist,Married,47710,4.0,Y,13,8,1,16.0,2,13,1,12,1.0,4.0,3.0,3,3,7.088579710144927,0.3039095464223231,1630.3733333333332,230,1,0.0,0.0
3042,57,No,Travel_Rarely,Research & Development,21,4,Life Sciences,1,3043,Male,5,Research Scientist,Married,191610,2.0,Y,18,8,0,15.0,2,3,1,2,4.0,3.0,3.0,1,3,6.295064855604504,0.2912675282158843,1428.9797222222223,227,0,0.0,0.0
3043,40,No,Travel_Rarely,Research & Development,8,3,Other,1,3044,Male,2,Sales Executive,Married,50870,3.0,Y,14,8,1,10.0,3,7,1,7,4.0,3.0,3.0,3,3,8.112756944444445,0.3176260763856608,1947.0616666666667,240,156,0.0011111111111112,4.629629629630353e-06
3044,21,No,Non-Travel,Research & Development,1,5,Life Sciences,1,3045,Female,2,Manager,Single,28630,1.0,Y,14,8,0,3.0,2,3,2,2,1.0,4.0,2.0,1,3,7.990563725490196,0.3022115166572806,1901.7541666666664,238,113,0.0,0.0
3045,33,Yes,Travel_Rarely,Human Resources,28,2,Human Resources,1,3046,Female,5,Manager,Single,55610,1.0,Y,21,8,1,1.0,3,1,0,0,4.0,3.0,3.0,1,4,10.470368055555555,0.3086424911319232,2512.8883333333333,240,240,352.8883333333333,1.4703680555555556
3046,37,No,Travel_Rarely,Research & Development,5,3,Life Sciences,1,3047,Male,4,Research Scientist,Married,21440,6.0,Y,19,8,0,17.0,3,5,0,3,3.0,1.0,3.0,4,3,8.02378502415459,0.3101355418905164,1845.470555555556,230,125,0.0,0.0
3047,46,No,Non-Travel,Sales,2,4,Marketing,1,3048,Female,2,Laboratory Technician,Married,30650,2.0,Y,11,8,0,7.0,3,1,0,0,3.0,3.0,4.0,3,3,6.10015690376569,0.2886531241549049,1457.9375,239,0,0.0,0.0
3048,41,Yes,Travel_Frequently,Research & Development,16,1,Medical,1,3049,Female,1,Research Scientist,Single,28100,1.0,Y,11,8,0,8.0,3,8,7,7,1.0,2.0,3.0,4,3,7.621844397363465,0.3131543647388224,1798.7552777777778,236,26,0.0,0.0
3049,50,No,Travel_Rarely,Research & Development,9,3,Medical,1,3050,Female,3,Laboratory Technician,Single,98880,6.0,Y,15,8,0,20.0,2,4,1,3,4.0,4.0,3.0,3,3,6.919409722222222,0.2880686590111527,1660.6583333333333,240,1,0.0,0.0
3050,40,Yes,Travel_Rarely,Research & Development,8,3,Medical,1,3051,Female,1,Healthcare Representative,Married,86280,2.0,Y,20,8,0,8.0,2,6,1,0,3.0,3.0,3.0,2,4,9.277705979284368,0.2922210858238713,2189.538611111111,236,236,71.03194444444443,0.3009828154425611
3051,31,No,Travel_Rarely,Research & Development,1,3,Life Sciences,1,3052,Male,4,Human Resources,Single,28670,0.0,Y,24,8,0,3.0,5,2,2,2,3.0,2.0,3.0,3,4,10.785730286738351,0.2975245360257526,2674.8611111111118,248,248,442.8611111111112,1.785730286738351
3052,21,Yes,Travel_Rarely,Human Resources,10,2,Human Resources,1,3053,Male,1,Laboratory Technician,Single,53730,1.0,Y,12,8,1,1.0,2,1,0,0,3.0,2.0,3.0,3,3,5.978644261545496,0.3000290504435483,1452.8105555555555,243,0,0.0,0.0
3053,29,No,Travel_Rarely,Research & Development,1,3,Life Sciences,1,3054,Female,2,Research Director,Single,66670,9.0,Y,12,8,1,6.0,6,3,1,2,4.0,4.0,3.0,4,3,7.767982993197278,0.3113318499135662,1903.1558333333328,245,55,0.0,0.0
3054,35,No,Travel_Rarely,Research & Development,29,3,Life Sciences,1,3055,Female,3,Sales Executive,Single,50030,9.0,Y,15,8,0,10.0,2,1,0,0,3.0,2.0,3.0,3,3,7.7136485260770975,0.2641720167443029,1889.8438888888888,245,28,0.0,0.0
3055,27,No,Travel_Rarely,Sales,2,3,Life Sciences,1,3056,Male,1,Sales Executive,Divorced,23670,1.0,Y,12,8,1,5.0,2,5,0,4,4.0,2.0,3.0,3,3,6.20977207977208,0.3141521227236314,1453.0866666666666,234,0,0.0,0.0
3056,28,No,Travel_Rarely,Research & Development,2,2,Medical,1,3057,Male,3,Manager,Single,28580,1.0,Y,12,8,0,7.0,2,7,0,7,2.0,4.0,3.0,2,3,7.11750354609929,0.2909505141762274,1672.6133333333332,235,0,0.0,0.0
3057,49,No,Travel_Rarely,Sales,2,3,Technical Degree,1,3058,Male,2,Manufacturing Director,Single,52040,8.0,Y,14,8,1,26.0,3,5,0,0,2.0,3.0,3.0,3,3,7.829485123198512,0.3191712883775605,1871.2469444444444,239,71,0.0,0.0
3058,51,No,Travel_Rarely,Research & Development,1,2,Life Sciences,1,3059,Male,1,Sales Executive,Married,41050,4.0,Y,22,8,1,18.0,2,7,0,7,3.0,4.0,2.0,3,4,7.598457977207977,0.3097754459876261,1778.0391666666667,234,17,0.0,0.0
3059,36,No,Travel_Rarely,Sales,15,2,Life Sciences,1,3060,Male,1,Sales Executive,Married,96790,4.0,Y,12,8,0,6.0,1,2,2,2,4.0,3.0,3.0,3,3,6.036071265938069,0.3026437116820605,1472.8013888888888,244,0,0.0,0.0
3060,34,Yes,Non-Travel,Research & Development,7,3,Life Sciences,1,3061,Male,1,Sales Representative,Single,56170,8.0,Y,25,8,1,9.0,3,5,0,4,1.0,4.0,2.0,3,4,9.121058429118774,0.2998413936232905,2116.0855555555554,232,232,44.55111111111112,0.1920306513409962
3061,55,No,Travel_Rarely,Sales,26,3,Marketing,1,3062,Male,1,Laboratory Technician,Single,104480,2.0,Y,13,8,0,30.0,3,5,1,2,3.0,4.0,3.0,3,3,8.711053955189758,0.3159941314778414,2116.786111111111,243,239,7.226111111111114,0.0297370827617741
3062,24,No,Travel_Rarely,Research & Development,1,3,Life Sciences,1,3063,Female,5,Manager,Divorced,28970,1.0,Y,18,8,3,5.0,4,5,0,3,4.0,3.0,4.0,3,3,10.002121007647323,0.2934382838431209,2470.523888888889,247,247,247.5238888888889,1.0021210076473237
3063,30,No,Travel_Rarely,Research & Development,3,3,Life Sciences,1,3064,Female,2,Manager,Married,59680,2.0,Y,13,8,0,1.0,3,1,0,0,3.0,2.0,3.0,3,3,6.882211160275319,0.3232211021552603,1555.3797222222222,226,0,0.0,0.0
3064,26,Yes,Travel_Frequently,Sales,14,3,Life Sciences,1,3065,Male,2,Manager,Single,75100,0.0,Y,18,8,3,7.0,3,6,0,4,3.0,1.0,3.0,3,3,6.978617123617124,0.3034179139722112,1612.0605555555555,231,0,0.0,0.0
3065,22,No,Travel_Rarely,Research & Development,16,5,Other,1,3066,Male,1,Research Scientist,Married,29910,1.0,Y,19,8,2,2.0,3,2,1,2,1.0,2.0,3.0,2,3,6.301039649608114,0.3195190241290989,1518.5505555555555,241,0,0.0,0.0
3066,36,No,Travel_Rarely,Research & Development,1,3,Medical,1,3067,Female,5,Healthcare Representative,Married,196360,1.0,Y,12,8,1,10.0,3,10,9,0,2.0,3.0,3.0,3,3,6.397997635933806,0.301444190347309,1503.5294444444444,235,0,0.0,0.0
3067,30,Yes,Travel_Frequently,Sales,3,2,Marketing,1,3068,Male,3,Research Scientist,Single,11290,9.0,Y,19,8,0,3.0,2,1,0,0,3.0,4.0,3.0,2,3,8.179294871794871,0.2946663379595913,1913.955,234,166,0.0077777777777772,3.323836657169751e-05
3068,37,No,Travel_Rarely,Research & Development,10,1,Technical Degree,1,3069,Male,1,Sales Executive,Divorced,133410,1.0,Y,14,8,1,18.0,3,18,12,17,4.0,1.0,2.0,3,3,6.481071769194087,0.2969994377606675,1510.0897222222222,233,0,0.0,0.0
3069,40,No,Travel_Rarely,Research & Development,6,2,Medical,1,3070,Male,3,Research Scientist,Divorced,43320,7.0,Y,14,8,2,8.0,3,5,1,3,4.0,2.0,3.0,2,3,6.71229196217494,0.321756281211102,1577.388611111111,235,0,0.0,0.0
3070,42,No,Travel_Rarely,Research & Development,2,3,Medical,1,3071,Female,4,Manager,Divorced,110310,3.0,Y,12,8,1,8.0,2,5,1,2,2.0,1.0,3.0,2,3,7.534024390243902,0.3093322837761356,1853.37,246,18,0.0,0.0
3071,37,No,Travel_Rarely,Sales,9,1,Marketing,1,3072,Male,3,Sales Executive,Single,44400,2.0,Y,11,8,1,18.0,3,1,0,1,3.0,2.0,2.0,2,3,9.865617283950616,0.285977260362684,2397.345,243,243,210.345,0.8656172839506173
3072,43,No,Travel_Rarely,Sales,10,2,Life Sciences,1,3073,Female,1,Sales Executive,Divorced,46170,1.0,Y,11,8,0,25.0,2,25,3,9,1.0,2.0,3.0,3,3,7.428755319148935,0.3121415157414482,1745.7575,235,8,0.0,0.0
3073,40,No,Travel_Rarely,Sales,6,2,Life Sciences,1,3074,Female,1,Laboratory Technician,Married,26470,6.0,Y,13,8,0,20.0,2,1,0,0,2.0,3.0,3.0,2,3,7.496623931623931,0.3303597198939457,1754.21,234,10,0.0,0.0
3074,54,No,Travel_Rarely,Human Resources,9,3,Life Sciences,1,3075,Female,2,Manufacturing Director,Married,63230,4.0,Y,23,8,1,24.0,2,4,1,2,1.0,1.0,2.0,2,4,5.990690198932557,0.3282410798760609,1371.8680555555557,229,0,0.0,0.0
3075,34,No,Non-Travel,Research & Development,28,3,Medical,1,3076,Male,1,Laboratory Technician,Married,56770,9.0,Y,20,8,1,6.0,3,3,1,2,3.0,3.0,3.0,3,4,6.85219621749409,0.3018375900820139,1610.266111111111,235,0,0.0,0.0
3076,31,No,Travel_Rarely,Research & Development,10,4,Life Sciences,1,3077,Male,3,Sales Executive,Married,21870,1.0,Y,15,8,1,13.0,2,13,3,12,2.0,1.0,1.0,2,3,6.1033751229105215,0.3052542076775594,1379.362777777778,226,0,0.0,0.0
3077,43,No,Travel_Frequently,Sales,14,3,Life Sciences,1,3078,Female,1,Manufacturing Director,Married,37480,7.0,Y,14,8,2,8.0,3,3,1,2,4.0,4.0,3.0,2,3,7.702863160291439,0.2994111404916337,1879.4986111111111,244,38,0.0,0.0
3078,43,No,Travel_Rarely,Sales,27,4,Life Sciences,1,3079,Male,2,Sales Representative,Divorced,39770,4.0,Y,18,8,1,8.0,3,5,0,2,3.0,3.0,3.0,3,3,8.903843586075347,0.304631314981876,2074.595555555556,233,233,17.76583333333334,0.0762482117310443
3079,25,No,Travel_Rarely,Human Resources,7,2,Human Resources,1,3080,Male,1,Manufacturing Director,Single,86330,1.0,Y,19,8,1,5.0,2,5,1,3,2.0,4.0,3.0,4,3,10.906502415458938,0.298365217345323,2508.495555555556,230,230,438.49555555555554,1.9065024154589367
3080,37,No,Non-Travel,Research & Development,1,3,Medical,1,3081,Male,3,Laboratory Technician,Married,20080,3.0,Y,22,8,0,15.0,5,13,10,7,2.0,3.0,3.0,2,4,10.68521694214876,0.3282722383188593,2585.8225,242,242,407.8225,1.6852169421487604
3081,31,No,Travel_Rarely,Research & Development,24,1,Medical,1,3082,Male,3,Laboratory Technician,Married,44400,1.0,Y,13,8,1,4.0,2,4,3,2,4.0,1.0,3.0,3,3,7.138725694444444,0.2894009327326064,1713.2941666666666,240,1,0.0,0.0
3082,39,No,Travel_Frequently,Research & Development,26,4,Technical Degree,1,3083,Female,1,Sales Executive,Divorced,30670,1.0,Y,20,8,1,21.0,5,21,1,6,2.0,3.0,3.0,1,4,8.98591836734694,0.313182430353305,2201.55,245,245,28.31805555555556,0.1155839002267573
3083,56,No,Travel_Frequently,Research & Development,20,4,Life Sciences,1,3084,Female,3,Sales Executive,Married,53210,9.0,Y,14,8,0,36.0,1,7,7,7,3.0,1.0,2.0,3,3,7.440674253548703,0.312243490021194,1689.0330555555556,227,9,0.0,0.0
3084,30,No,Travel_Rarely,Sales,5,4,Medical,1,3085,Female,2,Manufacturing Director,Single,54100,0.0,Y,17,8,1,6.0,2,5,4,4,2.0,3.0,3.0,3,3,7.581409985935302,0.2761256936525624,1796.7941666666666,237,13,0.0,0.0
3085,41,No,Travel_Rarely,Research & Development,7,3,Technical Degree,1,3086,Female,3,Research Scientist,Married,27820,1.0,Y,14,8,0,10.0,2,10,0,7,2.0,3.0,3.0,2,3,6.603824152542373,0.3098870381593318,1558.5025,236,0,0.0,0.0
3086,28,No,Travel_Rarely,Research & Development,7,3,Medical,1,3087,Male,3,Healthcare Representative,Divorced,119570,1.0,Y,13,8,0,10.0,2,10,1,8,3.0,1.0,3.0,2,3,6.203099290780141,0.3134142304744688,1457.7283333333332,235,0,0.0,0.0
3087,25,Yes,Travel_Rarely,Research & Development,5,2,Life Sciences,1,3088,Female,3,Laboratory Technician,Married,26600,5.0,Y,13,8,0,6.0,3,2,0,2,1.0,1.0,3.0,3,3,6.4915693858415375,0.2907194139112909,1538.5019444444445,237,0,0.0,0.0
3088,52,No,Travel_Rarely,Research & Development,26,2,Life Sciences,1,3089,Female,2,Sales Representative,Married,33750,2.0,Y,21,8,0,28.0,2,5,0,4,4.0,3.0,3.0,2,4,8.206621363853124,0.2953481880154526,1912.1427777777776,233,173,0.0094444444444441,4.053409632808646e-05
3089,45,No,Travel_Rarely,Research & Development,2,3,Medical,1,3090,Female,1,Sales Executive,Married,50980,3.0,Y,14,8,1,8.0,4,2,0,2,1.0,4.0,2.0,3,3,6.792599862258953,0.2972861276825672,1643.809166666667,242,0,0.0,0.0
3090,52,No,Travel_Rarely,Research & Development,12,3,Medical,1,3091,Male,2,Research Scientist,Married,48780,2.0,Y,11,8,1,31.0,3,5,1,4,4.0,4.0,1.0,3,3,7.300627314814815,0.3012190566406227,1752.1505555555557,240,4,0.0,0.0
3091,42,No,Travel_Frequently,Sales,10,3,Marketing,1,3092,Female,2,Healthcare Representative,Divorced,28370,2.0,Y,13,8,1,19.0,0,5,0,2,1.0,3.0,3.0,2,3,6.798831496786042,0.2905538826590267,1645.3172222222222,242,0,0.0,0.0
3092,30,No,Travel_Rarely,Sales,25,3,Marketing,1,3093,Male,1,Sales Executive,Single,24060,2.0,Y,20,8,1,11.0,5,5,0,2,3.0,4.0,3.0,3,4,7.315416666666667,0.3046435682327786,1784.9616666666666,244,4,0.0,0.0
3093,60,No,Travel_Rarely,Research & Development,10,3,Life Sciences,1,3094,Female,1,Manufacturing Director,Married,22690,5.0,Y,18,8,1,33.0,4,29,11,10,1.0,1.0,1.0,3,3,6.205156544256121,0.3069536861175241,1464.4169444444444,236,0,0.0,0.0
3094,46,No,Travel_Rarely,Sales,19,4,Marketing,1,3095,Female,1,Sales Executive,Divorced,41080,2.0,Y,14,8,0,19.0,5,10,0,8,3.0,3.0,2.0,2,3,7.580708568738229,0.3088181864962279,1789.0472222222222,236,20,0.0,0.0
3095,42,No,Travel_Frequently,Research & Development,18,4,Technical Degree,1,3096,Male,4,Sales Executive,Married,132060,0.0,Y,13,8,2,7.0,2,6,0,4,4.0,4.0,4.0,3,3,6.615400572246066,0.309626168177903,1541.388333333333,233,0,0.0,0.0
3096,24,Yes,Travel_Rarely,Research & Development,27,2,Medical,1,3097,Male,1,Research Scientist,Single,104220,1.0,Y,17,8,1,6.0,0,5,1,4,1.0,2.0,3.0,2,3,10.635645458736745,0.2880137891807028,2563.1905555555554,241,241,394.1905555555556,1.6356454587367453
3097,34,Yes,Travel_Frequently,Research & Development,5,3,Medical,1,3098,Male,2,Research Scientist,Divorced,137440,0.0,Y,20,8,1,3.0,3,2,1,0,4.0,3.0,2.0,3,4,6.200646551724137,0.3042166119970119,1438.55,232,0,0.0,0.0
3098,38,No,Travel_Frequently,Sales,3,3,Marketing,1,3099,Female,2,Sales Executive,Married,49070,1.0,Y,11,8,1,1.0,3,1,0,0,4.0,4.0,3.0,3,3,8.592567663817665,0.2787728571053776,2010.6608333333331,234,231,1.968055555555555,0.0084104938271604
3099,40,No,Travel_Rarely,Sales,26,4,Marketing,1,3100,Female,1,Sales Executive,Married,34820,0.0,Y,18,8,1,21.0,2,20,1,12,3.0,3.0,3.0,2,3,6.006141044061303,0.2944468269220968,1393.4247222222225,232,0,0.0,0.0
3100,26,No,Travel_Rarely,Research & Development,3,2,Medical,1,3101,Female,4,Healthcare Representative,Divorced,24360,1.0,Y,24,8,0,3.0,2,3,0,2,1.0,4.0,1.0,4,4,6.303130761766133,0.3052137726153854,1443.4169444444444,229,0,0.0,0.0
3101,30,No,Non-Travel,Research & Development,15,3,Medical,1,3102,Female,2,Sales Executive,Married,23800,4.0,Y,18,8,3,9.0,2,5,1,4,3.0,4.0,1.0,2,3,7.906804407713499,0.2970218688570485,1913.4466666666667,242,86,0.0,0.0
3102,29,No,Travel_Rarely,Research & Development,8,3,Medical,1,3103,Female,3,Manufacturing Director,Married,194310,1.0,Y,11,8,0,10.0,3,10,0,7,2.0,3.0,3.0,3,3,7.181322126847878,0.3023207782961021,1673.2480555555555,233,2,0.0,0.0
3103,29,Yes,Travel_Rarely,Research & Development,19,4,Life Sciences,1,3104,Male,3,Research Scientist,Married,17900,5.0,Y,16,8,1,6.0,4,2,1,1,3.0,2.0,4.0,2,3,6.599958576998051,0.2807236868752613,1504.7905555555556,228,0,0.0,0.0
3104,19,Yes,Travel_Rarely,Research & Development,4,3,Medical,1,3105,Male,1,Sales Executive,Single,76440,1.0,Y,15,8,2,1.0,2,1,0,0,1.0,4.0,4.0,3,3,7.9253648775894545,0.2993821393339684,1870.3861111111112,236,97,0.0,0.0
3105,30,No,Non-Travel,Research & Development,2,4,Life Sciences,1,3106,Female,3,Research Scientist,Married,51310,0.0,Y,15,8,1,10.0,2,9,7,8,3.0,1.0,3.0,3,3,6.711006944444445,0.2946830598153909,1610.6416666666669,240,0,0.0,0.0
3106,57,No,Travel_Rarely,Research & Development,2,2,Life Sciences,1,3107,Male,4,Research Scientist,Divorced,63060,3.0,Y,12,8,1,32.0,3,1,0,0,1.0,4.0,2.0,3,3,6.319523635477583,0.3096208629076116,1440.8513888888888,228,0,0.0,0.0
3107,50,No,Travel_Rarely,Sales,10,4,Life Sciences,1,3108,Female,3,Manager,Married,47870,0.0,Y,12,8,0,28.0,3,27,15,7,2.0,3.0,3.0,3,3,7.219125603864734,0.2830270241193429,1660.398888888889,230,1,0.0,0.0
3108,30,No,Non-Travel,Sales,10,2,Life Sciences,1,3109,Male,3,Laboratory Technician,Single,188800,0.0,Y,22,8,1,12.0,3,11,6,7,3.0,4.0,2.0,3,4,6.288169577874818,0.3013222810078497,1439.9908333333333,229,0,0.0,0.0
3109,60,No,Travel_Frequently,Research & Development,16,3,Life Sciences,1,3110,Female,4,Laboratory Technician,Married,23390,4.0,Y,20,8,0,22.0,4,18,13,11,3.0,1.0,4.0,3,4,7.198991898148148,0.2894016343328783,1727.7580555555555,240,0,0.0,0.0
3110,47,No,Travel_Rarely,Research & Development,1,3,Technical Degree,1,3111,Male,5,Manufacturing Director,Divorced,135700,5.0,Y,16,8,2,20.0,2,5,0,4,1.0,4.0,3.0,2,3,7.784305555555556,0.3268917039555841,1868.2333333333331,240,62,0.0,0.0
3111,46,No,Travel_Rarely,Sales,4,1,Technical Degree,1,3112,Male,1,Laboratory Technician,Married,67120,6.0,Y,21,8,1,26.0,3,3,0,1,1.0,3.0,1.0,2,4,6.780565175565176,0.3031479110476252,1566.3105555555555,231,0,0.0,0.0
3112,35,No,Travel_Rarely,Research & Development,15,2,Medical,1,3113,Female,2,Laboratory Technician,Single,54060,0.0,Y,12,8,1,6.0,2,5,4,3,4.0,3.0,3.0,3,3,6.487327986982799,0.3258641998920343,1550.471388888889,239,0,0.0,0.0
3113,54,No,Travel_Rarely,Research & Development,2,4,Medical,1,3114,Male,2,Human Resources,Single,89380,7.0,Y,11,8,3,19.0,2,1,0,0,3.0,3.0,3.0,3,3,7.706647834274952,0.3009846205859691,1818.7688888888888,236,41,0.0,0.0
3114,34,No,Travel_Rarely,Sales,8,2,Life Sciences,1,3115,Male,1,Laboratory Technician,Divorced,24390,3.0,Y,11,8,2,14.0,2,7,5,7,3.0,3.0,3.0,4,3,7.56542270531401,0.28830274917942,1740.0472222222222,230,21,0.0,0.0
3115,46,No,Travel_Rarely,Research & Development,2,3,Life Sciences,1,3116,Male,1,Healthcare Representative,Married,88370,2.0,Y,18,8,0,15.0,3,3,1,2,3.0,4.0,3.0,2,3,9.194820936639118,0.303112934442699,2225.1466666666665,242,242,58.57277777777777,0.242036271808999
3116,31,No,Travel_Rarely,Research & Development,7,3,Life Sciences,1,3117,Male,2,Research Director,Divorced,53430,1.0,Y,14,8,1,13.0,3,13,0,8,3.0,2.0,4.0,3,3,6.413506493506493,0.2977192750196941,1481.52,231,0,0.0,0.0
3117,33,Yes,Travel_Rarely,Research & Development,10,3,Life Sciences,1,3118,Female,4,Research Director,Married,67280,7.0,Y,22,8,0,15.0,2,7,7,7,2.0,3.0,4.0,2,4,8.488653757491932,0.3064447044830504,2045.7655555555557,241,228,1.5513888888888872,0.0064372982941447
3118,33,Yes,Travel_Rarely,Sales,5,4,Marketing,1,3119,Male,2,Research Director,Divorced,66520,7.0,Y,25,8,0,8.0,5,4,1,3,1.0,4.0,3.0,3,4,6.980869363086936,0.310625175398268,1668.4277777777777,239,0,0.0,0.0
3119,30,No,Travel_Rarely,Research & Development,2,3,Life Sciences,1,3120,Male,1,Sales Executive,Single,48500,0.0,Y,12,8,1,4.0,4,3,1,2,4.0,2.0,3.0,3,3,6.498657796451915,0.3039457665671207,1546.6805555555557,238,0,0.0,0.0
3120,35,No,Travel_Rarely,Research & Development,12,2,Medical,1,3121,Female,2,Sales Representative,Married,28090,4.0,Y,23,8,1,10.0,2,8,0,0,4.0,3.0,3.0,1,4,8.896620956399437,0.2912690066594579,2108.4991666666665,237,237,17.537500000000012,0.0739978902953587
3121,31,Yes,Travel_Frequently,Research & Development,22,2,Medical,1,3122,Female,2,Sales Executive,Married,56890,3.0,Y,15,8,2,12.0,2,1,0,0,1.0,3.0,3.0,2,3,6.606826066572902,0.3046663862098732,1565.8177777777778,237,0,0.0,0.0
3122,34,Yes,Travel_Frequently,Sales,17,1,Marketing,1,3123,Male,1,Research Director,Divorced,20010,9.0,Y,22,8,1,11.0,5,3,0,2,2.0,1.0,3.0,4,4,11.012135565052231,0.3142252578312592,2576.839722222222,234,234,470.83972222222224,2.012135565052232
3123,42,No,Travel_Frequently,Research & Development,2,4,Medical,1,3124,Female,1,Research Scientist,Married,29770,4.0,Y,15,8,3,8.0,3,2,2,0,2.0,3.0,3.0,2,3,7.799356725146199,0.2759921248072243,1778.253333333333,228,55,0.0,0.0
3124,36,No,Non-Travel,Research & Development,3,4,Medical,1,3125,Male,1,Research Scientist,Single,40250,1.0,Y,11,8,0,10.0,3,10,9,7,2.0,4.0,2.0,3,3,7.2011238958623895,0.3037879462763795,1721.068611111111,239,0,0.0,0.0
3125,22,Yes,Travel_Frequently,Research & Development,7,3,Medical,1,3126,Female,2,Laboratory Technician,Single,37850,5.0,Y,13,8,2,4.0,2,2,1,2,3.0,3.0,3.0,3,3,6.430002384358608,0.3029481598088033,1498.1905555555556,233,0,0.0,0.0
3126,48,No,Travel_Rarely,Research & Development,6,3,Medical,1,3127,Male,1,Laboratory Technician,Married,108540,2.0,Y,14,8,1,14.0,6,9,6,7,2.0,4.0,3.0,3,3,6.771397093295827,0.2884752017693652,1604.8211111111111,237,0,0.0,0.0
3127,55,No,Travel_Rarely,Research & Development,1,3,Medical,1,3128,Female,1,Sales Executive,Single,120310,3.0,Y,11,8,0,37.0,5,10,7,7,1.0,2.0,3.0,3,3,7.418745754488113,0.3080139634191161,1698.8927777777778,229,9,0.0,0.0
3128,41,No,Non-Travel,Research & Development,3,2,Life Sciences,1,3129,Female,2,Research Scientist,Single,99360,7.0,Y,17,8,1,16.0,2,14,1,10,4.0,4.0,3.0,2,3,6.181212226871223,0.2927503440547591,1477.3097222222225,239,0,0.0,0.0
3129,35,No,Travel_Rarely,Research & Development,22,3,Medical,1,3130,Female,1,Sales Representative,Married,29660,9.0,Y,18,8,0,15.0,2,11,6,9,2.0,3.0,3.0,2,3,6.007819618781962,0.3019609441571628,1435.868888888889,239,0,0.0,0.0
3130,40,No,Travel_Rarely,Research & Development,15,3,Life Sciences,1,3131,Female,2,Laboratory Technician,Single,25710,7.0,Y,14,8,0,22.0,1,20,5,13,2.0,3.0,3.0,3,3,7.32916785884597,0.2932688405754122,1707.6961111111111,233,2,0.0,0.0
3131,39,No,Travel_Frequently,Research & Development,12,1,Medical,1,3132,Male,1,Research Scientist,Married,99910,1.0,Y,16,8,1,8.0,3,8,0,7,3.0,3.0,3.0,3,3,7.065051139005114,0.296664024157283,1688.5472222222222,239,1,0.0,0.0
3132,31,No,Travel_Rarely,Research & Development,1,4,Life Sciences,1,3133,Male,3,Research Director,Single,61420,4.0,Y,13,8,2,10.0,2,6,0,5,2.0,4.0,4.0,2,3,8.68571088435374,0.2817420594921427,2127.9991666666665,245,243,4.939166666666665,0.0201598639455782
3133,42,No,Travel_Rarely,Research & Development,5,3,Medical,1,3134,Male,3,Sales Executive,Married,53900,1.0,Y,14,8,0,10.0,3,10,5,8,4.0,1.0,2.0,3,3,10.796660654160656,0.2789588880505786,2494.028611111112,231,231,415.0286111111111,1.7966606541606542
3134,45,No,Travel_Rarely,Research & Development,2,1,Medical,1,3135,Female,4,Sales Executive,Married,44040,0.0,Y,23,8,0,9.0,2,8,3,7,4.0,2.0,4.0,3,4,7.365032467532467,0.3129785685228113,1701.3225,231,3,0.0,0.0
3135,26,Yes,Travel_Frequently,Research & Development,2,1,Life Sciences,1,3136,Female,2,Laboratory Technician,Divorced,59930,0.0,Y,12,8,0,8.0,3,7,1,0,2.0,3.0,2.0,3,3,9.178884200656352,0.3229455340824311,2175.395555555556,237,237,56.75472222222224,0.2394714017815284
3136,29,No,Travel_Rarely,Research & Development,5,3,Medical,1,3137,Male,1,Research Scientist,Divorced,51300,4.0,Y,11,8,0,8.0,3,3,1,2,4.0,4.0,4.0,2,3,7.425431697931698,0.3211814051163033,1715.2747222222222,231,7,0.0,0.0
3137,33,No,Travel_Rarely,Research & Development,16,3,Medical,1,3138,Female,1,Laboratory Technician,Divorced,20900,4.0,Y,16,8,0,10.0,2,6,0,5,1.0,3.0,3.0,3,3,7.4132265890344495,0.3144398209065615,1697.628888888889,229,6,0.0,0.0
3138,31,No,Travel_Rarely,Research & Development,2,4,Life Sciences,1,3139,Female,1,Sales Executive,Divorced,29090,9.0,Y,14,8,2,10.0,2,5,0,1,3.0,4.0,2.0,3,3,6.695462194559705,0.3044400617756645,1613.606388888889,241,0,0.0,0.0
3139,18,Yes,Travel_Frequently,Research & Development,2,3,Technical Degree,1,3140,Male,1,Sales Executive,Single,34680,1.0,Y,18,8,2,0.0,4,0,0,0,2.0,2.0,3.0,4,3,9.204595744680852,0.3048781915516921,2163.08,235,235,59.38166666666666,0.2526879432624113
3140,40,No,Non-Travel,Research & Development,1,4,Technical Degree,1,3141,Female,2,Laboratory Technician,Divorced,30680,3.0,Y,19,8,0,20.0,3,1,0,1,3.0,1.0,3.0,2,3,6.857323343079922,0.3217597861832965,1563.469722222222,228,0,0.0,0.0
3141,41,No,Non-Travel,Research & Development,23,3,Life Sciences,1,3142,Male,2,Manufacturing Director,Single,26700,2.0,Y,15,8,2,10.0,2,8,0,7,1.0,3.0,3.0,2,3,9.29387554585153,0.2952981851225082,2128.2975,229,229,72.91444444444444,0.318403687530325
3142,26,No,Travel_Rarely,Research & Development,9,4,Medical,1,3143,Male,3,Healthcare Representative,Divorced,26930,5.0,Y,17,8,3,8.0,3,0,0,0,1.0,3.0,3.0,2,3,5.988631120527307,0.2852624401553842,1413.3169444444443,236,0,0.0,0.0
3143,35,No,Travel_Rarely,Research & Development,16,4,Medical,1,3144,Male,2,Human Resources,Single,95260,1.0,Y,15,8,0,5.0,2,5,0,3,1.0,3.0,3.0,2,3,6.293220524017468,0.298821169844696,1441.1475,229,0,0.0,0.0
3144,34,No,Travel_Rarely,Research & Development,26,3,Medical,1,3145,Male,1,Laboratory Technician,Single,52370,1.0,Y,19,8,1,10.0,3,10,5,7,4.0,4.0,3.0,2,3,6.3876744719926535,0.2976279372085342,1545.8172222222222,242,0,0.0,0.0
3145,26,Yes,Travel_Rarely,Sales,1,3,Marketing,1,3146,Female,2,Manufacturing Director,Single,24260,1.0,Y,22,8,0,1.0,3,1,0,0,3.0,4.0,1.0,1,4,8.699645593869732,0.2992509534463295,2018.3177777777776,232,229,5.241111111111113,0.0225909961685823
3146,37,No,Travel_Rarely,Research & Development,8,1,Life Sciences,1,3147,Male,1,Sales Executive,Single,41930,4.0,Y,16,8,1,12.0,5,6,1,2,2.0,4.0,4.0,3,3,7.397629392212726,0.2996602143226187,1731.0452777777778,234,8,0.0,0.0
3147,46,No,Travel_Frequently,Research & Development,4,1,Medical,1,3148,Male,5,Human Resources,Married,29110,5.0,Y,13,8,0,28.0,3,2,1,2,1.0,3.0,2.0,3,3,6.240668812589413,0.293478040612203,1454.075833333333,233,0,0.0,0.0
3148,41,No,Travel_Rarely,Research & Development,24,1,Life Sciences,1,3149,Male,1,Research Director,Married,26610,7.0,Y,14,8,1,22.0,2,18,11,8,2.0,1.0,3.0,3,3,7.72220068027211,0.2826368148213009,1891.9391666666668,245,37,0.0,0.0
3149,37,No,Non-Travel,Research & Development,7,2,Medical,1,3150,Male,1,Sales Executive,Divorced,20280,1.0,Y,16,8,1,9.0,3,9,7,7,1.0,2.0,3.0,3,3,7.506805555555556,0.2847111939281463,1771.6061111111112,236,9,0.0,0.0
3150,52,No,Travel_Rarely,Sales,2,1,Medical,1,3151,Male,1,Laboratory Technician,Divorced,99800,3.0,Y,11,8,1,18.0,2,10,6,9,4.0,1.0,3.0,3,3,9.07803094233474,0.319694463865113,2151.4933333333333,237,237,40.68111111111111,0.1716502578527894
3151,32,Yes,Non-Travel,Research & Development,7,2,Life Sciences,1,3152,Female,2,Research Director,Married,32980,8.0,Y,22,8,0,6.0,4,4,1,2,4.0,3.0,3.0,2,4,5.98072800925926,0.3181349316455915,1435.3747222222223,240,0,0.0,0.0
3152,24,No,Travel_Frequently,Sales,22,3,Life Sciences,1,3153,Female,1,Healthcare Representative,Married,29350,0.0,Y,14,8,2,3.0,5,2,2,1,4.0,4.0,3.0,2,3,5.993148148148148,0.3067303577325586,1366.4377777777777,228,0,0.0,0.0
3153,38,No,Travel_Rarely,Research & Development,5,3,Life Sciences,1,3154,Female,1,Research Scientist,Married,154270,3.0,Y,16,8,1,18.0,2,1,0,0,3.0,3.0,3.0,3,3,6.010115641392465,0.2858397076821131,1400.3569444444445,233,0,0.0,0.0
3154,37,No,Travel_Rarely,Research & Development,1,4,Technical Degree,1,3155,Female,5,Research Scientist,Married,39440,6.0,Y,11,8,2,8.0,3,6,4,3,2.0,2.0,2.0,3,3,6.8842312125403415,0.28256474081284,1659.0997222222222,241,0,0.0,0.0
3155,49,No,Travel_Rarely,Sales,21,1,Life Sciences,1,3156,Male,1,Sales Executive,Divorced,40110,1.0,Y,18,8,2,31.0,2,31,0,9,4.0,3.0,3.0,1,3,10.81094466936572,0.2647906899658142,2670.3033333333333,247,247,447.3033333333333,1.810944669365722
3156,24,No,Travel_Rarely,Sales,1,3,Marketing,1,3157,Female,1,Sales Executive,Married,34070,1.0,Y,15,8,2,6.0,2,6,1,4,2.0,4.0,3.0,2,3,9.029714187327825,0.3045880207397898,2185.190833333333,242,242,32.87277777777778,0.135837924701561
3157,26,No,Travel_Rarely,Research & Development,19,4,Technical Degree,1,3158,Female,4,Sales Executive,Married,119940,1.0,Y,14,8,1,6.0,6,5,1,4,1.0,2.0,4.0,3,3,7.4096365740740735,0.2705110792364339,1778.3127777777777,240,2,0.0,0.0
3158,24,No,Travel_Rarely,Sales,7,3,Medical,1,3159,Female,1,Laboratory Technician,Married,12320,1.0,Y,12,8,0,1.0,4,1,0,0,4.0,2.0,3.0,1,3,6.796458333333333,0.2826205070745263,1549.5925,228,0,0.0,0.0
3159,50,No,Travel_Frequently,Sales,2,2,Marketing,1,3160,Male,1,Sales Executive,Married,29600,1.0,Y,14,8,3,32.0,2,32,10,7,1.0,2.0,3.0,3,3,6.80873417721519,0.307890716606356,1613.67,237,0,0.0,0.0
3160,25,No,Travel_Rarely,Research & Development,2,3,Life Sciences,1,3161,Male,1,Research Scientist,Married,190940,1.0,Y,16,8,0,7.0,3,7,0,6,2.0,3.0,3.0,2,3,7.404134199134199,0.3005900530289109,1710.355,231,5,0.0,0.0
3161,24,Yes,Travel_Frequently,Research & Development,2,3,Medical,1,3162,Male,2,Research Scientist,Married,39190,1.0,Y,21,8,0,6.0,3,6,1,2,1.0,3.0,3.0,3,4,10.791623300515704,0.3082533612333178,2557.614722222222,237,237,424.6147222222222,1.7916233005157056
3162,30,Yes,Travel_Frequently,Research & Development,9,3,Other,1,3163,Male,2,Healthcare Representative,Married,68250,1.0,Y,14,8,0,1.0,2,1,0,0,2.0,1.0,4.0,3,3,6.91139233241506,0.2923126126548647,1672.5569444444443,242,0,0.0,0.0
3163,34,No,Travel_Rarely,Sales,6,2,Life Sciences,1,3164,Male,4,Research Director,Married,102480,1.0,Y,12,8,1,6.0,4,6,1,3,2.0,4.0,3.0,3,3,8.937468123861565,0.3099782117591219,2180.742222222222,244,244,23.02361111111111,0.0943590619307832
3164,31,Yes,Travel_Rarely,Research & Development,9,1,Medical,1,3165,Female,1,Sales Representative,Divorced,189470,2.0,Y,12,8,2,9.0,2,3,1,2,2.0,1.0,1.0,2,3,6.717291962174941,0.2975060573874789,1578.5636111111112,235,0,0.0,0.0
3165,35,No,Travel_Rarely,Research & Development,2,3,Life Sciences,1,3166,Female,5,Sales Executive,Single,24960,4.0,Y,17,8,3,9.0,3,3,0,2,1.0,4.0,3.0,3,3,7.893947056030389,0.305053691518201,1847.183611111111,234,82,0.0,0.0
3166,31,No,Travel_Rarely,Sales,1,3,Marketing,1,3167,Female,2,Sales Executive,Divorced,64650,4.0,Y,17,8,0,13.0,3,7,5,7,1.0,4.0,4.0,3,3,6.314440928270042,0.3134987706202479,1496.5225,237,0,0.0,0.0
3167,27,No,Travel_Rarely,Sales,22,4,Medical,1,3168,Male,1,Sales Representative,Divorced,22060,0.0,Y,14,8,1,6.0,4,5,0,3,1.0,3.0,2.0,3,3,7.891020833333333,0.3108399420156222,1893.845,240,87,0.0,0.0
3168,37,No,Travel_Rarely,Sales,9,4,Marketing,1,3169,Female,2,Laboratory Technician,Married,20860,4.0,Y,14,8,0,17.0,3,3,1,0,4.0,3.0,2.0,3,3,8.928014571949,0.3021200033656114,2178.435555555556,244,244,20.683888888888887,0.0847700364298724
3169,20,No,Travel_Rarely,Research & Development,17,4,Medical,1,3170,Female,1,Sales Representative,Single,22930,1.0,Y,13,8,2,1.0,3,1,0,0,4.0,2.0,4.0,1,3,7.145572989307299,0.3091864045706913,1707.7919444444444,239,0,0.0,0.0
3170,42,No,Travel_Rarely,Research & Development,28,4,Life Sciences,1,3171,Female,2,Manufacturing Director,Married,26450,1.0,Y,15,8,0,10.0,5,10,2,2,3.0,4.0,3.0,3,3,7.480773635477583,0.2936854605677729,1705.6163888888889,228,9,0.0,0.0
3171,43,No,Travel_Rarely,Research & Development,10,5,Technical Degree,1,3172,Female,2,Sales Executive,Divorced,26830,4.0,Y,11,8,0,21.0,3,1,0,0,2.0,4.0,2.0,3,3,8.685696202531647,0.2953270975399784,2058.51,237,234,4.848611111111115,0.0204582747304266
3172,38,No,Travel_Rarely,Human Resources,2,4,Medical,1,3173,Male,1,Human Resources,Single,20140,3.0,Y,17,8,1,8.0,5,0,0,0,3.0,1.0,2.0,4,3,6.786083562901744,0.2945352631083082,1642.2322222222222,242,0,0.0,0.0
3173,43,No,Travel_Frequently,Sales,4,3,Medical,1,3174,Female,2,Healthcare Representative,Divorced,34190,3.0,Y,11,8,1,10.0,5,8,4,7,4.0,3.0,3.0,3,3,9.060249766573296,0.2831580492867249,2156.3394444444443,238,238,34.24444444444443,0.1438842203548085
3174,48,No,Travel_Rarely,Research & Development,8,1,Medical,1,3175,Male,2,Laboratory Technician,Married,53760,7.0,Y,13,8,1,21.0,3,3,0,2,4.0,1.0,1.0,4,3,7.013436474449132,0.3001149685350676,1662.1844444444444,237,0,0.0,0.0
3175,44,No,Travel_Rarely,Sales,29,4,Marketing,1,3176,Male,2,Sales Executive,Single,19510,4.0,Y,22,8,3,10.0,4,2,0,2,1.0,3.0,4.0,4,4,6.716417704011065,0.2759957144413558,1618.6566666666668,241,0,0.0,0.0
3176,34,No,Travel_Rarely,Research & Development,13,4,Life Sciences,1,3177,Female,1,Laboratory Technician,Divorced,23410,1.0,Y,20,8,2,8.0,3,8,0,6,3.0,3.0,3.0,2,4,8.410260270774977,0.2940285976108824,2001.6419444444443,238,218,0.5294444444444437,0.0022245564892623
3177,27,Yes,Travel_Rarely,Sales,27,3,Life Sciences,1,3178,Male,2,Research Scientist,Divorced,22930,0.0,Y,18,8,0,5.0,0,4,0,2,3.0,1.0,3.0,3,3,6.512541062801932,0.2807055213440377,1497.8844444444444,230,0,0.0,0.0
3178,21,No,Travel_Rarely,Sales,16,2,Life Sciences,1,3179,Male,3,Sales Executive,Single,87260,1.0,Y,11,8,1,3.0,2,3,1,2,3.0,3.0,3.0,1,3,7.165077546296296,0.271988675977438,1719.618611111111,240,0,0.0,0.0
3179,44,No,Travel_Rarely,Research & Development,2,2,Life Sciences,1,3180,Male,1,Laboratory Technician,Married,40110,4.0,Y,14,8,1,26.0,2,2,0,1,4.0,4.0,4.0,3,3,8.711613865932048,0.3079162710303393,2108.2105555555554,242,238,7.150277777777776,0.0295466023875114
3180,22,No,Travel_Rarely,Research & Development,2,2,Medical,1,3181,Female,2,Laboratory Technician,Married,195450,0.0,Y,14,8,0,3.0,3,2,2,2,1.0,3.0,3.0,2,3,5.9946639980591945,0.2872785234839478,1372.7780555555555,229,0,0.0,0.0
3181,33,No,Travel_Rarely,Sales,13,4,Marketing,1,3182,Female,2,Manufacturing Director,Divorced,45680,0.0,Y,18,8,1,6.0,2,5,1,2,3.0,3.0,3.0,3,3,7.303262436076244,0.2883493958313964,1745.4797222222223,239,2,0.0,0.0
3182,32,No,Travel_Rarely,Research & Development,1,1,Life Sciences,1,3183,Female,1,Healthcare Representative,Married,30220,1.0,Y,16,8,1,6.0,3,6,0,5,1.0,4.0,2.0,3,3,9.408271604938273,0.3079349702427086,2286.21,243,243,101.75972222222222,0.4187642889803383
3183,30,No,Travel_Frequently,Research & Development,4,5,Technical Degree,1,3184,Male,3,Manager,Divorced,57720,1.0,Y,17,8,0,1.0,3,1,0,0,3.0,3.0,3.0,3,3,7.319099859353023,0.29423716370366,1734.6266666666666,237,2,0.0,0.0
3184,53,No,Travel_Rarely,Research & Development,24,3,Other,1,3185,Female,3,Manager,Single,22690,7.0,Y,11,8,1,18.0,2,14,8,10,4.0,1.0,4.0,2,3,7.110381083562902,0.2937282431797149,1720.7122222222222,242,0,0.0,0.0
3185,34,No,Travel_Rarely,Research & Development,1,5,Medical,1,3186,Male,1,Research Scientist,Married,53810,1.0,Y,12,8,0,10.0,0,10,8,8,2.0,4.0,2.0,3,3,7.383673724954463,0.2951392244826941,1801.6163888888889,244,4,0.0,0.0
3186,45,Yes,Travel_Frequently,Research & Development,19,4,Life Sciences,1,3187,Male,3,Research Director,Married,34410,2.0,Y,13,8,1,5.0,5,1,0,0,1.0,1.0,3.0,3,3,7.603039855072464,0.2980336377482903,1748.6991666666668,230,23,0.0,0.0
3187,26,No,Travel_Rarely,Research & Development,7,2,Life Sciences,1,3188,Male,1,Manufacturing Director,Married,54540,1.0,Y,13,8,1,3.0,5,3,0,2,3.0,4.0,3.0,4,3,9.990916305916306,0.3105675215634823,2307.901666666666,231,231,228.90166666666667,0.990916305916306
3188,37,No,Travel_Rarely,Research & Development,4,3,Medical,1,3189,Male,1,Manager,Married,98840,1.0,Y,14,8,0,10.0,3,10,7,8,3.0,3.0,3.0,2,3,6.228323795898903,0.2678539554451231,1451.1994444444445,233,0,0.0,0.0
3189,29,No,Travel_Rarely,Research & Development,2,3,Life Sciences,1,3190,Female,1,Healthcare Representative,Married,41570,1.0,Y,17,8,3,6.0,2,6,1,2,2.0,3.0,2.0,3,3,6.803848547717842,0.3203242884847762,1639.7275,241,0,0.0,0.0
3190,35,No,Travel_Rarely,Research & Development,10,5,Medical,1,3191,Female,4,Laboratory Technician,Single,134580,1.0,Y,11,8,0,17.0,3,17,11,8,2.0,4.0,3.0,3,3,6.678400095374344,0.3000100520594766,1556.0672222222222,233,0,0.0,0.0
3191,33,No,Travel_Frequently,Research & Development,8,3,Technical Degree,1,3192,Male,2,Laboratory Technician,Divorced,90690,3.0,Y,25,8,1,15.0,3,13,4,7,3.0,4.0,1.0,3,4,7.480845570239842,0.3282474238404272,1698.1519444444443,227,9,0.0,0.0
3192,54,No,Travel_Rarely,Research & Development,5,2,Life Sciences,1,3193,Female,2,Sales Executive,Married,40140,2.0,Y,19,8,1,16.0,4,9,7,1,3.0,2.0,4.0,2,3,6.402996376811594,0.2998984019389703,1472.6891666666668,230,0,0.0,0.0
3193,36,No,Travel_Rarely,Research & Development,8,3,Life Sciences,1,3194,Male,2,Research Scientist,Divorced,59150,2.0,Y,13,8,1,13.0,3,3,0,2,2.0,2.0,3.0,2,3,10.695917015341704,0.2894557662636151,2556.3241666666668,239,239,405.32416666666666,1.6959170153417016
3194,27,No,Travel_Rarely,Sales,9,3,Marketing,1,3195,Male,5,Research Director,Single,59930,0.0,Y,14,8,1,5.0,3,4,1,1,1.0,4.0,3.0,1,3,6.983818015546411,0.3071096290982307,1697.0677777777778,243,0,0.0,0.0
3195,20,Yes,Travel_Rarely,Research & Development,1,3,Life Sciences,1,3196,Male,5,Sales Representative,Single,61620,1.0,Y,12,8,3,1.0,2,1,1,1,4.0,3.0,3.0,2,3,8.586739526411659,0.2815200022449066,2095.1644444444446,244,240,2.0469444444444385,0.0083891165755919
3196,33,Yes,Travel_Frequently,Research & Development,15,4,Medical,1,3197,Female,1,Laboratory Technician,Single,24060,1.0,Y,11,8,0,10.0,3,10,9,7,1.0,1.0,3.0,3,3,10.374517797017797,0.3146898798952915,2396.513611111111,231,231,317.5136111111111,1.374517797017797
3197,35,No,Non-Travel,Research & Development,2,1,Medical,1,3198,Male,1,Research Scientist,Married,187400,1.0,Y,19,8,1,1.0,2,1,0,0,3.0,3.0,3.0,4,3,6.723173216885007,0.2943512911193224,1539.6066666666666,229,0,0.0,0.0
3198,23,No,Travel_Rarely,Research & Development,2,3,Life Sciences,1,3199,Male,1,Healthcare Representative,Married,76370,2.0,Y,11,8,1,5.0,3,3,0,2,1.0,1.0,4.0,3,3,7.078298156234838,0.2880221321500107,1620.9302777777775,229,1,0.0,0.0
3199,25,No,Travel_Rarely,Research & Development,11,3,Medical,1,3200,Male,2,Manufacturing Director,Married,100960,0.0,Y,11,8,1,4.0,3,3,1,2,4.0,2.0,3.0,3,3,7.679447975517891,0.2883122762970757,1812.3497222222225,236,27,0.0,0.0
3200,38,No,Travel_Rarely,Research & Development,16,3,Life Sciences,1,3201,Male,5,Research Scientist,Single,147560,0.0,Y,20,8,1,8.0,3,7,0,5,4.0,4.0,3.0,2,4,6.811202107279693,0.3122251135092784,1580.1988888888889,232,0,0.0,0.0
3201,29,No,Travel_Frequently,Sales,2,4,Life Sciences,1,3202,Male,4,Healthcare Representative,Divorced,64990,1.0,Y,18,8,3,10.0,3,10,2,8,2.0,4.0,3.0,2,3,7.774786324786325,0.3042866875705883,1819.3,234,52,0.0,0.0
3202,48,No,Travel_Rarely,Research & Development,16,3,Technical Degree,1,3203,Male,1,Sales Executive,Married,97240,3.0,Y,13,8,0,12.0,2,2,2,2,2.0,2.0,3.0,4,3,7.108345463367297,0.2855971945137392,1627.8111111111111,229,0,0.0,0.0
3203,27,No,Travel_Frequently,Sales,4,3,Technical Degree,1,3204,Male,5,Laboratory Technician,Divorced,21940,1.0,Y,12,8,0,6.0,5,6,0,4,4.0,4.0,3.0,3,3,8.891393596986816,0.3008034999429854,2098.3688888888887,236,236,16.176388888888887,0.0685440207156308
3204,37,No,Travel_Rarely,Research & Development,16,3,Life Sciences,1,3205,Male,3,Manager,Single,33880,3.0,Y,11,8,0,4.0,2,1,0,0,4.0,4.0,3.0,4,3,7.5609477124183,0.3121843499590155,1799.5055555555557,238,20,0.0,0.0
3205,50,No,Travel_Rarely,Sales,5,3,Medical,1,3206,Male,1,Laboratory Technician,Married,54730,1.0,Y,19,8,1,20.0,2,20,3,8,4.0,3.0,3.0,4,3,9.110238935969868,0.2973069621283176,2150.0163888888887,236,236,42.92222222222223,0.1818738229755179
3206,34,No,Travel_Rarely,Research & Development,18,1,Medical,1,3207,Male,1,Healthcare Representative,Single,27030,1.0,Y,21,8,1,9.0,2,8,7,7,4.0,2.0,4.0,3,4,6.781759661835748,0.3001140687083218,1559.8047222222222,230,0,0.0,0.0
3207,24,Yes,Travel_Rarely,Research & Development,17,2,Life Sciences,1,3208,Female,1,Healthcare Representative,Single,25010,9.0,Y,12,8,0,4.0,3,2,2,0,1.0,3.0,3.0,1,3,7.514184941520468,0.3139414263105007,1713.2341666666666,228,13,0.0,0.0
3208,39,No,Travel_Rarely,Research & Development,12,5,Medical,1,3209,Female,1,Sales Representative,Single,62200,1.0,Y,14,8,2,20.0,2,20,11,10,4.0,3.0,3.0,3,3,6.674282700421942,0.2994821099410867,1581.805,237,0,0.0,0.0
3209,32,No,Travel_Rarely,Research & Development,2,3,Life Sciences,1,3210,Male,5,Research Scientist,Single,30380,1.0,Y,11,8,0,10.0,5,10,0,8,4.0,4.0,2.0,1,3,7.880511254789272,0.319784662659779,1828.278611111111,232,75,0.0,0.0
3210,50,Yes,Travel_Frequently,Research & Development,4,2,Medical,1,3211,Male,4,Sales Representative,Married,44240,3.0,Y,14,8,1,18.0,2,4,1,3,2.0,3.0,3.0,2,3,8.18686974789916,0.3000897069813114,1948.475,238,174,0.0,0.0
3211,38,No,Travel_Rarely,Research & Development,9,4,Life Sciences,1,3212,Male,1,Sales Executive,Single,43120,0.0,Y,12,8,1,10.0,2,9,1,8,2.0,4.0,2.0,2,3,7.195928362573099,0.3045033921090743,1640.6716666666666,228,1,0.0,0.0
3212,27,No,Travel_Rarely,Research & Development,10,3,Medical,1,3213,Male,5,Research Scientist,Married,132450,1.0,Y,23,8,1,9.0,3,9,0,7,3.0,1.0,3.0,2,4,6.4921731321839085,0.3053285558448361,1506.184166666667,232,0,0.0,0.0
3213,32,No,Travel_Rarely,Sales,1,3,Medical,1,3214,Male,2,Sales Executive,Single,136640,3.0,Y,14,8,0,10.0,6,7,7,7,3.0,4.0,3.0,3,3,7.872965399610136,0.3008355530200195,1795.036111111111,228,82,0.0,0.0
3214,47,No,Travel_Rarely,Research & Development,2,3,Medical,1,3215,Female,5,Sales Executive,Single,50210,2.0,Y,17,8,0,20.0,3,7,1,7,4.0,1.0,3.0,3,3,6.696672358834244,0.2857157045155544,1633.9880555555555,244,0,0.0,0.0
3215,40,No,Travel_Frequently,Research & Development,3,4,Medical,1,3216,Female,3,Human Resources,Married,51260,5.0,Y,18,8,0,20.0,2,18,1,12,4.0,1.0,3.0,3,3,8.61273776863283,0.3014726157536058,2092.8952777777777,243,237,3.9358333333333313,0.0161968449931412
3216,53,No,Travel_Rarely,Research & Development,7,1,Life Sciences,1,3217,Male,2,Laboratory Technician,Married,28590,3.0,Y,18,8,1,32.0,2,5,1,3,3.0,3.0,3.0,3,3,6.809521604938272,0.3154490941112602,1593.4280555555556,234,0,0.0,0.0
3217,41,No,Travel_Rarely,Sales,6,3,Medical,1,3218,Male,1,Sales Executive,Divorced,102390,3.0,Y,24,8,3,23.0,3,21,12,6,2.0,4.0,2.0,3,4,7.724133986928105,0.3078711414810177,1838.3438888888888,238,46,0.0,0.0
3218,60,No,Travel_Rarely,Research & Development,8,2,Life Sciences,1,3219,Female,5,Laboratory Technician,Single,53290,8.0,Y,20,8,0,10.0,3,2,2,2,1.0,1.0,3.0,4,4,6.591772486772487,0.2778437690188837,1522.6994444444445,231,0,0.0,0.0
3219,27,No,Travel_Frequently,Research & Development,29,1,Life Sciences,1,3220,Male,2,Manufacturing Director,Divorced,43250,1.0,Y,14,8,0,9.0,2,9,1,7,4.0,1.0,2.0,2,3,7.398501461988304,0.3071242463312429,1686.8583333333331,228,3,0.0,0.0
3220,41,No,Travel_Rarely,Research & Development,3,3,Medical,1,3221,Male,1,Manufacturing Director,Married,72600,1.0,Y,16,8,0,22.0,2,22,2,10,4.0,3.0,3.0,3,3,6.219918785310735,0.2888632983450291,1467.9008333333334,236,0,0.0,0.0
3221,50,No,Travel_Rarely,Sales,9,3,Life Sciences,1,3222,Male,2,Research Scientist,Married,23220,7.0,Y,25,8,1,4.0,0,2,2,2,4.0,2.0,3.0,4,4,7.399452789699571,0.2864307970566959,1724.0725,233,4,0.0,0.0
3222,28,Yes,Travel_Rarely,Sales,2,4,Life Sciences,1,3223,Male,3,Research Scientist,Single,20750,7.0,Y,18,8,3,10.0,0,7,3,7,1.0,2.0,3.0,2,3,8.102418503213958,0.3033563350399267,1960.7852777777775,242,155,0.0,0.0
3223,36,No,Non-Travel,Research & Development,10,4,Technical Degree,1,3224,Female,2,Research Scientist,Married,41520,9.0,Y,19,8,1,10.0,3,8,0,5,1.0,1.0,3.0,3,3,6.0103244631185815,0.3083108719097161,1430.4572222222223,238,0,0.0,0.0
3224,38,No,Travel_Rarely,Research & Development,1,3,Medical,1,3225,Female,3,Manager,Single,96190,4.0,Y,13,8,1,10.0,2,1,0,0,3.0,3.0,4.0,3,3,9.792004629629629,0.2864466820226516,2350.081111111111,240,240,190.0811111111111,0.7920046296296296
3225,44,No,Non-Travel,Research & Development,8,2,Life Sciences,1,3226,Male,1,Research Scientist,Single,135030,2.0,Y,12,8,0,9.0,6,5,1,4,1.0,3.0,3.0,2,3,6.090522030651341,0.2892648863755078,1413.0011111111112,232,0,0.0,0.0
3226,47,No,Travel_Frequently,Research & Development,27,3,Life Sciences,1,3227,Male,1,Research Scientist,Divorced,54410,9.0,Y,22,8,1,28.0,6,22,11,13,4.0,3.0,2.0,2,4,8.281967213114754,0.3092382318532664,2020.8,244,205,0.3761111111111113,0.0015414389799635
3227,30,No,Travel_Rarely,Research & Development,8,3,Life Sciences,1,3228,Male,2,Sales Executive,Divorced,52090,7.0,Y,14,8,1,10.0,3,8,7,7,3.0,4.0,2.0,3,3,7.524912764003672,0.2915310109193703,1821.0288888888888,242,10,0.0,0.0
3228,29,No,Travel_Rarely,Research & Development,1,2,Medical,1,3229,Female,1,Sales Executive,Single,106730,1.0,Y,13,8,3,1.0,2,1,0,0,3.0,3.0,3.0,3,3,6.440665053019824,0.3057930156590946,1552.2002777777775,241,0,0.0,0.0
3229,42,Yes,Travel_Frequently,Research & Development,10,1,Life Sciences,1,3230,Female,1,Sales Executive,Divorced,50100,6.0,Y,21,8,3,7.0,3,2,2,2,3.0,3.0,3.0,3,4,9.94542497625831,0.2879408497188281,2327.2294444444447,234,234,221.22944444444445,0.9454249762583096
3230,43,No,Travel_Frequently,Research & Development,26,1,Life Sciences,1,3231,Male,1,Laboratory Technician,Married,135490,3.0,Y,11,8,2,7.0,3,2,2,2,4.0,4.0,3.0,3,3,7.093515283842795,0.2750212286209409,1624.415,229,0,0.0,0.0
3231,34,No,Travel_Rarely,Research & Development,2,5,Technical Degree,1,3232,Male,2,Healthcare Representative,Single,49990,3.0,Y,12,8,2,10.0,2,5,4,3,2.0,3.0,3.0,4,3,6.403804347826087,0.2896858854884321,1472.875,230,0,0.0,0.0
3232,23,No,Travel_Rarely,Sales,13,3,Marketing,1,3233,Male,5,Sales Executive,Married,42210,1.0,Y,11,8,1,5.0,4,4,0,2,2.0,1.0,4.0,3,3,7.827048762736536,0.2921587859035605,1792.3941666666667,229,66,0.0,0.0
3233,39,No,Travel_Rarely,Sales,2,4,Marketing,1,3234,Female,4,Healthcare Representative,Married,138720,9.0,Y,12,8,3,12.0,3,8,3,6,3.0,2.0,1.0,2,3,6.30848981077147,0.3173709137096009,1444.6441666666667,229,0,0.0,0.0
3234,56,No,Travel_Rarely,Research & Development,2,4,Medical,1,3235,Male,1,Manager,Married,20420,7.0,Y,12,8,0,30.0,6,10,1,1,3.0,4.0,2.0,3,3,7.119548898071625,0.2887986761457499,1722.930833333333,242,0,0.0,0.0
3235,40,No,Travel_Rarely,Sales,9,3,Marketing,1,3236,Male,2,Research Scientist,Single,20730,0.0,Y,14,8,0,5.0,3,4,2,3,4.0,4.0,2.0,3,3,8.80456675811614,0.2930683501165013,2139.509722222222,243,242,10.433055555555551,0.0429343850022862
3236,27,No,Travel_Rarely,Research & Development,10,3,Life Sciences,1,3237,Female,1,Laboratory Technician,Single,29560,8.0,Y,13,8,0,9.0,6,7,0,7,4.0,1.0,1.0,3,3,7.493230676328502,0.2885456613902311,1723.4430555555557,230,11,0.0,0.0
3237,29,No,Travel_Rarely,Sales,20,3,Marketing,1,3238,Female,2,Manager,Divorced,29260,1.0,Y,15,8,1,2.0,3,2,2,2,4.0,2.0,3.0,2,3,7.091451129552789,0.3163073324206792,1709.0397222222225,241,0,0.0,0.0
3238,53,No,Travel_Rarely,Research & Development,9,3,Life Sciences,1,3239,Female,3,Laboratory Technician,Single,48090,2.0,Y,18,8,0,19.0,2,2,2,2,4.0,4.0,3.0,3,3,6.282684792843691,0.2865167982418687,1482.713611111111,236,0,0.0,0.0
3239,35,No,Non-Travel,Research & Development,5,1,Medical,1,3240,Male,1,Healthcare Representative,Divorced,51630,2.0,Y,18,8,2,16.0,4,1,0,0,4.0,1.0,4.0,3,3,7.127432659932659,0.2964543245436089,1646.4369444444444,231,1,0.0,0.0
3240,32,No,Travel_Frequently,Sales,4,4,Life Sciences,1,3241,Male,2,Sales Executive,Married,188440,1.0,Y,19,8,0,10.0,3,10,4,7,1.0,4.0,3.0,1,3,7.783390070921985,0.306842321103573,1829.0966666666664,235,54,0.0,0.0
3241,38,No,Travel_Rarely,Sales,10,3,Medical,1,3242,Male,4,Laboratory Technician,Married,181720,6.0,Y,12,8,2,6.0,5,1,0,1,4.0,3.0,1.0,3,3,10.898861678004534,0.2853688521373603,2670.221111111111,245,245,465.2211111111111,1.898861678004535
3242,34,No,Travel_Rarely,Research & Development,20,3,Medical,1,3243,Female,3,Laboratory Technician,Divorced,57440,3.0,Y,19,8,1,7.0,4,0,0,0,2.0,1.0,3.0,2,3,6.180956399437412,0.3115984297945437,1464.8866666666668,237,0,0.0,0.0
3243,52,No,Travel_Rarely,Sales,21,5,Technical Degree,1,3244,Male,3,Manager,Married,28890,1.0,Y,11,8,1,34.0,2,34,1,16,3.0,1.0,4.0,3,3,5.995623219373219,0.2868252687696968,1402.9758333333334,234,0,0.0,0.0
3244,33,Yes,Travel_Rarely,Research & Development,1,2,Medical,1,3245,Male,3,Laboratory Technician,Single,28710,1.0,Y,17,8,3,10.0,2,10,7,8,4.0,4.0,2.0,3,3,10.02339609483961,0.3280189661023803,2395.5916666666667,239,239,244.59166666666667,1.0233960948396097
3245,25,No,Travel_Rarely,Research & Development,8,3,Life Sciences,1,3246,Male,2,Research Scientist,Single,74840,1.0,Y,15,8,0,6.0,3,6,1,4,3.0,4.0,2.0,3,3,7.709783950617283,0.2993106622107017,1873.4775,243,41,0.0,0.0
3246,45,No,Travel_Rarely,Sales,2,3,Life Sciences,1,3247,Male,3,Healthcare Representative,Single,60740,0.0,Y,14,8,0,9.0,2,8,3,1,2.0,3.0,3.0,3,3,5.988954741379311,0.2929874752292368,1389.4375,232,0,0.0,0.0
3247,23,No,Travel_Rarely,Research & Development,23,1,Life Sciences,1,3248,Female,2,Research Scientist,Single,173280,1.0,Y,17,8,1,2.0,2,2,0,2,1.0,3.0,3.0,1,3,8.017960676726108,0.2786761772603841,1948.3644444444444,243,128,0.0,0.0
3248,47,Yes,Travel_Frequently,Research & Development,4,3,Life Sciences,1,3249,Male,1,Research Director,Single,27740,4.0,Y,13,8,1,8.0,2,5,1,3,2.0,3.0,3.0,3,3,10.028770354406127,0.3042860081111404,2326.674722222222,232,232,238.6747222222222,1.0287703544061302
3249,34,No,Travel_Rarely,Research & Development,12,3,Technical Degree,1,3250,Male,1,Research Scientist,Single,45050,1.0,Y,12,8,0,6.0,3,6,1,4,4.0,4.0,3.0,3,3,7.766991898148148,0.3055408146965373,1864.0780555555557,240,54,0.0,0.0
3250,55,Yes,Travel_Rarely,Human Resources,7,3,Human Resources,1,3251,Male,4,Laboratory Technician,Married,74280,5.0,Y,12,8,0,24.0,2,5,1,4,4.0,1.0,3.0,3,3,8.032659069325737,0.2937291617788539,1879.6422222222225,234,126,0.0,0.0
3251,36,No,Non-Travel,Research & Development,7,2,Life Sciences,1,3252,Male,5,Sales Executive,Single,116310,1.0,Y,18,8,1,10.0,2,10,0,9,1.0,1.0,3.0,1,3,7.417550505050505,0.3017338607447849,1713.4541666666669,231,6,0.0,0.0
3252,52,No,Non-Travel,Research & Development,1,4,Life Sciences,1,3253,Male,5,Sales Executive,Married,97380,0.0,Y,18,8,2,5.0,2,4,1,2,4.0,4.0,3.0,3,3,7.197127343392776,0.3027126979588891,1748.9019444444446,243,1,0.0,0.0
3253,26,No,Travel_Frequently,Research & Development,2,2,Life Sciences,1,3254,Male,1,Manufacturing Director,Divorced,28350,3.0,Y,11,8,1,5.0,2,2,2,0,1.0,4.0,3.0,3,3,7.121989522417154,0.2850892230159121,1623.8136111111112,228,1,0.0,0.0
3254,29,No,Travel_Rarely,Research & Development,10,2,Medical,1,3255,Male,3,Manufacturing Director,Married,169590,4.0,Y,14,8,3,11.0,5,8,1,1,2.0,3.0,2.0,3,3,6.297399758454107,0.3000263216074239,1448.4019444444446,230,0,0.0,0.0
3255,26,Yes,Travel_Rarely,Research & Development,15,2,Life Sciences,1,3256,Male,2,Laboratory Technician,Single,26130,6.0,Y,19,8,1,6.0,2,4,1,2,4.0,1.0,2.0,3,3,6.157829936923823,0.2960729777136544,1410.1430555555555,229,0,0.0,0.0
3256,34,No,Travel_Rarely,Research & Development,14,4,Technical Degree,1,3257,Male,2,Manufacturing Director,Single,61460,2.0,Y,12,8,0,10.0,3,4,1,3,2.0,4.0,3.0,3,3,6.222678571428571,0.289198198852278,1480.9975,238,0,0.0,0.0
3257,54,No,Travel_Rarely,Research & Development,18,4,Medical,1,3258,Female,2,Laboratory Technician,Divorced,49630,9.0,Y,15,8,1,9.0,2,5,1,4,4.0,1.0,3.0,3,3,8.904882338670548,0.2902253419398108,2039.218055555556,229,229,17.02361111111111,0.0743389131489568
3258,27,No,Travel_Frequently,Research & Development,13,2,Life Sciences,1,3259,Female,4,Research Scientist,Married,195370,0.0,Y,12,8,0,5.0,5,4,1,1,3.0,4.0,3.0,3,3,6.835637115839244,0.3036698561959677,1606.3747222222223,235,0,0.0,0.0
3259,37,No,Travel_Rarely,Sales,2,4,Technical Degree,1,3260,Male,2,Manufacturing Director,Divorced,61720,0.0,Y,11,8,0,6.0,1,5,4,3,4.0,1.0,2.0,3,3,9.532072383586907,0.304949141447298,2297.2294444444447,241,241,129.49805555555554,0.5373363301060395
3260,38,No,Travel_Frequently,Sales,2,4,Life Sciences,1,3261,Female,2,Research Scientist,Single,23680,6.0,Y,11,8,1,17.0,3,15,4,12,1.0,1.0,3.0,3,3,10.80105016408814,0.30521483238932,2559.8488888888887,237,237,426.8488888888889,1.801050164088139
3261,34,No,Travel_Rarely,Sales,2,3,Marketing,1,3262,Male,1,Sales Representative,Single,103120,1.0,Y,12,8,0,6.0,2,6,1,3,3.0,1.0,3.0,3,3,6.855058782849239,0.2733317655402079,1652.069166666667,241,0,0.0,0.0
3262,35,No,Travel_Rarely,Research & Development,5,4,Medical,1,3263,Male,3,Manager,Married,16750,1.0,Y,16,8,0,3.0,6,3,0,2,1.0,4.0,2.0,2,3,7.784760047281324,0.3147769384174748,1829.4186111111112,235,54,0.0,0.0
3263,30,No,Travel_Rarely,Research & Development,20,3,Medical,1,3264,Male,1,Laboratory Technician,Married,25230,3.0,Y,13,8,1,7.0,2,2,0,2,4.0,3.0,3.0,3,3,7.160638075313807,0.3228048315964892,1711.3925,239,1,0.0,0.0
3264,40,No,Travel_Frequently,Research & Development,10,4,Medical,1,3265,Male,2,Manufacturing Director,Married,65670,1.0,Y,13,8,1,8.0,3,8,3,7,3.0,2.0,3.0,4,3,6.360885565052232,0.2945955378694335,1488.4472222222223,234,0,0.0,0.0
3265,34,No,Travel_Rarely,Research & Development,10,3,Life Sciences,1,3266,Male,3,Healthcare Representative,Married,47390,5.0,Y,24,8,2,6.0,2,3,1,2,3.0,1.0,3.0,3,4,7.914244492337165,0.2944047744274972,1836.1047222222223,232,92,0.0,0.0
3266,42,No,Travel_Frequently,Research & Development,9,4,Medical,1,3267,Male,1,Manufacturing Director,Divorced,92080,1.0,Y,15,8,1,24.0,2,24,14,9,2.0,4.0,2.0,4,3,7.8034794061302675,0.3215452055708472,1810.407222222222,232,60,0.0,0.0
3267,23,Yes,Travel_Rarely,Sales,2,3,Medical,1,3268,Female,4,Manufacturing Director,Married,45590,1.0,Y,18,8,1,1.0,2,0,0,0,3.0,1.0,3.0,2,3,7.983474499089254,0.297556794000784,1947.9677777777777,244,120,0.0,0.0
3268,24,No,Non-Travel,Sales,1,5,Marketing,1,3269,Female,1,Manufacturing Director,Divorced,81890,1.0,Y,14,8,1,1.0,3,1,0,0,3.0,2.0,3.0,3,3,6.81390056022409,0.2894082701189608,1621.7083333333333,238,0,0.0,0.0
3269,52,No,Travel_Rarely,Research & Development,29,3,Life Sciences,1,3270,Male,2,Manufacturing Director,Married,29420,8.0,Y,11,8,1,9.0,1,5,1,4,4.0,3.0,3.0,2,3,6.109673758865248,0.3093019891358768,1435.7733333333333,235,0,0.0,0.0
3270,50,No,Travel_Rarely,Research & Development,8,4,Life Sciences,1,3271,Male,2,Sales Executive,Married,49410,5.0,Y,11,8,1,30.0,3,4,0,3,3.0,3.0,3.0,1,3,6.421843765162543,0.3217646736104491,1470.6022222222225,229,0,0.0,0.0
3271,29,Yes,Travel_Rarely,Sales,2,4,Marketing,1,3272,Female,4,Research Scientist,Married,106500,1.0,Y,13,8,2,1.0,2,1,0,0,2.0,1.0,3.0,4,3,10.66860992402659,0.3105447687024824,2496.4547222222222,234,234,390.45472222222224,1.6686099240265908
3272,33,No,Travel_Rarely,Research & Development,3,4,Life Sciences,1,3273,Male,4,Manufacturing Director,Married,59020,0.0,Y,12,8,1,14.0,2,13,3,7,3.0,3.0,4.0,3,3,7.04480278980279,0.290629239397969,1627.3494444444443,231,0,0.0,0.0
3273,33,Yes,Travel_Rarely,Research & Development,23,5,Life Sciences,1,3274,Male,1,Human Resources,Single,86390,5.0,Y,16,8,2,6.0,3,3,0,2,1.0,1.0,3.0,2,3,7.963464791952446,0.3201697661320118,1935.1219444444444,243,118,0.0,0.0
3274,47,No,Travel_Rarely,Research & Development,6,4,Other,1,3275,Male,2,Manager,Married,63470,1.0,Y,14,8,0,26.0,2,26,3,0,3.0,4.0,2.0,4,3,9.543667133520074,0.2839981389614606,2271.3927777777776,238,238,129.8388888888889,0.5455415499533147
3275,36,No,Travel_Rarely,Sales,6,3,Medical,1,3276,Female,2,Sales Executive,Married,42000,0.0,Y,22,8,0,10.0,3,9,0,5,3.0,2.0,3.0,3,4,7.685820548582055,0.2933922215178017,1836.911111111111,239,35,0.0,0.0
3276,29,No,Travel_Rarely,Research & Development,10,3,Other,1,3277,Male,1,Research Scientist,Married,34520,1.0,Y,11,8,0,10.0,3,10,0,7,3.0,3.0,3.0,2,3,7.683185990338164,0.2833630725269839,1767.1327777777778,230,27,0.0,0.0
3277,58,Yes,Travel_Rarely,Research & Development,24,3,Other,1,3278,Female,2,Research Scientist,Single,43170,7.0,Y,17,8,0,40.0,2,31,13,8,4.0,2.0,3.0,3,3,8.926272749042145,0.2987703242590149,2070.8952777777777,232,232,19.32972222222223,0.0833177681992337
3278,35,No,Travel_Rarely,Sales,10,4,Marketing,1,3279,Female,1,Research Scientist,Single,26320,3.0,Y,13,8,3,7.0,3,2,2,2,4.0,3.0,3.0,4,3,7.792069383794274,0.2840181452160197,1784.3838888888888,229,48,0.0,0.0
3279,42,No,Travel_Rarely,Sales,15,1,Marketing,1,3280,Male,2,Laboratory Technician,Married,46680,9.0,Y,18,8,2,8.0,2,4,0,2,4.0,4.0,3.0,3,3,10.50888773148148,0.2805615859554117,2522.1330555555555,240,240,362.13305555555553,1.5088877314814817
3280,28,Yes,Travel_Rarely,Research & Development,19,4,Medical,1,3281,Female,2,Sales Executive,Single,32040,6.0,Y,16,8,1,5.0,4,2,2,1,3.0,3.0,2.0,2,3,6.249610419548179,0.2879685292341027,1506.1561111111112,241,0,0.0,0.0
3281,36,No,Travel_Rarely,Research & Development,2,3,Life Sciences,1,3282,Male,2,Healthcare Representative,Married,27200,4.0,Y,14,8,1,8.0,3,5,0,4,3.0,2.0,3.0,3,3,6.590610200364299,0.296181447733286,1608.108888888889,244,0,0.0,0.0
3282,32,No,Travel_Rarely,Research & Development,3,1,Medical,1,3283,Male,2,Manufacturing Director,Married,171810,1.0,Y,14,8,0,14.0,2,14,6,8,3.0,3.0,3.0,2,3,7.996312382297551,0.2883392030685744,1887.1297222222224,236,117,0.0,0.0
3283,40,No,Travel_Frequently,Sales,9,3,Marketing,1,3284,Male,3,Manufacturing Director,Single,22380,6.0,Y,14,8,0,10.0,3,1,0,0,1.0,3.0,3.0,3,3,6.904626113455227,0.3139505014426735,1636.3963888888889,237,0,0.0,0.0
3284,30,No,Travel_Rarely,Research & Development,7,3,Technical Degree,1,3285,Male,2,Research Director,Single,14830,5.0,Y,13,8,0,12.0,3,0,0,0,3.0,4.0,2.0,3,3,9.370607856810786,0.2995522152055569,2239.575277777778,239,239,91.61166666666666,0.3833124128312413
3285,45,No,Travel_Rarely,Research & Development,10,4,Life Sciences,1,3286,Male,1,Research Director,Single,56050,1.0,Y,12,8,2,1.0,2,1,0,0,2.0,3.0,3.0,3,3,6.59881051175657,0.2883105671971824,1590.3133333333333,241,0,0.0,0.0
3286,42,No,Travel_Rarely,Research & Development,20,2,Medical,1,3287,Male,2,Sales Representative,Married,72950,1.0,Y,15,8,0,10.0,3,9,7,8,2.0,2.0,2.0,3,3,7.614132241215574,0.2978660223401413,1781.7069444444444,234,21,0.0,0.0
3287,38,No,Travel_Frequently,Sales,4,3,Medical,1,3288,Male,2,Research Scientist,Divorced,23060,2.0,Y,19,8,1,13.0,5,4,1,2,1.0,1.0,2.0,3,3,7.583628618113912,0.2840740206216217,1804.903611111111,238,12,0.0,0.0
3288,34,No,Travel_Frequently,Research & Development,7,4,Life Sciences,1,3289,Male,3,Laboratory Technician,Single,23480,1.0,Y,14,8,1,6.0,3,5,1,3,3.0,4.0,3.0,3,3,6.900036730945822,0.2909924916926392,1669.808888888889,242,0,0.0,0.0
3289,49,Yes,Travel_Rarely,Sales,7,2,Life Sciences,1,3290,Female,2,Healthcare Representative,Married,89980,1.0,Y,14,8,2,9.0,2,9,7,7,3.0,4.0,4.0,4,3,6.285461744639376,0.296065092287291,1433.0852777777775,228,0,0.0,0.0
3290,55,Yes,Travel_Rarely,Human Resources,16,3,Technical Degree,1,3291,Male,4,Manufacturing Director,Single,43190,4.0,Y,11,8,0,12.0,3,9,7,3,3.0,4.0,2.0,4,3,6.378344346549192,0.2967662182134076,1447.8841666666667,227,0,0.0,0.0
3291,43,No,Travel_Rarely,Research & Development,25,2,Medical,1,3292,Male,2,Healthcare Representative,Married,61320,6.0,Y,13,8,0,22.0,3,4,1,0,2.0,1.0,3.0,2,3,7.298232738911752,0.3089769485089118,1773.4705555555556,243,5,0.0,0.0
3292,27,No,Travel_Rarely,Sales,2,4,Medical,1,3293,Male,2,Manager,Divorced,33460,1.0,Y,21,8,1,9.0,2,9,0,8,3.0,4.0,3.0,2,4,10.48479406130268,0.3004769406393442,2432.472222222222,232,232,344.47222222222223,1.484794061302682
3293,35,No,Travel_Rarely,Research & Development,1,3,Medical,1,3294,Male,1,Research Director,Single,108550,3.0,Y,13,8,1,17.0,2,8,1,6,3.0,3.0,4.0,3,3,7.007824675324675,0.2912249095435845,1618.8075,231,0,0.0,0.0
3294,28,No,Travel_Rarely,Sales,1,2,Technical Degree,1,3295,Female,1,Sales Executive,Married,22310,1.0,Y,12,8,0,8.0,3,8,7,5,2.0,2.0,3.0,2,3,9.899078884078884,0.2887073507148642,2286.6872222222223,231,231,207.68722222222223,0.8990788840788841
3295,34,No,Travel_Rarely,Sales,2,5,Life Sciences,1,3296,Male,4,Research Scientist,Married,23230,0.0,Y,17,8,0,4.0,2,3,0,2,3.0,3.0,1.0,3,3,6.877794540229885,0.3062912495057607,1595.6483333333333,232,0,0.0,0.0
3296,26,Yes,Travel_Frequently,Research & Development,22,4,Other,1,3297,Female,1,Sales Executive,Married,20240,1.0,Y,23,8,0,8.0,2,8,1,7,3.0,3.0,3.0,3,4,8.024657287157288,0.3152891384110691,1853.6958333333332,231,118,0.0,0.0
3297,27,No,Non-Travel,Sales,1,3,Technical Degree,1,3298,Female,1,Sales Executive,Married,27130,1.0,Y,11,8,0,0.0,2,0,0,0,4.0,4.0,2.0,3,3,7.299756944444445,0.2651466578682541,1693.5436111111112,232,1,0.0,0.0
3298,51,No,Travel_Rarely,Sales,16,3,Medical,1,3299,Male,3,Research Scientist,Married,94390,2.0,Y,15,8,3,29.0,0,20,4,17,1.0,3.0,2.0,3,3,6.110529770276606,0.3260719972433823,1448.1955555555555,237,0,0.0,0.0
3299,44,No,Travel_Rarely,Sales,24,5,Medical,1,3300,Female,1,Sales Executive,Single,25660,9.0,Y,11,8,1,10.0,3,5,2,3,4.0,2.0,2.0,3,3,6.288274231678487,0.3040569924610919,1477.7444444444443,235,0,0.0,0.0
3300,25,No,Travel_Rarely,Research & Development,17,3,Medical,1,3301,Male,1,Laboratory Technician,Single,199260,7.0,Y,11,8,3,6.0,5,4,0,1,1.0,1.0,2.0,4,3,6.398666197843413,0.2955159454076103,1516.483888888889,237,0,0.0,0.0
3301,33,No,Travel_Rarely,Research & Development,8,4,Life Sciences,1,3302,Male,3,Laboratory Technician,Divorced,24510,1.0,Y,13,8,1,9.0,3,9,0,8,1.0,1.0,3.0,2,3,5.992264775413712,0.3082363217620336,1408.1822222222222,235,0,0.0,0.0
3302,35,No,Travel_Rarely,Sales,6,4,Medical,1,3303,Female,2,Manager,Single,94190,1.0,Y,24,8,1,6.0,5,6,1,1,3.0,1.0,2.0,2,4,6.9156135265700485,0.3035788582582356,1590.591111111111,230,0,0.0,0.0
3303,36,No,Travel_Rarely,Sales,10,4,Marketing,1,3304,Male,3,Manager,Married,86860,1.0,Y,13,8,0,18.0,2,18,4,11,2.0,4.0,2.0,3,3,9.690696818613484,0.3131994892164901,2267.623055555556,234,234,161.91111111111113,0.6919278252611587
3304,32,No,Travel_Rarely,Research & Development,3,4,Medical,1,3305,Female,4,Sales Executive,Divorced,30380,2.0,Y,20,8,0,8.0,3,5,0,3,2.0,4.0,2.0,3,4,7.827509220839096,0.2917951721617862,1886.4297222222224,241,60,0.0,0.0
3305,30,No,Travel_Frequently,Research & Development,4,5,Medical,1,3306,Male,5,Sales Representative,Divorced,30580,9.0,Y,14,8,1,10.0,2,5,0,3,2.0,4.0,2.0,3,3,6.400223192624939,0.3271667994001939,1465.651111111111,229,0,0.0,0.0
3306,53,No,Travel_Rarely,Sales,6,3,Marketing,1,3307,Male,4,Sales Executive,Married,23250,7.0,Y,18,8,1,35.0,1,5,0,4,1.0,4.0,3.0,4,3,10.413876518218624,0.3144236300282754,2572.2275,247,247,349.2275,1.4138765182186237
3307,45,No,Travel_Rarely,Research & Development,1,5,Technical Degree,1,3308,Male,2,Healthcare Representative,Divorced,20880,4.0,Y,15,8,3,18.0,2,5,0,2,4.0,1.0,3.0,3,3,8.501261574074073,0.2986914245424407,2040.3027777777777,240,227,0.8530555555555566,0.0035543981481481
3308,32,No,Travel_Rarely,Sales,10,3,Marketing,1,3309,Female,1,Human Resources,Married,30720,5.0,Y,12,8,0,9.0,4,5,1,3,3.0,3.0,2.0,1,3,6.597560226155359,0.2896994412265061,1491.048611111111,226,0,0.0,0.0
3309,52,No,Travel_Frequently,Research & Development,1,1,Life Sciences,1,3310,Male,2,Laboratory Technician,Married,50060,3.0,Y,16,8,1,31.0,2,9,0,0,3.0,4.0,3.0,3,3,7.587263418079097,0.314468438074825,1790.5941666666668,236,22,0.0,0.0
3310,37,No,Travel_Rarely,Sales,24,2,Life Sciences,1,3311,Female,4,Laboratory Technician,Divorced,42570,4.0,Y,15,8,0,9.0,2,1,0,0,4.0,3.0,3.0,3,3,6.080773979107312,0.322719708351956,1422.901111111111,234,0,0.0,0.0
3311,28,No,Travel_Rarely,Research & Development,21,4,Life Sciences,1,3312,Female,1,Healthcare Representative,Divorced,25000,1.0,Y,16,8,2,6.0,3,5,0,4,2.0,4.0,3.0,3,3,6.343983918128655,0.296160905919788,1446.4283333333333,228,0,0.0,0.0
3312,22,No,Travel_Rarely,Research & Development,2,2,Life Sciences,1,3313,Male,1,Sales Representative,Married,11020,6.0,Y,19,8,0,4.0,3,2,2,2,4.0,4.0,1.0,2,3,6.520177595628415,0.2955781045662313,1590.9233333333334,244,0,0.0,0.0
3313,44,No,Travel_Rarely,Research & Development,22,3,Medical,1,3314,Female,1,Laboratory Technician,Married,104530,2.0,Y,11,8,1,10.0,2,3,0,2,1.0,4.0,2.0,3,3,10.969163292847504,0.2984910385278165,2709.383333333333,247,247,486.3833333333333,1.9691632928475036
3314,42,No,Travel_Frequently,Sales,13,4,Life Sciences,1,3315,Female,2,Laboratory Technician,Single,22880,5.0,Y,16,8,1,8.0,4,2,2,2,2.0,4.0,3.0,2,3,7.9979126325495615,0.2957964147320829,1927.4969444444444,241,126,0.0,0.0
3315,36,No,Travel_Rarely,Research & Development,14,3,Other,1,3316,Male,2,Research Scientist,Married,39290,0.0,Y,24,8,0,6.0,6,5,0,3,1.0,1.0,3.0,2,4,7.627617880485528,0.3061947647100688,1815.3730555555555,238,23,0.0,0.0
3316,25,No,Travel_Rarely,Sales,11,3,Life Sciences,1,3317,Female,1,Laboratory Technician,Married,23110,1.0,Y,11,8,1,5.0,2,5,0,3,3.0,1.0,3.0,3,3,10.406759637188207,0.284601194097484,2549.656111111111,245,245,344.6561111111111,1.4067596371882083
3317,35,No,Travel_Rarely,Research & Development,9,2,Life Sciences,1,3318,Female,1,Healthcare Representative,Married,31400,1.0,Y,13,8,1,17.0,2,17,5,15,4.0,3.0,3.0,2,3,8.78671918767507,0.2752569611268207,2091.2391666666667,238,238,8.62722222222222,0.0362488328664799
3318,35,Yes,Travel_Frequently,Sales,8,2,Marketing,1,3319,Female,1,Laboratory Technician,Divorced,36900,1.0,Y,13,8,1,10.0,2,10,7,8,4.0,2.0,2.0,4,3,9.962005029721078,0.3283712902568917,2420.7672222222222,243,243,233.79,0.9620987654320988
3319,32,No,Non-Travel,Research & Development,21,3,Life Sciences,1,3320,Male,1,Sales Executive,Divorced,44500,0.0,Y,13,8,0,4.0,3,3,0,2,4.0,4.0,3.0,3,3,7.890476694915254,0.3017617084775902,1862.1525,236,80,0.0,0.0
3320,25,No,Travel_Rarely,Sales,5,3,Marketing,1,3321,Female,4,Research Scientist,Married,27560,1.0,Y,12,8,2,5.0,2,5,0,3,3.0,1.0,4.0,3,3,7.8078167641325535,0.287226755705137,1780.1822222222222,228,48,0.0,0.0
3321,49,No,Travel_Rarely,Sales,9,3,Technical Degree,1,3322,Female,2,Sales Representative,Married,190330,2.0,Y,18,8,1,7.0,5,4,0,2,3.0,1.0,3.0,3,3,7.488967911877395,0.2801069074912849,1737.4405555555556,232,10,0.0,0.0
3322,24,No,Non-Travel,Research & Development,2,5,Technical Degree,1,3323,Male,2,Healthcare Representative,Married,187220,0.0,Y,22,8,1,6.0,3,5,3,4,1.0,4.0,2.0,3,4,7.586379184861717,0.3119061097670428,1737.2808333333332,229,25,0.0,0.0
3323,32,No,Travel_Frequently,Research & Development,12,5,Medical,1,3324,Male,1,Research Scientist,Married,95470,1.0,Y,13,8,1,10.0,3,10,5,3,2.0,2.0,3.0,2,3,6.822150500910746,0.3080583776400085,1664.604722222222,244,0,0.0,0.0
3324,38,No,Travel_Rarely,Sales,22,2,Medical,1,3325,Male,1,Sales Executive,Married,137340,0.0,Y,13,8,0,3.0,3,2,1,2,2.0,2.0,3.0,4,3,7.0055765639589165,0.3013551963504732,1667.3272222222222,238,1,0.0,0.0
3325,42,No,Travel_Rarely,Research & Development,18,1,Technical Degree,1,3326,Female,2,Research Scientist,Married,199990,2.0,Y,23,8,1,17.0,6,5,1,3,3.0,4.0,2.0,3,4,9.61358806404658,0.3188169399442879,2201.5116666666668,229,229,140.92555555555558,0.6153954391072296
3326,31,No,Travel_Rarely,Research & Development,16,3,Life Sciences,1,3327,Female,3,Sales Executive,Married,22790,3.0,Y,12,8,1,8.0,3,6,0,2,4.0,4.0,3.0,3,3,10.097124463519314,0.2966274424590474,2352.63,233,233,255.63,1.0971244635193134
3327,29,Yes,Travel_Rarely,Sales,3,3,Marketing,1,3328,Male,3,Laboratory Technician,Divorced,59160,6.0,Y,12,8,0,5.0,2,3,0,2,2.0,3.0,3.0,3,3,9.3763463356974,0.2996573482852368,2203.441388888889,235,235,91.87888888888888,0.3909739952718676
3328,53,No,Travel_Rarely,Research & Development,9,3,Life Sciences,1,3329,Male,1,Sales Representative,Married,20890,5.0,Y,16,8,0,28.0,2,2,2,2,1.0,4.0,3.0,2,3,6.390003591954023,0.2985833728524306,1482.4808333333333,232,0,0.0,0.0
3329,35,No,Travel_Rarely,Research & Development,1,3,Life Sciences,1,3330,Male,3,Healthcare Representative,Married,167920,3.0,Y,12,8,1,16.0,3,13,4,8,4.0,2.0,3.0,4,3,7.074260828625235,0.3011588830936568,1669.5255555555557,236,0,0.0,0.0
3330,37,No,Travel_Frequently,Research & Development,13,4,Life Sciences,1,3331,Female,3,Human Resources,Married,35640,5.0,Y,11,8,0,10.0,1,5,0,0,3.0,4.0,3.0,1,3,7.370625285779607,0.2927869209959322,1791.0619444444444,243,2,0.0,0.0
3331,53,No,Travel_Rarely,Research & Development,1,1,Medical,1,3332,Male,1,Sales Executive,Single,44250,6.0,Y,22,8,1,33.0,2,12,3,8,4.0,4.0,3.0,4,4,6.700677591817759,0.3264818971074509,1601.4619444444445,239,0,0.0,0.0
3332,43,No,Travel_Frequently,Research & Development,1,3,Medical,1,3333,Male,1,Laboratory Technician,Married,52650,4.0,Y,11,8,1,12.0,4,5,2,2,4.0,4.0,2.0,3,3,7.623434012615236,0.2990572163667096,1745.766388888889,229,24,0.0,0.0
3333,47,No,Travel_Rarely,Sales,15,4,Marketing,1,3334,Female,3,Research Director,Married,65530,0.0,Y,15,8,0,8.0,2,7,7,7,3.0,4.0,3.0,3,3,10.684698017519594,0.3077357589158234,2575.012222222222,241,241,406.0122222222223,1.6846980175195945
3334,37,No,Non-Travel,Research & Development,1,5,Medical,1,3335,Female,2,Research Scientist,Single,62610,1.0,Y,12,8,0,10.0,1,10,0,9,1.0,2.0,3.0,3,3,8.35173582295989,0.2993355827628473,2012.7683333333332,241,212,0.0824999999999995,0.0003423236514522
3335,50,No,Non-Travel,Research & Development,17,3,Medical,1,3336,Female,1,Laboratory Technician,Divorced,42980,1.0,Y,20,8,1,31.0,6,31,14,7,1.0,1.0,3.0,3,4,6.632049768518519,0.3110936096723524,1591.6919444444443,240,0,0.0,0.0
3336,39,No,Travel_Rarely,Research & Development,1,3,Other,1,3337,Female,3,Human Resources,Married,68040,8.0,Y,14,8,1,13.0,3,5,0,4,4.0,4.0,3.0,2,3,6.913459595959596,0.3100448803896835,1597.0091666666667,231,0,0.0,0.0
3337,33,No,Travel_Rarely,Sales,7,3,Life Sciences,1,3338,Male,2,Manufacturing Director,Divorced,38150,3.0,Y,11,8,1,7.0,3,4,0,3,4.0,2.0,4.0,3,3,9.403011204481793,0.3114350008561765,2237.9166666666665,238,238,99.2125,0.416859243697479
3338,32,Yes,Travel_Rarely,Research & Development,9,1,Medical,1,3339,Female,1,Laboratory Technician,Single,27410,1.0,Y,15,8,1,1.0,5,1,0,1,1.0,4.0,1.0,2,3,10.006964769647697,0.2971696738058855,2461.713333333333,246,246,247.7133333333333,1.0069647696476964
3339,29,No,Travel_Rarely,Research & Development,5,4,Life Sciences,1,3340,Female,4,Healthcare Representative,Divorced,66730,6.0,Y,12,8,1,8.0,2,4,0,3,1.0,4.0,3.0,4,3,6.388003902662994,0.287259735518919,1545.8969444444444,242,0,0.0,0.0
3340,44,No,Travel_Rarely,Research & Development,26,2,Life Sciences,1,3341,Male,2,Manufacturing Director,Married,76390,1.0,Y,14,8,0,8.0,6,8,7,1,2.0,1.0,3.0,3,3,9.783470402717128,0.2884073559099827,2240.4147222222223,229,229,179.4147222222222,0.7834704027171275
3341,28,No,Travel_Rarely,Sales,24,5,Life Sciences,1,3342,Female,1,Research Scientist,Single,23280,1.0,Y,11,8,2,4.0,3,4,0,2,1.0,4.0,3.0,3,3,6.395218599033816,0.3220715071495493,1470.9002777777778,230,0,0.0,0.0
3342,58,Yes,Travel_Frequently,Sales,9,2,Technical Degree,1,3343,Male,1,Sales Executive,Divorced,21530,9.0,Y,11,8,0,3.0,3,1,0,0,4.0,4.0,2.0,3,3,10.47176268861454,0.319428749046964,2544.6383333333333,243,243,357.6383333333333,1.4717626886145403
3343,43,No,Travel_Rarely,Sales,7,4,Marketing,1,3344,Male,2,Sales Executive,Divorced,48760,4.0,Y,16,8,2,4.0,4,1,0,0,1.0,2.0,4.0,3,3,6.597585009578544,0.2981573127497092,1530.6397222222222,232,0,0.0,0.0
3344,20,Yes,Travel_Rarely,Research & Development,11,3,Medical,1,3345,Male,2,Sales Executive,Single,93960,1.0,Y,12,8,0,2.0,6,2,0,2,3.0,3.0,2.0,1,3,7.086974248927039,0.2857212919290583,1651.265,233,0,0.0,0.0
3345,21,Yes,Travel_Rarely,Research & Development,1,3,Medical,1,3346,Male,2,Sales Executive,Single,104000,1.0,Y,13,8,1,1.0,2,1,0,0,4.0,4.0,2.0,3,3,7.891711618257261,0.2889757719069666,1901.9025,241,90,0.0,0.0
3346,36,No,Travel_Rarely,Research & Development,26,4,Medical,1,3347,Male,1,Laboratory Technician,Married,84740,0.0,Y,14,8,0,17.0,3,16,4,11,3.0,4.0,2.0,3,3,10.330182186234817,0.3081672158803552,2551.555,247,247,328.555,1.3301821862348178
3347,47,No,Travel_Rarely,Research & Development,2,3,Life Sciences,1,3348,Male,2,Manufacturing Director,Single,99810,1.0,Y,21,8,1,3.0,3,3,1,2,4.0,4.0,2.0,3,4,8.500371513488798,0.3000915999290983,2065.590277777778,243,235,2.1177777777777766,0.0087151348879743
3348,22,Yes,Travel_Rarely,Research & Development,15,4,Life Sciences,1,3349,Female,1,Laboratory Technician,Married,124900,0.0,Y,13,8,0,4.0,3,3,0,2,2.0,3.0,4.0,3,3,9.8010101010101,0.314420314243806,2264.0333333333333,231,231,185.1236111111111,0.8014009139009138
3349,41,Yes,Travel_Rarely,Research & Development,23,3,Life Sciences,1,3350,Female,2,Sales Executive,Divorced,26570,4.0,Y,11,8,0,10.0,3,7,1,0,2.0,4.0,2.0,4,3,10.40173314339981,0.3139811218460629,2434.0055555555555,234,234,328.0055555555556,1.40173314339981
3350,28,No,Travel_Rarely,Research & Development,10,3,Life Sciences,1,3351,Female,3,Manager,Divorced,135910,5.0,Y,20,8,1,6.0,2,2,2,2,3.0,3.0,3.0,3,4,7.703818565400844,0.3050343380297348,1825.805,237,37,0.0,0.0
3351,39,Yes,Travel_Rarely,Research & Development,10,4,Life Sciences,1,3352,Female,4,Human Resources,Married,66960,7.0,Y,11,8,0,8.0,3,2,2,2,4.0,1.0,1.0,3,3,10.708079297245964,0.3242379838807897,2505.6905555555554,234,234,399.69055555555553,1.7080792972459635
3352,27,No,Travel_Rarely,Research & Development,1,3,Medical,1,3353,Male,1,Research Scientist,Single,20580,1.0,Y,14,8,1,1.0,5,1,0,0,2.0,3.0,3.0,3,3,7.710114657210402,0.3071736579125326,1811.8769444444445,235,40,0.0,0.0
3353,34,No,Travel_Rarely,Research & Development,12,2,Technical Degree,1,3354,Male,2,Human Resources,Divorced,88650,1.0,Y,11,8,1,1.0,0,1,1,0,2.0,2.0,3.0,3,3,7.693657596371882,0.3383545264782332,1884.9461111111111,245,45,0.0,0.0
3354,42,No,Travel_Rarely,Sales,11,1,Technical Degree,1,3355,Male,2,Human Resources,Single,59400,7.0,Y,16,8,0,10.0,2,5,0,3,3.0,3.0,3.0,2,3,6.924135939036381,0.3219722531021359,1564.854722222222,226,2,0.0,0.0
3355,33,No,Travel_Rarely,Sales,2,3,Marketing,1,3356,Female,1,Sales Executive,Single,59140,3.0,Y,16,8,1,6.0,4,3,0,2,3.0,1.0,3.0,3,3,10.556096986817328,0.2977738773681996,2491.238888888889,236,236,367.2388888888889,1.5560969868173258
3356,58,No,Travel_Rarely,Research & Development,2,4,Life Sciences,1,3357,Male,1,Research Scientist,Divorced,26220,2.0,Y,23,8,0,24.0,3,6,0,4,3.0,2.0,3.0,3,4,8.330816924519457,0.2945294073427383,1974.403611111111,237,202,0.2286111111111104,0.0009646038443506
3357,31,No,Travel_Rarely,Sales,1,3,Life Sciences,1,3358,Female,1,Sales Representative,Married,121850,3.0,Y,14,8,0,13.0,2,7,5,2,2.0,3.0,4.0,3,3,6.079077916090364,0.3309067706991323,1465.0577777777778,241,0,0.0,0.0
3358,35,No,Travel_Rarely,Research & Development,2,1,Life Sciences,1,3359,Male,3,Healthcare Representative,Married,106090,1.0,Y,22,8,0,10.0,3,10,0,7,4.0,4.0,1.0,3,4,10.389594374709436,0.3001800905040235,2483.1130555555555,239,239,332.11305555555555,1.3895943747094377
3359,49,No,Travel_Rarely,Research & Development,25,2,Life Sciences,1,3360,Female,2,Sales Executive,Married,43450,4.0,Y,15,8,0,29.0,3,26,1,7,1.0,2.0,2.0,2,3,7.004710743801653,0.3145306934773702,1695.14,242,0,0.0,0.0
3360,48,No,Travel_Rarely,Research & Development,1,4,Medical,1,3361,Male,1,Research Scientist,Married,21770,4.0,Y,18,8,0,13.0,4,0,0,0,4.0,3.0,2.0,3,3,6.721184640522876,0.3040934407848119,1599.6419444444443,238,0,0.0,0.0
3361,31,No,Non-Travel,Research & Development,1,2,Technical Degree,1,3362,Female,2,Sales Executive,Married,27930,1.0,Y,16,8,0,9.0,4,9,0,0,4.0,3.0,2.0,3,3,7.059256080114449,0.2882024527221187,1644.8066666666666,233,0,0.0,0.0
3362,36,No,Travel_Rarely,Human Resources,2,4,Technical Degree,1,3363,Male,1,Sales Executive,Single,79180,2.0,Y,12,8,2,8.0,3,6,0,1,2.0,4.0,3.0,2,3,6.510334541062802,0.2916948759466934,1497.3769444444445,230,0,0.0,0.0
3363,38,No,Travel_Rarely,Sales,6,3,Other,1,3364,Male,2,Sales Executive,Married,87890,1.0,Y,11,8,3,15.0,4,15,5,11,4.0,1.0,3.0,3,3,7.084607984607985,0.2951377069773071,1636.5444444444445,231,0,0.0,0.0
3364,32,No,Non-Travel,Sales,18,3,Marketing,1,3365,Male,1,Laboratory Technician,Married,23890,6.0,Y,12,8,1,5.0,4,3,0,2,3.0,2.0,3.0,2,3,7.071233424782808,0.2911539581093029,1718.3097222222225,243,0,0.0,0.0
3365,25,Yes,Travel_Rarely,Research & Development,1,2,Life Sciences,1,3366,Male,1,Sales Executive,Married,32120,1.0,Y,15,8,1,1.0,3,1,0,0,3.0,2.0,3.0,2,3,8.867931074227755,0.3060723699614614,2137.171388888889,241,241,16.945833333333333,0.0703146611341632
3366,40,No,Travel_Rarely,Research & Development,1,4,Medical,1,3367,Male,2,Research Scientist,Divorced,192320,2.0,Y,14,8,1,11.0,3,1,0,0,1.0,2.0,2.0,3,3,6.112561327561328,0.3087051593066348,1412.0016666666668,231,0,0.0,0.0
3367,26,No,Travel_Frequently,Sales,11,3,Marketing,1,3368,Male,2,Healthcare Representative,Single,22670,1.0,Y,19,8,3,7.0,2,7,0,7,3.0,1.0,3.0,2,3,7.581857142857143,0.3039250090087877,1857.555,245,24,0.0,0.0
3368,41,No,Travel_Rarely,Research & Development,1,4,Medical,1,3369,Male,1,Research Scientist,Single,195170,2.0,Y,13,8,0,20.0,5,18,2,17,4.0,1.0,3.0,3,3,10.6526492194674,0.3175329635778143,2577.9411111111112,242,242,399.9411111111111,1.6526492194674014
3369,36,No,Travel_Rarely,Research & Development,9,3,Life Sciences,1,3370,Female,2,Healthcare Representative,Single,24360,4.0,Y,13,8,0,16.0,3,11,3,9,3.0,3.0,3.0,1,3,7.097545913682278,0.306350267601632,1717.6061111111112,242,1,0.0,0.0
3370,19,Yes,Travel_Rarely,Research & Development,15,3,Life Sciences,1,3371,Male,2,Research Scientist,Single,160640,1.0,Y,15,8,1,1.0,3,1,0,0,4.0,2.0,4.0,3,3,10.619414845173042,0.2937545953971524,2591.137222222222,244,244,395.1372222222223,1.619414845173042
3371,20,Yes,Travel_Rarely,Research & Development,29,3,Life Sciences,1,3372,Female,3,Laboratory Technician,Single,27070,1.0,Y,11,8,0,1.0,2,1,0,0,1.0,1.0,3.0,3,3,6.091235349273324,0.3134863751870453,1443.622777777778,237,0,0.0,0.0
3372,31,No,Travel_Rarely,Research & Development,1,4,Life Sciences,1,3373,Male,4,Research Director,Married,190680,0.0,Y,12,8,0,10.0,1,9,8,5,4.0,4.0,1.0,3,3,8.301600877192984,0.276346765023308,1892.765,228,195,0.0,0.0
3373,40,No,Travel_Frequently,Sales,1,3,Marketing,1,3374,Male,1,Research Scientist,Divorced,39310,8.0,Y,19,8,0,3.0,2,1,0,0,4.0,2.0,3.0,2,3,8.097030092592593,0.3151357035357117,1943.2872222222225,240,146,0.0,0.0
3374,32,No,Travel_Rarely,Research & Development,24,3,Life Sciences,1,3375,Male,4,Laboratory Technician,Married,37300,1.0,Y,25,8,1,8.0,4,8,6,3,3.0,1.0,4.0,3,4,7.91362037037037,0.289760899688415,1899.2688888888888,240,90,0.0,0.0
3375,36,Yes,Travel_Rarely,Research & Development,10,3,Medical,1,3376,Male,3,Sales Executive,Married,22320,1.0,Y,12,8,1,16.0,2,16,3,7,3.0,4.0,3.0,3,3,9.800581847279378,0.3159670527650288,2381.541388888889,243,243,194.5413888888889,0.8005818472793781
3376,33,No,Travel_Rarely,Research & Development,1,4,Medical,1,3377,Female,4,Manufacturing Director,Single,44650,0.0,Y,13,8,0,6.0,3,5,1,4,2.0,4.0,3.0,3,3,6.017222222222222,0.2917405436745525,1456.1677777777777,242,0,0.0,0.0
3377,37,Yes,Travel_Rarely,Sales,10,4,Marketing,1,3378,Female,3,Human Resources,Married,30720,5.0,Y,14,8,0,17.0,3,14,11,7,1.0,3.0,1.0,2,3,6.330157367668098,0.3064054268555569,1474.9266666666667,233,0,0.0,0.0
3378,45,No,Non-Travel,Research & Development,8,1,Life Sciences,1,3379,Male,2,Sales Executive,Married,33190,1.0,Y,12,8,1,9.0,3,9,0,8,3.0,2.0,2.0,3,3,6.322636514719847,0.2966347398174012,1479.4969444444444,234,0,0.0,0.0
3379,29,No,Travel_Frequently,Research & Development,29,1,Life Sciences,1,3380,Male,1,Sales Representative,Married,192020,1.0,Y,12,8,0,3.0,5,3,0,2,3.0,4.0,3.0,3,3,7.602417695473251,0.3032975687270313,1847.3875,243,22,0.0,0.0
3380,35,No,Travel_Rarely,Human Resources,1,3,Human Resources,1,3381,Male,3,Laboratory Technician,Married,136750,1.0,Y,15,8,3,5.0,5,5,1,0,3.0,3.0,3.0,2,3,6.378281174187288,0.3111814237836431,1460.6263888888889,229,0,0.0,0.0
3381,52,No,Travel_Rarely,Research & Development,5,4,Other,1,3382,Male,1,Laboratory Technician,Married,29110,2.0,Y,17,8,2,26.0,3,9,7,8,4.0,4.0,2.0,3,3,6.978609882005899,0.3057471514882868,1577.1658333333332,226,0,0.0,0.0
3382,58,Yes,Travel_Rarely,Sales,9,2,Medical,1,3383,Female,4,Sales Executive,Single,59570,4.0,Y,14,8,1,7.0,2,1,0,0,4.0,3.0,3.0,1,3,7.469917874396136,0.2967852378454449,1718.081111111111,230,8,0.0,0.0
3383,53,No,Travel_Rarely,Research & Development,9,3,Technical Degree,1,3384,Male,1,Manager,Divorced,39200,6.0,Y,16,8,1,22.0,3,17,15,2,3.0,3.0,4.0,3,3,6.521732026143791,0.3120862436822641,1552.1722222222222,238,0,0.0,0.0
3384,30,No,Travel_Rarely,Sales,3,4,Marketing,1,3385,Male,1,Sales Executive,Divorced,64340,5.0,Y,14,8,1,10.0,3,8,7,7,3.0,3.0,4.0,2,3,8.00522126022126,0.3025083205966459,1849.206111111111,231,113,0.0,0.0
3385,38,No,Non-Travel,Sales,4,3,Life Sciences,1,3386,Male,2,Research Director,Single,100480,1.0,Y,23,8,1,6.0,2,5,1,3,3.0,4.0,3.0,3,4,8.0829113018598,0.2863724965225261,1883.3183333333332,233,136,0.0,0.0
3386,35,No,Travel_Rarely,Sales,1,2,Life Sciences,1,3387,Female,2,Healthcare Representative,Divorced,109380,6.0,Y,14,8,2,12.0,2,10,0,8,4.0,4.0,3.0,1,3,7.335469995311768,0.3001850281416214,1738.506388888889,237,6,0.0,0.0
3387,39,No,Travel_Rarely,Sales,1,1,Marketing,1,3388,Male,2,Research Scientist,Single,23400,0.0,Y,11,8,1,9.0,2,8,0,7,3.0,3.0,3.0,2,3,6.500826086956522,0.284895656603106,1495.19,230,0,0.0,0.0
3388,40,Yes,Non-Travel,Research & Development,2,4,Life Sciences,1,3389,Male,1,Human Resources,Single,65450,4.0,Y,15,8,0,22.0,2,1,0,0,2.0,2.0,2.0,3,3,9.51064351851852,0.2937527477241043,2282.5544444444445,240,240,123.76055555555556,0.5156689814814815
3389,47,No,Travel_Frequently,Research & Development,7,4,Life Sciences,1,3390,Male,3,Sales Executive,Divorced,69310,1.0,Y,11,8,0,20.0,3,19,2,7,3.0,3.0,4.0,3,3,10.079049886621316,0.3079862509820547,2469.367222222222,245,245,264.3672222222222,1.0790498866213152
3390,36,No,Non-Travel,Sales,28,1,Life Sciences,1,3391,Male,2,Research Scientist,Divorced,48980,4.0,Y,13,8,1,12.0,3,7,0,7,1.0,4.0,3.0,3,3,6.825506822612086,0.300660747955924,1556.2155555555555,228,0,0.0,0.0
3391,31,Yes,Non-Travel,Research & Development,28,4,Medical,1,3392,Male,2,Research Scientist,Single,25930,0.0,Y,21,8,0,4.0,2,3,1,2,3.0,1.0,3.0,3,4,8.19732426303855,0.3073978731331226,2008.3444444444444,245,178,0.0,0.0
3392,33,No,Non-Travel,Sales,15,3,Other,1,3393,Male,4,Research Director,Single,194360,1.0,Y,19,8,2,10.0,4,10,6,0,4.0,3.0,3.0,3,3,7.882856461611826,0.2939828301262352,1836.7055555555555,233,82,0.0,0.0
3393,29,Yes,Travel_Rarely,Human Resources,3,5,Life Sciences,1,3394,Male,1,Sales Executive,Single,27230,6.0,Y,11,8,1,3.0,2,0,0,0,4.0,1.0,3.0,2,3,10.325031380753138,0.2795027474421123,2467.6825,239,239,316.6825,1.3250313807531382
3394,33,No,Travel_Rarely,Research & Development,2,2,Technical Degree,1,3395,Male,2,Laboratory Technician,Single,34790,3.0,Y,12,8,0,5.0,3,3,0,2,2.0,4.0,3.0,3,3,7.481684861717613,0.2916554369980743,1713.305833333333,229,10,0.0,0.0
3395,45,No,Travel_Rarely,Research & Development,26,1,Medical,1,3396,Female,3,Healthcare Representative,Divorced,27940,3.0,Y,19,8,1,8.0,2,5,0,2,4.0,4.0,3.0,3,3,7.010718351548269,0.2959744303704452,1710.6152777777777,244,0,0.0,0.0
3396,50,No,Travel_Rarely,Sales,10,1,Life Sciences,1,3397,Female,1,Manufacturing Director,Divorced,52490,9.0,Y,21,8,2,32.0,2,5,1,3,4.0,4.0,2.0,2,4,7.387503457814661,0.2744428084668399,1780.388333333333,241,4,0.0,0.0
3397,33,No,Travel_Frequently,Sales,1,3,Marketing,1,3398,Male,2,Human Resources,Married,21760,1.0,Y,14,8,1,6.0,2,6,1,2,3.0,2.0,3.0,2,3,8.979737458977965,0.2820605425800335,2128.197777777778,237,237,23.65916666666667,0.0998277074542897
3398,41,No,Travel_Frequently,Sales,11,3,Other,1,3399,Male,1,Laboratory Technician,Divorced,168720,2.0,Y,15,8,1,21.0,2,18,0,11,1.0,3.0,4.0,3,3,7.864643347050754,0.3025094911069563,1911.1083333333331,243,80,0.0,0.0
3399,27,No,Travel_Rarely,Research & Development,20,4,Other,1,3400,Male,2,Manufacturing Director,Married,34850,9.0,Y,17,8,2,4.0,2,2,2,2,3.0,2.0,3.0,3,3,7.098894604481024,0.3005264915198727,1725.0313888888888,243,0,0.0,0.0
3400,45,No,Non-Travel,Sales,2,3,Medical,1,3401,Female,1,Sales Executive,Married,66440,1.0,Y,12,8,0,9.0,3,9,0,8,4.0,1.0,3.0,4,3,8.706717171717171,0.2964088470774573,2107.0255555555555,242,240,5.72527777777778,0.0236581726354453
3401,47,No,Travel_Rarely,Sales,18,4,Medical,1,3402,Female,2,Research Scientist,Single,55820,1.0,Y,16,8,0,9.0,3,9,0,7,4.0,4.0,3.0,3,3,8.010337713231904,0.2658638382663423,1930.4913888888889,241,133,0.0,0.0
3402,30,Yes,Travel_Rarely,Sales,2,3,Life Sciences,1,3403,Male,2,Healthcare Representative,Married,40000,4.0,Y,12,8,0,7.0,5,5,0,1,1.0,3.0,3.0,2,3,10.491258309591643,0.2982183481754317,2454.954444444445,234,234,348.95444444444445,1.491258309591643
3403,50,No,Travel_Rarely,Research & Development,1,3,Technical Degree,1,3404,Female,2,Sales Executive,Married,134960,3.0,Y,18,8,1,22.0,3,12,1,5,4.0,3.0,3.0,3,3,9.487657367668096,0.293988346336942,2210.6241666666665,233,233,114.5525,0.4916416309012876
3404,38,No,Travel_Frequently,Research & Development,13,3,Technical Degree,1,3405,Male,1,Manufacturing Director,Married,32100,0.0,Y,17,8,2,3.0,5,2,0,2,3.0,3.0,2.0,2,3,7.685276585598475,0.2915233130398328,1790.6694444444445,233,30,0.0,0.0
3405,46,No,Travel_Rarely,Research & Development,28,3,Medical,1,3406,Female,3,Human Resources,Divorced,190450,6.0,Y,11,8,3,13.0,2,8,0,7,4.0,3.0,3.0,3,3,6.92137741046832,0.2920895711099927,1674.9733333333334,242,0,0.0,0.0
3406,24,No,Travel_Rarely,Sales,28,3,Life Sciences,1,3407,Female,1,Healthcare Representative,Divorced,118490,1.0,Y,16,8,1,5.0,3,4,3,2,4.0,3.0,3.0,3,3,6.585990860990861,0.3129141049670733,1521.3638888888888,231,0,0.0,0.0
3407,35,Yes,Travel_Rarely,Sales,24,3,Medical,1,3408,Male,3,Healthcare Representative,Divorced,20700,1.0,Y,13,8,3,5.0,1,4,0,2,3.0,2.0,1.0,2,3,9.321214551371456,0.3091907004290589,2227.7702777777777,239,239,82.10166666666666,0.3435216178521617
3408,31,No,Travel_Frequently,Research & Development,5,2,Technical Degree,1,3409,Male,2,Sales Executive,Married,65020,1.0,Y,12,8,0,4.0,3,4,0,3,3.0,1.0,3.0,3,3,6.309143614568925,0.2917839074000163,1520.503611111111,241,0,0.0,0.0
3409,18,No,Non-Travel,Sales,5,4,Other,1,3410,Male,2,Manager,Single,32300,1.0,Y,12,8,1,0.0,3,0,0,0,2.0,4.0,3.0,3,3,6.325607126113455,0.3297072427487209,1499.168888888889,237,0,0.0,0.0
3410,54,No,Travel_Rarely,Sales,23,3,Medical,1,3411,Female,1,Laboratory Technician,Married,136030,8.0,Y,13,8,1,22.0,2,10,0,8,3.0,3.0,3.0,3,3,6.599765051395008,0.3049628389099711,1498.1466666666668,227,0,0.0,0.0
3411,35,No,Travel_Rarely,Research & Development,6,4,Medical,1,3412,Female,1,Manufacturing Director,Divorced,119960,1.0,Y,19,8,2,16.0,3,16,10,1,3.0,3.0,2.0,3,3,9.599074074074071,0.2883886749206851,2217.386111111111,231,231,138.51333333333332,0.5996248196248196
3412,30,No,Travel_Rarely,Research & Development,4,3,Life Sciences,1,3413,Female,5,Healthcare Representative,Married,56050,0.0,Y,12,8,1,9.0,0,8,1,7,2.0,1.0,2.0,2,3,10.12023422787194,0.3030161668075057,2388.3752777777777,236,236,264.3752777777778,1.1202342278719395
3413,20,Yes,Travel_Rarely,Research & Development,2,2,Life Sciences,1,3414,Female,2,Research Scientist,Single,63970,1.0,Y,17,8,1,1.0,3,1,0,0,4.0,1.0,3.0,3,3,8.318101053639847,0.3071961443309877,1929.7994444444444,232,196,0.2077777777777782,0.0008955938697318
3414,30,Yes,Travel_Frequently,Research & Development,8,4,Medical,1,3415,Male,1,Sales Executive,Single,191440,0.0,Y,11,8,0,4.0,3,3,1,2,2.0,2.0,3.0,3,3,7.5866985428051,0.3038818967620477,1851.1544444444444,244,23,0.0,0.0
3415,26,No,Travel_Rarely,Sales,1,3,Marketing,1,3416,Female,2,Research Scientist,Married,175840,1.0,Y,20,8,0,8.0,2,8,1,3,4.0,4.0,3.0,3,4,7.900064279155188,0.3071891539389764,1911.815555555556,242,87,0.0,0.0
3416,22,No,Travel_Rarely,Research & Development,8,3,Other,1,3417,Male,2,Sales Representative,Married,49070,1.0,Y,21,8,1,4.0,2,4,1,1,2.0,1.0,2.0,3,4,7.311087006427916,0.2973632348508088,1769.2830555555556,242,2,0.0,0.0
3417,48,No,Travel_Rarely,Human Resources,2,4,Medical,1,3418,Male,2,Sales Executive,Single,45540,2.0,Y,11,8,2,19.0,3,2,2,2,1.0,3.0,3.0,3,3,8.020512117055327,0.2871846718211327,1948.9844444444443,243,126,0.0,0.0
3418,48,No,Travel_Rarely,Sales,3,3,Medical,1,3419,Male,1,Research Director,Single,54150,7.0,Y,11,8,1,27.0,1,15,4,8,3.0,3.0,3.0,3,3,6.495245821042281,0.3029371010246945,1467.9255555555555,226,0,0.0,0.0
3419,41,No,Travel_Rarely,Research & Development,2,3,Life Sciences,1,3420,Male,2,Research Scientist,Single,47410,6.0,Y,16,8,0,8.0,3,2,2,1,4.0,3.0,3.0,3,3,6.910598108747045,0.3052118483041778,1623.9905555555556,235,0,0.0,0.0
3420,39,No,Travel_Rarely,Sales,2,3,Life Sciences,1,3421,Male,3,Human Resources,Married,21150,1.0,Y,18,8,0,21.0,3,21,11,8,4.0,4.0,3.0,4,3,7.142438136826783,0.2943464206856932,1635.618333333333,229,0,0.0,0.0
3421,27,No,Travel_Rarely,Research & Development,3,3,Life Sciences,1,3422,Male,2,Human Resources,Married,31610,0.0,Y,13,8,2,4.0,0,3,2,2,1.0,4.0,3.0,3,3,7.307331871345029,0.3025643237099857,1666.0716666666667,228,2,0.0,0.0
3422,35,No,Travel_Rarely,Sales,24,3,Medical,1,3423,Male,5,Sales Executive,Divorced,57450,1.0,Y,17,8,3,3.0,4,3,1,2,2.0,4.0,2.0,3,3,6.875793816829382,0.3170363805503752,1643.314722222222,239,0,0.0,0.0
3423,42,No,Travel_Rarely,Research & Development,23,4,Other,1,3424,Male,1,Research Scientist,Married,23730,6.0,Y,14,8,1,21.0,3,1,0,0,4.0,3.0,4.0,4,3,8.011233237547893,0.2943796152069367,1858.6061111111112,232,119,0.0,0.0
3424,50,No,Travel_Rarely,Sales,27,3,Medical,1,3425,Male,2,Sales Executive,Married,33100,4.0,Y,22,8,1,8.0,3,1,0,0,1.0,4.0,3.0,4,4,6.232089218455744,0.2954086130292206,1470.7730555555556,236,0,0.0,0.0
3425,59,No,Travel_Rarely,Research & Development,16,4,Medical,1,3426,Female,5,Laboratory Technician,Single,186650,3.0,Y,12,8,0,30.0,3,5,4,3,3.0,4.0,3.0,2,3,10.12087725546059,0.2839024744791012,2368.285277777778,234,234,262.28527777777776,1.1208772554605888
3426,37,Yes,Travel_Rarely,Sales,15,3,Marketing,1,3427,Male,2,Laboratory Technician,Married,44850,5.0,Y,11,8,1,15.0,2,1,0,0,1.0,2.0,1.0,4,3,6.598324879227054,0.3002657034871431,1517.6147222222223,230,0,0.0,0.0
3427,55,No,Travel_Frequently,Research & Development,26,2,Life Sciences,1,3428,Female,2,Sales Executive,Married,27890,3.0,Y,13,8,1,17.0,2,8,6,7,3.0,2.0,3.0,2,3,8.596978723404256,0.3039560621049602,2020.29,235,231,3.0250000000000004,0.0128723404255319
3428,41,No,Non-Travel,Research & Development,19,1,Life Sciences,1,3429,Male,2,Research Scientist,Divorced,58280,1.0,Y,13,8,0,21.0,0,21,5,10,2.0,3.0,3.0,3,3,6.30266713747646,0.2955359850161965,1487.4294444444445,236,0,0.0,0.0
3429,38,No,Travel_Rarely,Research & Development,24,2,Other,1,3430,Female,1,Laboratory Technician,Single,23260,8.0,Y,14,8,0,19.0,3,1,0,0,2.0,4.0,3.0,4,3,8.40627304964539,0.2905643638683156,1975.4741666666664,235,216,0.3588888888888899,0.0015271867612293
3430,26,Yes,Non-Travel,Research & Development,21,1,Life Sciences,1,3431,Female,1,Manufacturing Director,Single,135250,8.0,Y,17,8,1,7.0,4,2,2,2,2.0,1.0,3.0,2,3,7.708031148303115,0.3168257864117887,1842.2194444444444,239,40,0.0,0.0
3431,52,Yes,Travel_Rarely,Research & Development,5,4,Medical,1,3432,Female,4,Human Resources,Married,14200,1.0,Y,13,8,1,33.0,2,32,6,9,1.0,4.0,3.0,4,3,6.012140661938535,0.2892241294979886,1412.8530555555556,235,0,0.0,0.0
3432,44,No,Travel_Rarely,Research & Development,16,3,Life Sciences,1,3433,Female,1,Healthcare Representative,Married,80200,3.0,Y,11,8,1,23.0,2,12,11,11,4.0,4.0,3.0,3,3,10.903012646793137,0.3027122014582767,2682.141111111111,246,246,468.1411111111111,1.9030126467931343
3433,50,No,Non-Travel,Human Resources,2,2,Life Sciences,1,3434,Male,1,Laboratory Technician,Married,36880,0.0,Y,11,8,0,19.0,3,18,0,13,4.0,3.0,3.0,2,3,6.484585106382979,0.3095957344916594,1523.8775,235,0,0.0,0.0
3434,36,Yes,Travel_Rarely,Sales,2,4,Technical Degree,1,3435,Male,4,Sales Executive,Single,54820,1.0,Y,18,8,0,18.0,3,17,15,14,3.0,1.0,3.0,3,3,7.800405282331512,0.314845645524021,1903.298888888889,244,64,0.0,0.0
3435,39,No,Travel_Frequently,Sales,11,3,Marketing,1,3436,Male,1,Sales Executive,Single,160150,1.0,Y,11,8,0,21.0,3,21,2,8,4.0,1.0,3.0,4,3,10.801917009602194,0.2815752646080208,2624.8658333333333,243,243,437.8658333333333,1.8019170096021948
3436,33,No,Non-Travel,Sales,9,2,Technical Degree,1,3437,Male,5,Sales Representative,Single,12000,0.0,Y,11,8,1,3.0,3,2,2,2,2.0,4.0,2.0,3,3,7.580263830776383,0.2853948531568853,1811.6830555555557,239,16,0.0,0.0
3437,45,No,Travel_Rarely,Research & Development,7,2,Other,1,3438,Male,1,Human Resources,Married,56610,3.0,Y,12,8,0,26.0,2,9,1,1,4.0,4.0,4.0,2,3,7.386112268518518,0.282043673979618,1772.6669444444444,240,3,0.0,0.0
3438,32,No,Non-Travel,Research & Development,15,3,Medical,1,3439,Male,2,Manager,Single,69290,9.0,Y,20,8,0,10.0,6,8,7,7,4.0,3.0,3.0,1,4,7.179573002754821,0.3030405233372967,1737.4566666666667,242,0,0.0,0.0
3439,34,No,Travel_Rarely,Sales,6,4,Marketing,1,3440,Male,2,Research Director,Divorced,96130,0.0,Y,12,8,1,16.0,5,15,0,9,2.0,4.0,2.0,2,3,7.107705365622032,0.3012940809427973,1663.2030555555557,234,0,0.0,0.0
3440,59,No,Travel_Rarely,Research & Development,5,3,Life Sciences,1,3441,Male,2,Research Scientist,Married,56740,3.0,Y,12,8,0,14.0,6,6,0,4,2.0,4.0,1.0,3,3,8.113466235632185,0.2991147675345719,1882.3241666666668,232,155,0.0,0.0
3441,45,No,Travel_Rarely,Research & Development,16,1,Medical,1,3442,Male,2,Sales Executive,Single,54840,1.0,Y,20,8,3,6.0,6,6,0,4,2.0,2.0,3.0,3,4,6.688949172576832,0.3215973725914802,1571.9030555555555,235,0,0.0,0.0
3442,53,No,Travel_Frequently,Sales,8,2,Medical,1,3443,Male,2,Research Scientist,Married,120610,2.0,Y,20,8,1,30.0,2,15,6,12,3.0,2.0,3.0,4,4,7.778898071625345,0.2785272483431789,1882.493333333333,242,46,0.0,0.0
3443,36,Yes,Travel_Rarely,Research & Development,7,2,Life Sciences,1,3444,Female,1,Research Scientist,Divorced,56600,7.0,Y,12,8,0,9.0,3,1,0,0,1.0,3.0,2.0,3,3,6.073075909961686,0.3275343652296892,1408.953611111111,232,0,0.0,0.0
3444,26,Yes,Travel_Frequently,Sales,2,3,Life Sciences,1,3445,Male,2,Research Scientist,Married,48210,6.0,Y,14,8,2,6.0,2,3,1,2,1.0,1.0,3.0,3,3,8.203772663877267,0.2911176161144589,1960.7016666666664,239,175,0.0,0.0
3445,34,No,Travel_Rarely,Research & Development,2,2,Life Sciences,1,3446,Male,1,Sales Representative,Married,64100,1.0,Y,13,8,1,1.0,5,1,0,0,3.0,3.0,3.0,2,3,9.214501182033098,0.2811863297115286,2165.407777777778,235,235,58.45666666666667,0.2487517730496454
3446,28,No,Travel_Rarely,Research & Development,10,3,Other,1,3447,Male,2,Sales Representative,Married,52100,1.0,Y,15,8,0,1.0,1,1,0,0,4.0,2.0,3.0,4,3,7.788128019323671,0.3236258601403023,1791.2694444444444,230,56,0.0,0.0
3447,38,No,Travel_Frequently,Sales,9,4,Medical,1,3448,Male,2,Research Scientist,Married,26950,3.0,Y,14,8,1,8.0,4,2,2,2,3.0,3.0,3.0,1,3,7.593654970760234,0.2987811439296245,1731.3533333333332,228,19,0.0,0.0
3448,50,No,Travel_Rarely,Research & Development,5,4,Life Sciences,1,3449,Male,1,Sales Executive,Married,118780,2.0,Y,13,8,1,29.0,2,8,7,7,2.0,3.0,2.0,3,3,9.583764528126451,0.291118200189472,2290.5197222222223,239,239,140.38333333333333,0.5873779637377964
3449,37,No,Travel_Rarely,Research & Development,1,3,Life Sciences,1,3450,Male,1,Laboratory Technician,Single,170680,3.0,Y,23,8,0,8.0,6,4,0,1,4.0,2.0,2.0,3,4,7.283771630236794,0.3008435127840115,1777.2402777777777,244,2,0.0,0.0
3450,40,No,Travel_Rarely,Human Resources,2,3,Medical,1,3451,Male,5,Sales Executive,Married,24550,1.0,Y,15,8,1,8.0,2,7,7,5,3.0,1.0,2.0,3,3,6.090655006858711,0.2824391656378395,1480.0291666666667,243,0,0.0,0.0
3451,26,No,Travel_Frequently,Research & Development,3,3,Medical,1,3452,Male,2,Laboratory Technician,Divorced,139640,1.0,Y,11,8,2,5.0,1,5,1,3,1.0,3.0,3.0,2,3,7.712686372269705,0.3015015615500568,1804.768611111111,234,41,0.0,0.0
3452,46,No,Travel_Rarely,Research & Development,2,1,Medical,1,3453,Female,3,Research Scientist,Divorced,49410,9.0,Y,13,8,2,23.0,2,2,2,2,4.0,4.0,3.0,2,3,7.385222681359045,0.286408507921748,1787.223888888889,242,3,0.0,0.0
3453,54,No,Travel_Rarely,Research & Development,5,3,Medical,1,3454,Female,2,Manufacturing Director,Married,24780,6.0,Y,11,8,0,13.0,0,9,7,0,3.0,3.0,3.0,3,3,7.60615162037037,0.2983936905898992,1825.4763888888888,240,20,0.0,0.0
3454,56,No,Travel_Frequently,Research & Development,1,2,Life Sciences,1,3455,Female,2,Manufacturing Director,Married,52280,2.0,Y,11,8,0,18.0,4,5,0,3,1.0,3.0,3.0,3,3,6.9204613935969865,0.2966542101676914,1633.2288888888888,236,0,0.0,0.0
3455,36,No,Travel_Rarely,Research & Development,4,2,Life Sciences,1,3456,Female,2,Human Resources,Single,44780,0.0,Y,18,8,1,15.0,3,14,7,8,4.0,4.0,2.0,3,3,6.633445881226054,0.3072337468351015,1538.9594444444444,232,0,0.0,0.0
3456,55,No,Non-Travel,Research & Development,2,3,Medical,1,3457,Female,2,Manager,Single,75470,7.0,Y,16,8,0,31.0,2,9,6,2,3.0,1.0,4.0,2,3,6.1019621749408985,0.2769958034378647,1433.9611111111112,235,0,0.0,0.0
3457,43,No,Travel_Rarely,Sales,25,2,Life Sciences,1,3458,Male,3,Research Scientist,Divorced,50550,5.0,Y,22,8,0,18.0,2,1,0,0,3.0,4.0,3.0,2,4,7.891980834546336,0.2996479698474446,1807.263611111111,229,78,0.0,0.0
3458,20,Yes,Travel_Frequently,Sales,8,3,Marketing,1,3459,Male,3,Sales Executive,Single,34640,1.0,Y,20,8,0,2.0,3,2,0,2,4.0,4.0,3.0,2,4,9.083067528735633,0.2900826806558504,2107.2716666666665,232,232,38.020833333333336,0.1638829022988505
3459,21,Yes,Travel_Rarely,Research & Development,1,4,Life Sciences,1,3460,Male,1,Manager,Single,57750,1.0,Y,18,8,0,1.0,2,1,1,0,3.0,1.0,2.0,3,3,6.597937675070028,0.3042888921283844,1570.309166666667,238,0,0.0,0.0
3460,46,No,Travel_Rarely,Sales,12,3,Marketing,1,3461,Female,3,Healthcare Representative,Divorced,89430,8.0,Y,12,8,1,19.0,6,16,1,7,4.0,1.0,3.0,3,3,10.990522130013831,0.3164447695131883,2648.715833333333,241,241,479.71583333333336,1.9905221300138316
3461,51,Yes,Travel_Rarely,Sales,23,3,Medical,1,3462,Female,2,Research Scientist,Married,192720,9.0,Y,20,8,0,18.0,2,10,2,7,1.0,3.0,4.0,3,4,8.701324879227053,0.3191694852702844,2001.3047222222224,230,223,6.11333333333333,0.0265797101449275
3462,28,Yes,Non-Travel,Research & Development,19,4,Life Sciences,1,3463,Female,4,Laboratory Technician,Single,52380,1.0,Y,17,8,1,10.0,4,10,1,9,2.0,1.0,2.0,2,3,7.378290414878397,0.2815419316687743,1719.1416666666669,233,3,0.0,0.0
3463,26,No,Travel_Rarely,Research & Development,5,4,Medical,1,3464,Female,2,Sales Executive,Married,46820,1.0,Y,11,8,1,6.0,3,5,1,3,1.0,1.0,3.0,1,3,7.516356280193237,0.2911195776072717,1728.7619444444445,230,11,0.0,0.0
3464,30,No,Travel_Rarely,Research & Development,8,3,Medical,1,3465,Female,1,Sales Executive,Married,183000,0.0,Y,14,8,0,7.0,6,6,0,2,3.0,1.0,2.0,3,3,6.194155140617796,0.3103516604736919,1492.7913888888888,241,0,0.0,0.0
3465,41,No,Travel_Rarely,Sales,1,4,Life Sciences,1,3466,Female,1,Research Director,Married,52570,1.0,Y,14,8,0,10.0,2,10,0,8,2.0,3.0,3.0,4,3,7.90969571230982,0.3176610649946496,1906.236666666667,241,84,0.0,0.0
3466,38,No,Travel_Rarely,Research & Development,5,3,Technical Degree,1,3467,Male,1,Sales Executive,Married,63490,0.0,Y,11,8,0,20.0,3,19,1,9,3.0,3.0,2.0,3,3,7.317914847161572,0.2965180380139018,1675.8025,229,2,0.0,0.0
3467,40,No,Travel_Rarely,Sales,1,4,Marketing,1,3468,Male,1,Sales Executive,Married,48690,4.0,Y,12,8,0,14.0,2,11,11,1,1.0,4.0,3.0,3,3,7.902443522360534,0.319956899262975,1904.4888888888888,241,94,0.0,0.0
3468,27,No,Non-Travel,Sales,11,3,Technical Degree,1,3469,Female,2,Laboratory Technician,Married,99850,1.0,Y,14,8,1,3.0,3,3,1,2,1.0,3.0,3.0,2,3,7.992474105461394,0.3055908285836332,1886.223888888889,236,118,0.0552777777777784,0.0002342278719397
3469,55,No,Travel_Frequently,Research & Development,23,5,Life Sciences,1,3470,Male,3,Laboratory Technician,Married,36970,3.0,Y,13,8,1,23.0,1,3,1,2,4.0,2.0,3.0,3,3,6.679911778731522,0.3157790336625787,1556.4194444444445,233,0,0.0,0.0
3470,28,No,Travel_Rarely,Research & Development,1,3,Life Sciences,1,3471,Male,2,Healthcare Representative,Single,74570,3.0,Y,11,8,2,10.0,1,8,1,7,3.0,3.0,4.0,4,3,6.563898265353961,0.2787580113515444,1555.6438888888888,237,0,0.0,0.0
3471,44,Yes,Travel_Rarely,Research & Development,18,4,Life Sciences,1,3472,Female,2,Sales Executive,Married,21190,9.0,Y,15,8,0,24.0,3,20,3,6,2.0,1.0,3.0,3,3,6.177514860539552,0.2938336474892932,1501.1361111111112,243,0,0.0,0.0
3472,33,No,Travel_Rarely,Sales,23,4,Marketing,1,3473,Female,4,Sales Executive,Divorced,39830,4.0,Y,12,8,0,9.0,3,3,1,2,4.0,4.0,3.0,3,3,6.365669934640523,0.2770081154123062,1515.0294444444444,238,0,0.0,0.0
3473,35,Yes,Travel_Rarely,Sales,7,4,Life Sciences,1,3474,Male,3,Sales Representative,Single,61180,0.0,Y,21,8,1,9.0,3,8,4,7,4.0,1.0,3.0,2,4,9.818430962343095,0.2924738211636091,2346.605,239,239,195.86,0.8194979079497908
3474,33,Yes,Travel_Frequently,Research & Development,1,2,Life Sciences,1,3475,Female,1,Sales Executive,Single,62140,1.0,Y,19,8,2,14.0,3,13,3,8,1.0,3.0,3.0,3,3,7.775195942830798,0.3141586343423092,1873.8222222222223,241,62,0.0,0.0
3475,28,No,Travel_Rarely,Human Resources,1,1,Human Resources,1,3476,Male,2,Research Scientist,Divorced,63470,1.0,Y,15,8,1,4.0,2,4,2,2,1.0,3.0,2.0,3,3,6.7280754805438345,0.2828205623759556,1594.5538888888889,237,0,0.0,0.0
3476,34,No,Travel_Frequently,Sales,29,4,Marketing,1,3477,Male,1,Research Scientist,Single,115100,0.0,Y,14,8,1,7.0,5,6,0,4,1.0,4.0,2.0,3,3,6.67301656920078,0.30154949948216,1521.4477777777777,228,0,0.0,0.0
3477,37,No,Travel_Rarely,Research & Development,7,4,Life Sciences,1,3478,Male,4,Sales Executive,Divorced,71430,2.0,Y,21,8,0,8.0,6,1,0,0,4.0,4.0,3.0,2,4,10.62246835443038,0.3211558929168293,2517.525,237,237,384.525,1.6224683544303795
3478,25,Yes,Travel_Rarely,Human Resources,25,4,Human Resources,1,3479,Female,2,Research Scientist,Married,82680,1.0,Y,12,8,0,7.0,3,7,5,6,4.0,4.0,4.0,2,3,10.9408540802213,0.2868645019773759,2636.7458333333334,241,241,467.7458333333333,1.9408540802213
3479,26,Yes,Travel_Rarely,Sales,8,2,Marketing,1,3480,Male,2,Sales Executive,Divorced,80950,1.0,Y,15,8,0,1.0,3,1,0,0,1.0,3.0,2.0,4,3,7.828946563088513,0.3171085728910659,1847.631388888889,236,73,0.0,0.0
3480,33,Yes,Travel_Rarely,Research & Development,8,2,Life Sciences,1,3481,Male,4,Manufacturing Director,Single,29040,4.0,Y,13,8,0,5.0,2,2,2,2,1.0,2.0,3.0,3,3,10.199945799457996,0.2820275949648614,2509.1866666666665,246,246,295.18666666666667,1.1999457994579945
3481,42,No,Travel_Rarely,Research & Development,11,1,Life Sciences,1,3482,Male,4,Research Scientist,Married,60320,0.0,Y,14,8,0,23.0,2,22,13,7,4.0,1.0,3.0,2,3,6.818579196217494,0.2980480136001232,1602.3661111111112,235,0,0.0,0.0
3482,28,Yes,Travel_Frequently,Research & Development,7,3,Life Sciences,1,3483,Male,2,Manager,Divorced,29760,1.0,Y,14,8,0,1.0,3,1,0,0,1.0,2.0,3.0,3,3,6.300432761087268,0.3138491086390054,1468.0008333333333,233,0,0.0,0.0
3483,50,Yes,Travel_Frequently,Research & Development,1,4,Medical,1,3484,Male,2,Research Scientist,Single,159920,3.0,Y,14,8,0,5.0,3,0,0,0,4.0,3.0,3.0,3,3,10.509589834515369,0.3080363906740166,2469.7536111111112,235,235,354.7536111111111,1.5095898345153664
3484,33,No,Travel_Frequently,Sales,9,3,Medical,1,3485,Female,2,Research Scientist,Married,46490,0.0,Y,12,8,0,4.0,2,3,0,2,4.0,2.0,3.0,2,3,8.024171239140376,0.3030536343786271,1949.8736111111111,243,132,0.0,0.0
3485,34,No,Non-Travel,Sales,1,1,Marketing,1,3486,Female,2,Research Director,Married,26960,3.0,Y,23,8,0,6.0,3,0,0,0,3.0,4.0,3.0,3,4,7.0848657407407405,0.292635929015807,1700.3677777777775,240,0,0.0,0.0
3486,48,No,Non-Travel,Sales,2,1,Life Sciences,1,3487,Male,2,Sales Executive,Single,23700,2.0,Y,11,8,0,27.0,3,5,2,1,1.0,4.0,2.0,3,3,6.170675451092118,0.3044735836790151,1443.9380555555556,234,0,0.0,0.0
3487,45,No,Non-Travel,Research & Development,1,3,Medical,1,3488,Female,2,Human Resources,Married,125040,1.0,Y,12,8,1,15.0,2,15,4,12,2.0,3.0,3.0,3,3,6.009245511887433,0.27717217399514,1376.1172222222222,229,0,0.0,0.0
3488,52,No,Travel_Rarely,Sales,1,3,Life Sciences,1,3489,Male,1,Sales Executive,Single,59740,7.0,Y,18,8,1,18.0,6,8,4,0,2.0,2.0,3.0,3,3,7.9938816108685105,0.2799763540014573,1830.598888888889,229,113,0.0,0.0
3489,38,No,Travel_Rarely,Research & Development,6,2,Medical,1,3490,Male,1,Research Scientist,Divorced,47360,0.0,Y,11,8,1,9.0,3,8,2,7,3.0,3.0,3.0,2,3,10.689997704315887,0.3056354813859628,2586.9794444444447,242,242,408.9794444444445,1.6899977043158865
3490,29,No,Travel_Rarely,Research & Development,8,3,Medical,1,3491,Female,4,Research Scientist,Divorced,52960,4.0,Y,14,8,0,11.0,3,7,1,7,3.0,4.0,3.0,4,3,6.334150688298919,0.2902365658335444,1431.5180555555555,226,0,0.0,0.0
3491,28,No,Travel_Rarely,Human Resources,1,3,Human Resources,1,3492,Female,4,Laboratory Technician,Divorced,67810,0.0,Y,15,8,1,10.0,2,9,1,7,4.0,2.0,2.0,3,3,6.904346549192364,0.3000911992909299,1567.2866666666666,227,0,0.0,0.0
3492,46,No,Travel_Rarely,Research & Development,6,4,Medical,1,3493,Male,3,Sales Executive,Married,21740,3.0,Y,11,8,1,23.0,3,12,4,9,1.0,3.0,3.0,3,3,6.390338164251208,0.2791393722311747,1469.7777777777778,230,0,0.0,0.0
3493,38,No,Travel_Rarely,Research & Development,7,4,Medical,1,3494,Male,1,Sales Executive,Single,66530,7.0,Y,20,8,1,10.0,2,1,0,0,4.0,2.0,3.0,3,4,7.405821462488129,0.2952056878726037,1732.9622222222222,234,5,0.0,0.0
3494,43,No,Travel_Frequently,Research & Development,5,3,Medical,1,3495,Female,2,Laboratory Technician,Married,96990,8.0,Y,19,8,1,18.0,3,8,0,1,3.0,1.0,3.0,3,3,7.083995633187772,0.2965980631144199,1622.235,229,1,0.0,0.0
3495,39,Yes,Travel_Frequently,Sales,1,3,Marketing,1,3496,Male,2,Healthcare Representative,Divorced,67550,7.0,Y,14,8,1,21.0,2,18,11,5,1.0,4.0,3.0,3,3,7.179473745897797,0.2946676360475172,1701.5352777777778,237,0,0.0,0.0
3496,40,No,Travel_Rarely,Research & Development,1,1,Life Sciences,1,3497,Male,1,Healthcare Representative,Single,22130,1.0,Y,17,8,0,21.0,4,20,4,9,3.0,3.0,4.0,3,3,6.024019323671498,0.3105596758810284,1385.5244444444445,230,0,0.0,0.0
3497,21,No,Travel_Rarely,Research & Development,1,4,Life Sciences,1,3498,Female,1,Research Scientist,Single,26100,1.0,Y,11,8,1,2.0,3,2,2,2,4.0,2.0,4.0,2,3,10.468798920377868,0.2968735883071128,2585.793333333333,247,247,362.79333333333335,1.4687989203778675
3498,39,No,Non-Travel,Research & Development,6,3,Life Sciences,1,3499,Male,1,Laboratory Technician,Single,28510,9.0,Y,15,8,0,9.0,2,5,0,3,3.0,2.0,2.0,3,3,6.19212518195051,0.291336605487472,1417.996666666667,229,0,0.0,0.0
3499,36,No,Non-Travel,Research & Development,1,3,Medical,1,3500,Male,3,Sales Representative,Single,34520,2.0,Y,13,8,3,18.0,4,11,0,9,1.0,4.0,3.0,4,3,7.197060478199719,0.2872343596867229,1705.7033333333334,237,1,0.0,0.0
3500,31,No,Travel_Frequently,Research & Development,7,3,Life Sciences,1,3501,Male,1,Sales Executive,Married,52580,0.0,Y,14,8,3,3.0,5,2,2,2,3.0,4.0,3.0,3,3,6.595106744298883,0.3010187191146652,1510.2794444444444,229,0,0.0,0.0
3501,28,No,Travel_Rarely,Sales,2,4,Marketing,1,3502,Male,1,Sales Executive,Married,93550,0.0,Y,11,8,0,6.0,4,5,0,4,1.0,2.0,1.0,3,3,7.493436474449132,0.3011029409545946,1775.9444444444443,237,17,0.0,0.0
3502,35,No,Travel_Frequently,Research & Development,9,2,Other,1,3503,Female,1,Manufacturing Director,Divorced,104960,1.0,Y,13,8,1,5.0,2,5,0,2,4.0,4.0,3.0,3,3,6.617957660303476,0.2817754116713484,1502.276388888889,227,0,0.0,0.0
3503,49,No,Travel_Rarely,Sales,2,2,Medical,1,3504,Female,1,Sales Executive,Married,63800,6.0,Y,23,8,1,22.0,1,9,2,3,4.0,2.0,3.0,2,4,7.224192343604108,0.3037831463301833,1719.3577777777778,238,1,0.0,0.0
3504,34,No,Travel_Frequently,Sales,9,1,Technical Degree,1,3505,Male,2,Sales Executive,Single,26570,2.0,Y,13,8,1,5.0,3,3,0,2,4.0,3.0,2.0,2,3,7.982483451536643,0.3008012974261426,1875.8836111111111,235,117,0.0,0.0
3505,29,No,Travel_Frequently,Research & Development,1,4,Medical,1,3506,Male,3,Research Scientist,Divorced,27160,0.0,Y,18,8,0,8.0,2,7,1,1,4.0,2.0,2.0,1,3,7.0917477348593225,0.2871949860884736,1652.377222222222,233,0,0.0,0.0
3506,42,No,Travel_Rarely,Sales,21,2,Life Sciences,1,3507,Female,1,Healthcare Representative,Single,22010,4.0,Y,12,8,1,16.0,3,1,0,0,2.0,4.0,3.0,4,3,7.204237640724425,0.2985593968509236,1635.3619444444444,227,1,0.0,0.0
3507,29,No,Travel_Rarely,Sales,4,2,Other,1,3508,Female,2,Healthcare Representative,Married,65400,1.0,Y,22,8,0,10.0,2,10,1,2,2.0,4.0,2.0,1,4,10.900306238615665,0.2858479332370141,2659.674722222222,244,244,463.6747222222222,1.9003062386156648
3508,38,No,Travel_Rarely,Research & Development,1,3,Medical,1,3509,Female,1,Human Resources,Married,38160,1.0,Y,13,8,2,7.0,2,7,5,0,3.0,3.0,4.0,2,3,6.495622032288699,0.2890381665361557,1519.9755555555555,234,0,0.0,0.0
3509,28,No,Travel_Frequently,Sales,6,4,Life Sciences,1,3510,Male,1,Manager,Divorced,52530,1.0,Y,15,8,0,3.0,2,3,0,2,3.0,3.0,3.0,3,3,10.676222687122268,0.3094137891381031,2551.617222222222,239,239,400.6172222222222,1.6762226871222687
3510,18,Yes,Non-Travel,Research & Development,2,4,Medical,1,3511,Male,3,Laboratory Technician,Single,109650,1.0,Y,18,8,0,0.0,5,0,0,0,3.0,3.0,3.0,4,3,7.010858690640848,0.3155028840241858,1689.6169444444445,241,0,0.0,0.0
3511,33,Yes,Travel_Rarely,Research & Development,3,2,Life Sciences,1,3512,Male,1,Sales Executive,Single,49360,0.0,Y,14,8,0,6.0,2,5,0,3,1.0,1.0,3.0,2,3,8.98498040571692,0.2973477721379992,2165.380277777778,241,241,27.058888888888887,0.1122775472568003
3512,41,No,Travel_Rarely,Research & Development,4,2,Medical,1,3513,Male,2,Research Scientist,Married,25430,3.0,Y,12,8,0,6.0,3,1,0,0,2.0,4.0,3.0,3,3,8.098481087470448,0.3147251886154468,1903.1430555555555,235,145,0.0,0.0
3513,31,Yes,Travel_Frequently,Sales,10,3,Technical Degree,1,3514,Female,1,Research Director,Married,53040,1.0,Y,17,8,0,2.0,3,2,2,2,3.0,3.0,2.0,4,3,7.127894420394421,0.2791712645740992,1646.5436111111112,231,0,0.0,0.0
3514,37,No,Travel_Rarely,Research & Development,23,3,Life Sciences,1,3515,Male,3,Manufacturing Director,Divorced,166590,7.0,Y,16,8,1,9.0,2,6,1,3,3.0,4.0,3.0,3,3,7.974104803493449,0.3126755493717048,1826.07,229,102,0.0,0.0
3515,27,No,Travel_Rarely,Research & Development,6,2,Medical,1,3516,Female,1,Healthcare Representative,Married,42600,1.0,Y,11,8,2,4.0,2,4,2,2,4.0,3.0,3.0,3,3,7.363422826592283,0.2973903532598186,1759.8580555555557,239,3,0.0,0.0
3516,34,No,Travel_Rarely,Sales,1,1,Marketing,1,3517,Female,2,Laboratory Technician,Married,24760,1.0,Y,19,8,0,6.0,2,6,1,3,2.0,3.0,2.0,3,3,7.086201716738198,0.3070223345690721,1651.085,233,1,0.0,0.0
3517,35,No,Travel_Rarely,Research & Development,6,3,Life Sciences,1,3518,Female,3,Laboratory Technician,Single,31020,1.0,Y,13,8,1,6.0,3,5,1,4,3.0,3.0,1.0,2,3,6.79575311302682,0.3381039903810299,1576.6147222222223,232,0,0.0,0.0
3518,29,Yes,Travel_Rarely,Research & Development,6,3,Life Sciences,1,3519,Male,1,Sales Executive,Married,22440,1.0,Y,12,8,3,11.0,5,11,3,10,4.0,1.0,1.0,1,3,6.771594304388422,0.292376657922914,1611.6394444444445,238,0,0.0,0.0
3519,40,No,Travel_Frequently,Research & Development,2,4,Medical,1,3520,Male,4,Human Resources,Single,75960,9.0,Y,11,8,0,20.0,0,18,2,13,2.0,3.0,2.0,1,3,6.717986997635934,0.3046799234136458,1578.7269444444444,235,0,0.0,0.0
3520,42,Yes,Travel_Frequently,Sales,2,4,Life Sciences,1,3521,Male,1,Laboratory Technician,Single,22850,0.0,Y,16,8,0,22.0,3,21,13,14,3.0,1.0,2.0,1,3,8.053107714701602,0.2632356777234684,1844.1616666666664,229,146,0.0,0.0
3521,42,No,Travel_Rarely,Research & Development,1,2,Life Sciences,1,3522,Male,4,Laboratory Technician,Single,30340,7.0,Y,21,8,1,9.0,3,6,1,5,2.0,1.0,4.0,2,4,7.705268073750607,0.2836982047249475,1764.506388888889,229,38,0.0,0.0
3522,35,No,Travel_Rarely,Research & Development,5,3,Medical,1,3523,Male,1,Healthcare Representative,Married,57150,6.0,Y,24,8,2,10.0,0,8,1,7,4.0,3.0,3.0,3,4,7.119267009300049,0.3275311985933494,1616.0736111111112,227,1,0.0,0.0
3523,24,No,Travel_Rarely,Sales,7,4,Life Sciences,1,3524,Female,1,Laboratory Technician,Single,25760,8.0,Y,17,8,3,6.0,3,4,1,2,4.0,2.0,3.0,3,3,7.937359924026591,0.2939258680634077,1857.3422222222223,234,101,0.0,0.0
3524,28,Yes,Travel_Rarely,Research & Development,15,4,Life Sciences,1,3525,Male,2,Sales Executive,Married,41970,1.0,Y,13,8,0,1.0,3,1,0,0,3.0,4.0,2.0,1,3,10.338630385487528,0.2946576397961238,2532.9644444444443,245,245,327.96444444444444,1.3386303854875283
3525,26,No,Travel_Rarely,Research & Development,1,4,Life Sciences,1,3526,Male,2,Sales Representative,Married,143360,1.0,Y,21,8,1,8.0,3,8,0,7,1.0,4.0,3.0,3,4,7.471162374821173,0.3128323132322377,1740.7808333333332,233,10,0.0,0.0
3526,30,No,Travel_Rarely,Research & Development,7,2,Life Sciences,1,3527,Female,1,Manufacturing Director,Married,34480,1.0,Y,11,8,0,10.0,3,10,1,4,3.0,3.0,3.0,3,3,7.689747044917257,0.3116930581429875,1807.0905555555555,235,38,0.0,0.0
3527,40,No,Travel_Frequently,Research & Development,26,4,Life Sciences,1,3528,Male,2,Research Scientist,Married,194060,3.0,Y,20,8,3,16.0,2,1,0,0,3.0,4.0,1.0,3,4,10.46398261065944,0.3103294587234744,2574.139722222222,246,246,360.13972222222225,1.46398261065944
3528,35,No,Travel_Rarely,Research & Development,18,5,Medical,1,3529,Female,2,Research Scientist,Divorced,65380,2.0,Y,16,8,1,15.0,3,7,6,4,3.0,2.0,4.0,3,3,6.91156457739791,0.2888492189168317,1617.306111111111,234,0,0.0,0.0
3529,34,No,Travel_Frequently,Research & Development,6,2,Life Sciences,1,3530,Male,1,Research Director,Single,43060,0.0,Y,11,8,0,14.0,2,13,4,9,4.0,1.0,3.0,3,3,7.522875816993464,0.2847637359836181,1790.4444444444443,238,8,0.0,0.0
3530,35,No,Travel_Frequently,Research & Development,3,3,Medical,1,3531,Female,2,Laboratory Technician,Married,22580,1.0,Y,11,8,1,2.0,2,2,2,2,4.0,4.0,4.0,3,3,7.963982638888889,0.3077982767863652,1911.3558333333333,240,115,0.0,0.0
3531,43,Yes,Travel_Rarely,Sales,5,3,Marketing,1,3532,Female,3,Research Scientist,Single,45220,8.0,Y,15,8,1,7.0,3,4,1,3,1.0,3.0,2.0,3,3,7.493321360153257,0.2668332509689768,1738.4505555555556,232,9,0.0,0.0
3532,32,No,Non-Travel,Research & Development,11,2,Other,1,3533,Female,2,Research Scientist,Divorced,44870,1.0,Y,11,8,0,1.0,5,1,0,0,3.0,1.0,3.0,2,3,6.594707175925927,0.3157634921124162,1582.7297222222223,240,0,0.0,0.0
3533,56,No,Travel_Rarely,Research & Development,3,2,Other,1,3534,Male,2,Healthcare Representative,Divorced,44490,2.0,Y,15,8,0,28.0,3,5,4,2,4.0,1.0,3.0,1,3,6.287570323488045,0.3251473616503802,1490.1541666666667,237,0,0.0,0.0
3534,29,No,Travel_Rarely,Research & Development,26,1,Life Sciences,1,3535,Male,1,Laboratory Technician,Married,22180,1.0,Y,24,8,1,10.0,1,10,0,8,3.0,4.0,3.0,3,4,7.50720652173913,0.30719974259622,1726.6575,230,16,0.0,0.0
3535,19,No,Travel_Rarely,Research & Development,23,4,Life Sciences,1,3536,Male,2,Laboratory Technician,Single,191970,1.0,Y,12,8,0,1.0,2,1,0,0,3.0,1.0,3.0,3,3,7.311391283524904,0.2923667483782632,1696.2427777777775,232,6,0.0,0.0
3536,45,No,Travel_Rarely,Research & Development,22,3,Life Sciences,1,3537,Female,2,Sales Representative,Married,132120,4.0,Y,13,8,0,7.0,4,3,0,2,1.0,3.0,2.0,3,3,8.789366760828624,0.2915651188428829,2074.290555555556,236,236,10.054999999999996,0.0426059322033898
3537,37,No,Travel_Rarely,Research & Development,14,4,Life Sciences,1,3538,Male,3,Research Scientist,Married,65770,1.0,Y,13,8,0,14.0,1,14,3,11,4.0,4.0,2.0,1,3,6.832842066957787,0.2970101940061579,1564.7208333333333,229,0,0.0,0.0
3538,20,No,Travel_Rarely,Research & Development,6,3,Medical,1,3539,Male,5,Research Director,Single,83920,1.0,Y,17,8,0,2.0,5,2,1,2,1.0,3.0,2.0,3,3,6.6843594348659,0.299359155816543,1550.7713888888889,232,0,0.0,0.0
3539,44,Yes,Travel_Rarely,Human Resources,6,2,Human Resources,1,3540,Male,3,Sales Executive,Single,45580,1.0,Y,13,8,1,6.0,2,6,0,2,3.0,3.0,3.0,1,3,10.408523391812864,0.3071710769073787,2570.905277777778,247,247,347.90527777777777,1.4085233918128657
3540,53,No,Travel_Rarely,Research & Development,6,4,Life Sciences,1,3541,Male,1,Research Director,Divorced,40310,3.0,Y,12,8,1,26.0,3,7,4,7,4.0,3.0,3.0,2,3,6.025689257722452,0.3014905188810621,1452.191111111111,241,0,0.0,0.0
3541,29,No,Travel_Rarely,Research & Development,23,3,Medical,1,3542,Male,1,Sales Executive,Married,79690,0.0,Y,14,8,0,6.0,3,5,1,3,2.0,4.0,2.0,3,3,8.911738128169663,0.2995988745184403,2147.728888888889,241,241,17.98583333333334,0.0746300138312586
3542,22,Yes,Travel_Frequently,Research & Development,22,4,Medical,1,3543,Male,1,Sales Representative,Married,26540,0.0,Y,24,8,0,1.0,5,0,0,0,3.0,4.0,3.0,2,4,9.879404761904762,0.2960863026871376,2420.454166666667,245,245,215.45416666666665,0.8794047619047618
3543,46,No,Travel_Rarely,Research & Development,2,3,Life Sciences,1,3544,Male,2,Research Scientist,Married,165550,8.0,Y,14,8,2,28.0,4,26,15,9,3.0,1.0,3.0,3,3,5.988304597701149,0.335399984481556,1389.2866666666666,232,0,0.0,0.0
3544,44,No,Non-Travel,Research & Development,20,3,Life Sciences,1,3545,Male,1,Sales Representative,Single,45560,2.0,Y,13,8,0,6.0,4,0,0,0,4.0,3.0,3.0,3,3,6.1978668091168085,0.3154054033432122,1450.3008333333332,234,0,0.0,0.0
3545,33,No,Travel_Rarely,Research & Development,28,4,Life Sciences,1,3546,Female,1,Manager,Married,60910,1.0,Y,15,8,0,5.0,6,5,1,4,2.0,3.0,3.0,1,3,7.799461382113821,0.3175799645987043,1918.6675,246,62,0.0,0.0
3546,41,Yes,Non-Travel,Research & Development,12,3,Life Sciences,1,3547,Male,2,Sales Representative,Divorced,195660,6.0,Y,16,8,0,5.0,2,1,0,0,1.0,1.0,1.0,4,3,7.183438069216757,0.3089769516118962,1752.7588888888888,244,0,0.0,0.0
3547,30,No,Travel_Rarely,Sales,20,3,Marketing,1,3548,Male,3,Sales Executive,Divorced,48100,8.0,Y,18,8,0,8.0,3,4,0,3,3.0,1.0,3.0,2,3,7.510671010516689,0.3035725709026398,1825.093055555556,243,13,0.0,0.0
3548,40,No,Travel_Frequently,Sales,9,3,Medical,1,3549,Male,1,Manufacturing Director,Married,45230,5.0,Y,16,8,1,5.0,5,0,0,0,2.0,2.0,3.0,4,3,6.809596926713948,0.3087208601520055,1600.2552777777778,235,0,0.0,0.0
3549,50,No,Travel_Frequently,Research & Development,25,4,Life Sciences,1,3550,Female,2,Healthcare Representative,Married,32020,2.0,Y,24,8,1,32.0,2,2,2,2,4.0,1.0,3.0,3,4,7.172575973409307,0.3130084072352728,1678.3827777777778,234,1,0.0,0.0
3550,28,No,Travel_Rarely,Research & Development,6,3,Technical Degree,1,3551,Male,2,Research Scientist,Married,23510,1.0,Y,16,8,0,6.0,4,6,3,3,4.0,1.0,3.0,3,3,7.151254137115839,0.2993813410034441,1680.5447222222222,235,0,0.0,0.0
3551,46,No,Travel_Rarely,Research & Development,8,4,Other,1,3552,Male,3,Manager,Married,17020,5.0,Y,21,8,0,25.0,2,4,0,3,4.0,2.0,3.0,3,4,7.307771990740741,0.2976906856720814,1753.8652777777777,240,1,0.0,0.0
3552,35,No,Travel_Rarely,Sales,4,4,Marketing,1,3553,Male,1,Laboratory Technician,Married,180410,3.0,Y,20,8,1,15.0,3,7,1,7,3.0,1.0,3.0,2,4,8.48795238095238,0.3229913540554545,2079.548333333333,245,233,2.8602777777777746,0.0116746031746031
3553,24,Yes,Travel_Rarely,Human Resources,28,4,Human Resources,1,3554,Male,3,Manufacturing Director,Married,28860,1.0,Y,19,8,1,1.0,5,1,0,0,4.0,2.0,1.0,3,3,6.598539312617702,0.2943405562037787,1557.2552777777778,236,0,0.0,0.0
3554,33,No,Travel_Frequently,Research & Development,9,2,Medical,1,3555,Female,1,Sales Executive,Married,20970,1.0,Y,14,8,2,10.0,5,10,0,1,2.0,3.0,2.0,2,3,6.018187714145864,0.2706368375613741,1366.128611111111,227,0,0.0,0.0
3555,36,No,Travel_Rarely,Research & Development,9,2,Medical,1,3556,Male,2,Sales Executive,Divorced,119350,1.0,Y,11,8,3,7.0,6,7,1,7,3.0,3.0,3.0,4,3,6.611998132586368,0.3003691367672088,1573.6555555555556,238,0,0.0,0.0
3556,30,No,Travel_Rarely,Sales,29,3,Marketing,1,3557,Male,1,Sales Executive,Divorced,25460,1.0,Y,14,8,1,10.0,2,10,8,9,3.0,3.0,2.0,3,3,6.015647754137117,0.26598343302952,1413.6772222222223,235,0,0.0,0.0
3557,44,No,Travel_Rarely,Research & Development,3,4,Medical,1,3558,Male,2,Research Scientist,Single,25640,1.0,Y,12,8,3,20.0,3,20,13,17,4.0,4.0,3.0,1,3,7.60671768707483,0.2949643144549078,1863.6458333333333,245,23,0.0,0.0
3558,20,No,Travel_Rarely,Research & Development,18,4,Medical,1,3559,Male,1,Human Resources,Single,84120,1.0,Y,13,8,0,2.0,2,2,2,2,3.0,4.0,3.0,2,3,6.301012857836002,0.290673599681942,1442.9319444444443,229,0,0.0,0.0
3559,46,No,Travel_Rarely,Sales,9,1,Medical,1,3560,Female,1,Sales Executive,Divorced,141180,2.0,Y,22,8,0,12.0,3,6,1,4,4.0,4.0,2.0,3,4,6.224990623534927,0.3246925091653154,1475.3227777777777,237,0,0.0,0.0
3560,42,No,Non-Travel,Research & Development,5,4,Medical,1,3561,Male,5,Sales Executive,Married,170460,7.0,Y,11,8,0,10.0,3,4,0,3,4.0,1.0,4.0,2,3,7.486526639344262,0.2798341425678146,1826.7125,244,8,0.0,0.0
3561,60,No,Travel_Rarely,Sales,2,2,Life Sciences,1,3562,Male,2,Sales Executive,Divorced,25640,0.0,Y,14,8,1,12.0,3,11,1,9,2.0,4.0,3.0,3,3,8.602125850340137,0.2883421596280408,2107.520833333333,245,240,2.539722222222224,0.0103662131519274
3562,32,No,Travel_Frequently,Sales,10,3,Life Sciences,1,3563,Female,1,Sales Executive,Married,102660,1.0,Y,11,8,0,2.0,3,2,2,2,3.0,2.0,3.0,3,3,7.289922267946959,0.2808874259830768,1771.451111111111,243,0,0.0,0.0
3563,32,No,Travel_Frequently,Research & Development,9,3,Life Sciences,1,3564,Female,2,Research Scientist,Single,50700,4.0,Y,12,8,1,10.0,6,8,0,7,4.0,3.0,3.0,3,3,8.40896686159844,0.319366702980965,1917.2444444444443,228,204,0.5183333333333344,0.0022733918128655
3564,36,No,Travel_Rarely,Sales,3,2,Marketing,1,3565,Male,4,Healthcare Representative,Divorced,178610,2.0,Y,18,8,0,17.0,2,7,7,7,3.0,1.0,3.0,2,3,7.989745467224547,0.2926160963964656,1909.549166666667,239,117,0.0,0.0
3565,33,No,Travel_Rarely,Sales,26,2,Marketing,1,3566,Male,1,Research Scientist,Married,42300,0.0,Y,12,8,0,15.0,0,14,4,10,1.0,4.0,3.0,3,3,6.125854044834308,0.2930229726804887,1396.6947222222225,228,0,0.0,0.0
3566,40,No,Travel_Rarely,Research & Development,1,3,Medical,1,3567,Female,2,Research Scientist,Divorced,37800,7.0,Y,12,8,0,7.0,2,5,1,3,2.0,2.0,4.0,1,3,7.32233574879227,0.3074819186954188,1684.137222222222,230,3,0.0,0.0
3567,25,No,Travel_Rarely,Research & Development,6,2,Medical,1,3568,Female,1,Laboratory Technician,Single,27680,0.0,Y,22,8,1,5.0,0,4,1,1,3.0,4.0,3.0,3,4,8.015267489711935,0.2871649635443951,1947.71,243,126,0.0,0.0
3568,30,No,Travel_Rarely,Sales,9,3,Marketing,1,3569,Female,1,Research Scientist,Married,90710,0.0,Y,19,8,1,12.0,2,11,5,7,4.0,2.0,3.0,2,3,9.18669976359338,0.3153198545872023,2158.8744444444446,235,235,56.42694444444444,0.2401146572104018
3569,42,No,Travel_Frequently,Human Resources,8,2,Medical,1,3570,Male,1,Sales Executive,Married,106480,3.0,Y,13,8,1,20.0,1,1,0,0,1.0,1.0,3.0,3,3,9.4596490004649,0.3194624859889762,2260.856111111111,239,239,113.0636111111111,0.4730695025569502
3570,35,No,Non-Travel,Research & Development,1,1,Life Sciences,1,3571,Male,2,Sales Executive,Married,136100,4.0,Y,22,8,2,16.0,4,13,4,12,3.0,4.0,2.0,2,4,9.811535269709545,0.2803596584565196,2364.58,241,241,195.6425,0.8117946058091285
3571,27,No,Travel_Rarely,Research & Development,7,3,Life Sciences,1,3572,Male,3,Manufacturing Director,Married,34080,1.0,Y,24,8,0,9.0,2,9,6,8,1.0,1.0,2.0,3,4,9.161649011299437,0.2719937841433604,2162.1491666666666,236,236,48.76472222222222,0.2066301789077212
3572,54,No,Travel_Frequently,Research & Development,9,2,Medical,1,3573,Male,2,Sales Representative,Divorced,29830,7.0,Y,14,8,1,33.0,2,5,1,4,4.0,3.0,1.0,2,3,6.281152433425161,0.3064914168094871,1520.038888888889,242,0,0.0,0.0
3573,44,No,Travel_Rarely,Human Resources,4,4,Life Sciences,1,3574,Male,5,Laboratory Technician,Married,76320,1.0,Y,21,8,0,10.0,3,10,7,7,1.0,4.0,3.0,3,4,6.012280521262003,0.3055855901301747,1460.9841666666666,243,0,0.0,0.0
3574,19,Yes,Non-Travel,Sales,2,2,Other,1,3575,Male,3,Healthcare Representative,Single,98240,1.0,Y,18,8,0,1.0,2,1,0,0,1.0,2.0,4.0,3,3,8.410409663865547,0.2761601205752865,2001.6775,238,222,0.3783333333333338,0.0015896358543417
3575,29,No,Travel_Rarely,Research & Development,19,4,Life Sciences,1,3576,Male,1,Manufacturing Director,Divorced,99500,1.0,Y,20,8,0,3.0,3,3,1,2,1.0,4.0,3.0,3,4,7.381258381226054,0.2981274900613572,1712.4519444444445,232,5,0.0,0.0
3576,54,No,Travel_Rarely,Research & Development,9,4,Life Sciences,1,3577,Male,2,Sales Executive,Married,20930,3.0,Y,19,8,0,36.0,2,10,0,9,4.0,4.0,3.0,3,3,7.696354595336077,0.2816209962242298,1870.2141666666664,243,30,0.0,0.0
3577,31,No,Travel_Rarely,Research & Development,21,3,Life Sciences,1,3578,Male,2,Laboratory Technician,Married,99800,1.0,Y,12,8,0,6.0,1,6,0,1,3.0,1.0,2.0,3,3,8.616800281293951,0.2992538363806512,2042.1816666666664,237,231,3.5736111111111075,0.0150785278949835
3578,31,No,Travel_Rarely,Sales,24,1,Marketing,1,3579,Female,1,Sales Executive,Single,38940,1.0,Y,12,8,0,10.0,3,10,1,8,3.0,1.0,3.0,4,3,7.3063901179941,0.3166673288901324,1651.2441666666666,226,2,0.0,0.0
3579,59,No,Travel_Rarely,Research & Development,3,4,Technical Degree,1,3580,Male,1,Research Scientist,Single,40510,5.0,Y,16,8,3,13.0,3,6,0,5,3.0,4.0,3.0,3,3,7.375862445414847,0.2850919386093031,1689.0725,229,4,0.0,0.0
3580,43,No,Travel_Rarely,Research & Development,11,2,Life Sciences,1,3581,Male,3,Laboratory Technician,Married,168350,3.0,Y,17,8,1,25.0,3,8,0,7,3.0,4.0,3.0,3,3,6.567780182780183,0.2921518669454814,1517.1572222222223,231,0,0.0,0.0
3581,49,No,Travel_Rarely,Sales,14,4,Life Sciences,1,3582,Male,2,Research Scientist,Married,62300,2.0,Y,14,8,0,23.0,2,1,0,0,1.0,3.0,4.0,2,3,6.683643719806764,0.3048629417075823,1537.2380555555555,230,0,0.0,0.0
3582,36,No,Travel_Frequently,Sales,5,2,Marketing,1,3583,Female,1,Laboratory Technician,Married,47170,1.0,Y,19,8,1,12.0,3,11,0,7,3.0,2.0,2.0,3,3,6.057707423580785,0.2944350007393366,1387.215,229,0,0.0,0.0
3583,48,No,Travel_Rarely,Research & Development,1,4,Life Sciences,1,3584,Female,2,Laboratory Technician,Single,132370,5.0,Y,13,8,1,7.0,2,1,0,0,4.0,2.0,2.0,4,3,6.084178691678692,0.3233470671082928,1405.4452777777778,231,0,0.0,0.0
3584,27,No,Travel_Rarely,Research & Development,6,4,Life Sciences,1,3585,Male,2,Laboratory Technician,Divorced,37550,1.0,Y,19,8,0,5.0,2,5,0,3,1.0,3.0,3.0,3,3,7.9875104602510465,0.2945667019876793,1909.015,239,115,0.0,0.0
3585,29,No,Travel_Rarely,Sales,17,4,Medical,1,3586,Male,1,Laboratory Technician,Divorced,65820,1.0,Y,19,8,1,6.0,3,6,1,0,3.0,4.0,3.0,3,3,8.767204415954415,0.2886915158120864,2051.525833333333,234,233,7.650277777777783,0.0326934947768281
3586,48,No,Travel_Rarely,Sales,1,1,Marketing,1,3587,Male,2,Manufacturing Director,Single,74060,6.0,Y,14,8,2,25.0,2,1,0,0,4.0,4.0,4.0,3,3,6.171156835848194,0.3136242268465922,1499.591111111111,243,0,0.0,0.0
3587,29,No,Travel_Rarely,Research & Development,3,3,Technical Degree,1,3588,Female,2,Healthcare Representative,Divorced,48050,3.0,Y,16,8,1,9.0,2,7,1,7,4.0,4.0,2.0,3,3,6.8710367271036725,0.3063549622917703,1642.1777777777777,239,0,0.0,0.0
3588,34,No,Travel_Rarely,Sales,9,4,Medical,1,3589,Female,2,Laboratory Technician,Married,27410,0.0,Y,15,8,1,2.0,3,1,0,0,3.0,3.0,2.0,3,3,6.001669010782935,0.289053186466306,1422.3955555555556,237,0,0.0,0.0
3589,44,No,Travel_Rarely,Research & Development,4,3,Life Sciences,1,3590,Female,1,Laboratory Technician,Married,42620,7.0,Y,18,8,0,26.0,2,22,3,10,2.0,2.0,3.0,3,3,7.018062865497076,0.2986149989172546,1600.118333333333,228,0,0.0,0.0
3590,33,No,Travel_Rarely,Research & Development,8,2,Life Sciences,1,3591,Female,2,Research Scientist,Divorced,161840,0.0,Y,13,8,1,10.0,2,9,0,8,4.0,3.0,3.0,4,3,10.974695821854914,0.2953468087972482,2655.876388888889,242,242,477.8763888888889,1.9746958218549129
3591,19,No,Travel_Rarely,Sales,2,4,Marketing,1,3592,Male,3,Laboratory Technician,Single,115570,1.0,Y,22,8,0,1.0,0,1,0,1,2.0,4.0,3.0,3,4,10.772186192468618,0.3194455826407075,2574.5525,239,239,423.5525,1.7721861924686193
3592,23,No,Travel_Rarely,Sales,2,3,Medical,1,3593,Male,3,Laboratory Technician,Married,18780,1.0,Y,13,8,1,1.0,2,1,0,1,4.0,3.0,3.0,3,3,7.480851775011525,0.2917036930519987,1802.8852777777777,241,10,0.0,0.0
3593,25,Yes,Travel_Frequently,Research & Development,1,1,Life Sciences,1,3594,Male,1,Manufacturing Director,Single,109320,1.0,Y,11,8,1,1.0,3,1,1,0,3.0,4.0,3.0,3,3,9.216998866213151,0.3105300714169631,2258.1647222222223,245,245,63.40222222222222,0.2587845804988662
3594,26,No,Travel_Rarely,Human Resources,9,3,Life Sciences,1,3595,Male,2,Research Scientist,Single,68110,1.0,Y,11,8,1,8.0,4,8,2,2,3.0,4.0,2.0,3,3,8.701572504708096,0.3022177759206093,2053.571111111111,236,232,6.268611111111117,0.0265619114877589
3595,45,Yes,Travel_Rarely,Human Resources,12,3,Human Resources,1,3596,Male,2,Laboratory Technician,Single,43060,2.0,Y,11,8,2,26.0,3,24,1,11,1.0,2.0,3.0,3,3,9.921010536398468,0.3029117661099932,2301.6744444444444,232,232,213.67444444444445,0.9210105363984674
3596,55,No,Non-Travel,Research & Development,27,3,Life Sciences,1,3597,Female,2,Manager,Divorced,48590,1.0,Y,24,8,1,34.0,3,33,15,0,4.0,2.0,3.0,4,4,9.585816854990584,0.283278248231597,2262.2527777777777,236,236,138.35972222222222,0.5862700094161958
3597,21,Yes,Travel_Frequently,Research & Development,20,2,Medical,1,3598,Female,4,Research Scientist,Single,53370,1.0,Y,14,8,1,2.0,2,2,2,2,1.0,3.0,1.0,3,3,7.574681712962962,0.3129127089792345,1817.923611111111,240,22,0.0,0.0
3598,46,No,Travel_Rarely,Research & Development,1,4,Life Sciences,1,3599,Male,1,Manufacturing Director,Married,23400,2.0,Y,13,8,1,26.0,2,11,0,8,4.0,2.0,3.0,1,3,6.890804473304473,0.2957058850384187,1591.7758333333334,231,0,0.0,0.0
3599,34,No,Travel_Rarely,Sales,13,4,Medical,1,3600,Male,3,Sales Representative,Single,74910,0.0,Y,14,8,1,4.0,3,3,0,2,3.0,1.0,3.0,2,3,8.90358126721763,0.2972988612163783,2154.6666666666665,242,242,19.098888888888894,0.078921028466483
3600,51,No,Travel_Frequently,Research & Development,14,3,Life Sciences,1,3601,Male,2,Research Director,Divorced,105270,4.0,Y,14,8,0,31.0,3,29,11,10,4.0,2.0,2.0,3,3,11.016749058380414,0.3161007132229873,2599.9527777777776,236,236,475.9527777777778,2.016749058380414
3601,59,No,Travel_Rarely,Research & Development,4,2,Life Sciences,1,3602,Male,2,Research Scientist,Single,165950,6.0,Y,21,8,1,25.0,2,9,5,4,4.0,4.0,2.0,3,4,6.611488842398884,0.2867440303118646,1580.1458333333333,239,0,0.0,0.0
3602,34,No,Travel_Frequently,Sales,14,4,Medical,1,3603,Female,3,Research Scientist,Divorced,88340,4.0,Y,13,8,1,15.0,1,11,5,10,3.0,2.0,4.0,3,3,6.784612048757618,0.2897810103332075,1607.9530555555557,237,0,0.0,0.0
3603,28,No,Travel_Frequently,Research & Development,2,3,Other,1,3604,Female,1,Manager,Single,55770,0.0,Y,19,8,0,5.0,3,4,0,2,4.0,3.0,2.0,3,3,10.41130662851693,0.2884672672122687,2425.8344444444447,233,233,328.83444444444444,1.411306628516929
3604,44,No,Travel_Rarely,Research & Development,3,4,Life Sciences,1,3605,Male,2,Research Scientist,Divorced,47070,1.0,Y,17,8,0,26.0,4,25,14,13,3.0,1.0,2.0,1,3,7.800247973295184,0.3033397553181937,1817.457777777778,233,61,0.0,0.0
3605,34,No,Travel_Frequently,Sales,1,3,Life Sciences,1,3606,Male,2,Sales Executive,Married,24000,4.0,Y,18,8,1,14.0,3,10,1,8,3.0,2.0,4.0,3,3,7.502873015873016,0.2843824937962562,1838.203888888889,245,4,0.0,0.0
3606,35,No,Travel_Rarely,Research & Development,9,3,Life Sciences,1,3607,Male,4,Healthcare Representative,Married,98240,0.0,Y,19,8,0,4.0,2,3,2,2,3.0,3.0,3.0,3,3,10.486299475441106,0.3112343040305234,2443.3077777777776,233,233,346.3077777777778,1.4862994754411063
3607,42,No,Travel_Rarely,Research & Development,23,4,Life Sciences,1,3608,Female,1,Manager,Married,64470,6.0,Y,13,8,0,18.0,3,1,0,0,2.0,2.0,3.0,3,3,9.393627946127946,0.278012820336477,2169.928055555556,231,231,93.18361111111112,0.4033922558922559
3608,43,No,Travel_Rarely,Research & Development,7,2,Medical,1,3609,Female,1,Laboratory Technician,Single,195020,3.0,Y,18,8,2,23.0,3,21,15,17,4.0,4.0,4.0,4,3,6.400272967772968,0.2702888109188938,1478.4630555555557,231,0,0.0,0.0
3609,36,No,Travel_Rarely,Research & Development,2,4,Medical,1,3610,Male,1,Healthcare Representative,Single,27250,9.0,Y,21,8,1,18.0,4,16,5,12,3.0,2.0,3.0,2,4,10.60671158392435,0.2921914781938005,2492.577222222222,235,235,377.5772222222223,1.60671158392435
3610,44,Yes,Travel_Rarely,Research & Development,21,4,Life Sciences,1,3611,Female,2,Laboratory Technician,Married,62720,1.0,Y,19,8,1,10.0,3,10,0,5,1.0,4.0,3.0,3,3,6.000892687559354,0.3043767314179078,1404.2088888888889,234,0,0.0,0.0
3611,28,No,Travel_Frequently,Research & Development,2,3,Life Sciences,1,3612,Female,2,Sales Representative,Married,21270,1.0,Y,14,8,0,2.0,3,2,2,2,4.0,4.0,3.0,3,3,9.693598218471635,0.2662981765825209,2297.382777777778,237,237,164.46222222222224,0.6939334270979841
3612,51,No,Travel_Frequently,Sales,21,4,Medical,1,3613,Male,2,Research Scientist,Single,182000,0.0,Y,17,8,0,8.0,3,7,7,7,2.0,3.0,2.0,3,3,6.988612329434698,0.3243366741905292,1593.403611111111,228,0,0.0,0.0
3613,30,No,Non-Travel,Research & Development,2,4,Other,1,3614,Male,1,Research Scientist,Single,20960,7.0,Y,11,8,3,10.0,2,8,1,7,3.0,3.0,3.0,3,3,9.523287037037038,0.2818444853942918,2228.4491666666668,234,234,123.33805555555556,0.5270857075023742
3614,29,Yes,Travel_Rarely,Research & Development,29,4,Technical Degree,1,3615,Female,1,Sales Representative,Divorced,28860,3.0,Y,13,8,0,10.0,4,7,7,7,2.0,3.0,3.0,3,3,8.415431074227754,0.3195448350715506,2028.118888888889,241,218,0.7405555555555559,0.0030728446288612
3615,28,No,Travel_Rarely,Sales,1,4,Life Sciences,1,3616,Female,2,Sales Representative,Single,20330,2.0,Y,15,8,1,5.0,5,3,1,2,4.0,1.0,2.0,3,3,6.853197374589779,0.3247724373243509,1624.2077777777777,237,0,0.0,0.0
3616,25,No,Travel_Rarely,Research & Development,18,2,Life Sciences,1,3617,Male,1,Research Scientist,Single,36220,1.0,Y,25,8,0,2.0,0,2,2,1,4.0,2.0,2.0,3,4,8.023296999531176,0.2988719445861068,1901.5213888888889,237,127,0.0,0.0
3617,32,No,Travel_Rarely,Research & Development,10,4,Other,1,3618,Female,1,Sales Executive,Married,42330,1.0,Y,11,8,0,10.0,5,10,0,8,3.0,4.0,4.0,3,3,6.810012236906511,0.2877252700022243,1545.872777777778,227,0,0.0,0.0
3618,45,No,Travel_Frequently,Research & Development,19,3,Medical,1,3619,Male,3,Laboratory Technician,Single,36810,3.0,Y,17,8,1,22.0,2,0,0,0,2.0,2.0,3.0,3,3,6.005568502824858,0.3106718321460288,1417.3141666666666,236,0,0.0,0.0
3619,39,No,Travel_Rarely,Sales,29,1,Marketing,1,3620,Female,1,Laboratory Technician,Divorced,54600,6.0,Y,13,8,2,21.0,3,19,15,2,3.0,2.0,3.0,3,3,8.409169082125604,0.2753482116947619,1934.108888888889,230,215,0.3063888888888897,0.0013321256038647
3620,58,No,Travel_Rarely,Research & Development,27,3,Other,1,3621,Male,2,Laboratory Technician,Divorced,21870,1.0,Y,18,8,1,2.0,1,2,2,2,1.0,3.0,3.0,1,3,5.99651125795399,0.3038395262766937,1361.2080555555556,227,0,0.0,0.0
3621,32,Yes,Travel_Rarely,Research & Development,5,3,Technical Degree,1,3622,Female,1,Sales Executive,Married,96020,1.0,Y,13,8,1,10.0,3,10,1,1,4.0,3.0,3.0,3,3,6.469036643026004,0.3107726261779995,1520.223611111111,235,0,0.0,0.0
3622,39,Yes,Travel_Rarely,Research & Development,18,2,Life Sciences,1,3623,Male,2,Laboratory Technician,Single,28360,0.0,Y,20,8,0,6.0,3,5,0,3,3.0,1.0,3.0,2,4,7.7087741046831955,0.3155721982227679,1865.5233333333333,242,41,0.0,0.0
3623,30,No,Travel_Rarely,Sales,9,1,Marketing,1,3624,Male,4,Research Director,Married,40890,0.0,Y,18,8,0,10.0,2,9,6,7,1.0,4.0,3.0,4,3,6.203796695402298,0.2837950791450963,1439.2808333333332,232,0,0.0,0.0
3624,36,No,Travel_Rarely,Sales,1,3,Marketing,1,3625,Male,2,Sales Executive,Married,166270,3.0,Y,12,8,0,10.0,5,7,1,7,4.0,3.0,3.0,2,3,6.693960113960115,0.307786373945894,1566.3866666666668,234,0,0.0,0.0
3625,46,No,Travel_Rarely,Sales,4,3,Medical,1,3626,Male,1,Research Scientist,Single,26190,6.0,Y,12,8,1,10.0,3,7,5,7,4.0,1.0,4.0,2,3,7.701045751633987,0.2949293440368547,1832.848888888889,238,38,0.0,0.0
3626,28,No,Non-Travel,Research & Development,1,3,Medical,1,3627,Male,5,Sales Executive,Married,56790,0.0,Y,13,8,0,10.0,2,9,7,5,3.0,4.0,3.0,2,3,8.003764650726676,0.3003490868630912,1896.8922222222225,237,120,0.0,0.0
3627,50,No,Travel_Rarely,Research & Development,20,2,Medical,1,3628,Female,5,Laboratory Technician,Married,154020,4.0,Y,21,8,0,25.0,3,3,1,2,4.0,1.0,3.0,2,4,10.389254385964913,0.2949245615688751,2566.145833333333,247,247,343.1458333333333,1.3892543859649122
3628,40,Yes,Travel_Rarely,Sales,8,1,Other,1,3629,Male,1,Laboratory Technician,Single,59850,2.0,Y,13,8,3,9.0,1,5,1,0,4.0,2.0,3.0,2,3,9.79205054840248,0.2980619744747017,2281.547777777778,233,233,184.54777777777775,0.7920505484024798
3629,52,Yes,Travel_Rarely,Research & Development,3,2,Technical Degree,1,3630,Male,3,Laboratory Technician,Single,25790,9.0,Y,19,8,1,10.0,1,8,7,7,2.0,2.0,2.0,3,3,10.045850023843586,0.2848662255913785,2340.683055555556,233,233,243.68305555555557,1.045850023843586
3630,30,No,Travel_Rarely,Research & Development,6,4,Medical,1,3631,Female,1,Sales Executive,Married,30410,1.0,Y,11,8,1,9.0,2,9,0,8,2.0,1.0,3.0,2,3,10.366412529550828,0.3036806721047415,2436.1069444444443,235,235,321.1069444444444,1.3664125295508274
3631,39,No,Travel_Rarely,Research & Development,26,1,Medical,1,3632,Male,2,Healthcare Representative,Single,34470,0.0,Y,14,8,0,9.0,5,8,1,7,1.0,3.0,3.0,3,3,5.983080137659784,0.2882673502786187,1352.1761111111111,226,0,0.0,0.0
3632,31,No,Non-Travel,Research & Development,1,2,Medical,1,3633,Male,1,Sales Executive,Divorced,195130,1.0,Y,12,8,1,10.0,1,10,9,6,4.0,3.0,2.0,2,3,10.114511784511784,0.3105881498067874,2336.452222222222,231,231,257.45222222222225,1.114511784511785
3633,41,No,Non-Travel,Sales,6,3,Life Sciences,1,3634,Female,1,Research Director,Single,27730,1.0,Y,11,8,0,19.0,3,19,11,9,3.0,2.0,3.0,3,3,7.79622335600907,0.2917801122702478,1910.074722222222,245,66,0.0,0.0
3634,31,Yes,Travel_Frequently,Research & Development,3,1,Life Sciences,1,3635,Male,1,Sales Executive,Single,71040,1.0,Y,14,8,1,3.0,3,3,2,2,4.0,2.0,4.0,3,3,9.076394927536231,0.2835535594231678,2087.570833333333,230,230,36.28694444444445,0.1577693236714976
3635,44,Yes,Travel_Rarely,Sales,5,3,Life Sciences,1,3636,Male,1,Laboratory Technician,Married,63220,4.0,Y,11,8,1,10.0,2,3,1,2,1.0,1.0,4.0,3,3,6.025931513409962,0.3169529967459075,1398.016111111111,232,0,0.0,0.0
3636,42,No,Non-Travel,Research & Development,4,3,Life Sciences,1,3637,Male,2,Laboratory Technician,Married,20830,0.0,Y,12,8,2,21.0,3,20,2,10,3.0,3.0,2.0,2,3,9.696563829787234,0.2993119796748735,2278.6925,235,235,164.27583333333334,0.6990460992907802
3637,55,No,Travel_Rarely,Sales,11,3,Technical Degree,1,3638,Male,2,Manufacturing Director,Married,83810,4.0,Y,15,8,1,23.0,3,19,9,11,4.0,3.0,3.0,3,3,6.592413632119515,0.2957718483632002,1568.9944444444443,238,0,0.0,0.0
3638,56,No,Travel_Rarely,Sales,3,2,Medical,1,3639,Female,3,Manufacturing Director,Single,26910,6.0,Y,16,8,1,36.0,6,7,7,7,4.0,2.0,3.0,3,3,7.954343765162542,0.2881796327231546,1821.5447222222224,229,103,0.0,0.0
3639,40,No,Non-Travel,Research & Development,1,1,Life Sciences,1,3640,Male,1,Laboratory Technician,Divorced,42860,9.0,Y,15,8,0,6.0,6,4,0,0,3.0,3.0,3.0,3,3,7.242989028944911,0.3030869987877624,1723.8313888888888,238,1,0.0,0.0
3640,34,No,Travel_Rarely,Research & Development,3,2,Technical Degree,1,3641,Male,2,Research Director,Divorced,26590,0.0,Y,24,8,3,10.0,2,9,1,6,4.0,4.0,2.0,3,4,7.407423371647509,0.2964763719404578,1718.522222222222,232,3,0.0,0.0
3641,40,No,Travel_Rarely,Sales,4,3,Medical,1,3642,Male,2,Sales Executive,Single,94340,1.0,Y,13,8,1,9.0,3,9,8,8,3.0,4.0,3.0,2,3,6.011237373737374,0.2966735325929824,1388.5958333333333,231,0,0.0,0.0
3642,41,No,Travel_Frequently,Sales,1,4,Other,1,3643,Female,2,Healthcare Representative,Divorced,55610,0.0,Y,11,8,0,10.0,2,9,1,7,3.0,1.0,3.0,2,3,7.692890733056708,0.2985096350777294,1853.986666666667,241,32,0.0,0.0
3643,35,No,Travel_Frequently,Sales,1,2,Technical Degree,1,3644,Male,2,Manager,Single,66460,1.0,Y,13,8,1,9.0,2,9,1,1,3.0,3.0,3.0,2,3,9.53671522131888,0.2952994759775938,2346.0319444444444,246,246,133.0388888888889,0.5408084914182475
3644,51,No,Travel_Rarely,Sales,18,2,Life Sciences,1,3645,Male,4,Manufacturing Director,Divorced,77250,1.0,Y,13,8,1,33.0,2,33,0,10,3.0,2.0,3.0,3,3,9.520574751580847,0.3059261552927281,2342.061388888889,246,246,128.4413888888889,0.5221194670280036
3645,38,No,Travel_Rarely,Sales,2,4,Life Sciences,1,3646,Female,1,Research Scientist,Divorced,107250,3.0,Y,18,8,0,11.0,5,7,1,7,2.0,1.0,3.0,2,3,6.602037795992714,0.2896211758618755,1610.897222222222,244,0,0.0,0.0
3646,34,No,Travel_Rarely,Sales,4,3,Life Sciences,1,3647,Male,2,Research Scientist,Single,88470,1.0,Y,16,8,0,10.0,3,10,9,6,3.0,1.0,4.0,4,3,7.220665204678363,0.3055578819348564,1646.3116666666667,228,1,0.0,0.0
3647,25,No,Travel_Rarely,Research & Development,6,2,Medical,1,3648,Female,4,Research Scientist,Married,20450,3.0,Y,19,8,0,7.0,3,3,1,2,4.0,4.0,2.0,3,3,6.35966849565615,0.2652830865900032,1545.3994444444445,243,0,0.0,0.0
3648,58,Yes,Travel_Rarely,Sales,1,4,Technical Degree,1,3649,Male,2,Sales Executive,Married,10090,7.0,Y,13,8,2,31.0,3,10,5,9,3.0,1.0,2.0,4,3,8.51428014184397,0.2825514851187849,2000.8558333333333,235,228,1.025833333333333,0.0043652482269503
3649,40,No,Travel_Rarely,Research & Development,14,4,Medical,1,3650,Female,1,Research Scientist,Married,33480,3.0,Y,22,8,0,7.0,2,4,0,3,2.0,2.0,3.0,1,4,6.070584370677731,0.312968992932389,1463.0108333333333,241,0,0.0,0.0
3650,36,No,Travel_Frequently,Sales,16,2,Life Sciences,1,3651,Male,1,Research Scientist,Married,12810,2.0,Y,11,8,0,17.0,2,15,6,13,1.0,1.0,2.0,3,3,6.125462555066079,0.3075253108396318,1390.48,227,0,0.0,0.0
3651,48,No,Travel_Rarely,Research & Development,2,1,Life Sciences,1,3652,Male,2,Research Scientist,Single,28190,1.0,Y,20,8,0,11.0,2,10,0,8,4.0,4.0,3.0,2,4,7.6162530062530065,0.2780875420914667,1759.3544444444444,231,15,0.0,0.0
3652,27,No,Travel_Rarely,Research & Development,2,3,Life Sciences,1,3653,Female,2,Laboratory Technician,Married,48510,8.0,Y,18,8,0,5.0,2,1,0,0,3.0,4.0,3.0,3,3,7.089723409306743,0.3063608503133873,1658.9952777777778,234,1,0.0,0.0
3653,51,No,Travel_Rarely,Research & Development,4,1,Medical,1,3654,Female,3,Manufacturing Director,Single,40280,3.0,Y,14,8,0,29.0,3,5,0,3,4.0,2.0,2.0,3,3,7.49251859600186,0.2888233530406021,1790.7119444444445,239,10,0.0,0.0
3654,18,No,Non-Travel,Research & Development,1,4,Medical,1,3655,Male,2,Sales Executive,Single,27200,1.0,Y,22,8,1,0.0,2,0,0,0,4.0,4.0,3.0,3,4,7.886312299954275,0.2917836424916945,1916.3738888888888,243,82,0.0,0.0
3655,35,No,Travel_Rarely,Research & Development,1,4,Other,1,3656,Female,2,Research Director,Married,81200,0.0,Y,13,8,0,10.0,2,9,0,0,4.0,4.0,3.0,2,3,7.244599908550525,0.3061921960823499,1760.4377777777777,243,3,0.0,0.0
3656,27,No,Travel_Frequently,Research & Development,26,4,Medical,1,3657,Female,1,Research Director,Single,46470,3.0,Y,17,8,0,8.0,3,6,0,0,4.0,4.0,3.0,4,3,7.425011622501162,0.2897149863413445,1774.5777777777778,239,3,0.0,0.0
3657,55,Yes,Travel_Rarely,Research & Development,19,3,Technical Degree,1,3658,Male,1,Human Resources,Single,46800,6.0,Y,14,8,3,24.0,0,19,3,8,1.0,3.0,2.0,4,3,8.667409344490935,0.3006768916693107,2071.5108333333333,239,236,4.653888888888886,0.0194723384472338
3658,56,No,Travel_Rarely,Research & Development,24,4,Life Sciences,1,3659,Male,2,Laboratory Technician,Married,32210,4.0,Y,15,8,2,33.0,2,19,15,9,4.0,2.0,3.0,3,3,10.390627394636017,0.2739747777190653,2410.625555555556,232,232,322.62555555555554,1.3906273946360153
3659,34,No,Non-Travel,Sales,1,2,Life Sciences,1,3660,Male,2,Research Scientist,Divorced,86210,1.0,Y,17,8,1,5.0,1,5,0,0,1.0,3.0,3.0,3,3,6.378502155172414,0.3090053167013543,1479.8125,232,0,0.0,0.0
3660,40,No,Travel_Rarely,Research & Development,3,3,Life Sciences,1,3661,Male,2,Sales Executive,Divorced,45770,5.0,Y,11,8,1,15.0,3,12,11,8,2.0,3.0,3.0,2,3,6.527122079160705,0.2924010195848102,1520.8194444444443,233,0,0.0,0.0
3661,34,No,Travel_Rarely,Research & Development,5,3,Life Sciences,1,3662,Male,1,Research Scientist,Married,45530,4.0,Y,18,8,1,10.0,2,8,7,7,2.0,3.0,3.0,4,3,7.176608309990662,0.3071404096699311,1708.0327777777777,238,1,0.0,0.0
3662,31,Yes,Travel_Frequently,Research & Development,2,2,Medical,1,3663,Female,2,Manufacturing Director,Single,53960,7.0,Y,17,8,1,3.0,2,1,0,0,3.0,4.0,4.0,1,3,7.710824188385916,0.2822961058645382,1873.7302777777777,243,38,0.0,0.0
3663,35,Yes,Travel_Frequently,Research & Development,1,2,Medical,1,3664,Male,1,Manufacturing Director,Married,67960,0.0,Y,13,8,0,5.0,2,4,3,2,4.0,3.0,2.0,3,3,9.076310835629016,0.3144693664464011,2196.467222222222,242,242,41.00944444444445,0.1694605142332415
3664,38,No,Travel_Frequently,Research & Development,7,3,Medical,1,3665,Female,2,Sales Representative,Divorced,76250,1.0,Y,15,8,0,4.0,2,4,0,3,4.0,3.0,3.0,2,3,6.445643886564389,0.2962647090917162,1540.5088888888888,239,0,0.0,0.0
3665,34,No,Travel_Rarely,Research & Development,10,4,Other,1,3666,Female,2,Laboratory Technician,Single,74120,1.0,Y,24,8,0,14.0,4,14,4,11,3.0,4.0,4.0,3,4,7.897642390289449,0.3017667841071068,1879.638888888889,238,89,0.0,0.0
3666,28,No,Travel_Rarely,Research & Development,2,3,Life Sciences,1,3667,Female,2,Healthcare Representative,Married,111590,1.0,Y,12,8,0,5.0,2,5,0,4,3.0,1.0,3.0,3,3,6.683855703048181,0.3063640145115486,1510.5513888888888,226,0,0.0,0.0
3667,31,Yes,Travel_Rarely,Research & Development,15,2,Life Sciences,1,3668,Male,2,Sales Executive,Married,49600,1.0,Y,15,8,0,10.0,3,10,6,7,4.0,3.0,2.0,2,3,10.903695116487452,0.2942861412945077,2704.1163888888887,248,248,472.1163888888889,1.9036951164874552
3668,39,No,Travel_Rarely,Research & Development,17,4,Technical Degree,1,3669,Female,2,Healthcare Representative,Married,104750,3.0,Y,11,8,1,8.0,3,5,1,4,1.0,4.0,4.0,3,3,10.287627563185502,0.3181782637056864,2397.0172222222222,233,233,300.01722222222224,1.2876275631855032
3669,51,No,Travel_Frequently,Research & Development,20,3,Medical,1,3670,Male,2,Sales Executive,Married,148140,2.0,Y,11,8,1,14.0,2,4,3,2,2.0,2.0,3.0,2,3,7.073883994126286,0.2990486640898225,1605.7716666666668,227,0,0.0,0.0
3670,41,No,Travel_Frequently,Research & Development,1,3,Life Sciences,1,3671,Male,4,Sales Executive,Divorced,191410,3.0,Y,12,8,1,12.0,2,6,3,3,4.0,4.0,2.0,3,3,10.689122983870968,0.3001439540592345,2650.9025,248,248,418.9025,1.6891229838709678
3671,37,No,Travel_Rarely,Research & Development,2,2,Medical,1,3672,Female,1,Healthcare Representative,Married,54050,7.0,Y,15,8,0,8.0,3,6,1,3,3.0,3.0,3.0,4,3,10.39913439372983,0.3185194572688619,2506.191388888889,241,241,337.1913888888889,1.3991343937298295
3672,33,No,Travel_Frequently,Research & Development,2,3,Medical,1,3673,Female,1,Sales Executive,Married,87930,6.0,Y,17,8,0,8.0,2,5,1,2,2.0,4.0,4.0,3,3,7.783477680737506,0.2984832272749502,1782.4163888888888,229,48,0.0,0.0
3673,32,No,Travel_Rarely,Research & Development,1,4,Medical,1,3674,Male,5,Research Director,Married,191890,0.0,Y,12,8,1,4.0,3,3,1,2,3.0,2.0,2.0,3,3,10.383338956365272,0.2810063708862151,2564.6847222222223,247,247,341.6847222222222,1.383338956365272
3674,39,No,Non-Travel,Research & Development,29,2,Life Sciences,1,3675,Male,2,Sales Executive,Married,38750,3.0,Y,15,8,0,13.0,3,6,0,5,3.0,3.0,3.0,3,3,6.585826055312955,0.3185266021219243,1508.1541666666667,229,0,0.0,0.0
3675,25,No,Travel_Rarely,Research & Development,7,4,Life Sciences,1,3676,Male,1,Sales Executive,Married,22160,2.0,Y,13,8,3,6.0,2,3,1,2,1.0,3.0,2.0,2,3,7.1940625,0.297314517842448,1726.575,240,1,0.0,0.0
3676,52,No,Travel_Frequently,Research & Development,2,1,Life Sciences,1,3677,Male,2,Sales Executive,Married,117130,2.0,Y,14,8,0,24.0,2,5,0,2,4.0,3.0,2.0,3,3,9.143808668582375,0.2972669708073444,2121.363611111111,232,232,46.99916666666667,0.2025826149425287
3677,43,No,Travel_Rarely,Research & Development,2,2,Medical,1,3678,Male,1,Laboratory Technician,Single,78610,1.0,Y,14,8,2,20.0,1,20,1,8,1.0,3.0,1.0,3,3,9.664248501613647,0.2893375378402006,2329.083888888889,241,241,160.26194444444445,0.6649873213462425
3678,27,No,Travel_Rarely,Research & Development,2,4,Life Sciences,1,3679,Male,1,Human Resources,Married,37080,1.0,Y,16,8,2,6.0,2,6,4,4,4.0,4.0,3.0,3,3,10.299616620752984,0.2717802976548877,2492.507222222222,242,242,314.50722222222225,1.2996166207529845
3679,27,Yes,Travel_Rarely,Research & Development,2,5,Life Sciences,1,3680,Female,1,Research Scientist,Single,137700,1.0,Y,18,8,1,8.0,3,8,7,7,4.0,3.0,3.0,4,3,10.01185030218503,0.2771930876984752,2392.8322222222223,239,239,241.8322222222222,1.0118503021850302
3680,26,No,Travel_Rarely,Research & Development,2,2,Other,1,3681,Male,3,Laboratory Technician,Single,53040,0.0,Y,20,8,1,5.0,2,4,1,1,1.0,4.0,3.0,3,4,6.279298611111112,0.3059530157923542,1507.0316666666668,240,0,0.0,0.0
3681,42,No,Travel_Rarely,Sales,23,3,Marketing,1,3682,Female,3,Research Scientist,Married,26420,0.0,Y,13,8,1,21.0,3,20,0,9,3.0,1.0,3.0,3,3,6.14515716374269,0.2964057763784809,1401.0958333333333,228,0,0.0,0.0
3682,52,No,Travel_Rarely,Research & Development,5,2,Life Sciences,1,3683,Female,1,Healthcare Representative,Married,27590,9.0,Y,18,8,1,12.0,6,5,0,4,3.0,1.0,1.0,3,3,6.480047101449276,0.3027499355028901,1490.4108333333334,230,0,0.0,0.0
3683,37,No,Travel_Rarely,Research & Development,20,5,Life Sciences,1,3684,Male,2,Manager,Single,68040,4.0,Y,13,8,1,8.0,1,3,0,2,1.0,3.0,3.0,3,3,7.524732905982906,0.2974050455495765,1760.7875,234,12,0.0,0.0
3684,35,No,Travel_Frequently,Research & Development,6,4,Medical,1,3685,Female,2,Research Director,Single,61420,2.0,Y,15,8,1,10.0,2,2,2,2,3.0,4.0,3.0,3,3,7.715177304964539,0.3152735263420357,1813.0666666666664,235,45,0.0,0.0
3685,25,No,Travel_Rarely,Research & Development,1,4,Medical,1,3686,Male,2,Sales Executive,Married,25000,4.0,Y,14,8,2,7.0,2,3,0,2,1.0,4.0,2.0,1,3,8.00537623066104,0.330350498910422,1897.2741666666664,237,113,0.0,0.0
3686,26,No,Travel_Rarely,Research & Development,29,4,Life Sciences,1,3687,Male,1,Research Scientist,Single,63890,0.0,Y,22,8,0,8.0,2,7,0,7,3.0,1.0,3.0,2,4,6.806834733893558,0.2969643555391972,1620.0266666666666,238,0,0.0,0.0
3687,29,No,Travel_Rarely,Sales,9,3,Life Sciences,1,3688,Male,1,Laboratory Technician,Single,111030,1.0,Y,12,8,0,10.0,5,10,0,9,2.0,1.0,2.0,2,3,6.217048022598871,0.3258782022490771,1467.2233333333334,236,0,0.0,0.0
3688,49,Yes,Travel_Frequently,Sales,6,5,Medical,1,3689,Female,2,Healthcare Representative,Single,23420,3.0,Y,18,8,0,20.0,2,4,1,3,1.0,1.0,3.0,3,3,7.146965247185511,0.3008212393571007,1622.361111111111,227,1,0.0,0.0
3689,29,Yes,Travel_Frequently,Sales,3,2,Marketing,1,3690,Female,2,Laboratory Technician,Single,68110,0.0,Y,15,8,1,9.0,2,8,7,7,3.0,4.0,3.0,3,3,8.60672268907563,0.3026711481204611,2048.4,238,235,3.787222222222225,0.0159126984126984
3690,54,No,Travel_Rarely,Sales,1,3,Medical,1,3691,Female,2,Manager,Single,22970,6.0,Y,18,8,2,29.0,2,20,12,7,4.0,4.0,2.0,2,3,6.210766806722689,0.2777414681782044,1478.1625,238,0,0.0,0.0
3691,58,No,Travel_Rarely,Sales,22,3,Life Sciences,1,3692,Female,2,Laboratory Technician,Married,24500,3.0,Y,12,8,1,32.0,2,9,1,5,4.0,1.0,3.0,3,3,10.573188405797104,0.2847504124405607,2431.833333333333,230,230,361.8333333333333,1.5731884057971013
3692,55,No,Travel_Rarely,Research & Development,7,3,Life Sciences,1,3693,Female,3,Research Scientist,Divorced,50930,2.0,Y,16,8,1,31.0,3,7,0,0,2.0,4.0,4.0,3,3,7.50081450094162,0.2845475067443907,1770.1922222222222,236,10,0.0,0.0
3693,36,No,Travel_Rarely,Research & Development,1,3,Medical,1,3694,Male,2,Sales Executive,Single,53090,3.0,Y,13,8,0,15.0,5,5,0,1,1.0,2.0,3.0,3,3,9.384681026365348,0.294919659676472,2214.784722222222,236,236,93.84916666666668,0.3976659604519774
3694,31,Yes,Travel_Frequently,Sales,4,3,Life Sciences,1,3695,Male,2,Manager,Single,30570,1.0,Y,19,8,0,1.0,3,1,0,0,2.0,3.0,3.0,3,3,7.268322649572649,0.2997753902799968,1700.7875,234,0,0.0,0.0
3695,30,No,Travel_Rarely,Sales,3,3,Life Sciences,1,3696,Male,3,Sales Executive,Divorced,51210,7.0,Y,13,8,0,8.0,4,3,0,2,4.0,1.0,3.0,3,3,7.474860539551897,0.2865761145146588,1816.391111111111,243,8,0.0,0.0
3696,31,No,Travel_Rarely,Research & Development,1,3,Medical,1,3697,Male,1,Laboratory Technician,Single,168560,3.0,Y,12,8,1,9.0,3,3,1,0,1.0,2.0,4.0,3,3,7.293228260869566,0.2697514845550002,1677.4425,230,1,0.0,0.0
3697,34,No,Travel_Frequently,Sales,2,1,Marketing,1,3698,Female,5,Manager,Divorced,26860,5.0,Y,11,8,0,10.0,3,4,1,3,4.0,1.0,3.0,4,3,7.606465477823503,0.289805481372553,1848.371111111111,243,20,0.0,0.0
3698,31,Yes,Travel_Rarely,Sales,20,3,Technical Degree,1,3699,Male,1,Research Scientist,Single,61800,1.0,Y,14,8,1,1.0,2,1,0,0,1.0,2.0,4.0,1,3,8.01226122931442,0.2759345387465544,1882.881388888889,235,114,0.0,0.0
3699,27,No,Travel_Rarely,Human Resources,11,4,Medical,1,3700,Male,4,Sales Executive,Married,66320,0.0,Y,16,8,0,6.0,3,5,1,4,2.0,1.0,4.0,3,3,7.164859963269055,0.3074475585112454,1733.8961111111112,242,1,0.0,0.0
3700,36,No,Travel_Rarely,Sales,1,3,Marketing,1,3701,Male,2,Research Scientist,Single,35050,1.0,Y,12,8,2,10.0,2,10,1,8,1.0,4.0,2.0,2,3,6.290197885939036,0.3214817429942773,1421.584722222222,226,0,0.0,0.0
3701,36,No,Travel_Rarely,Research & Development,24,3,Other,1,3702,Female,3,Research Director,Married,63970,4.0,Y,14,8,1,11.0,3,3,0,2,3.0,1.0,2.0,3,3,7.269016393442623,0.287304914268035,1773.64,244,3,0.0,0.0
3702,47,No,Travel_Rarely,Research & Development,23,4,Life Sciences,1,3703,Female,2,Sales Executive,Married,62740,7.0,Y,14,8,2,17.0,0,6,1,2,1.0,4.0,2.0,3,3,7.817304189435337,0.2928443198562298,1907.4222222222224,244,63,0.0,0.0
3703,25,Yes,Travel_Rarely,Sales,16,4,Life Sciences,1,3704,Male,2,Research Scientist,Married,198590,3.0,Y,19,8,0,6.0,3,3,2,2,1.0,1.0,3.0,2,3,7.215596926713949,0.2922593161391401,1695.665277777778,235,0,0.0,0.0
3704,37,No,Non-Travel,Sales,8,4,Medical,1,3705,Male,1,Healthcare Representative,Single,75870,0.0,Y,22,8,1,7.0,5,6,1,3,3.0,3.0,1.0,3,4,7.582773029439696,0.2839883577361206,1774.368888888889,234,15,0.0,0.0
3705,56,No,Travel_Rarely,Research & Development,10,4,Other,1,3706,Male,2,Sales Representative,Married,42580,2.0,Y,16,8,0,5.0,2,3,1,0,1.0,1.0,4.0,3,3,6.627811158798283,0.2909069828718217,1544.28,233,0,0.0,0.0
3706,47,No,Travel_Rarely,Research & Development,3,2,Medical,1,3707,Male,2,Laboratory Technician,Married,43640,3.0,Y,11,8,1,26.0,3,20,5,6,1.0,3.0,4.0,3,3,6.330012838468721,0.2993482596107466,1506.5430555555556,238,0,0.0,0.0
3707,24,No,Travel_Rarely,Research & Development,5,1,Other,1,3708,Male,1,Manufacturing Director,Married,43350,1.0,Y,15,8,1,5.0,5,5,0,3,4.0,3.0,3.0,3,3,9.708145048814506,0.3038483993498638,2320.246666666667,239,239,169.52027777777778,0.7092898651789865
3708,32,No,Travel_Rarely,Sales,4,3,Marketing,1,3709,Male,1,Research Scientist,Married,53260,4.0,Y,14,8,1,7.0,2,4,0,3,4.0,4.0,2.0,3,3,7.5200012236906515,0.3163072442919529,1707.040277777778,227,12,0.0,0.0
3709,34,No,Travel_Rarely,Research & Development,9,2,Medical,1,3710,Male,1,Sales Executive,Married,32800,5.0,Y,13,8,0,7.0,3,5,0,2,4.0,2.0,2.0,3,3,6.111951690821256,0.2798767879694686,1405.7488888888888,230,0,0.0,0.0
3710,41,No,Travel_Rarely,Research & Development,26,3,Medical,1,3711,Female,3,Sales Executive,Married,54850,2.0,Y,17,8,2,7.0,2,4,0,3,2.0,3.0,2.0,3,3,10.50881560283688,0.2830670263821199,2469.5716666666667,235,235,354.57166666666666,1.508815602836879
3711,40,No,Non-Travel,Sales,3,2,Life Sciences,1,3712,Male,1,Sales Executive,Divorced,43420,3.0,Y,11,8,1,11.0,6,8,0,7,3.0,3.0,4.0,2,3,6.403198478561549,0.2752709291337784,1543.1708333333331,241,0,0.0,0.0
3712,31,No,Travel_Rarely,Research & Development,16,3,Medical,1,3713,Male,2,Human Resources,Divorced,27820,1.0,Y,19,8,1,13.0,5,13,9,9,1.0,4.0,3.0,3,3,6.688143776824035,0.2922604146817932,1558.3375,233,0,0.0,0.0
3713,46,Yes,Travel_Rarely,Research & Development,18,1,Medical,1,3714,Male,1,Manufacturing Director,Divorced,59800,4.0,Y,11,8,1,28.0,2,7,4,3,1.0,4.0,4.0,3,3,6.692377450980392,0.2981386976480291,1592.7858333333334,238,0,0.0,0.0
3714,39,Yes,Non-Travel,Research & Development,2,4,Medical,1,3715,Male,2,Manufacturing Director,Single,43810,2.0,Y,15,8,2,11.0,1,1,0,0,1.0,1.0,4.0,2,3,9.36961226851852,0.2800572277035267,2248.7069444444446,240,240,91.06194444444444,0.3794247685185185
3715,31,Yes,Travel_Frequently,Sales,2,3,Medical,1,3716,Male,2,Sales Executive,Single,25720,1.0,Y,13,8,3,10.0,3,10,4,7,3.0,2.0,3.0,3,3,6.805786026200874,0.3066871326933177,1558.525,229,0,0.0,0.0
3716,45,No,Travel_Rarely,Sales,10,2,Marketing,1,3717,Male,1,Sales Executive,Divorced,38330,2.0,Y,14,8,0,24.0,1,7,0,7,2.0,1.0,3.0,3,3,10.470683668582376,0.313623841309516,2429.198611111111,232,232,341.1986111111111,1.4706836685823754
3717,31,No,Travel_Rarely,Research & Development,16,4,Life Sciences,1,3718,Male,3,Human Resources,Single,42440,9.0,Y,13,8,0,8.0,3,3,0,2,4.0,2.0,3.0,3,3,6.6833535137701805,0.3018203756948847,1563.9047222222223,234,0,0.0,0.0
3718,31,Yes,Travel_Frequently,Research & Development,7,4,Life Sciences,1,3719,Male,1,Laboratory Technician,Married,65000,6.0,Y,23,8,1,7.0,5,2,2,2,2.0,4.0,1.0,3,4,10.278979963570126,0.2908195876210929,2508.071111111111,244,244,312.0711111111111,1.2789799635701276
3719,45,No,Travel_Rarely,Research & Development,1,2,Life Sciences,1,3720,Female,1,Research Scientist,Married,184300,4.0,Y,12,8,1,10.0,5,3,1,2,2.0,4.0,4.0,3,3,10.609763770180438,0.2934947410300422,2482.6847222222223,234,234,376.6847222222222,1.6097637701804368
3720,48,No,Travel_Rarely,Research & Development,24,3,Technical Degree,1,3721,Male,2,Research Scientist,Divorced,16010,4.0,Y,12,8,0,15.0,3,2,2,2,3.0,1.0,3.0,3,3,7.076479963570128,0.3128556066275002,1726.661111111111,244,0,0.0,0.0
3721,34,Yes,Travel_Rarely,Research & Development,7,4,Medical,1,3722,Male,2,Research Scientist,Married,26940,1.0,Y,16,8,1,2.0,3,2,2,2,1.0,3.0,3.0,3,3,7.413740892531876,0.3204099813052574,1808.9527777777776,244,11,0.0,0.0
3722,40,No,Non-Travel,Research & Development,25,4,Other,1,3723,Female,1,Sales Executive,Divorced,31490,2.0,Y,15,8,1,16.0,1,9,4,8,4.0,2.0,3.0,2,3,8.012629009762902,0.2972519059889674,1915.0183333333332,239,127,0.0,0.0
3723,28,No,Travel_Rarely,Research & Development,1,2,Technical Degree,1,3724,Female,1,Research Scientist,Single,176390,0.0,Y,13,8,1,6.0,0,5,1,3,4.0,1.0,3.0,3,3,6.501115963124696,0.3226040653652965,1488.7555555555557,229,0,0.0,0.0
3724,44,No,Non-Travel,Research & Development,5,3,Life Sciences,1,3725,Male,1,Laboratory Technician,Single,23190,3.0,Y,18,8,0,7.0,4,5,0,3,3.0,3.0,3.0,2,3,6.59900319567355,0.3068798098140349,1491.3747222222223,226,0,0.0,0.0
3725,53,No,Travel_Rarely,Research & Development,2,4,Technical Degree,1,3726,Male,2,Manager,Single,116910,4.0,Y,20,8,0,35.0,2,9,8,8,4.0,2.0,2.0,3,4,6.87007215007215,0.3045208063545295,1586.986666666667,231,0,0.0,0.0
3726,49,No,Travel_Rarely,Research & Development,7,3,Life Sciences,1,3727,Male,3,Laboratory Technician,Married,53240,2.0,Y,19,8,0,20.0,2,3,1,2,1.0,3.0,2.0,1,3,6.816737329434698,0.3057265125173699,1554.216111111111,228,0,0.0,0.0
3727,40,No,Travel_Rarely,Research & Development,2,4,Life Sciences,1,3728,Male,3,Laboratory Technician,Divorced,167520,2.0,Y,18,8,1,8.0,3,3,1,2,3.0,3.0,4.0,3,3,6.47205227379278,0.2992218463690257,1533.8763888888889,237,0,0.0,0.0
3728,44,No,Travel_Rarely,Research & Development,5,1,Other,1,3729,Male,3,Research Scientist,Single,52280,1.0,Y,13,8,0,6.0,2,5,1,3,4.0,2.0,2.0,4,3,6.888664990421455,0.2896857870683242,1598.1702777777778,232,0,0.0,0.0
3729,33,No,Travel_Frequently,Human Resources,10,3,Medical,1,3730,Female,2,Sales Executive,Married,27000,0.0,Y,14,8,3,5.0,2,4,0,3,4.0,1.0,3.0,3,3,7.328463693957115,0.3023009976052688,1670.8897222222222,228,3,0.0,0.0
3730,34,No,Travel_Rarely,Research & Development,10,4,Life Sciences,1,3731,Female,1,Sales Representative,Single,192460,3.0,Y,15,8,1,15.0,5,13,3,12,4.0,1.0,3.0,3,3,6.878664021164021,0.2773964542197503,1588.971388888889,231,0,0.0,0.0
3731,30,No,Travel_Rarely,Sales,1,2,Technical Degree,1,3732,Male,1,Laboratory Technician,Married,25060,8.0,Y,22,8,0,4.0,3,2,2,2,4.0,3.0,2.0,3,4,6.120525097465888,0.3013208864563726,1395.4797222222223,228,0,0.0,0.0
3732,42,No,Travel_Frequently,Research & Development,8,4,Medical,1,3733,Female,1,Sales Executive,Single,60620,1.0,Y,22,8,2,12.0,2,12,5,8,1.0,4.0,3.0,3,4,7.282114132961413,0.3125027382449361,1740.425277777778,239,4,0.0,0.0
3733,44,No,Travel_Frequently,Research & Development,5,3,Life Sciences,1,3734,Female,5,Manufacturing Director,Married,43820,7.0,Y,16,8,2,11.0,2,1,0,0,1.0,3.0,2.0,3,3,7.5813290229885055,0.2696071527544428,1758.868333333333,232,16,0.0,0.0
3734,30,No,Non-Travel,Research & Development,8,3,Life Sciences,1,3735,Male,1,Manufacturing Director,Divorced,21430,1.0,Y,17,8,1,1.0,2,1,0,0,3.0,3.0,2.0,3,3,6.110862068965518,0.3026234263742922,1417.72,232,0,0.0,0.0
3735,57,No,Travel_Rarely,Sales,2,1,Life Sciences,1,3736,Male,3,Research Scientist,Married,61620,0.0,Y,14,8,0,13.0,5,12,2,8,2.0,3.0,2.0,2,3,7.5545,0.2962183481896849,1813.08,240,17,0.0,0.0
3736,49,No,Travel_Rarely,Research & Development,7,3,Technical Degree,1,3737,Female,2,Sales Executive,Divorced,50940,3.0,Y,15,8,0,29.0,5,8,0,7,3.0,2.0,3.0,3,3,6.896046374764595,0.3176334151199714,1627.4669444444444,236,0,0.0,0.0
3737,34,No,Travel_Frequently,Research & Development,2,4,Medical,1,3738,Female,2,Sales Representative,Divorced,68770,7.0,Y,20,8,0,16.0,3,14,6,9,2.0,1.0,2.0,3,4,6.355290068829892,0.2953926390987393,1436.2955555555557,226,0,0.0,0.0
3738,28,Yes,Travel_Frequently,Research & Development,2,3,Medical,1,3739,Male,1,Research Scientist,Married,22740,3.0,Y,20,8,1,5.0,5,3,1,2,1.0,3.0,4.0,3,4,6.476399618502623,0.2733976917305943,1509.0011111111112,233,0,0.0,0.0
3739,29,Yes,Travel_Frequently,Research & Development,28,3,Medical,1,3740,Female,5,Research Scientist,Single,44340,5.0,Y,17,8,3,7.0,1,5,0,0,1.0,2.0,1.0,3,3,7.797684042066758,0.2860089663215573,1894.8372222222224,243,57,0.0,0.0
3740,34,Yes,Travel_Rarely,Research & Development,7,1,Medical,1,3741,Male,1,Research Scientist,Single,62880,0.0,Y,15,8,1,16.0,2,15,10,10,1.0,2.0,4.0,3,3,8.517214153988013,0.2940709703381834,2052.648611111111,241,231,1.2633333333333336,0.0052420470262793
3741,35,No,Travel_Rarely,Sales,7,4,Other,1,3742,Female,4,Healthcare Representative,Married,25530,1.0,Y,14,8,1,1.0,4,1,0,0,4.0,3.0,3.0,2,3,6.575756427915519,0.315559323034403,1591.3330555555556,242,0,0.0,0.0
3742,24,Yes,Travel_Frequently,Sales,3,3,Life Sciences,1,3743,Male,2,Research Scientist,Single,76540,2.0,Y,17,8,1,4.0,3,0,0,0,2.0,1.0,2.0,2,3,8.48602859135286,0.3245191353441541,2028.1608333333331,239,222,1.898611111111112,0.0079439795443979
3743,24,No,Non-Travel,Research & Development,10,3,Life Sciences,1,3744,Female,2,Manager,Married,51600,1.0,Y,17,8,1,1.0,3,1,0,0,4.0,2.0,3.0,1,3,7.415129706152434,0.3012341001083478,1794.461388888889,242,8,0.0,0.0
3744,44,No,Travel_Frequently,Research & Development,5,2,Medical,1,3745,Female,2,Research Scientist,Single,171590,5.0,Y,22,8,1,16.0,1,2,2,2,2.0,3.0,2.0,2,4,10.306210488505748,0.2944223444257543,2391.040833333333,232,232,303.0408333333333,1.3062104885057473
3745,29,No,Travel_Rarely,Sales,10,2,Life Sciences,1,3746,Female,1,Sales Executive,Divorced,128080,1.0,Y,13,8,0,10.0,6,10,0,4,3.0,3.0,3.0,3,3,6.997050094966762,0.3181855193140495,1637.3097222222225,234,0,0.0,0.0
3746,30,No,Travel_Rarely,Research & Development,1,2,Life Sciences,1,3747,Male,3,Sales Executive,Divorced,102210,0.0,Y,19,8,1,6.0,2,5,1,3,3.0,3.0,4.0,3,3,6.1372968673519335,0.3123259520823163,1393.1663888888888,227,0,0.0,0.0
3747,55,No,Travel_Rarely,Sales,20,3,Marketing,1,3748,Male,2,Research Scientist,Married,47790,0.0,Y,14,8,1,4.0,6,3,1,2,4.0,3.0,3.0,3,3,10.667377589453862,0.3119913460388228,2517.501111111111,236,236,393.50111111111113,1.6673775894538607
3748,33,No,Travel_Rarely,Research & Development,7,2,Life Sciences,1,3749,Male,2,Research Scientist,Married,37370,8.0,Y,22,8,2,8.0,2,5,0,2,1.0,2.0,3.0,3,4,7.871218407248451,0.2947006534790684,1833.993888888889,233,83,0.0,0.0
3749,47,No,Travel_Rarely,Research & Development,8,4,Medical,1,3750,Female,2,Sales Representative,Married,23660,3.0,Y,17,8,0,11.0,5,5,1,2,3.0,3.0,2.0,2,3,10.865613668061366,0.2851504167512866,2596.8816666666667,239,239,445.88166666666666,1.8656136680613669
3750,28,Yes,Travel_Frequently,Sales,1,3,Marketing,1,3751,Male,2,Laboratory Technician,Single,17060,7.0,Y,12,8,0,8.0,3,0,0,0,3.0,1.0,2.0,3,3,7.60069262493935,0.2975859853162684,1740.558611111111,229,23,0.0,0.0
3751,28,No,Travel_Rarely,Sales,8,4,Marketing,1,3752,Male,1,Laboratory Technician,Divorced,163070,1.0,Y,16,8,0,1.0,3,1,0,0,1.0,3.0,1.0,2,3,6.122678311499272,0.2842087490905253,1402.0933333333332,229,0,0.0,0.0
3752,28,No,Travel_Frequently,Research & Development,9,3,Life Sciences,1,3753,Female,2,Sales Executive,Single,59330,0.0,Y,11,8,0,5.0,3,4,1,3,3.0,1.0,3.0,3,3,7.012275948788295,0.2964414923446788,1703.9830555555557,243,0,0.0,0.0
3753,49,No,Travel_Rarely,Research & Development,5,4,Life Sciences,1,3754,Female,1,Research Scientist,Married,34240,4.0,Y,11,8,0,10.0,3,3,1,2,3.0,1.0,3.0,3,3,6.390999755261869,0.2967566519007354,1450.7569444444443,227,0,0.0,0.0
3754,29,No,Travel_Frequently,Research & Development,8,1,Medical,1,3755,Male,1,Research Scientist,Married,40370,0.0,Y,14,8,0,4.0,2,3,0,2,4.0,2.0,3.0,1,3,7.127618534482759,0.3039475720712894,1653.6075,232,0,0.0,0.0
3755,28,No,Travel_Rarely,Research & Development,5,1,Technical Degree,1,3756,Male,2,Laboratory Technician,Married,25590,1.0,Y,11,8,0,8.0,3,8,1,7,3.0,2.0,2.0,2,3,5.980724163027657,0.3176704015952929,1369.5858333333333,229,0,0.0,0.0
3756,33,No,Travel_Rarely,Research & Development,15,4,Life Sciences,1,3757,Female,1,Sales Executive,Single,62010,2.0,Y,15,8,3,14.0,2,0,0,0,4.0,3.0,3.0,2,3,8.461341236634123,0.3044375704011413,2022.260555555556,239,227,0.9627777777777808,0.0040283589028359
3757,32,No,Travel_Rarely,Research & Development,7,3,Life Sciences,1,3758,Female,3,Laboratory Technician,Single,44030,2.0,Y,20,8,0,10.0,3,5,0,0,3.0,4.0,4.0,2,4,7.386145374449339,0.2993276296116136,1676.655,227,2,0.0,0.0
3758,54,No,Travel_Frequently,Sales,10,3,Life Sciences,1,3759,Female,4,Research Scientist,Divorced,37610,3.0,Y,12,8,0,26.0,3,14,1,12,2.0,4.0,3.0,2,3,6.993237311385459,0.3139301713930866,1699.3566666666666,243,0,0.0,0.0
3759,29,Yes,Travel_Rarely,Research & Development,5,3,Life Sciences,1,3760,Female,2,Research Scientist,Single,109340,6.0,Y,17,8,2,11.0,2,9,0,7,1.0,1.0,1.0,3,3,6.535202127659574,0.2900296952467541,1535.7725,235,0,0.0,0.0
3760,44,No,Travel_Rarely,Sales,26,1,Marketing,1,3761,Male,1,Sales Representative,Married,107610,3.0,Y,11,8,1,24.0,5,20,14,17,4.0,1.0,4.0,2,3,7.908601851851852,0.2953465954841714,1898.0644444444445,240,93,0.0,0.0
3761,39,No,Travel_Rarely,Sales,6,1,Technical Degree,1,3762,Female,2,Laboratory Technician,Single,51750,4.0,Y,17,8,1,9.0,2,2,2,2,2.0,2.0,3.0,4,3,7.073531571218796,0.3228269648872684,1605.6916666666666,227,0,0.0,0.0
3762,46,No,Travel_Rarely,Research & Development,4,2,Life Sciences,1,3763,Male,3,Manufacturing Director,Married,138260,8.0,Y,11,8,0,23.0,1,13,5,1,3.0,2.0,4.0,2,3,7.023066331417624,0.3054867268290276,1629.3513888888888,232,0,0.0,0.0
3763,35,No,Travel_Rarely,Research & Development,23,4,Life Sciences,1,3764,Male,2,Research Scientist,Single,63340,1.0,Y,14,8,0,11.0,2,11,3,3,4.0,2.0,1.0,4,3,6.167354609929078,0.3003267839091547,1449.3283333333334,235,0,0.0,0.0
3764,23,No,Travel_Rarely,Research & Development,2,4,Medical,1,3765,Female,2,Manager,Single,49360,0.0,Y,19,8,1,5.0,2,4,1,2,1.0,3.0,3.0,2,3,7.698163240332844,0.2860601690464388,1747.4830555555557,227,28,0.0,0.0
3765,40,Yes,Travel_Rarely,Research & Development,2,3,Medical,1,3766,Male,2,Research Director,Single,47750,3.0,Y,15,8,1,15.0,3,5,1,0,4.0,1.0,1.0,4,3,7.602527071563088,0.295655298740371,1794.1963888888888,236,26,0.0,0.0
3766,34,No,Travel_Rarely,Human Resources,2,3,Human Resources,1,3767,Male,2,Manufacturing Director,Married,28180,1.0,Y,13,8,1,10.0,2,10,8,6,4.0,3.0,3.0,3,3,10.299240063233963,0.2874486303889754,2533.6130555555555,246,246,319.61305555555555,1.2992400632339656
3767,31,Yes,Travel_Frequently,Research & Development,29,3,Life Sciences,1,3768,Female,2,Healthcare Representative,Single,25150,1.0,Y,14,8,0,7.0,3,7,7,7,4.0,3.0,1.0,2,3,6.394126984126984,0.306674459662261,1521.8022222222223,238,0,0.0,0.0
3768,50,No,Travel_Frequently,Research & Development,6,3,Medical,1,3769,Male,1,Manager,Single,23420,1.0,Y,12,8,1,32.0,2,32,13,9,3.0,4.0,3.0,2,3,9.987019489247311,0.3061965227958962,2476.780833333333,248,248,244.7808333333333,0.9870194892473118
3769,34,No,Travel_Rarely,Sales,25,5,Marketing,1,3770,Female,1,Research Scientist,Married,41940,0.0,Y,17,8,2,12.0,3,11,5,7,2.0,3.0,3.0,3,3,10.508235827664398,0.3009457070649388,2574.5177777777776,245,245,369.5177777777778,1.508235827664399
3770,42,No,Travel_Rarely,Research & Development,1,3,Life Sciences,1,3771,Female,1,Manufacturing Director,Married,106850,4.0,Y,11,8,3,4.0,2,1,0,0,3.0,2.0,3.0,3,3,6.594873213462425,0.3131831893110535,1589.3644444444444,241,0,0.0,0.0
3771,37,No,Travel_Rarely,Research & Development,2,2,Medical,1,3772,Male,1,Research Scientist,Married,20220,1.0,Y,12,8,0,10.0,1,10,3,7,1.0,4.0,3.0,3,3,7.990005860290671,0.2975464360332394,1893.631388888889,237,109,0.0041666666666664,1.758087201125076e-05
3772,29,No,Travel_Rarely,Research & Development,1,3,Medical,1,3773,Female,1,Manager,Married,23140,3.0,Y,13,8,0,9.0,5,7,0,7,3.0,1.0,3.0,4,3,6.185179172679173,0.297062547345874,1428.776388888889,231,0,0.0,0.0
3773,33,No,Travel_Rarely,Research & Development,1,1,Life Sciences,1,3774,Male,1,Research Scientist,Single,42560,1.0,Y,13,8,3,5.0,1,5,0,2,4.0,2.0,3.0,3,3,7.201067821067821,0.2872820128513929,1663.4466666666667,231,1,0.0,0.0
3774,45,No,Travel_Rarely,Sales,3,3,Life Sciences,1,3775,Male,3,Laboratory Technician,Married,35800,4.0,Y,20,8,1,8.0,1,5,0,3,4.0,4.0,3.0,2,4,6.026891860996799,0.2885791649163899,1464.5347222222222,243,0,0.0,0.0
3775,42,No,Travel_Frequently,Human Resources,1,4,Technical Degree,1,3776,Male,2,Manufacturing Director,Married,31620,2.0,Y,17,8,2,24.0,1,20,13,9,4.0,4.0,1.0,3,3,8.09764403292181,0.3098960600133014,1967.7275,243,147,0.2261111111111109,0.0009304983996342
3776,40,No,Travel_Rarely,Sales,10,1,Life Sciences,1,3777,Female,1,Manufacturing Director,Married,65240,0.0,Y,13,8,1,9.0,2,8,7,1,1.0,1.0,4.0,4,3,6.277050905531081,0.2987354407519467,1424.8905555555557,227,0,0.0,0.0
3777,33,No,Travel_Rarely,Research & Development,9,3,Medical,1,3778,Female,2,Manufacturing Director,Married,28990,1.0,Y,17,8,0,15.0,3,15,5,7,2.0,3.0,3.0,2,3,10.619531321444905,0.3041021784822894,2580.5461111111117,243,243,393.5461111111111,1.6195313214449016
3778,40,No,Travel_Rarely,Sales,5,5,Life Sciences,1,3779,Male,1,Manufacturing Director,Single,52310,1.0,Y,12,8,2,21.0,4,21,7,7,3.0,3.0,3.0,3,3,8.402318738229756,0.3000884760898026,1982.9472222222223,236,214,0.1600000000000001,0.0006779661016949
3779,24,No,Travel_Rarely,Sales,10,2,Marketing,1,3780,Male,1,Manufacturing Director,Divorced,23560,0.0,Y,13,8,0,2.0,5,1,0,0,3.0,1.0,3.0,3,3,6.094551371455137,0.2992220048016883,1456.5977777777778,239,0,0.0,0.0
3780,40,No,Non-Travel,Research & Development,7,3,Medical,1,3781,Male,1,Research Scientist,Divorced,28000,3.0,Y,12,8,2,8.0,0,2,2,2,4.0,4.0,3.0,2,3,8.410671296296297,0.3041426749113717,1917.6330555555555,228,205,0.7794444444444455,0.0034186159844054
3781,45,No,Travel_Rarely,Research & Development,4,3,Medical,1,3782,Female,3,Laboratory Technician,Divorced,118360,1.0,Y,22,8,0,10.0,2,10,7,7,1.0,2.0,3.0,4,4,6.609450354609929,0.3128665502958623,1553.2208333333333,235,0,0.0,0.0
3782,35,No,Travel_Rarely,Research & Development,10,1,Life Sciences,1,3783,Male,1,Healthcare Representative,Married,109030,0.0,Y,11,8,0,6.0,3,5,4,2,2.0,3.0,3.0,4,3,7.809914707238359,0.271883476452465,1882.1894444444445,241,57,0.0,0.0
3783,32,No,Travel_Rarely,Research & Development,22,4,Medical,1,3784,Male,1,Sales Executive,Married,29730,3.0,Y,22,8,0,12.0,0,7,2,5,4.0,2.0,3.0,4,4,7.300513085399449,0.2877040657872222,1766.7241666666666,242,0,0.0,0.0
3784,36,No,Travel_Rarely,Sales,9,3,Marketing,1,3785,Female,4,Research Scientist,Single,142750,3.0,Y,18,8,1,7.0,5,3,1,2,3.0,4.0,2.0,2,3,9.103744354110209,0.2678172829827078,2239.521111111111,246,246,41.48888888888889,0.168654019873532
3785,48,No,Travel_Rarely,Research & Development,12,4,Medical,1,3786,Male,1,Laboratory Technician,Divorced,55620,8.0,Y,13,8,1,18.0,2,8,7,7,3.0,3.0,3.0,3,3,7.913028233151183,0.2799970852819587,1930.7788888888888,244,88,0.0,0.0
3786,29,No,Travel_Rarely,Research & Development,23,4,Life Sciences,1,3787,Female,2,Healthcare Representative,Married,45370,6.0,Y,18,8,1,5.0,5,1,0,0,3.0,3.0,2.0,4,3,7.811518759018759,0.3238489637738407,1804.4608333333333,231,60,0.0,0.0
3787,33,No,Travel_Rarely,Research & Development,9,1,Medical,1,3788,Male,1,Healthcare Representative,Married,76420,2.0,Y,20,8,1,8.0,2,2,2,2,1.0,1.0,1.0,2,4,7.118943474041728,0.2711289410882033,1630.2380555555555,229,0,0.0,0.0
3788,30,Yes,Travel_Rarely,Research & Development,1,3,Other,1,3789,Male,3,Sales Executive,Married,179240,1.0,Y,13,8,2,10.0,2,10,6,7,2.0,1.0,3.0,3,3,7.41584186159844,0.299154527105225,1690.8119444444444,228,7,0.0,0.0
3789,38,No,Travel_Frequently,Sales,9,3,Marketing,1,3790,Male,1,Manufacturing Director,Married,52040,3.0,Y,13,8,1,10.0,2,6,1,2,3.0,3.0,3.0,3,3,6.910209219858156,0.2956707481867776,1623.8991666666666,235,0,0.0,0.0
3790,35,No,Travel_Rarely,Sales,7,2,Life Sciences,1,3791,Male,1,Sales Executive,Single,22770,1.0,Y,12,8,1,3.0,2,3,1,2,4.0,1.0,3.0,3,3,6.799035947712419,0.308014681038725,1618.1705555555557,238,0,0.0,0.0
3791,30,No,Travel_Rarely,Research & Development,14,3,Technical Degree,1,3792,Male,5,Research Director,Married,27950,3.0,Y,13,8,0,9.0,4,4,1,3,3.0,2.0,3.0,3,3,6.506272638277044,0.2946515067344183,1476.923888888889,227,0,0.0,0.0
3792,35,Yes,Travel_Rarely,Research & Development,2,3,Medical,1,3793,Female,1,Research Scientist,Divorced,25320,1.0,Y,13,8,0,1.0,2,1,0,0,1.0,1.0,3.0,1,3,9.706298185941042,0.3207174040257654,2378.0430555555554,245,245,173.38583333333332,0.7076972789115645
3793,53,Yes,Travel_Rarely,Research & Development,19,3,Life Sciences,1,3794,Male,2,Manager,Married,25590,0.0,Y,25,8,0,34.0,2,33,1,9,3.0,4.0,3.0,3,4,6.484923928077454,0.2936317947559922,1562.8666666666666,241,0,0.0,0.0
3794,38,Yes,Travel_Rarely,Research & Development,2,3,Medical,1,3795,Female,3,Sales Executive,Married,49080,4.0,Y,19,8,1,7.0,3,5,1,4,3.0,2.0,3.0,2,3,7.579077868852459,0.3103483330469461,1849.295,244,25,0.0,0.0
3795,32,No,Non-Travel,Research & Development,10,4,Life Sciences,1,3796,Female,5,Research Scientist,Married,23800,4.0,Y,13,8,0,9.0,5,6,1,2,4.0,1.0,2.0,3,3,7.384378809188935,0.2971768113310749,1750.0977777777778,237,5,0.0,0.0
3796,48,No,Travel_Rarely,Research & Development,2,5,Life Sciences,1,3797,Male,1,Sales Executive,Married,47650,8.0,Y,12,8,1,10.0,4,8,7,6,3.0,1.0,2.0,3,3,7.085148851383028,0.3094775657389545,1679.1802777777775,237,1,0.0,0.0
3797,34,No,Travel_Rarely,Research & Development,3,3,Life Sciences,1,3798,Male,2,Sales Executive,Single,20440,1.0,Y,11,8,0,1.0,2,1,0,0,1.0,4.0,1.0,3,3,7.385408212560386,0.3043744237879464,1698.6438888888888,230,6,0.0,0.0
3798,55,No,Travel_Rarely,Research & Development,11,1,Medical,1,3799,Female,1,Laboratory Technician,Married,26930,1.0,Y,18,8,0,36.0,6,36,2,13,3.0,4.0,3.0,2,3,6.403510516689529,0.2962345333967848,1556.0530555555556,243,0,0.0,0.0
3799,34,No,Travel_Rarely,Research & Development,2,2,Life Sciences,1,3800,Male,2,Research Scientist,Married,65860,9.0,Y,18,8,1,9.0,3,2,2,1,2.0,4.0,2.0,3,3,6.1076279391424615,0.288945294682285,1471.9383333333333,241,0,0.0,0.0
3800,26,No,Travel_Rarely,Research & Development,4,3,Life Sciences,1,3801,Male,1,Research Director,Married,32940,1.0,Y,11,8,0,1.0,6,1,0,0,1.0,4.0,3.0,3,3,7.28372418879056,0.3019776144220422,1646.121666666667,226,2,0.0,0.0
3801,38,No,Travel_Rarely,Sales,14,2,Marketing,1,3802,Female,1,Sales Executive,Married,41710,0.0,Y,23,8,0,10.0,4,9,7,7,3.0,2.0,3.0,4,4,7.04831161408322,0.313953259728587,1712.7397222222223,243,0,0.0,0.0
3802,38,No,Travel_Rarely,Research & Development,2,3,Life Sciences,1,3803,Female,1,Manufacturing Director,Single,27780,2.0,Y,13,8,0,8.0,5,3,1,2,2.0,2.0,4.0,2,3,7.214350321395776,0.3140574524926343,1745.872777777778,242,1,0.0,0.0
3803,36,No,Travel_Rarely,Human Resources,1,3,Human Resources,1,3804,Male,1,Research Scientist,Single,23770,6.0,Y,13,8,2,15.0,3,1,0,0,2.0,3.0,3.0,3,3,7.401679505135387,0.2745396093219574,1761.5997222222222,238,5,0.0,0.0
3804,29,No,Travel_Rarely,Research & Development,10,3,Life Sciences,1,3805,Male,1,Sales Representative,Single,24040,1.0,Y,17,8,0,10.0,3,10,1,5,2.0,1.0,3.0,2,3,8.098837719298245,0.3207119240965669,1846.535,228,141,0.0,0.0
3805,35,No,Travel_Rarely,Sales,12,2,Life Sciences,1,3806,Female,2,Sales Executive,Single,23180,3.0,Y,19,8,0,10.0,4,5,0,4,1.0,3.0,3.0,4,3,9.314351449275362,0.3168311280872599,2142.300833333333,230,230,77.64277777777777,0.3375772946859903
3806,39,No,Travel_Rarely,Sales,2,2,Medical,1,3807,Female,1,Sales Executive,Married,20080,2.0,Y,12,8,0,11.0,3,7,7,6,4.0,3.0,3.0,3,3,7.808459699453552,0.3052616621410968,1905.2641666666664,244,68,0.0,0.0
3807,29,No,Travel_Frequently,Research & Development,5,1,Medical,1,3808,Female,1,Research Scientist,Divorced,62440,1.0,Y,22,8,0,6.0,3,6,1,3,1.0,4.0,4.0,3,4,6.787518912529551,0.3062892237193598,1595.0669444444443,235,0,0.0,0.0
3808,50,No,Travel_Rarely,Research & Development,4,2,Medical,1,3809,Female,1,Laboratory Technician,Married,27990,4.0,Y,12,8,1,27.0,0,1,0,0,3.0,3.0,3.0,1,3,9.415903642231443,0.302818016545583,2269.2327777777778,241,241,103.12666666666668,0.4279114799446749
3809,23,No,Travel_Rarely,Research & Development,7,2,Life Sciences,1,3810,Female,3,Manager,Married,105520,2.0,Y,11,8,0,4.0,2,2,2,2,4.0,3.0,3.0,3,3,6.687368541380887,0.2943736143822092,1625.0305555555556,243,0,0.0,0.0
3810,36,No,Travel_Frequently,Sales,21,3,Life Sciences,1,3811,Male,2,Human Resources,Married,23290,3.0,Y,15,8,0,9.0,2,3,0,2,1.0,1.0,3.0,3,3,9.190074696545285,0.3088532417140498,2187.237777777778,238,238,57.706388888888895,0.2424638188608777
3811,42,No,Travel_Rarely,Research & Development,8,2,Life Sciences,1,3812,Female,5,Manager,Single,40140,8.0,Y,13,8,1,24.0,3,1,0,1,4.0,4.0,3.0,3,3,6.006545521292217,0.2690029390124746,1363.4858333333334,227,0,0.0,0.0
3812,35,No,Travel_Rarely,Sales,4,3,Medical,1,3813,Female,2,Laboratory Technician,Married,74030,1.0,Y,12,8,1,10.0,4,10,6,8,2.0,3.0,2.0,3,3,6.404425120772947,0.290635747025562,1473.0177777777778,230,0,0.0,0.0
3813,34,No,Travel_Frequently,Research & Development,25,1,Life Sciences,1,3814,Female,1,Manager,Married,22590,1.0,Y,14,8,0,8.0,2,8,7,7,4.0,3.0,2.0,3,3,5.998565386374029,0.3017776822099998,1457.651388888889,243,0,0.0,0.0
3814,40,No,Travel_Rarely,Research & Development,1,4,Life Sciences,1,3815,Male,2,Laboratory Technician,Married,69320,1.0,Y,13,8,0,5.0,5,5,1,2,4.0,1.0,3.0,3,3,6.462534425451093,0.3049751844003999,1512.2330555555557,234,0,0.0,0.0
3815,43,No,Travel_Rarely,Research & Development,1,1,Other,1,3816,Male,1,Manager,Divorced,46780,5.0,Y,25,8,1,8.0,0,6,0,2,4.0,2.0,3.0,4,4,7.004932071809802,0.3202764095677103,1604.1294444444443,229,0,0.0,0.0
3816,35,No,Travel_Rarely,Sales,6,3,Marketing,1,3817,Female,3,Sales Representative,Married,135820,1.0,Y,17,8,1,1.0,3,1,0,1,3.0,4.0,2.0,2,3,7.27691190144119,0.3022720555301292,1739.1819444444443,239,1,0.0,0.0
3817,46,No,Travel_Rarely,Research & Development,12,4,Technical Degree,1,3818,Male,1,Laboratory Technician,Single,23320,1.0,Y,11,8,0,27.0,2,26,0,12,4.0,1.0,1.0,3,3,6.595099290780142,0.3019406800276975,1549.8483333333334,235,0,0.0,0.0
3818,28,Yes,Travel_Rarely,Human Resources,1,3,Medical,1,3819,Female,2,Laboratory Technician,Married,24130,1.0,Y,16,8,1,10.0,2,1,0,0,3.0,2.0,3.0,3,3,8.415110640301318,0.3071652883514777,1985.966111111111,236,214,0.6150000000000002,0.0026059322033898
3819,22,No,Non-Travel,Sales,17,2,Marketing,1,3820,Male,3,Sales Executive,Married,97050,1.0,Y,18,8,2,4.0,3,4,1,3,2.0,3.0,2.0,2,3,8.86907327586207,0.3012319214823834,2057.625,232,231,14.378888888888886,0.0619779693486589
3820,50,No,Travel_Frequently,Research & Development,3,3,Other,1,3821,Male,2,Research Scientist,Married,42940,2.0,Y,20,8,0,32.0,2,30,12,13,2.0,3.0,3.0,2,4,9.398416099773245,0.3049188635071825,2302.6119444444444,245,245,101.04138888888887,0.4124138321995464
3821,32,No,Travel_Rarely,Research & Development,3,2,Life Sciences,1,3822,Male,3,Research Scientist,Married,47210,3.0,Y,14,8,1,6.0,3,3,0,2,2.0,4.0,3.0,3,3,6.317826725403818,0.3302644315092891,1434.1466666666668,227,0,0.0,0.0
3822,44,No,Travel_Rarely,Research & Development,10,3,Technical Degree,1,3823,Male,3,Manager,Divorced,25190,0.0,Y,21,8,2,23.0,2,22,1,10,2.0,4.0,2.0,3,4,8.81188775510204,0.3055012587313585,2158.9125,245,245,12.982500000000003,0.0529897959183673
3823,30,No,Travel_Rarely,Research & Development,4,3,Medical,1,3824,Female,1,Research Director,Married,21210,1.0,Y,13,8,1,6.0,2,6,1,1,2.0,2.0,2.0,3,3,6.624580327080327,0.2996960974827635,1530.2780555555555,231,0,0.0,0.0
3824,45,No,Travel_Rarely,Sales,29,2,Technical Degree,1,3825,Female,2,Research Scientist,Single,29730,1.0,Y,12,8,0,10.0,2,10,1,4,3.0,1.0,3.0,3,3,8.913924619640387,0.3149905788345366,2148.255833333333,241,241,22.469722222222224,0.0932353619179345
3825,45,No,Non-Travel,Sales,2,4,Life Sciences,1,3826,Male,2,Manufacturing Director,Married,58550,1.0,Y,14,8,1,10.0,3,10,4,5,1.0,1.0,3.0,2,3,7.914459000485201,0.291041834761656,1812.411111111111,229,86,0.0,0.0
3826,31,No,Travel_Frequently,Research & Development,7,3,Medical,1,3827,Male,2,Research Scientist,Single,36170,7.0,Y,21,8,1,10.0,5,5,0,3,4.0,1.0,3.0,3,4,7.231297498797498,0.3025247164079852,1670.4297222222222,231,3,0.0,0.0
3827,36,No,Travel_Rarely,Research & Development,18,1,Medical,1,3828,Male,2,Manufacturing Director,Married,67250,9.0,Y,17,8,1,7.0,3,3,1,1,3.0,3.0,3.0,3,3,10.939724596391262,0.3122959970923125,2559.895555555556,234,234,453.8955555555556,1.939724596391263
3828,34,No,Travel_Frequently,Sales,28,4,Marketing,1,3829,Male,5,Manufacturing Director,Divorced,103250,1.0,Y,11,8,1,9.0,3,9,7,2,3.0,4.0,3.0,2,3,6.109448051948052,0.3292341361381453,1411.2825,231,0,0.0,0.0
3829,49,No,Travel_Rarely,Research & Development,1,4,Life Sciences,1,3830,Male,3,Healthcare Representative,Married,69490,1.0,Y,14,8,1,10.0,2,9,1,4,3.0,1.0,2.0,3,3,7.313988095238096,0.2994106325957464,1740.7291666666667,238,3,0.0,0.0
3830,39,No,Travel_Rarely,Research & Development,6,2,Life Sciences,1,3831,Male,3,Research Scientist,Married,106090,2.0,Y,17,8,1,10.0,2,7,7,7,2.0,1.0,3.0,3,3,6.585563936781609,0.2939509332138555,1527.8508333333334,232,0,0.0,0.0
3831,27,No,Travel_Rarely,Research & Development,2,1,Life Sciences,1,3832,Male,4,Research Scientist,Divorced,44470,1.0,Y,13,8,0,7.0,4,7,0,7,4.0,1.0,3.0,3,3,6.09373482726424,0.2772572142814761,1450.308888888889,238,0,0.0,0.0
3832,35,No,Travel_Rarely,Research & Development,2,3,Medical,1,3833,Female,2,Sales Executive,Married,21570,1.0,Y,25,8,0,16.0,1,16,1,10,2.0,1.0,3.0,2,4,7.603855932203389,0.2982092780832355,1794.51,236,21,0.0,0.0
3833,28,No,Travel_Rarely,Research & Development,23,3,Life Sciences,1,3834,Male,3,Manufacturing Director,Divorced,46010,0.0,Y,15,8,2,6.0,2,5,0,0,2.0,1.0,2.0,3,3,7.414982419127989,0.3074360959492423,1757.3508333333334,237,9,0.0,0.0
3834,21,No,Travel_Rarely,Research & Development,3,1,Life Sciences,1,3835,Female,1,Laboratory Technician,Single,170990,1.0,Y,14,8,1,3.0,2,2,2,2,3.0,4.0,3.0,3,3,7.892258503401361,0.3079447256024836,1933.6033333333328,245,89,0.0,0.0
3835,18,Yes,Travel_Frequently,Research & Development,3,5,Medical,1,3836,Male,1,Research Director,Single,24790,1.0,Y,12,8,1,0.0,2,0,0,0,2.0,4.0,4.0,2,3,8.430085106382979,0.3099954526353886,1981.07,235,214,1.162222222222221,0.0049456264775413
3836,47,No,Travel_Rarely,Research & Development,25,4,Medical,1,3837,Male,2,Research Scientist,Married,148520,3.0,Y,19,8,3,27.0,3,5,1,0,4.0,3.0,3.0,2,3,6.021607487922705,0.3044798555327127,1384.969722222222,230,0,0.0,0.0
3837,39,No,Travel_Rarely,Sales,2,4,Life Sciences,1,3838,Male,1,Laboratory Technician,Divorced,72640,0.0,Y,17,8,0,11.0,5,10,0,7,3.0,3.0,3.0,3,3,6.9033239171374765,0.3111955019622865,1629.1844444444444,236,0,0.0,0.0
3838,40,No,Travel_Rarely,Research & Development,22,1,Life Sciences,1,3839,Male,1,Laboratory Technician,Married,56660,1.0,Y,14,8,1,18.0,2,18,14,12,1.0,3.0,3.0,3,3,7.585921237693389,0.3247220849190267,1797.8633333333332,237,22,0.0,0.0
3839,35,No,Non-Travel,Research & Development,29,3,Medical,1,3840,Female,2,Sales Executive,Married,78230,1.0,Y,13,8,1,15.0,3,14,2,9,3.0,3.0,3.0,3,3,6.240396995708155,0.2821699461305955,1454.0125,233,0,0.0,0.0
3840,37,No,Travel_Rarely,Research & Development,29,4,Technical Degree,1,3841,Male,1,Laboratory Technician,Married,78800,3.0,Y,12,8,1,9.0,2,4,0,2,3.0,3.0,2.0,4,3,8.004658469945356,0.3109803328952683,1953.1366666666668,244,125,0.0,0.0
3841,39,No,Travel_Frequently,Research & Development,2,3,Technical Degree,1,3842,Female,2,Manager,Single,131940,0.0,Y,11,8,0,10.0,2,9,3,8,1.0,3.0,1.0,3,3,6.680691609977324,0.2908766314807772,1636.7694444444444,245,0,0.0,0.0
3842,45,No,Travel_Rarely,Research & Development,28,3,Life Sciences,1,3843,Female,2,Laboratory Technician,Divorced,50670,1.0,Y,11,8,2,10.0,3,10,3,9,4.0,4.0,3.0,2,3,7.283664990421456,0.2915094311922168,1689.810277777778,232,0,0.0,0.0
3843,38,No,Travel_Rarely,Research & Development,2,4,Life Sciences,1,3844,Female,3,Sales Executive,Married,50790,3.0,Y,11,8,0,10.0,3,5,0,2,4.0,3.0,4.0,3,3,9.60357008907642,0.304928529641326,2276.0461111111117,237,237,143.61638888888888,0.6059763244256915
3844,35,Yes,Travel_Rarely,Research & Development,2,3,Life Sciences,1,3845,Male,3,Healthcare Representative,Married,23210,9.0,Y,12,8,1,15.0,0,13,6,0,4.0,1.0,3.0,3,3,5.993160310734463,0.3200327183971063,1414.3858333333333,236,0,0.0,0.0
3845,37,No,Travel_Rarely,Research & Development,22,3,Life Sciences,1,3846,Female,2,Healthcare Representative,Married,174440,1.0,Y,14,8,0,8.0,4,8,7,7,2.0,2.0,1.0,3,3,8.02535265700483,0.270005847366161,1845.831111111111,230,121,0.0,0.0
3846,40,No,Travel_Rarely,Research & Development,8,3,Technical Degree,1,3847,Female,2,Healthcare Representative,Single,24040,6.0,Y,17,8,0,18.0,2,4,3,3,3.0,4.0,2.0,2,3,9.25281101614435,0.2920268926173647,2165.157777777778,234,234,66.26138888888889,0.2831683285849952
3847,44,No,Travel_Frequently,Sales,2,2,Marketing,1,3848,Male,1,Laboratory Technician,Married,34520,4.0,Y,11,8,1,14.0,2,10,0,2,1.0,4.0,3.0,2,3,8.622644534778681,0.3122532381234193,2121.1705555555554,246,243,4.869444444444447,0.0197944896115627
3848,48,No,Travel_Frequently,Sales,10,4,Marketing,1,3849,Female,3,Manager,Married,22700,2.0,Y,14,8,3,23.0,2,2,2,2,3.0,4.0,3.0,3,3,7.09489406779661,0.3010032867223658,1674.395,236,0,0.0,0.0
3849,35,Yes,Travel_Rarely,Research & Development,9,3,Life Sciences,1,3850,Male,2,Manager,Divorced,173990,6.0,Y,12,8,0,7.0,3,2,2,2,1.0,4.0,2.0,1,3,10.698062471184878,0.3102141904542351,2578.2330555555554,241,241,409.2330555555556,1.6980624711848775
3850,24,No,Travel_Frequently,Research & Development,15,3,Life Sciences,1,3851,Male,2,Research Scientist,Single,54880,1.0,Y,22,8,1,6.0,6,6,1,3,1.0,4.0,3.0,3,4,8.67883310564663,0.3163048681427138,2117.635277777778,244,238,5.76888888888889,0.0236429872495446
3851,27,No,Travel_Rarely,Sales,10,4,Life Sciences,1,3852,Male,3,Sales Executive,Married,194190,7.0,Y,14,8,1,5.0,2,3,0,2,2.0,3.0,3.0,1,3,7.206112263715998,0.3074803438316042,1736.6730555555555,241,0,0.0,0.0
3852,27,No,Travel_Frequently,Research & Development,7,3,Life Sciences,1,3853,Male,1,Research Scientist,Single,28110,2.0,Y,20,8,0,6.0,3,4,1,2,4.0,4.0,2.0,3,4,6.40713601532567,0.3007660671644078,1486.4555555555555,232,0,0.0,0.0
3853,40,Yes,Travel_Rarely,Sales,16,4,Marketing,1,3854,Male,1,Research Director,Single,36330,3.0,Y,16,8,2,10.0,0,4,0,3,1.0,1.0,1.0,3,3,10.53904878618114,0.2969139699934254,2508.293611111111,238,238,366.2936111111111,1.539048786181139
3854,29,No,Travel_Rarely,Research & Development,20,1,Medical,1,3855,Female,2,Manager,Single,41630,9.0,Y,15,8,1,8.0,4,5,1,4,3.0,3.0,3.0,2,3,7.289530567685589,0.2941301578277539,1669.3025,229,1,0.0,0.0
3855,36,No,Travel_Rarely,Research & Development,23,3,Life Sciences,1,3856,Female,3,Sales Executive,Married,21320,4.0,Y,20,8,0,9.0,1,3,0,2,2.0,1.0,3.0,2,4,7.887590605627087,0.323371765168372,1837.808611111111,233,88,0.0072222222222215,3.099666189794668e-05
3856,25,No,Travel_Frequently,Sales,5,1,Marketing,1,3857,Male,4,Manufacturing Director,Divorced,139730,1.0,Y,14,8,0,7.0,3,7,0,7,4.0,3.0,3.0,2,3,6.065146638054363,0.3118608929066635,1413.1791666666666,233,0,0.0,0.0
3857,39,No,Travel_Rarely,Sales,10,3,Marketing,1,3858,Female,2,Research Director,Married,26840,4.0,Y,12,8,0,7.0,2,5,1,0,4.0,2.0,3.0,3,3,6.776572855750487,0.3238734123983162,1545.058611111111,228,0,0.0,0.0
3858,49,No,Travel_Rarely,Sales,4,2,Life Sciences,1,3859,Male,2,Research Director,Married,108450,3.0,Y,24,8,0,27.0,4,4,1,2,1.0,2.0,3.0,2,4,7.813417257683215,0.3117105992130395,1836.1530555555555,235,70,0.0,0.0
3859,50,No,Travel_Rarely,Research & Development,2,2,Medical,1,3860,Male,3,Sales Executive,Divorced,43770,5.0,Y,12,8,1,19.0,2,14,1,11,4.0,1.0,3.0,2,3,7.7877777777777775,0.2863686631108442,1915.7933333333333,246,59,0.0,0.0
3860,20,No,Travel_Rarely,Research & Development,18,4,Medical,1,3861,Female,2,Sales Executive,Single,37430,1.0,Y,13,8,1,2.0,2,2,2,2,3.0,3.0,3.0,3,3,6.615295508274231,0.2882897887700183,1554.5944444444444,235,0,0.0,0.0
3861,34,No,Travel_Rarely,Research & Development,10,3,Medical,1,3862,Male,3,Laboratory Technician,Divorced,41480,1.0,Y,11,8,0,11.0,3,11,7,9,4.0,2.0,3.0,3,3,7.691735253772291,0.3158191809339351,1869.0916666666667,243,36,0.0,0.0
3862,36,No,Travel_Rarely,Research & Development,1,3,Life Sciences,1,3863,Female,2,Healthcare Representative,Single,10510,2.0,Y,14,8,0,15.0,2,4,1,3,1.0,2.0,3.0,3,3,6.003140933140933,0.2844228148723844,1386.7255555555555,231,0,0.0,0.0
3863,49,No,Travel_Rarely,Human Resources,6,2,Life Sciences,1,3864,Female,2,Research Scientist,Married,107390,2.0,Y,11,8,3,30.0,3,15,2,12,3.0,3.0,3.0,3,3,8.480666666666666,0.3073107750585914,2077.7633333333333,245,227,2.2247222222222227,0.0090804988662131
3864,36,No,Non-Travel,Research & Development,8,4,Life Sciences,1,3865,Male,4,Laboratory Technician,Married,103880,0.0,Y,14,8,0,4.0,2,3,1,2,4.0,3.0,3.0,3,3,8.009613266283525,0.3078391292358417,1858.2302777777777,232,122,0.0,0.0
3865,36,No,Travel_Rarely,Research & Development,2,2,Medical,1,3866,Female,2,Healthcare Representative,Divorced,114160,6.0,Y,16,8,0,13.0,2,5,0,4,4.0,1.0,3.0,3,3,6.313820037986705,0.305576857769567,1477.433888888889,234,0,0.0,0.0
3866,54,No,Travel_Rarely,Sales,24,3,Marketing,1,3867,Male,1,Laboratory Technician,Married,26000,3.0,Y,14,8,0,36.0,5,10,4,7,2.0,3.0,3.0,3,3,7.590807217473884,0.2779131393674012,1776.2488888888888,234,16,0.0,0.0
3867,43,No,Travel_Rarely,Research & Development,2,4,Life Sciences,1,3868,Female,1,Research Scientist,Married,24220,1.0,Y,11,8,1,14.0,2,14,6,11,3.0,3.0,3.0,3,3,7.6026572543618,0.2898734438823875,1839.843055555556,242,18,0.0,0.0
3868,35,Yes,Travel_Frequently,Research & Development,17,4,Medical,1,3869,Male,1,Research Director,Single,54720,3.0,Y,11,8,1,13.0,3,11,6,7,4.0,4.0,4.0,2,3,8.362878787878788,0.2938137693224938,2023.8166666666664,242,213,0.2888888888888896,0.0011937557392102
3869,38,No,Travel_Frequently,Research & Development,19,2,Life Sciences,1,3870,Male,2,Research Scientist,Married,24510,7.0,Y,12,8,1,19.0,3,13,2,9,4.0,4.0,4.0,3,3,7.185211805555555,0.305589961220947,1724.450833333333,240,1,0.0,0.0
3870,29,No,Travel_Rarely,Research & Development,1,2,Medical,1,3871,Male,2,Sales Representative,Divorced,42400,1.0,Y,14,8,0,10.0,2,10,0,9,1.0,2.0,2.0,2,3,10.688967391304349,0.273347197851173,2458.4625,230,230,388.4625,1.688967391304348
3871,33,No,Travel_Rarely,Research & Development,7,3,Medical,1,3872,Male,5,Sales Executive,Divorced,109990,1.0,Y,18,8,3,6.0,3,6,0,4,4.0,4.0,3.0,2,3,6.380850480109739,0.3102448781167251,1550.5466666666666,243,0,0.0,0.0
3872,32,No,Travel_Rarely,Research & Development,5,4,Technical Degree,1,3873,Male,5,Research Scientist,Divorced,50030,0.0,Y,13,8,0,10.0,5,9,1,6,4.0,2.0,2.0,3,3,6.61519212962963,0.3076342154185627,1587.6461111111112,240,0,0.0,0.0
3873,31,No,Travel_Rarely,Research & Development,28,4,Technical Degree,1,3874,Female,2,Sales Executive,Married,127420,1.0,Y,11,8,0,10.0,4,10,0,2,1.0,4.0,3.0,2,3,7.40136158594492,0.2856451988999138,1731.9186111111112,234,4,0.0,0.0
3874,49,No,Travel_Rarely,Research & Development,2,4,Medical,1,3875,Male,1,Laboratory Technician,Divorced,42270,4.0,Y,18,8,0,17.0,3,2,2,2,4.0,1.0,2.0,2,3,9.711996151996152,0.2931290489820296,2243.471111111111,231,231,164.60305555555556,0.7125673400673401
3875,38,No,Travel_Frequently,Sales,29,2,Medical,1,3876,Female,1,Sales Executive,Single,39170,1.0,Y,15,8,3,4.0,2,4,3,3,4.0,2.0,3.0,3,3,7.781927966101695,0.2691479682843442,1836.535,236,52,0.0,0.0
3876,47,No,Travel_Rarely,Research & Development,1,4,Medical,1,3877,Male,3,Laboratory Technician,Divorced,183030,6.0,Y,22,8,1,29.0,2,3,1,2,2.0,2.0,3.0,2,4,6.705334255417243,0.2962199954404407,1615.9855555555555,241,0,0.0,0.0
3877,49,No,Travel_Rarely,Research & Development,21,3,Medical,1,3878,Male,2,Manufacturing Director,Single,23800,4.0,Y,13,8,0,23.0,3,8,0,0,3.0,3.0,3.0,1,3,6.390048879351455,0.31116918512085,1488.881388888889,233,0,0.0,0.0
3878,41,No,Travel_Rarely,Research & Development,24,4,Life Sciences,1,3879,Female,4,Manager,Single,137260,3.0,Y,12,8,0,21.0,6,2,0,2,4.0,3.0,3.0,4,3,10.995572424651373,0.2869746104324487,2715.906388888889,247,247,492.9063888888889,1.995572424651372
3879,20,No,Travel_Rarely,Research & Development,1,3,Life Sciences,1,3880,Male,1,Sales Representative,Single,47770,1.0,Y,18,8,1,2.0,3,2,0,2,4.0,1.0,3.0,3,3,7.72235153256705,0.3249261815399854,1791.5855555555556,232,48,0.0,0.0
3880,33,No,Non-Travel,Research & Development,18,2,Medical,1,3881,Female,2,Healthcare Representative,Divorced,63850,1.0,Y,13,8,0,7.0,6,6,1,2,3.0,4.0,3.0,2,3,9.51408906882591,0.31699929821329,2349.98,247,247,128.85944444444442,0.521698155645524
3881,36,No,Travel_Rarely,Research & Development,2,2,Technical Degree,1,3882,Male,3,Sales Executive,Married,199730,6.0,Y,12,8,0,10.0,2,3,0,2,1.0,3.0,2.0,3,3,6.011818287037037,0.3056619967471171,1442.836388888889,240,0,0.0,0.0
3882,44,No,Travel_Rarely,Research & Development,9,3,Technical Degree,1,3883,Female,3,Healthcare Representative,Divorced,68610,4.0,Y,12,8,0,8.0,2,2,2,2,3.0,4.0,3.0,2,3,8.514237588652483,0.3163655719183857,2000.8458333333333,235,223,1.8863888888888865,0.0080271867612293
3883,23,Yes,Travel_Rarely,Human Resources,6,3,Life Sciences,1,3884,Female,3,Laboratory Technician,Single,49690,1.0,Y,12,8,0,5.0,3,5,1,2,4.0,3.0,3.0,3,3,8.11039419087137,0.312946594810948,1954.605,241,144,0.3572222222222212,0.0014822498847395
3884,38,No,Travel_Rarely,Research & Development,11,2,Life Sciences,1,3885,Male,1,Sales Executive,Married,198450,7.0,Y,11,8,1,7.0,3,0,0,0,4.0,3.0,2.0,3,3,7.406556283357593,0.2913628156199392,1696.1013888888888,229,3,0.0,0.0
3885,53,No,Travel_Rarely,Research & Development,24,3,Life Sciences,1,3886,Male,4,Research Director,Married,133200,3.0,Y,11,8,0,11.0,2,4,1,2,2.0,4.0,3.0,3,3,8.02555795019157,0.2918307699221041,1861.9294444444445,232,129,0.0,0.0
3886,48,Yes,Travel_Frequently,Sales,10,2,Marketing,1,3887,Male,1,Healthcare Representative,Married,63470,2.0,Y,12,8,1,19.0,3,9,7,7,4.0,3.0,3.0,1,3,9.92120792992162,0.2721806083095102,2391.011111111111,241,241,222.0111111111111,0.9212079299216228
3887,32,Yes,Travel_Rarely,Sales,1,3,Life Sciences,1,3888,Male,2,Research Scientist,Single,27430,1.0,Y,19,8,1,1.0,2,1,0,0,4.0,2.0,3.0,3,3,7.502065118397086,0.3000917243808038,1830.503888888889,244,11,0.0,0.0
3888,26,No,Non-Travel,Research & Development,18,2,Medical,1,3889,Male,1,Human Resources,Single,108800,1.0,Y,23,8,1,7.0,5,7,5,7,4.0,4.0,3.0,3,4,7.179538958045182,0.2971345849617151,1730.2688888888888,241,1,0.0,0.0
3889,55,No,Travel_Rarely,Research & Development,23,1,Life Sciences,1,3890,Male,5,Laboratory Technician,Divorced,23420,5.0,Y,11,8,2,8.0,2,4,1,2,1.0,2.0,3.0,3,3,7.683146551724138,0.3089926310484613,1782.49,232,35,0.0,0.0
3890,34,No,Travel_Rarely,Sales,28,3,Life Sciences,1,3891,Female,2,Research Scientist,Married,176500,1.0,Y,19,8,1,15.0,6,15,4,13,2.0,4.0,4.0,1,3,7.971089569160997,0.3003235967715806,1952.9169444444444,245,112,0.0,0.0
3891,60,No,Travel_Rarely,Sales,17,4,Medical,1,3892,Male,1,Manager,Divorced,40250,3.0,Y,13,8,1,19.0,5,1,0,0,3.0,4.0,4.0,2,3,6.223042824074074,0.3062025885145736,1493.530277777778,240,0,0.0,0.0
3892,33,No,Travel_Rarely,Sales,3,3,Life Sciences,1,3893,Male,3,Manager,Married,97250,1.0,Y,11,8,0,14.0,0,14,2,13,2.0,2.0,3.0,3,3,7.823783846872082,0.2731327520153306,1862.0605555555555,238,66,0.0,0.0
3893,37,No,Travel_Frequently,Research & Development,13,3,Life Sciences,1,3894,Male,1,Laboratory Technician,Divorced,119040,1.0,Y,12,8,1,6.0,4,6,1,3,3.0,4.0,2.0,3,3,6.504990503323836,0.3074965746066589,1522.1677777777777,234,0,0.0,0.0
3894,34,No,Travel_Rarely,Research & Development,7,2,Life Sciences,1,3895,Male,1,Healthcare Representative,Married,21770,1.0,Y,13,8,0,10.0,5,10,8,7,2.0,4.0,3.0,3,3,7.099637377963737,0.2832322453722691,1696.8133333333333,239,0,0.0,0.0
3895,23,Yes,Travel_Rarely,Research & Development,12,2,Medical,1,3896,Male,2,Research Scientist,Divorced,75250,1.0,Y,14,8,2,3.0,2,3,0,2,3.0,4.0,3.0,3,3,9.224344070961717,0.3106859866878152,2195.393888888889,238,238,63.74305555555555,0.267827964519141
3896,44,No,Travel_Rarely,Human Resources,1,3,Life Sciences,1,3897,Male,1,Research Scientist,Married,48340,1.0,Y,14,8,0,9.0,1,8,6,7,3.0,4.0,3.0,4,3,8.53535123966942,0.3017626217221024,2065.555,242,232,1.7183333333333335,0.0071005509641873
3897,35,No,Travel_Frequently,Research & Development,13,3,Life Sciences,1,3898,Male,3,Sales Executive,Single,20420,0.0,Y,16,8,0,6.0,2,5,1,4,1.0,4.0,4.0,3,3,8.18828031350853,0.2876095901905433,1973.375555555556,241,177,0.0099999999999997,4.149377593360908e-05
3898,43,No,Travel_Rarely,Research & Development,25,4,Life Sciences,1,3899,Male,2,Sales Executive,Married,22200,1.0,Y,11,8,0,10.0,2,10,8,8,4.0,4.0,3.0,1,3,8.078224586288416,0.2926064721268609,1898.3827777777776,235,139,0.0,0.0
3899,24,No,Travel_Rarely,Research & Development,6,3,Life Sciences,1,3900,Male,3,Sales Executive,Married,10520,1.0,Y,13,8,0,5.0,3,5,0,4,3.0,3.0,3.0,3,3,6.705840136054422,0.3094046058292607,1642.930833333333,245,0,0.0,0.0
3900,41,No,Travel_Rarely,Sales,6,4,Marketing,1,3901,Male,1,Research Scientist,Single,28210,1.0,Y,17,8,0,10.0,3,10,8,7,4.0,3.0,3.0,3,3,6.995156175488794,0.2972862032259464,1629.871388888889,233,0,0.0,0.0
3901,29,No,Travel_Rarely,Research & Development,2,2,Life Sciences,1,3902,Male,2,Research Scientist,Married,192370,9.0,Y,11,8,1,9.0,2,5,1,2,4.0,3.0,3.0,3,3,7.864863526570049,0.289314370940966,1808.9186111111112,230,75,0.0,0.0
3902,36,No,Travel_Rarely,Human Resources,1,4,Life Sciences,1,3903,Female,3,Research Scientist,Single,41070,3.0,Y,11,8,1,17.0,2,13,6,7,3.0,4.0,2.0,1,3,6.277419278252612,0.2860901512752419,1468.9161111111111,234,0,0.0,0.0
3903,45,No,Non-Travel,Sales,2,3,Life Sciences,1,3904,Female,2,Manufacturing Director,Married,83960,3.0,Y,15,8,2,25.0,3,23,14,4,3.0,3.0,2.0,2,3,6.309411404796868,0.2735606668460068,1432.236388888889,227,0,0.0,0.0
3904,24,Yes,Travel_Rarely,Sales,6,2,Medical,1,3905,Female,2,Manager,Married,20070,1.0,Y,12,8,0,1.0,2,1,0,0,4.0,3.0,3.0,2,3,6.410934557438795,0.2715736476168557,1512.9805555555556,236,0,0.0,0.0
3905,47,Yes,Travel_Frequently,Research & Development,1,3,Medical,1,3906,Female,2,Sales Executive,Married,196270,7.0,Y,11,8,2,25.0,1,23,14,10,3.0,3.0,1.0,3,3,6.805530092592592,0.2971252812618054,1633.3272222222222,240,0,0.0,0.0
3906,26,No,Travel_Rarely,Research & Development,9,1,Medical,1,3907,Male,1,Sales Executive,Married,106860,1.0,Y,14,8,1,3.0,2,3,0,2,4.0,3.0,4.0,3,3,7.701706183170618,0.3124743381740635,1840.7077777777777,239,48,0.0,0.0
3907,45,No,Travel_Rarely,Research & Development,1,4,Life Sciences,1,3908,Male,1,Research Director,Single,29420,1.0,Y,22,8,1,21.0,4,21,8,6,4.0,2.0,3.0,3,4,6.575021186440678,0.3227666899882687,1551.705,236,0,0.0,0.0
3908,32,No,Travel_Frequently,Sales,1,1,Marketing,1,3909,Male,2,Laboratory Technician,Married,88580,6.0,Y,16,8,1,10.0,2,5,1,3,1.0,3.0,2.0,3,3,6.894498171010516,0.3162078579339054,1675.3630555555555,243,0,0.0,0.0
3909,31,No,Travel_Rarely,Research & Development,14,2,Life Sciences,1,3910,Male,1,Sales Executive,Married,167560,1.0,Y,11,8,2,6.0,5,5,0,3,2.0,3.0,4.0,3,3,7.224268115942029,0.320035452757449,1661.5816666666667,230,4,0.0,0.0
3910,41,No,Non-Travel,Sales,2,2,Medical,1,3911,Male,2,Research Scientist,Married,107980,2.0,Y,14,8,2,10.0,5,3,1,2,3.0,2.0,3.0,1,3,7.710550786838341,0.3074121667927103,1796.5583333333334,233,47,0.0,0.0
3911,40,No,Travel_Rarely,Research & Development,22,2,Technical Degree,1,3912,Male,1,Healthcare Representative,Married,23230,2.0,Y,16,8,1,18.0,2,1,0,0,2.0,1.0,3.0,3,3,9.81645048814505,0.314297633464416,2346.1316666666667,239,239,195.19083333333333,0.8166980474198048
3912,24,No,Travel_Rarely,Research & Development,3,3,Life Sciences,1,3913,Female,1,Research Scientist,Divorced,14160,1.0,Y,15,8,1,6.0,3,6,1,2,2.0,1.0,4.0,2,3,5.979858229598893,0.3158198382162316,1441.1458333333333,241,0,0.0,0.0
3913,46,No,Travel_Rarely,Research & Development,6,3,Medical,1,3914,Male,4,Sales Executive,Single,46150,6.0,Y,12,8,0,19.0,3,10,0,9,3.0,2.0,3.0,2,3,7.615646551724137,0.2990995078122704,1766.83,232,23,0.0,0.0
3914,35,No,Travel_Rarely,Sales,8,4,Life Sciences,1,3915,Male,1,Laboratory Technician,Married,24610,2.0,Y,20,8,1,17.0,4,7,0,7,4.0,3.0,3.0,3,4,7.4058831018518525,0.301184170305022,1777.4119444444443,240,6,0.0,0.0
3915,30,No,Travel_Rarely,Sales,9,4,Marketing,1,3916,Male,1,Laboratory Technician,Married,87220,1.0,Y,17,8,1,10.0,3,10,0,8,2.0,4.0,2.0,3,3,7.315814009661835,0.3024189172252389,1682.637222222222,230,3,0.0,0.0
3916,47,No,Non-Travel,Research & Development,3,2,Life Sciences,1,3917,Female,2,Sales Executive,Married,39550,7.0,Y,12,8,1,4.0,5,1,0,0,3.0,2.0,1.0,3,3,7.717876647834275,0.296529910053564,1821.418888888889,236,43,0.0,0.0
3917,46,No,Travel_Rarely,Research & Development,1,4,Technical Degree,1,3918,Female,3,Sales Executive,Divorced,99570,4.0,Y,20,8,0,13.0,1,10,0,3,3.0,4.0,2.0,3,4,9.827860750360747,0.3045428289613288,2270.235833333333,231,231,191.41777777777776,0.8286483886483885
3918,36,Yes,Travel_Rarely,Research & Development,1,3,Medical,1,3919,Male,2,Manufacturing Director,Divorced,33760,5.0,Y,20,8,0,16.0,3,2,2,2,2.0,1.0,3.0,3,4,10.412180611785876,0.3011941918645736,2571.808611111111,247,247,348.80861111111113,1.412180611785875
3919,32,Yes,Travel_Rarely,Research & Development,26,3,Medical,1,3920,Female,2,Research Director,Single,88230,6.0,Y,13,8,2,10.0,3,0,0,0,1.0,2.0,3.0,3,3,6.987964580300825,0.3026442482556607,1600.243888888889,229,0,0.0,0.0
3920,23,No,Travel_Rarely,Sales,6,4,Life Sciences,1,3921,Male,3,Manufacturing Director,Single,103220,1.0,Y,14,8,2,3.0,2,3,1,2,3.0,2.0,1.0,3,3,6.006363636363637,0.3164831165065821,1387.47,231,0,0.0,0.0
3921,31,No,Travel_Frequently,Sales,3,3,Marketing,1,3922,Male,2,Sales Executive,Single,46210,2.0,Y,18,8,1,9.0,3,5,1,4,4.0,4.0,2.0,3,3,6.496436988936988,0.2986817302596067,1500.6769444444444,231,0,0.0,0.0
3922,39,No,Non-Travel,Research & Development,3,3,Life Sciences,1,3923,Female,2,Manufacturing Director,Married,109760,1.0,Y,11,8,0,9.0,3,9,5,8,4.0,4.0,3.0,2,3,10.193314814814814,0.3064446243726216,2446.395555555556,240,240,286.3955555555555,1.1933148148148147
3923,32,No,Travel_Rarely,Research & Development,6,3,Technical Degree,1,3924,Male,1,Research Scientist,Married,36600,3.0,Y,11,8,2,10.0,0,4,0,2,4.0,3.0,1.0,2,3,7.59164048269581,0.2906774233780599,1852.3602777777776,244,21,0.0,0.0
3924,40,No,Travel_Rarely,Sales,6,3,Life Sciences,1,3925,Male,3,Manufacturing Director,Single,104820,1.0,Y,11,8,1,21.0,6,21,12,8,2.0,2.0,2.0,2,3,7.906473799126638,0.2897958254339454,1810.5825,229,87,0.0,0.0
3925,45,No,Travel_Rarely,Research & Development,19,4,Medical,1,3926,Male,1,Sales Representative,Married,71190,4.0,Y,15,8,0,9.0,2,5,0,3,3.0,3.0,4.0,3,3,7.790443469785576,0.3250388194647683,1776.2211111111112,228,61,0.0,0.0
3926,30,No,Travel_Frequently,Sales,9,3,Life Sciences,1,3927,Male,1,Research Director,Single,95820,0.0,Y,12,8,1,10.0,2,9,0,7,4.0,1.0,3.0,3,3,6.214679580896686,0.2949076577576786,1416.9469444444444,228,0,0.0,0.0
3927,24,No,Travel_Frequently,Sales,3,4,Marketing,1,3928,Male,1,Sales Executive,Married,45080,0.0,Y,11,8,1,3.0,5,2,2,1,1.0,4.0,3.0,3,3,5.98645112955279,0.3140947937302302,1442.7347222222222,241,0,0.0,0.0
3928,30,Yes,Travel_Frequently,Research & Development,10,3,Life Sciences,1,3929,Female,1,Human Resources,Divorced,22070,6.0,Y,14,8,0,6.0,4,4,1,2,3.0,4.0,2.0,3,3,6.707549951267056,0.2980826036093585,1529.3213888888888,228,0,0.0,0.0
3929,31,No,Travel_Rarely,Research & Development,3,2,Life Sciences,1,3930,Male,3,Laboratory Technician,Married,77560,1.0,Y,15,8,2,6.0,3,5,0,2,1.0,3.0,3.0,4,3,7.606590702947846,0.2970605231664706,1863.6147222222223,245,23,0.0,0.0
3930,27,No,Travel_Rarely,Sales,3,3,Life Sciences,1,3931,Male,1,Manager,Single,66940,1.0,Y,13,8,1,6.0,2,6,1,4,3.0,4.0,2.0,2,3,6.325555555555556,0.278827739092142,1442.2266666666667,228,0,0.0,0.0
3931,29,Yes,Travel_Rarely,Sales,4,3,Marketing,1,3932,Male,5,Research Scientist,Single,36910,1.0,Y,13,8,0,2.0,3,2,2,2,2.0,2.0,3.0,3,3,6.804979338842975,0.2859163400061597,1646.805,242,0,0.0,0.0
3932,29,No,Travel_Frequently,Research & Development,8,4,Life Sciences,1,3933,Female,1,Sales Executive,Single,23770,8.0,Y,21,8,1,10.0,2,3,0,2,4.0,3.0,4.0,3,4,8.795385735080059,0.2906677538475622,2014.1433333333332,229,226,8.867222222222223,0.0387214944201843
3933,30,No,Travel_Rarely,Sales,7,3,Life Sciences,1,3934,Male,3,Sales Executive,Divorced,23130,2.0,Y,11,8,0,12.0,5,7,1,7,3.0,1.0,3.0,3,3,8.002729885057471,0.2982235580884391,1856.6333333333332,232,123,0.0,0.0
3934,34,No,Travel_Rarely,Research & Development,1,2,Medical,1,3935,Female,2,Healthcare Representative,Married,176650,0.0,Y,11,8,0,6.0,5,5,1,2,4.0,4.0,3.0,2,3,9.915464480874318,0.2901341243171109,2419.373333333333,244,244,223.3733333333333,0.915464480874317
3935,33,No,Non-Travel,Research & Development,2,4,Medical,1,3936,Male,1,Sales Representative,Single,25960,8.0,Y,14,8,1,13.0,4,11,1,7,4.0,2.0,2.0,3,3,7.424654811715482,0.3079724768211758,1774.4925,239,3,0.0,0.0
3936,49,No,Travel_Rarely,Sales,3,4,Marketing,1,3937,Male,1,Sales Executive,Single,47280,3.0,Y,11,8,1,8.0,4,5,0,4,4.0,4.0,4.0,3,3,7.713776150627615,0.3021954936997335,1843.5925,239,40,0.0,0.0
3937,33,Yes,Travel_Rarely,Research & Development,10,3,Life Sciences,1,3938,Male,1,Sales Executive,Single,43020,2.0,Y,13,8,0,11.0,3,0,0,0,1.0,1.0,2.0,1,3,8.306316526610644,0.3139724506188361,1976.9033333333332,238,198,0.1100000000000012,0.0004621848739495
3938,38,No,Travel_Frequently,Research & Development,28,3,Medical,1,3939,Male,1,Healthcare Representative,Married,29790,4.0,Y,12,8,1,9.0,3,6,0,5,3.0,2.0,2.0,3,3,7.912287308228731,0.3109110182535867,1891.0366666666664,239,93,0.0,0.0
3939,31,Yes,Travel_Rarely,Human Resources,9,4,Human Resources,1,3940,Male,2,Laboratory Technician,Married,168850,2.0,Y,14,8,2,10.0,2,1,0,0,1.0,3.0,3.0,3,3,6.221997354497354,0.3099042832785091,1437.2813888888888,231,0,0.0,0.0
3940,29,No,Travel_Rarely,Research & Development,3,4,Other,1,3941,Female,2,Sales Representative,Divorced,55930,1.0,Y,13,8,1,1.0,3,1,0,0,4.0,1.0,3.0,3,3,6.287173611111111,0.2792701453697932,1508.9216666666666,240,0,0.0,0.0
3941,30,No,Travel_Rarely,Research & Development,2,1,Medical,1,3942,Male,1,Sales Representative,Married,104450,3.0,Y,18,8,1,10.0,3,7,1,7,3.0,3.0,3.0,3,3,6.788280367231638,0.3067983657079048,1602.0341666666666,236,0,0.0,0.0
3942,32,No,Non-Travel,Research & Development,10,4,Life Sciences,1,3943,Female,1,Laboratory Technician,Single,87400,2.0,Y,11,8,1,12.0,2,7,0,7,2.0,2.0,3.0,3,3,5.982664742664743,0.2854990285439801,1381.9955555555557,231,0,0.0,0.0
3943,38,No,Travel_Rarely,Research & Development,8,2,Technical Degree,1,3944,Female,1,Manufacturing Director,Married,25140,3.0,Y,11,8,0,15.0,2,1,1,0,2.0,4.0,3.0,2,3,9.036384335154828,0.3182428335357986,2204.8777777777777,244,244,36.092777777777776,0.1479212204007285
3944,43,Yes,Travel_Frequently,Research & Development,1,4,Other,1,3945,Male,3,Sales Executive,Married,76550,9.0,Y,12,8,1,6.0,3,1,0,0,3.0,3.0,3.0,3,3,8.40061391223156,0.2715119214040853,1999.3461111111112,238,220,0.5622222222222231,0.0023622782446311
3945,42,No,Travel_Rarely,Human Resources,1,3,Other,1,3946,Female,1,Healthcare Representative,Divorced,174650,8.0,Y,13,8,1,7.0,3,5,0,4,2.0,2.0,2.0,3,3,6.699085309158531,0.2996285629701949,1601.0813888888888,239,0,0.0,0.0
3946,55,No,Travel_Rarely,Research & Development,3,2,Life Sciences,1,3947,Female,1,Sales Executive,Married,73510,8.0,Y,20,8,1,34.0,3,1,0,0,3.0,1.0,3.0,3,4,7.598850241545893,0.3039602190588094,1747.7355555555555,230,15,0.0,0.0
3947,33,No,Non-Travel,Research & Development,14,3,Other,1,3948,Male,1,Research Scientist,Divorced,108200,5.0,Y,12,8,0,11.0,2,9,1,7,4.0,2.0,2.0,3,3,6.731928506375228,0.286595230141966,1642.5905555555555,244,0,0.0,0.0
3948,41,No,Travel_Rarely,Research & Development,5,3,Medical,1,3949,Male,1,Sales Representative,Divorced,121690,1.0,Y,19,8,0,5.0,2,5,0,4,3.0,1.0,3.0,3,3,6.291201790633608,0.2878956504379077,1522.4708333333333,242,0,0.0,0.0
3949,34,No,Non-Travel,Research & Development,7,4,Medical,1,3950,Female,1,Research Scientist,Divorced,196260,1.0,Y,21,8,0,15.0,5,15,0,7,4.0,3.0,3.0,2,4,8.186905255878285,0.3041867040601759,1973.0441666666663,241,176,0.3852777777777785,0.001598662978331
3950,53,No,Non-Travel,Research & Development,10,4,Medical,1,3951,Male,2,Healthcare Representative,Married,20700,4.0,Y,13,8,2,27.0,2,3,0,2,1.0,3.0,2.0,4,3,8.123122448979592,0.3187771237193932,1990.165,245,154,0.0274999999999998,0.0001122448979591
3951,43,No,Travel_Rarely,Sales,16,2,Marketing,1,3952,Female,1,Laboratory Technician,Single,67820,0.0,Y,16,8,1,10.0,2,9,1,8,2.0,4.0,3.0,3,3,6.0869706284153,0.2879089994999809,1485.2208333333333,244,0,0.0,0.0
3952,34,No,Travel_Rarely,Sales,10,2,Life Sciences,1,3953,Female,5,Sales Executive,Single,77790,5.0,Y,12,8,1,6.0,2,2,2,2,4.0,4.0,3.0,3,3,7.696015046296297,0.2653239724650497,1847.0436111111112,240,32,0.0,0.0
3953,21,Yes,Travel_Rarely,Sales,1,2,Marketing,1,3954,Male,5,Healthcare Representative,Single,27910,1.0,Y,14,8,0,1.0,3,1,1,0,2.0,2.0,3.0,4,3,7.522102657004831,0.2547543835569432,1730.0836111111112,230,6,0.0,0.0
3954,38,No,Travel_Rarely,Research & Development,8,2,Life Sciences,1,3955,Female,2,Sales Executive,Married,32010,1.0,Y,11,8,1,5.0,3,5,0,4,4.0,3.0,3.0,2,3,6.394260431317393,0.2791036360362434,1515.439722222222,237,0,0.0,0.0
3955,22,Yes,Travel_Rarely,Research & Development,1,3,Other,1,3956,Male,4,Research Scientist,Married,49680,1.0,Y,14,8,0,1.0,3,1,0,0,3.0,1.0,3.0,3,3,8.907727272727273,0.298505150767249,2155.67,242,241,18.91555555555556,0.0781634527089072
3956,31,No,Travel_Rarely,Research & Development,8,5,Life Sciences,1,3957,Male,5,Sales Executive,Married,131200,1.0,Y,12,8,2,13.0,6,12,5,7,1.0,4.0,3.0,2,3,7.295628072763028,0.2981014660931426,1648.8119444444444,226,1,0.0,0.0
3957,51,No,Travel_Rarely,Research & Development,1,4,Life Sciences,1,3958,Female,1,Manager,Married,40330,2.0,Y,14,8,0,15.0,2,2,2,2,1.0,3.0,3.0,3,3,6.686816148775894,0.276230667173272,1578.088611111111,236,0,0.0,0.0
3958,37,No,Travel_Rarely,Research & Development,24,1,Life Sciences,1,3959,Male,2,Sales Executive,Married,32910,1.0,Y,16,8,3,5.0,2,5,0,3,2.0,2.0,3.0,2,3,7.993744064577397,0.2995224271430134,1870.536111111111,234,115,0.0,0.0
3959,46,No,Travel_Rarely,Sales,3,4,Marketing,1,3960,Female,1,Sales Representative,Divorced,42720,7.0,Y,13,8,0,24.0,3,2,2,2,3.0,4.0,3.0,4,3,9.988379028379027,0.307135035888181,2307.3155555555554,231,231,228.3202777777778,0.988399470899471
3960,36,No,Travel_Rarely,Research & Development,27,3,Technical Degree,1,3961,Female,4,Research Scientist,Married,50560,7.0,Y,12,8,0,15.0,2,12,5,7,4.0,1.0,3.0,2,3,9.48172865013774,0.2828233166948425,2294.5783333333334,242,242,117.67444444444445,0.4862580348943985
3961,44,Yes,Travel_Frequently,Sales,10,4,Life Sciences,1,3962,Male,1,Research Scientist,Divorced,28440,1.0,Y,12,8,0,6.0,2,5,2,3,3.0,2.0,2.0,4,3,9.29102880658436,0.2848774995222342,2257.72,243,243,75.62694444444445,0.3112219935985368
3962,37,No,Travel_Rarely,Research & Development,19,2,Technical Degree,1,3963,Male,2,Sales Executive,Divorced,27030,2.0,Y,14,8,0,19.0,2,10,4,7,3.0,2.0,2.0,3,3,6.068434119960669,0.2795335095086076,1371.466111111111,226,0,0.0,0.0
3963,35,Yes,Travel_Rarely,Research & Development,15,4,Life Sciences,1,3964,Male,2,Research Scientist,Single,19040,1.0,Y,22,8,1,10.0,4,10,7,7,3.0,4.0,3.0,3,4,8.594216643421664,0.2994472741688127,2054.0177777777776,239,237,3.3475,0.0140062761506276
3964,33,No,Travel_Rarely,Research & Development,8,5,Medical,1,3965,Male,2,Laboratory Technician,Married,82240,6.0,Y,19,8,0,14.0,3,10,7,6,4.0,1.0,3.0,3,3,8.043768861454046,0.3159601275849647,1954.6358333333333,243,127,0.0,0.0
3965,28,No,Travel_Rarely,Sales,9,3,Medical,1,3966,Female,2,Sales Executive,Married,47660,1.0,Y,12,8,0,5.0,3,5,0,3,3.0,4.0,4.0,3,3,7.366939890710382,0.3056113896769683,1797.5333333333333,244,5,0.0,0.0
3966,39,No,Travel_Rarely,Sales,3,4,Marketing,1,3967,Female,2,Laboratory Technician,Single,26100,7.0,Y,12,8,0,9.0,2,4,2,2,3.0,3.0,3.0,2,3,6.890665708812261,0.3168667289500292,1598.6344444444444,232,0,0.0,0.0
3967,46,No,Non-Travel,Research & Development,9,2,Life Sciences,1,3968,Male,2,Manufacturing Director,Single,57310,8.0,Y,17,8,0,6.0,2,2,2,2,2.0,2.0,3.0,3,3,6.701427895981087,0.3028581699547285,1574.8355555555556,235,0,0.0,0.0
3968,40,No,Travel_Rarely,Research & Development,2,2,Medical,1,3969,Male,1,Research Director,Married,25390,4.0,Y,12,8,1,7.0,3,4,0,2,3.0,1.0,2.0,3,3,6.609389619883041,0.3103631368740586,1506.940833333333,228,0,0.0,0.0
3969,42,No,Travel_Rarely,Research & Development,7,4,Other,1,3970,Female,2,Laboratory Technician,Married,57140,5.0,Y,11,8,0,10.0,2,0,0,0,2.0,1.0,2.0,3,3,6.610516366989396,0.298741887385825,1593.1344444444444,241,0,0.0,0.0
3970,35,No,Non-Travel,Sales,10,1,Life Sciences,1,3971,Female,2,Research Director,Divorced,43230,2.0,Y,18,8,3,15.0,3,7,1,7,2.0,4.0,3.0,3,3,6.684642531876138,0.3056784492844443,1631.0527777777777,244,0,0.0,0.0
3971,38,No,Non-Travel,Sales,6,4,Marketing,1,3972,Male,3,Sales Executive,Divorced,73360,5.0,Y,11,8,0,13.0,3,11,3,8,1.0,2.0,3.0,3,3,7.839338235294118,0.3138916459132175,1865.7625,238,70,0.0,0.0
3972,34,Yes,Travel_Frequently,Research & Development,2,1,Life Sciences,1,3973,Male,1,Manufacturing Director,Married,134990,4.0,Y,23,8,2,11.0,2,7,0,7,4.0,1.0,2.0,4,4,7.895517952450267,0.291469889066609,1808.0736111111112,229,67,0.0,0.0
3973,37,Yes,Travel_Rarely,Research & Development,24,3,Life Sciences,1,3974,Male,1,Laboratory Technician,Single,137580,1.0,Y,11,8,1,10.0,5,10,0,8,4.0,1.0,1.0,3,3,6.195063185503099,0.302207037990952,1443.449722222222,233,0,0.0,0.0
3974,39,No,Travel_Frequently,Research & Development,2,1,Medical,1,3975,Male,2,Healthcare Representative,Divorced,51550,2.0,Y,18,8,1,7.0,3,2,2,2,3.0,4.0,3.0,2,3,6.194631566713157,0.3095198602335743,1480.5169444444443,239,0,0.0,0.0
3975,43,No,Non-Travel,Human Resources,8,5,Medical,1,3976,Female,3,Sales Executive,Single,22580,4.0,Y,18,8,0,7.0,2,3,1,2,1.0,3.0,2.0,3,3,7.353812915479582,0.2833736264184462,1720.7922222222223,234,5,0.0,0.0
3976,41,No,Travel_Rarely,Research & Development,3,3,Life Sciences,1,3977,Male,3,Research Scientist,Single,35970,3.0,Y,13,8,1,11.0,2,3,1,2,2.0,2.0,1.0,1,3,7.818558590102708,0.2926555070786041,1860.8169444444443,238,59,0.0,0.0
3977,41,No,Travel_Rarely,Research & Development,1,1,Technical Degree,1,3978,Male,3,Laboratory Technician,Divorced,25150,0.0,Y,18,8,0,23.0,2,22,13,5,3.0,3.0,4.0,2,3,10.283835425383542,0.3092854707977491,2457.8366666666666,239,239,306.83666666666664,1.2838354253835425
3978,30,No,Travel_Rarely,Sales,26,3,Marketing,1,3979,Female,2,Manager,Single,44200,9.0,Y,11,8,0,9.0,3,7,0,2,1.0,3.0,3.0,3,3,7.0870643153526975,0.300965752592626,1707.9825,241,0,0.0,0.0
3979,26,Yes,Travel_Rarely,Human Resources,2,1,Technical Degree,1,3980,Female,3,Sales Executive,Married,65780,0.0,Y,15,8,2,6.0,3,5,1,4,4.0,2.0,3.0,2,3,8.706473922902495,0.2910065715652242,2133.086111111111,245,242,5.623888888888887,0.022954648526077
3980,46,Yes,Travel_Rarely,Research & Development,10,3,Medical,1,3981,Male,1,Sales Executive,Married,44220,4.0,Y,11,8,1,13.0,2,9,3,7,4.0,2.0,4.0,3,3,7.9803557504873295,0.3374704936830294,1819.5211111111112,228,107,0.0,0.0
3981,40,No,Travel_Rarely,Sales,27,2,Medical,1,3982,Female,3,Sales Executive,Divorced,102740,4.0,Y,18,8,0,12.0,3,5,0,3,3.0,4.0,3.0,3,3,6.624849137931034,0.3092846656811923,1536.965,232,0,0.0,0.0
3982,34,No,Travel_Rarely,Research & Development,2,3,Life Sciences,1,3983,Male,2,Laboratory Technician,Married,53430,1.0,Y,14,8,0,10.0,5,10,4,8,2.0,3.0,3.0,2,3,7.404434071000461,0.2974822399468845,1784.4686111111112,241,9,0.0,0.0
3983,58,No,Non-Travel,Research & Development,2,4,Medical,1,3984,Male,1,Laboratory Technician,Divorced,23760,4.0,Y,12,8,1,37.0,3,16,14,14,2.0,2.0,2.0,3,3,6.579242097701149,0.3040697202263183,1526.3841666666667,232,0,0.0,0.0
3984,35,No,Travel_Rarely,Research & Development,8,1,Technical Degree,1,3985,Female,3,Manufacturing Director,Married,53460,0.0,Y,14,8,0,6.0,3,5,0,3,2.0,3.0,4.0,2,3,7.400633569739953,0.3204881261074824,1739.148888888889,235,5,0.0,0.0
3985,47,No,Travel_Rarely,Research & Development,19,5,Medical,1,3986,Female,2,Research Scientist,Divorced,28270,8.0,Y,14,8,1,28.0,3,22,14,10,3.0,2.0,3.0,3,3,10.694584520417854,0.26946197290185,2502.532777777778,234,234,396.53277777777777,1.6945845204178538
3986,40,No,Travel_Rarely,Research & Development,1,4,Life Sciences,1,3987,Male,2,Manager,Divorced,199430,2.0,Y,13,8,1,15.0,3,7,7,7,2.0,1.0,3.0,3,3,7.240177404295052,0.3090251753628469,1723.1622222222222,238,2,0.0,0.0
3987,54,No,Travel_Rarely,Sales,27,4,Medical,1,3988,Male,1,Research Scientist,Married,31310,4.0,Y,14,8,0,14.0,3,7,1,7,4.0,4.0,2.0,2,3,7.059951945616503,0.2920522123946097,1673.2086111111112,237,0,0.0,0.0
3988,31,No,Travel_Frequently,Sales,8,4,Other,1,3989,Female,3,Manufacturing Director,Married,25520,2.0,Y,18,8,0,9.0,2,3,2,2,1.0,1.0,3.0,3,3,7.49025493025493,0.3006102206783919,1730.2488888888888,231,9,0.0,0.0
3989,28,No,Travel_Rarely,Sales,1,2,Life Sciences,1,3990,Male,3,Manager,Married,44770,1.0,Y,15,8,0,3.0,6,3,1,2,3.0,1.0,3.0,3,3,7.590064463197375,0.2936851753813841,1798.8452777777777,237,19,0.0,0.0
3990,38,No,Travel_Rarely,Research & Development,19,3,Medical,1,3991,Female,2,Manufacturing Director,Married,64740,2.0,Y,13,8,2,20.0,3,4,0,3,2.0,4.0,2.0,1,3,9.485377585377586,0.308804227168421,2191.1222222222223,231,231,113.86833333333334,0.4929365079365079
3991,26,No,Travel_Rarely,Sales,8,3,Marketing,1,3992,Female,1,Healthcare Representative,Single,30330,1.0,Y,12,8,0,5.0,2,5,1,2,3.0,4.0,3.0,2,3,6.127782505910165,0.3179809263207004,1440.0288888888888,235,0,0.0,0.0
3992,58,No,Travel_Frequently,Research & Development,10,4,Technical Degree,1,3993,Female,1,Sales Representative,Married,29360,2.0,Y,13,8,1,23.0,3,2,2,2,1.0,3.0,3.0,3,3,9.595179738562091,0.2879356412289285,2283.652777777778,238,238,142.07416666666666,0.5969502801120448
3993,18,No,Non-Travel,Research & Development,2,3,Life Sciences,1,3994,Male,3,Sales Representative,Single,186060,1.0,Y,24,8,2,0.0,4,0,0,0,2.0,3.0,1.0,3,4,7.612805799220272,0.292805522359897,1735.719722222222,228,23,0.0,0.0
3994,31,Yes,Travel_Rarely,Research & Development,2,3,Life Sciences,1,3995,Male,3,Laboratory Technician,Married,21680,0.0,Y,14,8,1,2.0,2,1,0,0,4.0,1.0,3.0,3,3,6.054205146705146,0.2999667562806873,1398.5213888888889,231,0,0.0,0.0
3995,29,Yes,Travel_Rarely,Research & Development,8,2,Medical,1,3996,Male,1,Manager,Divorced,28530,4.0,Y,14,8,1,4.0,5,2,2,0,1.0,1.0,3.0,2,3,8.719821428571429,0.2833254762079316,2075.3175,238,236,6.052222222222225,0.0254295051353875
3996,45,No,Non-Travel,Sales,1,4,Technical Degree,1,3997,Male,1,Research Scientist,Married,170480,4.0,Y,15,8,0,10.0,3,8,5,7,3.0,3.0,4.0,2,3,7.173255462575547,0.2992043670481817,1714.4080555555556,239,1,0.0,0.0
3997,36,No,Travel_Rarely,Sales,2,3,Technical Degree,1,3998,Female,5,Laboratory Technician,Married,22900,4.0,Y,11,8,0,15.0,5,1,0,0,4.0,2.0,3.0,3,3,10.672969995311767,0.311299267004677,2529.4938888888887,237,237,396.4938888888889,1.6729699953117674
3998,43,No,Travel_Frequently,Sales,8,3,Medical,1,3999,Male,1,Research Director,Married,36000,1.0,Y,23,8,0,7.0,2,7,7,7,1.0,4.0,3.0,3,4,6.983569915254237,0.2860591897902877,1648.1225,236,0,0.0,0.0
3999,27,No,Travel_Frequently,Sales,8,4,Life Sciences,1,4000,Male,5,Research Scientist,Single,21070,0.0,Y,13,8,0,6.0,2,5,0,2,4.0,4.0,2.0,3,3,10.215344907407406,0.2848778231277713,2451.6827777777776,240,240,291.6827777777778,1.2153449074074074
4000,29,No,Travel_Frequently,Research & Development,6,2,Medical,1,4001,Male,1,Human Resources,Married,41150,1.0,Y,11,8,0,11.0,1,11,3,10,4.0,4.0,4.0,3,3,7.707633524082022,0.303341978768853,1795.878611111111,233,37,0.0,0.0
4001,32,No,Travel_Frequently,Sales,9,4,Life Sciences,1,4002,Male,4,Sales Executive,Single,43270,8.0,Y,13,8,0,4.0,4,0,0,0,4.0,4.0,4.0,3,3,7.611351931330471,0.286445914844911,1773.445,233,20,0.0,0.0
4002,42,No,Non-Travel,Research & Development,11,3,Medical,1,4003,Male,1,Manager,Married,178560,3.0,Y,18,8,0,10.0,2,6,3,3,3.0,3.0,2.0,3,3,6.489173640167364,0.2928541673589164,1550.9125,239,0,0.0,0.0
4003,47,No,Travel_Rarely,Sales,2,2,Life Sciences,1,4004,Female,5,Manager,Single,31960,4.0,Y,14,8,1,7.0,3,2,2,0,2.0,3.0,3.0,2,3,6.104896723646724,0.2845610519179783,1428.5458333333331,234,0,0.0,0.0
4004,46,No,Travel_Rarely,Human Resources,1,3,Life Sciences,1,4005,Female,1,Laboratory Technician,Divorced,190810,3.0,Y,21,8,0,12.0,2,9,4,7,4.0,4.0,2.0,3,4,7.183088842975206,0.2875288885760673,1738.3075,242,0,0.0,0.0
4005,28,No,Non-Travel,Research & Development,7,3,Life Sciences,1,4006,Male,1,Sales Executive,Divorced,89660,1.0,Y,16,8,1,3.0,3,3,2,2,3.0,4.0,3.0,2,3,7.699578460038986,0.2895302021965548,1755.503888888889,228,28,0.0,0.0
4006,29,No,Travel_Rarely,Research & Development,16,3,Medical,1,4007,Female,1,Manufacturing Director,Divorced,22100,8.0,Y,11,8,1,11.0,4,7,1,6,4.0,3.0,3.0,3,3,8.028727524204703,0.3109187384077522,1934.9233333333332,241,136,0.0,0.0
4007,42,No,Travel_Rarely,Sales,2,4,Medical,1,4008,Female,2,Research Director,Single,45390,4.0,Y,17,8,1,8.0,5,0,0,0,4.0,3.0,3.0,3,3,6.612405876951331,0.2990660891117963,1600.2022222222222,242,0,0.0,0.0
4008,32,Yes,Travel_Rarely,Research & Development,1,1,Medical,1,4009,Male,2,Laboratory Technician,Single,27410,7.0,Y,11,8,0,7.0,3,2,2,2,3.0,2.0,2.0,3,3,10.377716830754803,0.2955671212490023,2459.518888888889,237,237,326.5188888888889,1.3777168307548056
4009,46,No,Travel_Rarely,Research & Development,23,1,Life Sciences,1,4010,Male,2,Laboratory Technician,Divorced,34910,2.0,Y,14,8,0,25.0,0,19,2,8,1.0,1.0,3.0,3,3,7.934115402956604,0.293734234077094,1848.648888888889,233,101,0.0,0.0
4010,27,No,Travel_Rarely,Sales,2,3,Life Sciences,1,4011,Female,5,Research Scientist,Married,45410,1.0,Y,14,8,2,9.0,4,9,5,8,2.0,3.0,3.0,4,3,7.055443262411347,0.2937947129740418,1658.0291666666667,235,0,0.0,0.0
4011,29,No,Travel_Rarely,Research & Development,1,2,Medical,1,4012,Male,3,Sales Executive,Married,26780,1.0,Y,25,8,1,1.0,3,1,0,0,4.0,2.0,3.0,3,4,8.013264760576476,0.3021822626545756,1915.1702777777775,239,126,0.0,0.0
4012,43,No,Travel_Rarely,Research & Development,1,3,Life Sciences,1,4013,Male,1,Manufacturing Director,Married,73790,7.0,Y,13,8,2,21.0,3,16,6,14,1.0,3.0,3.0,2,3,6.280660442600277,0.310839683307675,1513.6391666666666,241,0,0.0,0.0
4013,48,No,Travel_Rarely,Research & Development,2,3,Life Sciences,1,4014,Female,2,Manager,Married,62720,4.0,Y,14,8,0,29.0,3,22,12,9,4.0,2.0,3.0,2,3,6.11030064014632,0.3100395848346944,1484.8030555555556,243,0,0.0,0.0
4014,29,Yes,Travel_Frequently,Research & Development,13,2,Life Sciences,1,4015,Female,1,Laboratory Technician,Single,52200,1.0,Y,17,8,0,1.0,3,1,1,0,4.0,4.0,2.0,2,3,8.59643217893218,0.2907619903300102,1985.7758333333331,231,226,2.112777777777776,0.0091462241462241
4015,46,Yes,Travel_Rarely,Research & Development,4,4,Medical,1,4016,Female,2,Sales Representative,Married,27430,5.0,Y,25,8,1,14.0,1,8,0,7,3.0,2.0,3.0,4,4,7.89895949074074,0.2995361778007904,1895.7502777777777,240,84,0.0,0.0
4016,27,No,Travel_Frequently,Research & Development,16,4,Medical,1,4017,Male,3,Healthcare Representative,Married,49980,0.0,Y,20,8,2,8.0,3,7,7,3,4.0,1.0,2.0,3,4,7.688701741996234,0.2999669920315966,1814.5336111111112,236,26,0.0,0.0
4017,39,No,Travel_Rarely,Research & Development,2,3,Technical Degree,1,4018,Male,3,Healthcare Representative,Divorced,102520,8.0,Y,13,8,1,7.0,3,2,2,2,4.0,4.0,3.0,3,3,6.493613445378151,0.2989386176965662,1545.48,238,0,0.0,0.0
4018,55,No,Travel_Rarely,Research & Development,2,3,Life Sciences,1,4019,Female,1,Human Resources,Married,27810,8.0,Y,13,8,1,19.0,2,5,0,4,2.0,4.0,4.0,3,3,6.17837367450438,0.2855345007262809,1488.9880555555555,241,0,0.0,0.0
4019,28,No,Travel_Rarely,Research & Development,29,2,Life Sciences,1,4020,Male,2,Laboratory Technician,Married,68520,1.0,Y,18,8,1,1.0,2,1,0,0,2.0,2.0,3.0,4,3,6.950778985507246,0.3048477091712963,1598.6791666666666,230,0,0.0,0.0
4020,30,Yes,Travel_Rarely,Sales,12,4,Life Sciences,1,4021,Female,2,Sales Executive,Single,49500,1.0,Y,12,8,2,1.0,3,1,0,0,2.0,4.0,2.0,3,3,7.718414893617021,0.3069930298166423,1813.8275,235,43,0.0,0.0
4021,22,Yes,Travel_Rarely,Research & Development,16,2,Life Sciences,1,4022,Female,2,Laboratory Technician,Single,35790,1.0,Y,19,8,3,1.0,3,1,0,0,4.0,2.0,3.0,3,3,10.512892924976258,0.3228222807488276,2460.016944444445,234,234,354.01694444444445,1.5128929249762584
4022,36,No,Travel_Rarely,Research & Development,11,3,Life Sciences,1,4023,Male,1,Sales Executive,Married,131910,1.0,Y,14,8,1,10.0,2,10,1,7,2.0,3.0,3.0,2,3,9.49042972459639,0.2847531712495951,2220.760555555556,234,234,115.63194444444446,0.4941536087369421
4023,31,No,Travel_Rarely,Research & Development,2,4,Life Sciences,1,4024,Female,5,Manager,Divorced,103770,1.0,Y,14,8,0,10.0,2,10,0,2,2.0,3.0,3.0,3,3,7.527197962154293,0.308085489406626,1723.7283333333332,229,13,0.0,0.0
4024,34,No,Travel_Rarely,Sales,14,2,Technical Degree,1,4025,Female,1,Sales Executive,Married,22350,2.0,Y,14,8,1,9.0,2,5,1,0,3.0,4.0,3.0,3,3,8.067217553688142,0.2749506210982065,1919.9977777777776,238,135,0.0,0.0
4025,29,No,Travel_Rarely,Research & Development,5,5,Life Sciences,1,4026,Female,1,Sales Executive,Single,105020,3.0,Y,12,8,0,11.0,4,3,1,2,4.0,1.0,3.0,2,3,7.119061065197428,0.3092523058921363,1722.8127777777777,242,0,0.0,0.0
4026,37,No,Travel_Rarely,Research & Development,7,2,Medical,1,4027,Male,1,Manufacturing Director,Married,20110,5.0,Y,13,8,0,16.0,4,5,0,4,4.0,1.0,3.0,4,3,8.72363482384824,0.2966077448808311,2146.014166666667,246,243,6.65972222222222,0.0270720415537488
4027,35,No,Travel_Rarely,Sales,2,1,Technical Degree,1,4028,Male,2,Laboratory Technician,Married,18590,0.0,Y,25,8,1,4.0,2,3,0,2,4.0,2.0,3.0,2,4,10.506960580912862,0.308214260659896,2532.1775,241,241,363.1775,1.506960580912863
4028,45,No,Travel_Rarely,Research & Development,3,3,Medical,1,4029,Female,2,Sales Executive,Married,37600,0.0,Y,14,8,1,10.0,2,9,3,8,2.0,4.0,2.0,2,3,7.110689927732611,0.3134689450160386,1749.2297222222223,246,1,0.0,0.0
4029,36,No,Travel_Frequently,Research & Development,5,3,Medical,1,4030,Female,4,Manufacturing Director,Single,177790,1.0,Y,17,8,1,10.0,5,10,0,8,2.0,4.0,2.0,1,3,6.48973898467433,0.3178027808069557,1505.6194444444443,232,0,0.0,0.0
4030,40,No,Travel_Rarely,Research & Development,3,3,Other,1,4031,Male,1,Sales Executive,Divorced,68330,2.0,Y,13,8,0,22.0,3,19,11,16,1.0,3.0,3.0,3,3,6.832436342592592,0.2886485621050059,1639.7847222222222,240,0,0.0,0.0
4031,26,No,Travel_Rarely,Research & Development,26,2,Life Sciences,1,4032,Male,2,Human Resources,Married,68120,1.0,Y,13,8,0,1.0,2,1,1,0,2.0,3.0,2.0,2,3,9.305777074542895,0.2951994849051865,2205.4691666666668,237,237,77.57361111111112,0.3273148148148148
4032,27,No,Travel_Rarely,Research & Development,4,3,Technical Degree,1,4033,Male,2,Manufacturing Director,Single,51710,0.0,Y,20,8,1,9.0,1,8,0,7,1.0,3.0,2.0,2,4,7.554721050164088,0.2715777271836948,1790.4688888888888,237,11,0.0,0.0
4033,48,No,Travel_Frequently,Research & Development,2,3,Life Sciences,1,4034,Male,2,Research Director,Divorced,197400,3.0,Y,14,8,0,24.0,2,22,4,7,4.0,4.0,3.0,4,3,7.195166427203065,0.3058314453240704,1669.278611111111,232,1,0.0,0.0
4034,44,No,Travel_Rarely,Sales,1,2,Medical,1,4035,Male,4,Manager,Married,187110,2.0,Y,12,8,1,10.0,0,2,2,2,2.0,1.0,3.0,3,3,7.083899482109228,0.2918600049606989,1671.800277777778,236,0,0.0,0.0
4035,34,Yes,Non-Travel,Research & Development,27,2,Life Sciences,1,4036,Female,1,Sales Representative,Married,36920,1.0,Y,12,8,1,5.0,5,5,3,0,4.0,1.0,3.0,3,3,10.200662851692892,0.3226347032668569,2376.7544444444443,233,233,279.75444444444446,1.2006628516928948
4036,56,Yes,Travel_Rarely,Human Resources,1,2,Medical,1,4037,Female,5,Sales Executive,Single,25590,1.0,Y,21,8,0,5.0,3,4,1,0,1.0,4.0,3.0,3,4,6.893758381226053,0.2889209833598437,1599.3519444444444,232,0,0.0,0.0
4037,36,No,Travel_Rarely,Research & Development,13,3,Technical Degree,1,4038,Female,3,Healthcare Representative,Married,25170,2.0,Y,14,8,0,12.0,3,4,1,3,3.0,2.0,1.0,3,3,7.322567722681359,0.2886543087162941,1772.0613888888888,242,3,0.0,0.0
4038,41,No,Travel_Rarely,Research & Development,5,3,Life Sciences,1,4039,Female,1,Sales Executive,Married,66230,5.0,Y,18,8,0,14.0,3,5,1,4,3.0,2.0,3.0,3,3,6.408234126984127,0.294134023004778,1525.1597222222222,238,0,0.0,0.0
4039,42,No,Travel_Rarely,Research & Development,7,3,Technical Degree,1,4040,Female,2,Sales Executive,Married,182650,9.0,Y,12,8,1,18.0,4,13,5,7,3.0,1.0,4.0,3,3,7.421599576271186,0.2955294214886386,1751.4975,236,6,0.0,0.0
4040,31,No,Travel_Rarely,Sales,9,4,Life Sciences,1,4041,Female,1,Sales Executive,Divorced,161240,2.0,Y,23,8,1,8.0,2,5,1,4,3.0,4.0,3.0,2,4,8.306982212475633,0.2930006291913398,1893.9919444444445,228,195,0.0744444444444454,0.0003265107212475
4041,34,No,Travel_Rarely,Research & Development,8,1,Life Sciences,1,4042,Female,3,Laboratory Technician,Married,25850,3.0,Y,12,8,0,9.0,5,4,0,1,4.0,4.0,2.0,3,3,9.197162131519274,0.3036111202428964,2253.304722222222,245,245,60.03444444444445,0.2450385487528345
4042,31,No,Travel_Rarely,Sales,25,2,Life Sciences,1,4043,Female,3,Manufacturing Director,Divorced,182130,8.0,Y,21,8,2,4.0,3,2,2,2,1.0,3.0,2.0,4,4,6.829941331417625,0.2839350806212035,1584.546388888889,232,0,0.0,0.0
4043,26,No,Travel_Frequently,Sales,16,2,Life Sciences,1,4044,Male,2,Healthcare Representative,Married,83800,0.0,Y,14,8,0,8.0,3,7,7,7,3.0,4.0,3.0,4,3,6.103722687122269,0.2949216627623368,1458.7897222222225,239,0,0.0,0.0
4044,45,No,Travel_Frequently,Research & Development,8,4,Life Sciences,1,4045,Female,2,Manager,Single,29940,4.0,Y,18,8,1,12.0,2,4,0,3,2.0,3.0,3.0,3,3,7.825787439613526,0.3007073935913588,1799.931111111111,230,67,0.0,0.0
4045,33,No,Travel_Rarely,Sales,1,3,Life Sciences,1,4046,Female,5,Sales Executive,Single,12230,1.0,Y,13,8,1,10.0,3,10,0,9,2.0,3.0,2.0,3,3,6.405410575048733,0.3131585088237306,1460.433611111111,228,0,0.0,0.0
4046,28,No,Travel_Frequently,Sales,8,3,Life Sciences,1,4047,Male,4,Research Scientist,Married,11180,1.0,Y,11,8,0,7.0,3,7,0,7,3.0,4.0,3.0,3,3,10.561230803974706,0.2590889434176727,2598.0627777777777,246,246,384.0627777777778,1.5612308039747065
4047,29,Yes,Travel_Frequently,Human Resources,2,4,Human Resources,1,4048,Male,2,Sales Executive,Single,28750,1.0,Y,11,8,0,1.0,3,1,0,0,3.0,1.0,3.0,3,3,6.7969338512241055,0.3057512443736447,1604.076388888889,236,0,0.0,0.0
4048,39,No,Non-Travel,Research & Development,8,5,Medical,1,4049,Female,2,Sales Representative,Married,188240,6.0,Y,19,8,1,10.0,4,3,1,2,1.0,3.0,3.0,3,3,6.295510603964961,0.2918975710164042,1517.2180555555556,241,0,0.0,0.0
4049,27,No,Travel_Rarely,Sales,3,2,Technical Degree,1,4050,Male,2,Healthcare Representative,Married,135770,1.0,Y,12,8,1,6.0,2,5,1,2,2.0,2.0,2.0,3,3,7.257912494039104,0.3014079472701802,1691.0936111111112,233,2,0.0,0.0
4050,34,No,Travel_Frequently,Research & Development,9,4,Life Sciences,1,4051,Female,2,Manufacturing Director,Married,26250,1.0,Y,12,8,3,16.0,4,15,6,11,3.0,4.0,3.0,3,3,8.863294979079498,0.3201492450406725,2118.3275,239,238,16.94138888888889,0.0708844723384472
4051,28,Yes,Travel_Rarely,Research & Development,25,3,Technical Degree,1,4052,Male,1,Research Director,Single,187890,3.0,Y,16,8,1,6.0,4,2,2,2,4.0,3.0,3.0,3,3,9.371956521739133,0.2861749300919137,2155.55,230,230,88.86527777777776,0.3863707729468598
4052,47,No,Non-Travel,Research & Development,1,4,Medical,1,4053,Male,1,Research Scientist,Married,45380,8.0,Y,11,8,0,16.0,3,8,1,7,3.0,2.0,4.0,3,3,5.99063475177305,0.3050214229327356,1407.799166666667,235,0,0.0,0.0
4053,56,No,Travel_Rarely,Research & Development,4,3,Technical Degree,1,4054,Female,2,Sales Executive,Married,198470,4.0,Y,14,8,0,6.0,6,0,0,0,4.0,1.0,3.0,3,3,7.89697337962963,0.2882154754447783,1895.2736111111112,240,86,0.0,0.0
4054,39,No,Travel_Rarely,Research & Development,1,3,Other,1,4055,Female,1,Laboratory Technician,Married,105120,1.0,Y,12,8,1,10.0,2,10,7,9,1.0,1.0,3.0,3,3,7.016283068783069,0.269100986634845,1620.7613888888889,231,0,0.0,0.0
4055,38,No,Travel_Frequently,Research & Development,4,2,Medical,1,4056,Female,1,Manager,Divorced,44440,1.0,Y,13,8,0,20.0,2,20,0,7,4.0,2.0,3.0,3,3,10.78147737455197,0.3117587273788857,2673.8063888888887,248,248,441.8063888888889,1.7814773745519712
4056,58,No,Travel_Rarely,Sales,5,3,Marketing,1,4057,Male,5,Sales Representative,Married,21540,4.0,Y,21,8,1,29.0,3,1,0,0,4.0,4.0,2.0,3,4,9.923890036730944,0.3126152044170146,2401.581388888889,242,242,223.58138888888888,0.9238900367309458
4057,32,Yes,Travel_Frequently,Research & Development,9,3,Life Sciences,1,4058,Male,2,Laboratory Technician,Single,191900,3.0,Y,17,8,1,8.0,2,4,0,3,1.0,3.0,3.0,3,3,10.21389952718676,0.3131667755487055,2400.2663888888887,235,235,285.2663888888889,1.2138995271867614
4058,38,No,Travel_Rarely,Research & Development,3,4,Life Sciences,1,4059,Female,1,Sales Representative,Divorced,44900,2.0,Y,21,8,1,10.0,1,5,0,3,2.0,4.0,4.0,3,4,7.610720164609053,0.2939636478735574,1849.405,243,24,0.0,0.0
4059,49,No,Travel_Frequently,Sales,11,4,Life Sciences,1,4060,Male,2,Research Scientist,Married,35060,3.0,Y,11,8,1,28.0,4,5,4,3,2.0,4.0,3.0,2,3,6.307485250737463,0.3012698225085478,1425.4916666666666,226,0,0.0,0.0
4060,42,No,Travel_Rarely,Sales,1,3,Life Sciences,1,4061,Female,1,Sales Executive,Divorced,23720,3.0,Y,12,8,1,14.0,3,0,0,0,2.0,4.0,3.0,3,3,8.693173758865248,0.294987829028965,2042.8958333333333,235,232,5.240555555555558,0.0223002364066193
4061,27,Yes,Travel_Frequently,Sales,8,1,Life Sciences,1,4062,Male,4,Laboratory Technician,Married,102310,1.0,Y,13,8,1,1.0,2,1,0,0,1.0,2.0,3.0,3,3,6.498731032794909,0.3006189895993233,1475.2119444444445,227,0,0.0,0.0
4062,35,No,Travel_Rarely,Research & Development,25,1,Medical,1,4063,Male,1,Sales Executive,Married,54100,0.0,Y,18,8,0,6.0,4,5,0,4,2.0,1.0,1.0,3,3,6.553021990740741,0.3428471815226708,1572.7252777777778,240,0,0.0,0.0
4063,28,No,Non-Travel,Research & Development,21,1,Medical,1,4064,Male,3,Research Scientist,Single,79780,1.0,Y,16,8,2,5.0,2,5,1,4,3.0,3.0,2.0,3,3,6.708564213564213,0.2970002943729465,1549.6783333333333,231,0,0.0,0.0
4064,31,No,Non-Travel,Sales,23,1,Medical,1,4065,Male,1,Sales Executive,Divorced,38670,1.0,Y,11,8,1,4.0,4,4,2,3,3.0,1.0,4.0,4,3,9.772402659069323,0.2906410854022813,2286.742222222222,234,234,180.7422222222222,0.7724026590693257
4065,36,No,Non-Travel,Research & Development,1,3,Life Sciences,1,4066,Male,2,Research Scientist,Married,28380,1.0,Y,19,8,2,5.0,5,5,0,2,1.0,2.0,3.0,1,3,7.112342117758784,0.2995717170457832,1664.2880555555555,234,0,0.0,0.0
4066,34,No,Travel_Rarely,Sales,2,3,Marketing,1,4067,Male,4,Healthcare Representative,Single,46950,1.0,Y,16,8,1,14.0,2,14,2,1,1.0,4.0,2.0,3,3,5.993801552644348,0.2957895226979586,1372.5805555555555,229,0,0.0,0.0
4067,34,No,Travel_Rarely,Research & Development,19,3,Technical Degree,1,4068,Female,1,Research Director,Divorced,33390,1.0,Y,16,8,0,9.0,2,8,1,1,4.0,3.0,2.0,2,3,6.793736225895318,0.3060802496080773,1644.0841666666668,242,0,0.0,0.0
4068,26,No,Travel_Rarely,Research & Development,2,2,Life Sciences,1,4069,Male,2,Research Scientist,Single,20800,0.0,Y,13,8,0,8.0,6,7,7,6,3.0,1.0,2.0,4,3,6.788305439330544,0.2964071050136009,1622.405,239,0,0.0,0.0
4069,29,No,Travel_Rarely,Research & Development,2,4,Other,1,4070,Male,2,Laboratory Technician,Married,20960,0.0,Y,22,8,0,6.0,2,5,0,2,1.0,1.0,2.0,4,4,7.710127504553734,0.2973446637609971,1881.2711111111112,244,40,0.0,0.0
4070,32,No,Non-Travel,Research & Development,3,1,Life Sciences,1,4071,Male,3,Manager,Divorced,62090,5.0,Y,17,8,1,9.0,5,5,1,2,3.0,4.0,3.0,4,3,6.603065843621399,0.2902579005735345,1604.545,243,0,0.0,0.0
4071,31,No,Travel_Frequently,Research & Development,25,5,Technical Degree,1,4072,Female,2,Human Resources,Married,180610,1.0,Y,14,8,1,10.0,2,10,8,7,4.0,1.0,3.0,3,3,6.93400070621469,0.2898441385041082,1636.424166666667,236,0,0.0,0.0
4072,28,Yes,Travel_Rarely,Sales,7,5,Life Sciences,1,4073,Female,2,Sales Representative,Divorced,171230,5.0,Y,15,8,1,6.0,2,4,0,3,3.0,4.0,2.0,2,3,6.290863054412437,0.3055855102700215,1528.6797222222222,243,0,0.0,0.0
4073,38,No,Travel_Rarely,Research & Development,9,2,Technical Degree,1,4074,Male,3,Sales Representative,Single,23720,4.0,Y,12,8,0,20.0,3,1,0,0,1.0,1.0,2.0,2,3,7.242158931082981,0.3269360880119424,1716.3916666666669,237,1,0.0,0.0
4074,35,No,Travel_Rarely,Research & Development,5,3,Life Sciences,1,4075,Male,2,Sales Representative,Married,48830,1.0,Y,18,8,1,10.0,1,10,0,9,3.0,4.0,3.0,1,3,8.811529597282872,0.2872408930960519,2017.8402777777776,229,229,10.42638888888889,0.0455300824842309
4075,27,No,Travel_Rarely,Sales,2,3,Life Sciences,1,4076,Female,1,Manager,Single,39040,1.0,Y,15,8,0,7.0,2,7,0,7,4.0,4.0,3.0,3,3,7.889389357712142,0.3205267047544624,1869.7852777777775,237,82,0.0727777777777785,0.0003070792311298
4076,32,No,Travel_Rarely,Research & Development,8,1,Medical,1,4077,Female,2,Research Scientist,Single,46270,8.0,Y,17,8,1,8.0,2,1,0,0,4.0,4.0,3.0,2,3,7.321815352697095,0.307775192376893,1764.5575,241,3,0.0,0.0
4077,31,Yes,Travel_Frequently,Research & Development,2,1,Other,1,4078,Male,3,Sales Executive,Married,70940,1.0,Y,14,8,1,10.0,2,10,0,8,1.0,4.0,3.0,3,3,10.317862787356322,0.2653506395154362,2393.744166666667,232,232,305.7441666666667,1.3178627873563218
4078,53,Yes,Travel_Rarely,Research & Development,18,3,Medical,1,4079,Male,1,Research Scientist,Single,34230,6.0,Y,15,8,1,15.0,4,2,2,2,1.0,1.0,2.0,3,3,10.80865277777778,0.3080598574229732,2594.076666666667,240,240,434.07666666666665,1.8086527777777777
4079,54,No,Travel_Rarely,Research & Development,14,3,Other,1,4080,Male,3,Research Scientist,Married,66740,3.0,Y,17,8,1,9.0,2,4,2,3,1.0,3.0,2.0,3,3,7.858071256038647,0.3203442184681646,1807.356388888889,230,77,0.0,0.0
4080,33,No,Travel_Frequently,Research & Development,2,4,Medical,1,4081,Female,4,Sales Executive,Divorced,168800,1.0,Y,14,8,3,9.0,2,9,2,8,4.0,3.0,3.0,3,3,7.887598308184728,0.3268658490510641,1916.6863888888888,243,85,0.0,0.0
4081,43,No,Travel_Rarely,Research & Development,3,3,Medical,1,4082,Male,1,Research Scientist,Married,90940,1.0,Y,12,8,1,10.0,0,10,0,9,1.0,3.0,3.0,3,3,7.520212350780532,0.3063006567545286,1819.891388888889,242,13,0.0,0.0
4082,38,No,Travel_Frequently,Research & Development,2,5,Medical,1,4083,Female,4,Sales Executive,Married,84460,0.0,Y,14,8,0,7.0,3,6,1,2,4.0,2.0,3.0,2,3,8.003354519774012,0.3053703998581203,1888.7916666666667,236,112,0.0,0.0
4083,55,No,Travel_Rarely,Sales,9,3,Marketing,1,4084,Male,2,Laboratory Technician,Married,119160,4.0,Y,15,8,1,35.0,3,10,1,4,3.0,2.0,3.0,2,3,8.175601469237833,0.3019292780250489,1978.4955555555557,242,170,0.0313888888888893,0.0001297061524334
4084,31,No,Travel_Rarely,Sales,6,3,Other,1,4085,Male,1,Manufacturing Director,Divorced,45340,1.0,Y,13,8,0,1.0,2,1,0,0,4.0,4.0,3.0,3,3,10.813751177024482,0.3169327233469386,2552.0452777777778,236,236,428.04527777777776,1.813751177024482
4085,39,No,Travel_Rarely,Research & Development,4,3,Life Sciences,1,4086,Male,2,Sales Executive,Single,98520,0.0,Y,12,8,1,21.0,5,20,11,10,2.0,1.0,3.0,2,3,6.089302083333333,0.3012977734327144,1461.4325,240,0,0.0,0.0
4086,42,No,Non-Travel,Research & Development,10,4,Life Sciences,1,4087,Female,2,Research Scientist,Single,61510,1.0,Y,13,8,1,20.0,3,20,3,7,4.0,3.0,3.0,3,3,6.598213768115942,0.3077294642572541,1517.5891666666666,230,0,0.0,0.0
4087,31,No,Non-Travel,Research & Development,14,2,Life Sciences,1,4088,Male,2,Healthcare Representative,Married,23020,4.0,Y,14,8,0,13.0,3,11,4,8,3.0,3.0,4.0,3,3,6.097765957446808,0.2775442166081848,1432.975,235,0,0.0,0.0
4088,54,No,Travel_Rarely,Research & Development,1,3,Medical,1,4089,Female,2,Human Resources,Single,23620,6.0,Y,13,8,1,9.0,2,5,1,4,3.0,1.0,3.0,4,3,10.500978997289971,0.3216627059046245,2583.2408333333333,246,246,369.2408333333333,1.500978997289973
4089,24,No,Travel_Rarely,Research & Development,5,4,Other,1,4090,Male,1,Manufacturing Director,Single,178610,1.0,Y,11,8,2,4.0,5,4,1,2,2.0,3.0,2.0,1,3,6.8744063421828905,0.3214640029532304,1553.6158333333333,226,1,0.0,0.0
4090,23,No,Travel_Rarely,Research & Development,7,3,Life Sciences,1,4091,Male,2,Research Scientist,Single,191870,1.0,Y,11,8,1,5.0,2,5,1,4,4.0,4.0,4.0,3,3,7.025246527777778,0.2799114139737682,1686.059166666667,240,0,0.0,0.0
4091,40,No,Travel_Frequently,Research & Development,21,3,Medical,1,4092,Female,3,Research Scientist,Married,197170,1.0,Y,21,8,0,10.0,1,10,9,4,4.0,3.0,4.0,2,4,7.799973599632691,0.3012855796269607,1887.5936111111112,242,57,0.0,0.0
4092,40,No,Travel_Rarely,Research & Development,8,1,Medical,1,4093,Female,5,Research Scientist,Married,35440,3.0,Y,18,8,3,15.0,3,11,5,10,2.0,2.0,3.0,2,3,6.187881218038122,0.335569071934762,1478.903611111111,239,0,0.0,0.0
4093,25,No,Travel_Rarely,Sales,20,5,Medical,1,4094,Female,2,Laboratory Technician,Married,85000,4.0,Y,12,8,0,6.0,2,2,1,2,3.0,2.0,3.0,3,3,6.211339243498818,0.3132874159461965,1459.6647222222225,235,0,0.0,0.0
4094,30,No,Travel_Rarely,Human Resources,20,4,Life Sciences,1,4095,Male,2,Research Scientist,Married,46610,1.0,Y,11,8,0,12.0,3,12,1,7,4.0,2.0,2.0,2,3,6.117868794326242,0.2855371226848449,1437.6991666666668,235,0,0.0,0.0
4095,25,No,Travel_Rarely,Research & Development,7,2,Medical,1,4096,Male,5,Sales Executive,Divorced,41030,6.0,Y,15,8,1,7.0,2,2,0,2,4.0,3.0,2.0,3,3,10.196005910165484,0.3136552821038038,2396.061388888889,235,235,281.06138888888887,1.1960059101654843
4096,47,No,Travel_Rarely,Research & Development,1,4,Life Sciences,1,4097,Male,2,Sales Executive,Single,42490,2.0,Y,13,8,1,25.0,2,17,12,11,1.0,3.0,3.0,2,3,7.794042824074074,0.3126562542851345,1870.5702777777776,240,63,0.0,0.0
4097,33,No,Non-Travel,Research & Development,1,3,Life Sciences,1,4098,Male,2,Research Scientist,Divorced,140260,1.0,Y,12,8,0,1.0,4,1,0,0,2.0,3.0,2.0,3,3,6.203211805555555,0.2902590277213612,1488.7708333333333,240,0,0.0,0.0
4098,38,No,Travel_Rarely,Research & Development,19,3,Life Sciences,1,4099,Female,2,Sales Executive,Married,68930,0.0,Y,17,8,0,16.0,3,15,5,8,4.0,2.0,3.0,3,3,7.91453514739229,0.2881059846668666,1939.0611111111111,245,93,0.0,0.0
4099,31,No,Travel_Rarely,Research & Development,10,4,Medical,1,4100,Female,3,Sales Executive,Married,61250,0.0,Y,13,8,1,3.0,3,2,1,2,1.0,3.0,3.0,3,3,7.226888888888889,0.3260213826802726,1698.318888888889,235,2,0.0,0.0
4100,38,No,Travel_Frequently,Research & Development,1,4,Other,1,4101,Male,2,Research Scientist,Married,36690,2.0,Y,19,8,0,10.0,2,8,7,7,1.0,3.0,3.0,3,3,6.494887706855792,0.2968575150328461,1526.298611111111,235,0,0.0,0.0
4101,42,No,Travel_Rarely,Research & Development,6,3,Medical,1,4102,Male,2,Laboratory Technician,Divorced,100080,6.0,Y,19,8,1,9.0,3,4,1,2,4.0,1.0,2.0,1,3,9.803851165980795,0.2885081341347756,2382.335833333333,243,243,195.3358333333333,0.8038511659807955
4102,41,No,Travel_Rarely,Sales,2,2,Medical,1,4103,Male,1,Healthcare Representative,Married,23870,3.0,Y,17,8,1,12.0,1,5,1,0,4.0,4.0,3.0,1,3,7.67073629306162,0.2750217763964964,1756.598611111111,229,29,0.0,0.0
4103,47,No,Non-Travel,Research & Development,21,2,Medical,1,4104,Male,1,Sales Executive,Married,46390,0.0,Y,11,8,1,14.0,2,13,5,12,3.0,2.0,1.0,2,3,7.224853076216712,0.3247995012960852,1748.4144444444444,242,2,0.0,0.0
4104,35,No,Travel_Rarely,Research & Development,4,3,Life Sciences,1,4105,Male,2,Healthcare Representative,Married,78980,7.0,Y,15,8,0,5.0,2,2,2,2,4.0,3.0,3.0,2,3,10.381681839402429,0.2985297282715294,2470.840277777778,238,238,328.84027777777777,1.3816818394024275
4105,22,No,Travel_Rarely,Human Resources,12,1,Human Resources,1,4106,Male,2,Sales Executive,Single,25340,0.0,Y,11,8,0,4.0,1,3,1,2,4.0,3.0,4.0,3,3,6.414363173216885,0.2761043056956067,1468.8891666666666,229,0,0.0,0.0
4106,35,No,Travel_Rarely,Research & Development,9,3,Medical,1,4107,Female,2,Sales Executive,Single,131420,1.0,Y,25,8,2,10.0,4,10,0,8,2.0,3.0,3.0,3,4,7.986352859135286,0.3258266304449803,1908.7383333333328,239,114,0.0,0.0
4107,33,No,Travel_Rarely,Sales,3,4,Medical,1,4108,Male,3,Healthcare Representative,Married,16110,0.0,Y,14,8,0,10.0,2,9,8,1,2.0,4.0,3.0,2,3,9.07009825327511,0.2843172286945776,2077.0525,229,229,34.80916666666667,0.1520050946142649
4108,32,No,Travel_Rarely,Research & Development,3,2,Technical Degree,1,4109,Male,3,Manufacturing Director,Single,53630,1.0,Y,13,8,0,6.0,4,6,4,1,3.0,2.0,3.0,3,3,6.992426006792819,0.3157552763737247,1601.2655555555557,229,0,0.0,0.0
4109,40,No,Travel_Rarely,Research & Development,1,4,Medical,1,4110,Male,2,Research Director,Married,50710,8.0,Y,17,8,1,8.0,3,1,0,0,1.0,4.0,2.0,2,3,6.217579033007903,0.2980194791855687,1486.0013888888889,239,0,0.0,0.0
4110,32,No,Travel_Rarely,Research & Development,1,2,Medical,1,4111,Male,3,Sales Executive,Married,136950,0.0,Y,13,8,0,3.0,3,2,2,2,2.0,2.0,3.0,3,3,6.02121158392435,0.2829384737724529,1414.9847222222222,235,0,0.0,0.0
4111,39,No,Travel_Rarely,Research & Development,4,4,Life Sciences,1,4112,Male,1,Sales Executive,Single,134020,7.0,Y,14,8,1,18.0,1,7,1,7,1.0,4.0,3.0,3,3,8.004868173258004,0.3134773054457117,1889.148888888889,236,123,0.1997222222222223,0.0008462806026365
4112,38,No,Travel_Rarely,Sales,20,4,Medical,1,4113,Female,2,Research Director,Married,20290,3.0,Y,11,8,1,20.0,3,18,1,11,2.0,3.0,3.0,2,3,8.04372015610652,0.2883773597600317,1946.5802777777776,242,135,0.0,0.0
4113,32,No,Travel_Rarely,Research & Development,18,3,Life Sciences,1,4114,Male,2,Manager,Married,63770,1.0,Y,12,8,2,14.0,3,14,5,7,3.0,4.0,3.0,3,3,7.899861111111111,0.2883504865939659,1880.1669444444444,238,87,0.0,0.0
4114,37,No,Travel_Rarely,Research & Development,1,3,Life Sciences,1,4115,Female,4,Sales Executive,Married,54290,1.0,Y,17,8,1,16.0,3,16,6,8,3.0,4.0,3.0,3,3,9.395383881735814,0.3187198642485007,2189.1244444444446,233,233,95.76833333333332,0.4110228898426323
4115,25,No,Travel_Rarely,Research & Development,2,4,Medical,1,4116,Female,2,Manufacturing Director,Divorced,27850,0.0,Y,21,8,0,6.0,2,5,0,4,1.0,3.0,2.0,3,4,7.9726721763085395,0.314982177329921,1929.3866666666663,242,117,0.0,0.0
4116,52,No,Non-Travel,Research & Development,2,4,Other,1,4117,Male,1,Manager,Divorced,46140,2.0,Y,16,8,1,16.0,3,9,0,0,1.0,4.0,3.0,3,3,6.776608063759962,0.288981277017768,1606.056111111111,237,0,0.0,0.0
4117,44,No,Travel_Rarely,Research & Development,8,1,Life Sciences,1,4118,Female,1,Sales Representative,Single,26100,6.0,Y,15,8,0,6.0,2,4,1,2,2.0,4.0,3.0,3,3,10.79869467984934,0.2946129205099234,2548.4919444444445,236,236,424.4919444444444,1.7986946798493408
4118,21,No,Travel_Rarely,Sales,10,5,Medical,1,4119,Male,3,Research Scientist,Single,66870,1.0,Y,19,8,3,2.0,0,2,1,2,3.0,1.0,3.0,3,3,8.192936676082862,0.2879590690674231,1933.533055555556,236,168,0.1136111111111102,0.0004814030131826
4119,39,No,Non-Travel,Research & Development,3,4,Life Sciences,1,4120,Female,2,Research Director,Single,47240,2.0,Y,12,8,1,21.0,4,6,1,3,4.0,4.0,2.0,4,3,6.270208042770804,0.2978937004228532,1498.5797222222222,239,0,0.0,0.0
4120,23,Yes,Travel_Frequently,Research & Development,2,4,Life Sciences,1,4121,Female,2,Manufacturing Director,Married,61790,1.0,Y,11,8,0,1.0,3,1,1,0,4.0,1.0,2.0,3,3,7.99859977324263,0.3117265035589658,1959.6569444444444,245,118,0.2188888888888893,0.0008934240362811
4121,36,No,Travel_Rarely,Research & Development,24,3,Life Sciences,1,4122,Female,2,Laboratory Technician,Married,61200,0.0,Y,19,8,0,10.0,2,9,3,4,1.0,4.0,3.0,3,3,7.8377682811016145,0.3150507001921255,1834.0377777777776,234,79,0.0,0.0
4122,36,No,Travel_Frequently,Research & Development,16,1,Medical,1,4123,Male,2,Sales Executive,Divorced,105960,7.0,Y,15,8,0,18.0,3,4,0,2,4.0,2.0,3.0,2,3,7.801609510745314,0.3003529555851944,1895.7911111111111,243,62,0.0,0.0
4123,56,No,Non-Travel,Research & Development,8,1,Life Sciences,1,4124,Male,1,Sales Executive,Divorced,54670,1.0,Y,20,8,0,13.0,6,13,1,9,3.0,3.0,2.0,2,4,6.571621168582376,0.3099207733722994,1524.6161111111112,232,0,0.0,0.0
4124,29,Yes,Travel_Rarely,Research & Development,9,4,Medical,1,4125,Male,2,Sales Representative,Married,29960,9.0,Y,25,8,0,4.0,4,2,2,2,1.0,4.0,4.0,3,4,10.940326135852452,0.2966839313344975,2702.260555555556,247,247,479.2605555555556,1.940326135852452
4125,42,No,Travel_Rarely,Research & Development,17,1,Life Sciences,1,4126,Male,3,Research Scientist,Married,99980,5.0,Y,24,8,2,24.0,3,22,4,14,1.0,3.0,2.0,2,4,7.3613338021565875,0.2870781199156151,1744.6361111111112,237,2,0.0,0.0
4126,56,Yes,Travel_Rarely,Sales,10,4,Other,1,4127,Male,2,Sales Executive,Married,40780,8.0,Y,24,8,1,14.0,3,10,9,8,4.0,3.0,1.0,3,4,6.802081018518519,0.3109936155227393,1632.4994444444444,240,0,0.0,0.0
4127,41,No,Travel_Rarely,Research & Development,13,4,Life Sciences,1,4128,Female,1,Healthcare Representative,Married,109200,0.0,Y,15,8,1,21.0,3,20,0,10,1.0,2.0,3.0,4,3,7.7766064814814815,0.2697098224480938,1866.385555555556,240,51,0.0,0.0
4128,34,No,Travel_Rarely,Sales,1,3,Medical,1,4129,Female,1,Laboratory Technician,Married,62320,1.0,Y,13,8,1,8.0,3,8,1,7,4.0,3.0,3.0,3,3,7.387210837887067,0.3105955087526781,1802.4794444444444,244,10,0.0,0.0
4129,36,No,Non-Travel,Sales,1,1,Medical,1,4130,Female,1,Human Resources,Divorced,132470,1.0,Y,14,8,0,15.0,3,15,11,11,4.0,4.0,2.0,3,3,7.725861823361823,0.2950289081113649,1807.8516666666667,234,49,0.0,0.0
4130,41,No,Travel_Rarely,Research & Development,1,5,Medical,1,4131,Male,1,Healthcare Representative,Divorced,40810,2.0,Y,13,8,0,14.0,3,5,0,4,3.0,2.0,3.0,3,3,7.090624999999999,0.2919878081627838,1616.6625,228,0,0.0,0.0
4131,32,No,Travel_Rarely,Sales,9,4,Life Sciences,1,4132,Female,2,Research Scientist,Single,57690,1.0,Y,11,8,0,4.0,3,4,1,2,4.0,1.0,3.0,3,3,6.66114406779661,0.2882913821576837,1572.03,236,0,0.0,0.0
4132,35,No,Travel_Rarely,Research & Development,16,3,Medical,1,4133,Female,2,Healthcare Representative,Single,23940,1.0,Y,16,8,1,9.0,3,9,1,7,3.0,4.0,3.0,3,3,10.475925541724298,0.295414842367114,2524.698055555556,241,241,355.6980555555556,1.4759255417242971
4133,38,No,Travel_Rarely,Research & Development,23,3,Medical,1,4134,Male,3,Sales Representative,Married,39040,1.0,Y,22,8,0,10.0,3,10,1,9,1.0,4.0,3.0,2,4,6.927081560283688,0.3136248189252291,1627.8641666666667,235,0,0.0,0.0
4134,50,Yes,Travel_Frequently,Sales,4,2,Life Sciences,1,4135,Female,2,Laboratory Technician,Divorced,167990,7.0,Y,14,8,1,12.0,2,6,0,1,2.0,3.0,3.0,2,3,7.187586445366528,0.2831455666748929,1732.2083333333333,241,0,0.0,0.0
4135,36,No,Travel_Rarely,Research & Development,22,4,Life Sciences,1,4136,Male,1,Healthcare Representative,Married,29500,4.0,Y,14,8,0,8.0,1,6,0,0,2.0,4.0,2.0,2,3,6.304837369420703,0.3115624179039545,1475.3319444444444,234,0,0.0,0.0
4136,45,No,Travel_Rarely,Sales,24,3,Life Sciences,1,4137,Male,1,Laboratory Technician,Single,36290,8.0,Y,16,8,1,8.0,2,5,0,1,4.0,3.0,3.0,4,3,6.104605200945627,0.2859519360175826,1434.5822222222223,235,0,0.0,0.0
4137,40,No,Travel_Rarely,Sales,10,4,Life Sciences,1,4138,Male,1,Research Scientist,Single,93620,2.0,Y,11,8,1,8.0,6,2,2,2,3.0,3.0,3.0,3,3,6.195991379310345,0.2806518051581354,1437.47,232,0,0.0,0.0
4138,35,No,Travel_Frequently,Sales,7,2,Life Sciences,1,4139,Male,2,Manufacturing Director,Married,32290,1.0,Y,25,8,0,10.0,2,10,0,2,3.0,3.0,4.0,2,4,8.405673436041084,0.299109584677096,2000.5502777777776,238,216,0.3011111111111102,0.0012651727357609
4139,40,No,Travel_Rarely,Research & Development,17,4,Life Sciences,1,4140,Male,1,Manager,Married,35780,2.0,Y,14,8,1,20.0,2,5,0,2,3.0,3.0,3.0,3,3,7.508661616161616,0.3186759714608437,1734.5008333333333,231,18,0.0,0.0
4140,35,No,Travel_Rarely,Human Resources,14,1,Life Sciences,1,4141,Male,2,Research Scientist,Married,79880,1.0,Y,18,8,0,4.0,3,4,1,1,3.0,4.0,3.0,3,3,6.858034934497817,0.310285949130077,1570.49,229,0,0.0,0.0
4141,29,No,Travel_Rarely,Research & Development,1,3,Medical,1,4142,Male,3,Sales Executive,Married,42840,4.0,Y,11,8,0,10.0,5,4,0,3,4.0,2.0,3.0,2,3,9.82063457854406,0.2872285854206843,2278.387222222222,232,232,190.38722222222225,0.8206345785440613
4142,29,No,Travel_Rarely,Research & Development,5,3,Medical,1,4143,Male,2,Sales Representative,Single,75530,1.0,Y,19,8,0,5.0,3,5,0,4,4.0,1.0,1.0,3,3,6.062686403508772,0.3134096042006638,1382.2925,228,0,0.0,0.0
4143,50,Yes,Travel_Rarely,Research & Development,17,3,Medical,1,4144,Male,1,Research Scientist,Divorced,173280,4.0,Y,15,8,2,20.0,1,3,2,0,4.0,1.0,3.0,3,3,9.61787459658829,0.2829451786586137,2317.907777777778,241,241,149.26805555555555,0.6193695251267866
4144,39,No,Travel_Rarely,Sales,25,3,Medical,1,4145,Male,2,Sales Executive,Married,197010,0.0,Y,11,8,0,21.0,3,20,9,6,2.0,4.0,2.0,4,3,7.537574302697759,0.2857869148099316,1831.6305555555557,243,7,0.0,0.0
4145,31,No,Non-Travel,Research & Development,8,4,Life Sciences,1,4146,Female,4,Sales Executive,Single,147320,0.0,Y,12,8,0,10.0,3,9,1,7,2.0,1.0,3.0,3,3,7.313956056466302,0.2809138216085277,1784.6052777777777,244,5,0.0,0.0
4146,26,No,Travel_Rarely,Research & Development,11,4,Medical,1,4147,Male,2,Manager,Single,92780,0.0,Y,20,8,0,5.0,3,4,0,0,4.0,3.0,3.0,3,4,7.488528985507246,0.2997565367286322,1722.361666666667,230,10,0.0,0.0
4147,36,No,Travel_Frequently,Research & Development,5,1,Technical Degree,1,4148,Male,1,Sales Executive,Married,13590,4.0,Y,12,8,0,17.0,2,5,0,3,3.0,4.0,3.0,3,3,7.731271990740741,0.2921593349045983,1855.5052777777776,240,41,0.0,0.0
4148,39,No,Travel_Rarely,Research & Development,2,1,Medical,1,4149,Female,1,Research Scientist,Married,47790,4.0,Y,14,8,2,9.0,3,7,1,7,4.0,1.0,3.0,3,3,5.986141044061302,0.2840908433203054,1388.7847222222222,232,0,0.0,0.0
4149,27,No,Travel_Rarely,Research & Development,8,2,Medical,1,4150,Male,1,Laboratory Technician,Married,164220,1.0,Y,20,8,1,6.0,3,6,0,3,2.0,2.0,3.0,3,4,9.328113275613276,0.3038781151913293,2154.7941666666666,231,231,80.46611111111113,0.3483381433381434
4150,49,No,Travel_Frequently,Research & Development,6,1,Medical,1,4151,Male,3,Healthcare Representative,Married,29960,2.0,Y,18,8,1,17.0,2,9,0,8,4.0,2.0,2.0,2,3,6.417208333333334,0.2903789295220423,1540.13,240,0,0.0,0.0
4151,34,No,Travel_Rarely,Sales,4,3,Medical,1,4152,Female,1,Sales Executive,Married,12610,2.0,Y,14,8,1,6.0,6,4,1,2,2.0,3.0,4.0,3,3,6.470389626352016,0.2689784798445429,1462.3080555555557,226,0,0.0,0.0
4152,41,Yes,Travel_Rarely,Research & Development,7,2,Life Sciences,1,4153,Female,1,Research Scientist,Single,20990,8.0,Y,12,8,1,8.0,2,6,0,5,2.0,4.0,1.0,3,3,8.586371082621083,0.296128181395641,2009.2108333333333,234,226,1.685555555555556,0.0072032288698955
4153,49,No,Travel_Frequently,Sales,1,4,Life Sciences,1,4154,Female,2,Manufacturing Director,Married,58100,1.0,Y,21,8,1,10.0,2,10,1,7,3.0,2.0,3.0,3,4,6.697658066015806,0.2976948097061964,1600.7402777777777,239,0,0.0,0.0
4154,37,Yes,Travel_Rarely,Research & Development,2,3,Life Sciences,1,4155,Male,1,Sales Executive,Single,56470,6.0,Y,19,8,0,7.0,2,0,0,0,4.0,3.0,3.0,3,3,8.490649320206282,0.3073311527003928,2012.283888888889,237,225,2.543055555555556,0.0107301922175339
4155,33,No,Travel_Frequently,Research & Development,10,2,Medical,1,4156,Male,2,Research Scientist,Married,34200,1.0,Y,14,8,0,8.0,3,8,3,0,4.0,3.0,3.0,3,3,9.49848816029144,0.2939923629736695,2317.6311111111117,244,244,123.1322222222222,0.5046402550091074
4156,27,No,Travel_Rarely,Sales,5,4,Medical,1,4157,Female,4,Manufacturing Director,Married,44000,9.0,Y,17,8,1,6.0,3,2,2,2,1.0,2.0,3.0,2,3,6.415852741387676,0.3074409716093502,1469.2302777777777,229,0,0.0,0.0
4157,32,No,Travel_Frequently,Research & Development,9,2,Medical,1,4158,Female,2,Research Scientist,Single,35000,0.0,Y,16,8,1,8.0,2,7,3,6,4.0,4.0,2.0,2,3,7.343237667127708,0.2909577917922062,1769.7202777777777,241,1,0.0,0.0
4158,59,No,Travel_Rarely,Sales,2,2,Marketing,1,4159,Female,5,Sales Representative,Married,20660,4.0,Y,12,8,1,12.0,3,1,0,0,3.0,1.0,2.0,3,3,10.021274231678488,0.2735767792933946,2354.9994444444446,235,235,239.99944444444444,1.0212742316784869
4159,30,No,Travel_Rarely,Research & Development,11,4,Medical,1,4160,Male,2,Laboratory Technician,Divorced,171690,1.0,Y,17,8,2,1.0,2,1,0,0,4.0,3.0,3.0,3,3,6.38853481163567,0.301827684145794,1488.528611111111,233,0,0.0,0.0
4160,38,No,Travel_Frequently,Sales,18,4,Life Sciences,1,4161,Male,2,Healthcare Representative,Single,41620,0.0,Y,15,8,1,10.0,1,9,1,8,4.0,3.0,3.0,3,3,7.987472222222221,0.3087260857459263,1837.118611111111,230,114,0.0,0.0
4161,36,No,Travel_Rarely,Research & Development,7,3,Life Sciences,1,4162,Male,1,Sales Executive,Married,92040,6.0,Y,23,8,1,17.0,2,7,7,7,3.0,3.0,2.0,3,4,7.807432336182336,0.3038208786275214,1826.9391666666663,234,60,0.0,0.0
4162,35,No,Travel_Rarely,Human Resources,3,4,Human Resources,1,4163,Male,2,Manager,Married,32940,0.0,Y,11,8,0,6.0,2,5,0,3,1.0,2.0,3.0,3,3,7.505974616858237,0.3085664416058031,1741.3861111111112,232,13,0.0,0.0
4163,29,No,Travel_Rarely,Sales,29,4,Life Sciences,1,4164,Male,2,Laboratory Technician,Single,21270,0.0,Y,11,8,1,10.0,3,9,0,8,4.0,3.0,3.0,2,3,10.701363127240144,0.2950900494728066,2653.938055555556,248,248,421.9380555555556,1.7013631272401435
4164,31,No,Travel_Rarely,Research & Development,2,2,Medical,1,4165,Male,2,Laboratory Technician,Divorced,39750,1.0,Y,15,8,1,5.0,3,5,4,3,1.0,3.0,2.0,3,3,6.289178436911488,0.3032887632850018,1484.246111111111,236,0,0.0,0.0
4165,34,No,Travel_Rarely,Research & Development,28,3,Technical Degree,1,4166,Male,1,Laboratory Technician,Divorced,107930,0.0,Y,11,8,3,3.0,1,2,1,2,2.0,4.0,3.0,2,3,7.597329244829244,0.2996323536262829,1754.9830555555554,231,19,0.0,0.0
4166,28,Yes,Travel_Rarely,Research & Development,1,4,Life Sciences,1,4167,Male,5,Research Director,Single,100960,5.0,Y,13,8,0,6.0,2,4,0,3,3.0,3.0,3.0,3,3,10.496136584182436,0.2898681396346315,2403.615277777778,229,229,342.6152777777778,1.496136584182436
4167,29,No,Travel_Rarely,Research & Development,16,2,Life Sciences,1,4168,Female,4,Laboratory Technician,Divorced,36460,1.0,Y,14,8,0,10.0,3,10,8,8,2.0,1.0,3.0,4,3,8.015278964862299,0.2927588182303552,1875.5752777777775,234,124,0.0,0.0
4168,32,No,Travel_Rarely,Human Resources,22,3,Human Resources,1,4169,Female,2,Research Director,Divorced,74460,0.0,Y,19,8,0,7.0,3,6,0,5,1.0,2.0,2.0,3,3,10.699560669456067,0.3002930052769205,2557.195,239,239,406.195,1.699560669456067
4169,22,No,Non-Travel,Research & Development,8,3,Life Sciences,1,4170,Female,3,Sales Executive,Divorced,108510,1.0,Y,16,8,1,1.0,2,1,0,0,4.0,4.0,2.0,4,3,9.981459836459836,0.2908628559933767,2305.717222222222,231,231,226.7172222222222,0.9814598364598364
4170,53,No,Travel_Rarely,Research & Development,11,3,Medical,1,4171,Male,2,Manager,Married,21090,2.0,Y,13,8,0,31.0,3,25,3,7,1.0,4.0,3.0,3,3,8.030597928436912,0.3075038405203258,1895.2211111111112,236,122,0.0,0.0
4171,38,No,Travel_Rarely,Research & Development,29,3,Life Sciences,1,4172,Female,1,Manufacturing Director,Single,37220,5.0,Y,14,8,0,6.0,0,3,1,2,4.0,4.0,3.0,3,3,9.70982456140351,0.2812350765965492,2398.326666666667,247,247,175.3763888888889,0.7100258659469186
4172,24,No,Non-Travel,Research & Development,1,5,Life Sciences,1,4173,Male,3,Research Scientist,Divorced,93800,0.0,Y,16,8,0,5.0,2,4,1,3,1.0,3.0,2.0,2,3,6.899938936781609,0.2927807473866661,1600.7858333333334,232,0,0.0,0.0
4173,36,Yes,Travel_Rarely,Research & Development,1,3,Life Sciences,1,4174,Male,1,Research Director,Single,54860,7.0,Y,12,8,1,10.0,2,5,0,3,3.0,1.0,3.0,3,3,6.495408357075024,0.2851705713642747,1519.9255555555555,234,0,0.0,0.0
4174,34,No,Travel_Rarely,Sales,24,3,Marketing,1,4175,Male,4,Research Scientist,Single,27420,0.0,Y,11,8,1,13.0,2,12,2,11,1.0,2.0,3.0,3,3,6.1428113425925925,0.2937645960402942,1474.2747222222222,240,0,0.0,0.0
4175,21,No,Travel_Rarely,Sales,2,3,Life Sciences,1,4176,Male,2,Manufacturing Director,Single,137570,1.0,Y,12,8,1,0.0,3,0,0,0,3.0,4.0,3.0,3,3,5.9861622807017545,0.3059507691193922,1364.845,228,0,0.0,0.0
4176,34,Yes,Travel_Rarely,Sales,15,2,Marketing,1,4177,Female,2,Research Scientist,Single,84630,2.0,Y,13,8,0,8.0,2,4,1,3,2.0,1.0,3.0,1,3,7.79967320261438,0.3187247465542587,1856.3222222222223,238,63,0.0,0.0
4177,53,No,Travel_Rarely,Sales,2,1,Life Sciences,1,4178,Male,5,Human Resources,Divorced,31620,4.0,Y,15,8,0,26.0,4,14,4,8,3.0,3.0,2.0,3,3,7.515122448979591,0.3176591398116832,1841.205,245,15,0.0,0.0
4178,32,Yes,Travel_Frequently,Research & Development,10,3,Medical,1,4179,Female,2,Manufacturing Director,Single,165980,1.0,Y,13,8,0,10.0,2,10,6,7,2.0,1.0,3.0,3,3,9.541501661918328,0.289018509556015,2232.711388888889,234,234,127.46805555555557,0.5447352801519468
4179,42,No,Travel_Rarely,Research & Development,10,3,Technical Degree,1,4180,Male,2,Laboratory Technician,Married,66510,0.0,Y,20,8,0,10.0,5,9,4,2,3.0,2.0,3.0,2,4,6.92253032508491,0.3173311454787344,1585.2594444444444,229,0,0.0,0.0
4180,44,No,Travel_Rarely,Research & Development,3,1,Life Sciences,1,4181,Female,1,Manufacturing Director,Married,23450,3.0,Y,15,8,2,24.0,0,22,5,17,1.0,4.0,3.0,3,3,7.089795381801555,0.3108795477961605,1722.8202777777778,243,0,0.0,0.0
4181,46,No,Travel_Rarely,Sales,2,3,Life Sciences,1,4182,Female,1,Research Scientist,Single,34200,3.0,Y,13,8,2,22.0,3,2,2,1,2.0,1.0,2.0,1,3,8.047628472222222,0.3148888674722048,1931.430833333333,240,132,0.1655555555555548,0.0006898148148148
4182,33,No,Travel_Rarely,Sales,3,3,Medical,1,4183,Male,1,Manufacturing Director,Single,43730,4.0,Y,14,8,0,7.0,3,1,0,0,3.0,4.0,3.0,3,3,6.498398345153665,0.2754320891312737,1527.1236111111111,235,0,0.0,0.0
4183,44,No,Travel_Rarely,Human Resources,26,3,Life Sciences,1,4184,Male,5,Healthcare Representative,Married,47590,2.0,Y,21,8,0,9.0,2,4,1,3,4.0,4.0,4.0,3,4,8.49551521438451,0.3094911226331889,2047.4191666666663,241,228,2.1291666666666647,0.0088347164591977
4184,30,No,Travel_Rarely,Research & Development,1,4,Technical Degree,1,4185,Female,1,Research Scientist,Single,53010,1.0,Y,16,8,1,10.0,3,10,1,8,4.0,3.0,3.0,3,3,6.059143421664341,0.3122893409304074,1448.1352777777777,239,0,0.0,0.0
4185,39,Yes,Travel_Rarely,Human Resources,1,4,Medical,1,4186,Male,1,Sales Executive,Married,36730,3.0,Y,14,8,1,19.0,3,1,0,0,4.0,4.0,4.0,3,3,6.5079414476717385,0.3234791916042843,1568.413888888889,241,0,0.0,0.0
4186,24,Yes,Travel_Rarely,Human Resources,2,5,Human Resources,1,4187,Male,3,Sales Executive,Married,47680,2.0,Y,11,8,1,6.0,2,2,2,0,2.0,4.0,2.0,2,3,9.683534013605442,0.292661354191564,2372.465833333333,245,245,167.4925,0.6836428571428572
4187,43,No,Travel_Rarely,Sales,9,5,Technical Degree,1,4188,Female,1,Research Director,Divorced,12740,1.0,Y,19,8,0,6.0,3,5,1,4,4.0,3.0,2.0,2,3,6.508396248812916,0.307601645830329,1522.9647222222222,234,0,0.0,0.0
4188,50,Yes,Travel_Rarely,Research & Development,12,4,Medical,1,4189,Male,1,Research Director,Married,49000,1.0,Y,11,8,0,3.0,3,3,0,2,1.0,3.0,3.0,2,3,8.930534934497816,0.2900861122702698,2045.0925,229,229,19.08722222222222,0.083350315380883
4189,35,No,Travel_Rarely,Sales,2,4,Marketing,1,4190,Male,3,Manufacturing Director,Married,104660,1.0,Y,13,8,0,2.0,1,2,2,2,4.0,4.0,3.0,3,3,7.090280162136385,0.2779358697531495,1652.0352777777778,233,0,0.0,0.0
4190,36,No,Travel_Rarely,Research & Development,25,1,Life Sciences,1,4191,Female,4,Sales Executive,Married,170070,9.0,Y,12,8,1,6.0,2,1,0,0,2.0,1.0,4.0,2,3,9.11446905766526,0.3034350788415476,2160.1291666666666,237,237,44.02333333333333,0.1857524613220815
4191,33,No,Travel_Frequently,Sales,9,2,Marketing,1,4192,Male,4,Human Resources,Married,29090,2.0,Y,11,8,0,10.0,2,5,1,3,3.0,1.0,3.0,2,3,6.563536727103673,0.3159554424300253,1568.685277777778,239,0,0.0,0.0
4192,35,No,Travel_Rarely,Research & Development,10,1,Medical,1,4193,Male,1,Research Scientist,Divorced,57650,1.0,Y,14,8,1,1.0,2,1,0,0,3.0,4.0,3.0,3,3,6.195321576763486,0.2741719752152082,1493.0725,241,0,0.0,0.0
4193,27,No,Travel_Rarely,Sales,8,2,Marketing,1,4194,Female,3,Research Scientist,Divorced,45990,1.0,Y,15,8,1,1.0,3,1,0,0,4.0,1.0,3.0,2,3,7.592880055788005,0.2938792182885323,1814.6983333333333,239,20,0.0,0.0
4194,26,Yes,Travel_Rarely,Sales,4,3,Marketing,1,4195,Male,2,Manager,Single,24040,1.0,Y,12,8,0,1.0,6,1,0,1,1.0,3.0,2.0,3,3,7.717430254930254,0.3070884001493981,1782.7263888888888,231,36,0.0,0.0
4195,27,No,Travel_Frequently,Sales,24,3,Life Sciences,1,4196,Male,4,Healthcare Representative,Single,31720,1.0,Y,20,8,1,9.0,1,9,1,7,4.0,3.0,3.0,3,4,6.806234161793372,0.2963108200221199,1551.8213888888888,228,0,0.0,0.0
4196,30,No,Travel_Frequently,Research & Development,1,4,Medical,1,4197,Male,1,Research Scientist,Single,20330,1.0,Y,14,8,1,12.0,3,12,3,7,3.0,4.0,3.0,1,3,6.819847940613027,0.3263711816952559,1582.2047222222222,232,0,0.0,0.0
4197,41,Yes,Travel_Rarely,Sales,20,4,Marketing,1,4198,Male,2,Sales Executive,Married,102090,1.0,Y,13,8,1,23.0,2,22,15,8,2.0,3.0,3.0,3,3,5.989205182072829,0.3124949363679817,1425.430833333333,238,0,0.0,0.0
4198,34,No,Non-Travel,Research & Development,7,2,Technical Degree,1,4199,Female,1,Research Scientist,Single,86200,0.0,Y,13,8,1,10.0,2,9,8,7,2.0,3.0,3.0,2,3,7.813032503457815,0.311972867313229,1882.940833333333,241,73,0.0,0.0
4199,37,No,Travel_Rarely,Research & Development,17,3,Life Sciences,1,4200,Female,3,Sales Executive,Married,20640,4.0,Y,16,8,0,8.0,3,1,0,0,2.0,2.0,3.0,2,3,6.091138032305433,0.3132513996355776,1382.6883333333333,227,0,0.0,0.0
4200,46,No,Travel_Frequently,Research & Development,20,3,Technical Degree,1,4201,Male,3,Sales Executive,Single,40350,4.0,Y,14,8,1,14.0,2,9,0,8,1.0,4.0,3.0,3,3,9.277514124293786,0.2805358917984507,2189.4933333333333,236,236,70.50805555555556,0.2987629472693032
4201,35,No,Travel_Rarely,Research & Development,8,4,Medical,1,4202,Female,3,Research Scientist,Married,38380,1.0,Y,16,8,1,1.0,2,1,0,1,4.0,4.0,3.0,3,3,6.892216459197787,0.3205171717103415,1661.0241666666666,241,0,0.0,0.0
4202,48,Yes,Travel_Rarely,Research & Development,2,4,Technical Degree,1,4203,Female,1,Sales Executive,Single,45910,9.0,Y,16,8,0,23.0,6,1,0,0,1.0,3.0,3.0,1,3,9.344940898345154,0.2860841073298947,2196.061111111111,235,235,84.46000000000001,0.359404255319149
4203,28,Yes,Travel_Rarely,Research & Development,10,1,Medical,1,4204,Male,1,Sales Executive,Single,25610,1.0,Y,22,8,1,2.0,3,2,2,2,3.0,3.0,2.0,3,4,10.719073275862067,0.3019377442014787,2486.825,232,232,398.825,1.7190732758620688
4204,44,No,Travel_Rarely,Research & Development,1,1,Medical,1,4205,Female,3,Research Scientist,Divorced,15630,5.0,Y,12,8,2,9.0,3,4,1,3,2.0,1.0,2.0,3,3,9.40453509995351,0.2932861924619814,2247.6838888888888,239,239,98.93972222222222,0.4139737331473733
4205,35,No,Non-Travel,Research & Development,5,4,Technical Degree,1,4206,Female,3,Manufacturing Director,Married,48980,2.0,Y,15,8,2,10.0,2,4,2,3,3.0,1.0,3.0,3,3,9.5451777306968,0.3069193165936985,2252.6619444444445,236,236,129.27722222222224,0.5477848399246705
4206,26,No,Travel_Rarely,Research & Development,4,4,Life Sciences,1,4207,Female,3,Sales Executive,Married,47890,7.0,Y,20,8,1,5.0,2,2,0,0,3.0,4.0,2.0,3,4,10.211988555078683,0.3028520019155847,2379.393333333333,233,233,282.3933333333333,1.2119885550786835
4207,33,No,Travel_Frequently,Sales,29,4,Life Sciences,1,4208,Female,1,Human Resources,Single,31800,1.0,Y,14,8,1,15.0,2,15,8,12,1.0,4.0,3.0,3,3,8.229783821478382,0.2835542732417982,1966.9183333333333,239,187,0.0,0.0
4208,35,No,Travel_Frequently,Research & Development,15,3,Medical,1,4209,Male,3,Manufacturing Director,Married,65490,1.0,Y,20,8,0,9.0,3,9,1,8,2.0,1.0,2.0,3,4,6.509724596391263,0.2868878969028634,1523.2755555555557,234,0,0.0,0.0
4209,35,No,Travel_Rarely,Human Resources,3,2,Life Sciences,1,4210,Female,1,Laboratory Technician,Married,63880,3.0,Y,13,8,0,4.0,6,2,2,2,3.0,1.0,3.0,2,3,8.808449975949976,0.2945080918974926,2034.7519444444445,231,230,11.239722222222229,0.0486568061568061
4210,31,No,Travel_Rarely,Sales,10,2,Life Sciences,1,4211,Female,2,Research Scientist,Divorced,112440,3.0,Y,12,8,1,10.0,3,7,1,7,4.0,4.0,2.0,3,3,6.109294326241135,0.3113994212351662,1435.684166666667,235,0,0.0,0.0
4211,37,No,Travel_Rarely,Sales,4,3,Marketing,1,4212,Male,4,Human Resources,Divorced,160320,1.0,Y,13,8,0,7.0,2,7,0,7,1.0,3.0,4.0,3,3,7.374041727316836,0.2833310021884626,1688.6555555555556,229,3,0.0,0.0
4212,32,No,Travel_Rarely,Research & Development,21,3,Other,1,4213,Male,2,Sales Executive,Married,23620,1.0,Y,11,8,0,9.0,2,9,7,8,1.0,4.0,3.0,3,3,8.126881914381915,0.292029901661278,1877.3097222222225,231,150,0.0,0.0
4213,38,No,Travel_Frequently,Research & Development,25,3,Medical,1,4214,Male,2,Manufacturing Director,Single,163280,1.0,Y,17,8,3,10.0,2,10,9,9,4.0,4.0,3.0,3,3,6.234996513249651,0.3111530088846864,1490.1641666666667,239,0,0.0,0.0
4214,50,No,Travel_Rarely,Sales,2,4,Marketing,1,4215,Female,4,Research Scientist,Divorced,83760,5.0,Y,14,8,3,29.0,2,27,13,8,2.0,3.0,2.0,3,3,9.482685569386812,0.3076380598621802,2285.327222222222,241,241,117.95361111111112,0.489434071000461
4215,59,No,Travel_Rarely,Research & Development,1,3,Technical Degree,1,4216,Male,1,Laboratory Technician,Single,166060,7.0,Y,11,8,0,28.0,6,21,7,9,1.0,1.0,2.0,3,3,6.880628415300546,0.3009689824705981,1678.8733333333332,244,0,0.0,0.0
4216,36,No,Travel_Rarely,Sales,1,2,Marketing,1,4217,Female,2,Sales Executive,Divorced,86060,1.0,Y,14,8,2,17.0,3,17,12,8,3.0,3.0,3.0,3,3,5.989278262979136,0.3139592402915001,1371.5447222222222,229,0,0.0,0.0
4217,55,No,Travel_Rarely,Research & Development,7,3,Medical,1,4218,Male,3,Research Scientist,Divorced,22720,2.0,Y,17,8,1,21.0,2,5,0,2,4.0,3.0,3.0,3,3,8.108733796296297,0.3070230593789905,1946.0961111111112,240,149,0.1419444444444444,0.0005914351851851
4218,36,No,Travel_Frequently,Research & Development,3,3,Life Sciences,1,4219,Female,2,Laboratory Technician,Single,20180,1.0,Y,13,8,0,6.0,5,6,0,3,2.0,2.0,3.0,3,3,7.219032567049809,0.3181511064051363,1674.8155555555556,232,1,0.0,0.0
4219,45,No,Travel_Rarely,Research & Development,1,2,Medical,1,4220,Female,1,Sales Executive,Divorced,70830,2.0,Y,12,8,1,25.0,5,1,0,0,2.0,3.0,3.0,3,3,6.76187922705314,0.2934271878509293,1555.2322222222222,230,0,0.0,0.0
4220,35,No,Travel_Frequently,Human Resources,9,3,Other,1,4221,Female,2,Sales Representative,Married,40840,4.0,Y,13,8,1,5.0,3,3,1,2,2.0,1.0,2.0,3,3,6.108751835535977,0.2891006255600283,1386.6866666666667,227,0,0.0,0.0
4221,36,Yes,Travel_Rarely,Sales,7,2,Life Sciences,1,4222,Male,4,Laboratory Technician,Married,144110,0.0,Y,18,8,3,2.0,2,1,0,0,4.0,3.0,2.0,4,3,8.89545844625113,0.2935409661279643,2188.282777777778,246,246,18.13444444444444,0.073717253839205
4222,59,No,Travel_Frequently,Research & Development,10,4,Life Sciences,1,4223,Male,3,Research Scientist,Single,23080,7.0,Y,19,8,1,20.0,4,4,1,3,1.0,3.0,2.0,2,3,6.798518131101813,0.3107584260544412,1624.8458333333333,239,0,0.0,0.0
4223,29,No,Travel_Rarely,Research & Development,28,4,Life Sciences,1,4224,Female,1,Sales Representative,Married,48410,0.0,Y,11,8,0,6.0,3,5,0,4,3.0,2.0,3.0,3,3,7.813715846994535,0.2847990819963532,1906.5466666666664,244,66,0.0,0.0
4224,31,No,Travel_Rarely,Research & Development,3,2,Medical,1,4225,Female,3,Sales Executive,Single,42850,1.0,Y,21,8,1,1.0,2,1,1,0,3.0,2.0,3.0,1,4,6.348673795476893,0.2986287140899135,1434.800277777778,226,0,0.0,0.0
4225,32,No,Travel_Rarely,Sales,3,4,Life Sciences,1,4226,Male,2,Manufacturing Director,Married,97150,1.0,Y,15,8,1,10.0,1,10,0,9,2.0,2.0,3.0,2,3,7.515204011065007,0.2998644021207849,1811.1641666666667,241,11,0.0,0.0
4226,36,No,Travel_Rarely,Research & Development,2,3,Life Sciences,1,4227,Male,2,Sales Representative,Married,43200,2.0,Y,17,8,0,5.0,2,1,0,0,2.0,4.0,3.0,3,3,7.206301789077213,0.3051959310712787,1700.6872222222223,236,2,0.0,0.0
4227,31,No,Travel_Rarely,Research & Development,27,3,Medical,1,4228,Female,2,Research Director,Single,21320,1.0,Y,18,8,0,11.0,3,11,1,8,3.0,4.0,3.0,3,3,6.118682367149759,0.2994345668923309,1407.2969444444443,230,0,0.0,0.0
4228,35,No,Travel_Rarely,Research & Development,2,4,Medical,1,4229,Male,2,Healthcare Representative,Single,101240,0.0,Y,14,8,1,16.0,2,15,2,8,3.0,1.0,3.0,4,3,5.999399906235349,0.2737638438149996,1421.8577777777778,237,0,0.0,0.0
4229,45,No,Travel_Rarely,Human Resources,14,3,Human Resources,1,4230,Female,1,Sales Executive,Married,54730,4.0,Y,13,8,0,17.0,3,0,0,0,4.0,1.0,4.0,1,3,8.909158496732028,0.2938948736326939,2120.3797222222224,238,238,18.39305555555556,0.077281746031746
4230,37,No,Travel_Rarely,Research & Development,1,3,Life Sciences,1,4231,Female,3,Sales Executive,Single,52070,4.0,Y,17,8,3,16.0,3,5,0,2,1.0,3.0,4.0,3,3,6.56862073112073,0.3265910802055091,1517.3513888888888,231,0,0.0,0.0
4231,46,No,Travel_Rarely,Research & Development,9,3,Medical,1,4232,Male,3,Manager,Divorced,164370,8.0,Y,15,8,1,16.0,0,4,0,2,2.0,2.0,3.0,3,3,10.30656193078324,0.277922375094376,2514.801111111111,244,244,318.80111111111114,1.3065619307832423
4232,30,No,Travel_Rarely,Sales,18,3,Life Sciences,1,4233,Male,4,Human Resources,Married,22960,1.0,Y,18,8,1,10.0,2,10,3,0,4.0,4.0,2.0,3,3,9.17510808926081,0.2863446220205294,2192.8508333333334,239,239,52.87194444444445,0.2212215248721525
4233,35,No,Travel_Rarely,Research & Development,20,4,Life Sciences,1,4234,Female,3,Human Resources,Single,40690,1.0,Y,13,8,0,6.0,5,6,0,4,2.0,3.0,3.0,3,3,7.879347928436911,0.2793147605430273,1859.526111111111,236,78,0.0,0.0
4234,55,No,Travel_Rarely,Research & Development,2,3,Life Sciences,1,4235,Female,2,Laboratory Technician,Married,74410,3.0,Y,12,8,1,24.0,4,1,1,0,1.0,4.0,3.0,3,3,6.696436781609195,0.2660135946868201,1553.5733333333333,232,0,0.0,0.0
4235,38,No,Non-Travel,Sales,11,1,Marketing,1,4236,Male,2,Laboratory Technician,Divorced,24300,7.0,Y,13,8,2,17.0,2,13,1,9,2.0,4.0,3.0,4,3,8.80858660130719,0.3035004360764652,2096.4436111111117,238,238,12.75694444444444,0.0536006069094304
4236,34,No,Travel_Rarely,Research & Development,8,2,Medical,1,4237,Male,1,Research Scientist,Married,58780,1.0,Y,14,8,0,5.0,1,5,1,3,1.0,2.0,3.0,3,3,7.978471641097165,0.3026695328940206,1906.8547222222223,239,108,0.0,0.0
4237,56,No,Travel_Rarely,Human Resources,2,1,Medical,1,4238,Male,2,Sales Executive,Single,26440,4.0,Y,11,8,1,37.0,2,6,0,2,4.0,4.0,2.0,3,3,6.30531795224977,0.2958522045736843,1525.8869444444445,242,0,0.0,0.0
4238,23,No,Travel_Rarely,Research & Development,10,3,Medical,1,4239,Male,2,Laboratory Technician,Divorced,64390,3.0,Y,22,8,3,3.0,2,0,0,0,3.0,1.0,3.0,3,4,6.401212121212121,0.2886716315720076,1478.68,231,0,0.0,0.0
4239,51,No,Travel_Rarely,Research & Development,29,4,Life Sciences,1,4240,Female,5,Manufacturing Director,Married,24510,3.0,Y,17,8,0,10.0,2,4,0,3,4.0,4.0,3.0,2,3,6.725334933699132,0.2849323989156387,1634.256388888889,243,0,0.0,0.0
4240,30,No,Travel_Rarely,Sales,8,2,Technical Degree,1,4241,Male,1,Sales Representative,Married,63920,1.0,Y,21,8,1,11.0,2,11,10,8,3.0,4.0,3.0,4,4,7.587324074074074,0.3029987313958728,1820.9577777777777,240,17,0.0,0.0
4241,46,Yes,Travel_Rarely,Sales,1,2,Medical,1,4242,Female,2,Research Scientist,Single,97140,1.0,Y,22,8,0,9.0,0,9,4,7,3.0,4.0,3.0,3,4,6.169058981889378,0.3149240832462072,1400.3763888888889,227,0,0.0,0.0
4242,40,No,Travel_Frequently,Research & Development,6,3,Medical,1,4243,Male,1,Healthcare Representative,Married,60770,1.0,Y,16,8,2,22.0,2,22,11,11,3.0,2.0,2.0,2,3,7.406232281664381,0.3184120998894292,1799.7144444444446,243,9,0.0,0.0
4243,51,No,Travel_Rarely,Research & Development,8,4,Life Sciences,1,4244,Female,5,Sales Representative,Single,24500,0.0,Y,12,8,1,11.0,2,10,1,0,3.0,4.0,1.0,3,3,10.09669596812002,0.2929895602065646,2392.9169444444447,237,237,259.9169444444444,1.0966959681200186
4244,30,No,Travel_Rarely,Research & Development,9,3,Life Sciences,1,4245,Male,1,Manufacturing Director,Divorced,92500,1.0,Y,12,8,3,11.0,0,11,2,7,3.0,2.0,2.0,3,3,8.090893770339378,0.3046156532798152,1933.723611111111,239,143,0.0,0.0
4245,46,No,Travel_Frequently,Research & Development,12,1,Medical,1,4246,Male,1,Laboratory Technician,Married,20740,2.0,Y,15,8,1,21.0,3,10,9,5,3.0,1.0,2.0,3,3,8.994402494331066,0.2832590683883795,2203.6286111111112,245,245,27.128333333333327,0.1107278911564625
4246,32,No,Travel_Rarely,Sales,15,3,Marketing,1,4247,Male,1,Research Scientist,Single,101690,1.0,Y,14,8,0,12.0,6,11,5,7,2.0,3.0,3.0,2,3,7.266617852161785,0.3140811408855679,1736.7216666666666,239,7,0.0,0.0
4247,54,No,Travel_Rarely,Research & Development,25,1,Medical,1,4248,Female,1,Laboratory Technician,Married,48550,9.0,Y,25,8,1,16.0,2,4,0,3,1.0,3.0,1.0,2,4,7.627571256038647,0.3036024717323047,1754.3413888888888,230,24,0.0,0.0
4248,24,No,Travel_Rarely,Sales,6,2,Marketing,1,4249,Male,2,Research Scientist,Married,40870,0.0,Y,20,8,3,4.0,1,3,0,2,1.0,3.0,2.0,3,4,7.805606694560669,0.2848982227426863,1865.54,239,56,0.0,0.0
4249,28,No,Non-Travel,Sales,9,4,Medical,1,4250,Male,2,Laboratory Technician,Married,23670,1.0,Y,13,8,0,5.0,2,5,0,4,2.0,3.0,4.0,2,3,5.9833804143126175,0.2956502292534827,1412.0777777777778,236,0,0.0,0.0
4250,58,No,Travel_Rarely,Research & Development,8,4,Life Sciences,1,4251,Male,2,Sales Executive,Single,29720,0.0,Y,14,8,0,38.0,2,37,1,8,4.0,3.0,2.0,4,3,7.1178888888888885,0.2970330474152325,1708.2933333333333,240,0,0.0,0.0
4251,44,No,Non-Travel,Research & Development,23,2,Medical,1,4252,Female,1,Research Scientist,Married,195860,4.0,Y,16,8,0,17.0,3,3,1,2,2.0,2.0,4.0,2,3,6.73713693957115,0.3338226780682513,1536.0672222222222,228,0,0.0,0.0
4252,37,Yes,Travel_Rarely,Human Resources,9,3,Human Resources,1,4253,Male,2,Healthcare Representative,Divorced,54840,4.0,Y,17,8,0,7.0,4,3,0,2,3.0,1.0,3.0,3,3,10.096624371284866,0.2924212588636453,2453.4797222222223,243,243,266.4797222222222,1.0966243712848651
4253,32,No,Travel_Rarely,Human Resources,12,2,Human Resources,1,4254,Female,1,Sales Representative,Single,20610,1.0,Y,15,8,1,1.0,2,1,0,0,4.0,1.0,3.0,2,3,8.000715307582261,0.2712436577180345,1864.1666666666667,233,121,0.0,0.0
4254,20,Yes,Travel_Frequently,Sales,4,4,Life Sciences,1,4255,Female,2,Healthcare Representative,Single,99240,1.0,Y,22,8,0,1.0,3,1,1,0,4.0,4.0,3.0,3,4,10.71681765790687,0.2990572226392837,2582.7530555555554,241,241,413.7530555555556,1.7168176579068697
4255,34,No,Travel_Rarely,Research & Development,1,4,Other,1,4256,Male,4,Laboratory Technician,Single,41980,1.0,Y,22,8,1,16.0,2,16,2,10,1.0,3.0,3.0,2,4,7.607830009496676,0.2866977735384599,1780.2322222222222,234,15,0.0,0.0
4256,37,No,Non-Travel,Sales,24,2,Life Sciences,1,4257,Male,1,Research Scientist,Divorced,68150,5.0,Y,20,8,1,17.0,3,1,0,0,3.0,4.0,4.0,3,4,7.75264407561088,0.2991762858711247,1868.387222222222,241,49,0.0,0.0
4257,59,No,Non-Travel,Research & Development,12,2,Life Sciences,1,4258,Male,2,Sales Executive,Married,47230,9.0,Y,14,8,0,30.0,0,3,2,2,3.0,4.0,3.0,3,3,7.205767763471626,0.3221000870976387,1678.943888888889,233,1,0.0,0.0
4258,50,No,Travel_Frequently,Research & Development,3,4,Medical,1,4259,Male,4,Research Scientist,Married,61420,3.0,Y,13,8,2,28.0,3,8,0,7,1.0,2.0,2.0,2,3,9.57719489981785,0.3001822083585284,2336.8355555555554,244,244,141.1602777777778,0.57852572859745
4259,25,Yes,Travel_Rarely,Sales,10,1,Marketing,1,4260,Male,2,Research Director,Single,82370,1.0,Y,13,8,0,6.0,6,6,0,3,3.0,3.0,3.0,2,3,8.478968089990818,0.2785495659723054,2051.910277777778,242,235,1.5019444444444456,0.0062063820018365
4260,25,No,Travel_Rarely,Research & Development,26,3,Technical Degree,1,4261,Male,1,Laboratory Technician,Married,88530,1.0,Y,22,8,1,2.0,3,2,2,1,4.0,4.0,3.0,3,4,7.685013343037361,0.3115855357745958,1759.8680555555557,229,38,0.0,0.0
4261,22,No,Travel_Rarely,Research & Development,2,1,Life Sciences,1,4262,Male,1,Sales Representative,Single,193310,1.0,Y,12,8,1,1.0,2,0,0,0,2.0,4.0,3.0,3,3,6.2889583333333325,0.2979700502086132,1509.35,240,0,0.0,0.0
4262,51,No,Travel_Frequently,Research & Development,1,3,Life Sciences,1,4263,Female,1,Sales Executive,Single,20730,3.0,Y,14,8,1,23.0,4,13,12,8,1.0,1.0,2.0,3,3,7.503041125541126,0.2935185797551976,1733.2025,231,9,0.0,0.0
4263,34,Yes,Travel_Frequently,Human Resources,4,4,Life Sciences,1,4264,Female,5,Sales Executive,Single,55620,1.0,Y,15,8,0,9.0,3,9,0,6,1.0,3.0,3.0,3,3,8.177102836879433,0.303195781660663,1921.6191666666664,235,165,0.0030555555555551,1.3002364066192107e-05
4264,54,No,Non-Travel,Research & Development,9,3,Life Sciences,1,4265,Male,1,Laboratory Technician,Single,196130,2.0,Y,17,8,0,23.0,5,5,4,4,4.0,4.0,3.0,3,3,8.07852859135286,0.2872961676043588,1930.7683333333332,239,146,0.0,0.0
4265,24,No,Travel_Rarely,Research & Development,2,1,Life Sciences,1,4266,Male,2,Laboratory Technician,Married,34070,0.0,Y,13,8,1,6.0,4,5,1,2,2.0,3.0,3.0,3,3,6.51509139009139,0.3115623113782113,1504.986111111111,231,0,0.0,0.0
4266,34,No,Travel_Rarely,Sales,4,3,Marketing,1,4267,Female,2,Sales Representative,Divorced,50630,6.0,Y,12,8,1,12.0,2,1,0,0,3.0,2.0,3.0,3,3,6.020694444444445,0.293762273301963,1384.7597222222223,230,0,0.0,0.0
4267,37,No,Travel_Rarely,Sales,6,1,Technical Degree,1,4268,Male,1,Laboratory Technician,Single,46390,2.0,Y,12,8,2,12.0,3,5,1,3,3.0,4.0,3.0,3,3,6.211864568431092,0.2950627700657786,1447.3644444444444,233,0,0.0,0.0
4268,34,No,Travel_Rarely,Sales,9,2,Medical,1,4269,Male,2,Healthcare Representative,Single,48760,2.0,Y,21,8,1,14.0,3,11,5,8,3.0,1.0,3.0,3,4,7.862405002405002,0.3081612709093203,1816.2155555555555,231,72,0.0,0.0
4269,36,No,Travel_Frequently,Human Resources,7,3,Medical,1,4270,Male,1,Research Scientist,Married,26900,0.0,Y,11,8,0,10.0,1,9,2,8,2.0,4.0,3.0,3,3,8.021531914893616,0.2684703849050228,1885.06,235,121,0.0,0.0
4270,36,No,Travel_Rarely,Research & Development,1,3,Medical,1,4271,Female,2,Manufacturing Director,Divorced,175670,5.0,Y,13,8,0,7.0,6,1,0,0,1.0,4.0,3.0,3,3,7.500177595628415,0.3044769799982363,1830.0433333333333,244,12,0.0,0.0
4271,43,No,Travel_Frequently,Research & Development,3,4,Life Sciences,1,4272,Male,1,Sales Executive,Married,24080,1.0,Y,12,8,1,25.0,3,25,4,12,3.0,4.0,4.0,3,3,8.757728758169934,0.2985077207312581,2084.3394444444443,238,236,8.292777777777772,0.0348436041083099
4272,30,No,Travel_Frequently,Research & Development,10,3,Life Sciences,1,4273,Female,3,Healthcare Representative,Divorced,28140,1.0,Y,24,8,0,10.0,2,10,0,9,1.0,3.0,2.0,3,4,7.892903187998125,0.282699554197279,1870.618055555556,237,81,0.0,0.0
4273,33,No,Non-Travel,Sales,7,3,Life Sciences,1,4274,Male,2,Sales Executive,Married,112450,0.0,Y,21,8,0,8.0,3,7,0,7,3.0,2.0,4.0,3,4,6.676623663412366,0.2742548469079155,1595.7130555555557,239,0,0.0,0.0
4274,56,Yes,Travel_Rarely,Research & Development,15,3,Life Sciences,1,4275,Male,2,Laboratory Technician,Married,33120,9.0,Y,19,8,0,7.0,1,5,4,3,2.0,2.0,3.0,1,3,8.992446493624772,0.3138135564106755,2194.1569444444444,244,244,30.261666666666667,0.1240232240437158
4275,51,No,Travel_Rarely,Research & Development,3,2,Other,1,4276,Female,2,Sales Representative,Single,190490,7.0,Y,14,8,1,23.0,2,20,15,15,1.0,3.0,3.0,3,3,6.678879743941473,0.2797611160536823,1622.967777777778,243,0,0.0,0.0
4276,31,Yes,Travel_Rarely,Research & Development,2,4,Technical Degree,1,4277,Female,3,Sales Executive,Married,21410,4.0,Y,20,8,0,12.0,2,7,7,7,2.0,3.0,2.0,3,4,8.390953856749311,0.3052272343560874,2030.6108333333332,242,220,0.8124999999999982,0.0033574380165289
4277,26,No,Travel_Rarely,Sales,17,3,Medical,1,4278,Female,2,Manager,Married,57690,1.0,Y,19,8,0,5.0,4,5,4,3,3.0,2.0,2.0,2,3,7.695775273224044,0.3008688298373044,1877.7691666666667,244,38,0.0,0.0
4278,58,Yes,Travel_Rarely,Sales,2,2,Medical,1,4279,Female,1,Research Scientist,Married,43850,1.0,Y,13,8,1,40.0,2,40,15,6,4.0,4.0,2.0,2,3,7.626250586029068,0.3141531973303149,1807.421388888889,237,27,0.0,0.0
4279,19,Yes,Travel_Rarely,Research & Development,5,2,Life Sciences,1,4280,Male,1,Manager,Single,53320,1.0,Y,23,8,1,0.0,2,0,0,0,4.0,3.0,2.0,3,4,9.407780082987552,0.3092370348437322,2267.275,241,241,101.47333333333331,0.4210511756569847
4280,22,No,Travel_Rarely,Sales,29,4,Technical Degree,1,4281,Male,1,Sales Executive,Married,46630,0.0,Y,13,8,1,3.0,1,2,2,1,3.0,4.0,3.0,3,3,6.380174220272904,0.3068981247076218,1454.6797222222222,228,0,0.0,0.0
4281,49,No,Travel_Rarely,Research & Development,2,3,Life Sciences,1,4282,Female,1,Sales Executive,Married,47240,1.0,Y,11,8,1,16.0,3,15,5,11,3.0,1.0,2.0,2,3,7.225774134790528,0.3041405512493798,1763.088888888889,244,0,0.0,0.0
4282,43,No,Travel_Frequently,Sales,2,2,Life Sciences,1,4283,Male,1,Sales Executive,Single,32110,4.0,Y,13,8,0,18.0,2,3,1,2,2.0,3.0,3.0,4,3,7.994240506329114,0.306354554907427,1894.635,237,118,0.0383333333333339,0.0001617440225035
4283,50,No,Travel_Frequently,Research & Development,19,4,Life Sciences,1,4284,Male,2,Sales Executive,Single,53770,4.0,Y,14,8,1,16.0,3,2,2,1,3.0,4.0,3.0,4,3,7.110352564102564,0.3132305036981682,1663.8225,234,0,0.0,0.0
4284,31,Yes,Travel_Rarely,Research & Development,15,1,Medical,1,4285,Female,2,Sales Executive,Married,40660,3.0,Y,22,8,0,4.0,2,2,2,2,2.0,3.0,3.0,2,4,8.409509015594542,0.2931286058166122,1917.368055555556,228,209,0.4072222222222219,0.0017860623781676
4285,41,No,Travel_Rarely,Research & Development,17,2,Other,1,4286,Male,1,Manufacturing Director,Divorced,52080,3.0,Y,11,8,3,12.0,2,9,0,7,3.0,3.0,3.0,1,3,8.12291910331384,0.2795917125601723,1852.0255555555557,228,152,0.0,0.0
4286,26,No,Travel_Rarely,Research & Development,17,4,Life Sciences,1,4287,Male,2,Sales Executive,Married,48770,1.0,Y,13,8,1,8.0,5,8,5,7,3.0,3.0,3.0,4,3,7.873234618916436,0.297460546461843,1905.3227777777777,242,87,0.0,0.0
4287,36,No,Travel_Rarely,Human Resources,25,1,Human Resources,1,4288,Male,2,Research Scientist,Divorced,31170,6.0,Y,21,8,1,7.0,2,3,0,1,2.0,2.0,3.0,4,4,6.7485386989553655,0.308819081206628,1579.1580555555556,234,0,0.0,0.0
4288,51,Yes,Travel_Frequently,Research & Development,6,3,Life Sciences,1,4289,Female,1,Manager,Single,15690,2.0,Y,11,8,0,18.0,2,4,0,3,1.0,4.0,3.0,4,3,7.19089890319504,0.2857031101812993,1675.4794444444444,233,0,0.0,0.0
4289,39,No,Travel_Rarely,Research & Development,7,3,Life Sciences,1,4290,Female,1,Research Scientist,Married,196580,4.0,Y,13,8,1,17.0,3,15,5,9,4.0,3.0,4.0,4,3,7.905141770401106,0.2927781918877891,1905.1391666666664,241,90,0.0,0.0
4290,25,No,Travel_Rarely,Sales,29,1,Medical,1,4291,Female,3,Research Scientist,Married,30690,2.0,Y,14,8,1,6.0,3,2,2,2,1.0,3.0,3.0,2,3,7.824501669051026,0.2909218905707,1823.108888888889,233,64,0.0,0.0
4291,30,No,Travel_Rarely,Research & Development,21,1,Medical,1,4292,Male,2,Laboratory Technician,Married,104350,0.0,Y,11,8,0,12.0,5,11,4,7,3.0,4.0,1.0,3,3,10.019050141242936,0.2776771564034701,2364.4958333333334,236,236,240.4958333333333,1.0190501412429378
4292,32,Yes,Travel_Rarely,Research & Development,2,4,Life Sciences,1,4293,Female,2,Research Director,Single,41480,7.0,Y,15,8,0,10.0,0,5,0,4,1.0,1.0,4.0,2,3,7.873010869565218,0.3098240879909585,1810.7925,230,80,0.0,0.0
4293,45,No,Travel_Rarely,Research & Development,2,1,Technical Degree,1,4294,Female,2,Healthcare Representative,Single,57680,5.0,Y,23,8,1,9.0,4,6,0,3,3.0,4.0,2.0,3,4,7.431106538637403,0.3231294067209479,1805.7588888888888,243,8,0.0,0.0
4294,38,No,Travel_Rarely,Research & Development,7,4,Life Sciences,1,4295,Female,2,Research Director,Single,50420,3.0,Y,16,8,1,19.0,4,3,2,2,4.0,3.0,3.0,3,3,10.42669295839049,0.2994326904511376,2533.686388888889,243,243,346.68638888888887,1.4266929583904893
4295,30,No,Travel_Rarely,Sales,13,3,Marketing,1,4296,Female,2,Laboratory Technician,Single,57700,1.0,Y,16,8,1,5.0,2,5,0,4,1.0,3.0,2.0,4,3,6.679929981634527,0.3158599721953278,1616.5430555555556,242,0,0.0,0.0
4296,32,No,Travel_Frequently,Sales,2,3,Marketing,1,4297,Male,3,Laboratory Technician,Divorced,77560,0.0,Y,21,8,0,9.0,3,8,0,7,4.0,4.0,4.0,3,4,6.497091217855409,0.301816617296773,1487.8338888888889,229,0,0.0,0.0
4297,30,No,Travel_Rarely,Research & Development,1,3,Medical,1,4298,Female,3,Sales Executive,Divorced,103060,5.0,Y,13,8,0,8.0,5,3,2,2,4.0,1.0,3.0,3,3,6.717123842592593,0.3221483642327997,1612.1097222222222,240,0,0.0,0.0
4298,30,No,Travel_Rarely,Sales,9,3,Medical,1,4299,Male,2,Research Scientist,Single,39360,0.0,Y,11,8,1,6.0,3,5,1,2,2.0,4.0,3.0,3,3,6.389748677248678,0.3031721658607496,1476.0319444444444,231,0,0.0,0.0
4299,41,No,Travel_Frequently,Sales,10,2,Medical,1,4300,Female,3,Manufacturing Director,Divorced,79450,4.0,Y,12,8,1,21.0,6,7,7,7,4.0,1.0,2.0,2,3,7.291085648148148,0.2880483269770942,1749.8605555555555,240,2,0.0,0.0
4300,41,No,Travel_Rarely,Research & Development,10,4,Medical,1,4301,Male,4,Research Scientist,Married,57430,2.0,Y,12,8,3,7.0,2,5,1,4,3.0,1.0,3.0,4,3,8.00730787037037,0.2892496245668133,1921.753888888889,240,124,0.0,0.0
4301,19,No,Travel_Rarely,Research & Development,1,3,Other,1,4302,Female,5,Manufacturing Director,Single,152020,1.0,Y,18,8,3,1.0,2,1,0,0,2.0,2.0,3.0,2,3,6.391567109144543,0.2993652062921631,1444.4941666666666,226,0,0.0,0.0
4302,40,No,Travel_Frequently,Research & Development,26,4,Medical,1,4303,Male,2,Manufacturing Director,Divorced,54400,1.0,Y,12,8,1,20.0,2,20,2,13,2.0,2.0,3.0,3,3,7.00086966713549,0.3113334298986562,1659.206111111111,237,0,0.0,0.0
4303,35,No,Travel_Rarely,Sales,8,1,Marketing,1,4304,Female,3,Laboratory Technician,Married,37600,1.0,Y,14,8,3,10.0,2,10,0,6,3.0,2.0,3.0,3,3,7.405430032543003,0.2887891632330848,1769.8977777777775,239,7,0.0,0.0
4304,53,No,Travel_Rarely,Sales,14,2,Life Sciences,1,4305,Female,5,Manufacturing Director,Married,35170,2.0,Y,12,8,1,13.0,1,7,4,5,2.0,3.0,1.0,2,3,10.89596926713948,0.3131276827618258,2560.552777777778,235,235,445.55277777777775,1.89596926713948
4305,45,No,Travel_Rarely,Sales,1,4,Technical Degree,1,4306,Male,1,Research Scientist,Divorced,25800,8.0,Y,17,8,3,20.0,3,17,0,15,2.0,2.0,3.0,3,3,6.787682811016144,0.2973719749456261,1588.3177777777778,234,0,0.0,0.0
4306,32,No,Travel_Frequently,Sales,2,2,Life Sciences,1,4307,Female,1,Manufacturing Director,Single,21660,1.0,Y,19,8,1,9.0,4,9,3,7,2.0,4.0,3.0,1,3,7.9063129251700675,0.2953261667032956,1937.0466666666664,245,98,0.0,0.0
4307,29,No,Non-Travel,Research & Development,10,4,Technical Degree,1,4308,Male,3,Healthcare Representative,Married,58690,1.0,Y,11,8,1,10.0,6,10,0,9,4.0,3.0,3.0,4,3,6.079574879227054,0.2902716664322562,1398.3022222222223,230,0,0.0,0.0
4308,51,No,Travel_Rarely,Research & Development,1,3,Other,1,4309,Female,3,Research Director,Married,80080,2.0,Y,15,8,1,10.0,4,1,0,0,2.0,3.0,3.0,3,3,7.573345410628019,0.3204906415102135,1741.8694444444443,230,22,0.0,0.0
4309,58,No,Travel_Rarely,Sales,3,3,Marketing,1,4310,Female,1,Research Scientist,Married,52060,4.0,Y,11,8,3,9.0,4,1,0,0,2.0,2.0,2.0,1,3,10.002300925925926,0.3049354293947777,2400.552222222222,240,240,240.5522222222222,1.002300925925926
4310,40,No,Travel_Rarely,Research & Development,11,2,Technical Degree,1,4311,Male,4,Laboratory Technician,Married,52950,7.0,Y,18,8,0,15.0,4,12,2,11,3.0,4.0,2.0,3,3,6.209419934640523,0.2977095167813774,1477.8419444444444,238,0,0.0,0.0
4311,34,No,Travel_Frequently,Sales,24,4,Marketing,1,4312,Male,2,Manufacturing Director,Married,164130,6.0,Y,16,8,0,6.0,1,4,1,2,3.0,3.0,3.0,3,3,7.023323996265173,0.3040654411211627,1671.5511111111111,238,0,0.0,0.0
4312,22,No,Travel_Rarely,Research & Development,3,3,Medical,1,4313,Male,1,Laboratory Technician,Married,132690,1.0,Y,25,8,1,2.0,2,2,2,2,3.0,4.0,3.0,3,4,7.6878176328502414,0.2987120301946291,1768.1980555555556,230,35,0.0,0.0
4313,27,No,Non-Travel,Research & Development,3,3,Medical,1,4314,Male,1,Healthcare Representative,Divorced,27830,6.0,Y,16,8,1,6.0,2,2,2,2,4.0,2.0,1.0,4,3,6.283424753867791,0.284444151526759,1489.1716666666666,237,0,0.0,0.0
4314,28,No,Travel_Rarely,Sales,4,4,Life Sciences,1,4315,Male,2,Healthcare Representative,Married,54330,1.0,Y,13,8,1,5.0,4,5,0,2,3.0,4.0,1.0,2,3,6.481372126436781,0.3179641156436342,1503.6783333333333,232,0,0.0,0.0
4315,57,No,Travel_Rarely,Research & Development,3,3,Life Sciences,1,4316,Male,2,Manufacturing Director,Divorced,20130,3.0,Y,14,8,1,12.0,5,5,1,4,3.0,4.0,1.0,3,3,10.911611811391223,0.2995182998527583,2596.9636111111117,238,238,454.9636111111111,1.911611811391223
4316,27,No,Non-Travel,Research & Development,2,3,Life Sciences,1,4317,Male,1,Manufacturing Director,Divorced,139660,1.0,Y,19,8,0,1.0,1,1,0,1,3.0,3.0,2.0,3,3,10.577804659498208,0.3217781929796928,2623.2955555555554,248,248,391.2955555555556,1.5778046594982078
4317,50,No,Travel_Rarely,Research & Development,4,3,Life Sciences,1,4318,Female,2,Manufacturing Director,Single,43740,3.0,Y,15,8,1,21.0,5,5,4,4,3.0,2.0,3.0,4,3,6.260163194444444,0.2750464298290076,1502.4391666666666,240,0,0.0,0.0
4318,41,No,Travel_Rarely,Sales,7,4,Marketing,1,4319,Male,4,Laboratory Technician,Divorced,68420,4.0,Y,12,8,1,13.0,3,9,1,8,1.0,3.0,3.0,3,3,6.183946808510638,0.2890043456180092,1453.2275,235,0,0.0,0.0
4319,30,No,Travel_Rarely,Human Resources,1,4,Human Resources,1,4320,Female,1,Manager,Married,174260,2.0,Y,12,8,1,12.0,0,10,7,4,2.0,4.0,3.0,2,3,6.890506120527308,0.2993454248650694,1626.1594444444445,236,0,0.0,0.0
4320,38,No,Travel_Rarely,Sales,1,1,Medical,1,4321,Male,2,Laboratory Technician,Single,176030,4.0,Y,16,8,0,12.0,0,8,0,7,1.0,4.0,4.0,2,3,6.283979441997063,0.3062673872351325,1426.4633333333334,227,0,0.0,0.0
4321,32,No,Travel_Rarely,Research & Development,20,3,Medical,1,4322,Female,1,Manufacturing Director,Single,45810,3.0,Y,14,8,1,8.0,3,5,1,4,3.0,3.0,3.0,3,3,6.908863636363637,0.3148722354459981,1595.9475,231,0,0.0,0.0
4322,27,No,Travel_Rarely,Research & Development,5,4,Medical,1,4323,Male,2,Healthcare Representative,Married,47350,0.0,Y,13,8,0,6.0,2,5,1,1,3.0,2.0,2.0,3,3,8.91656512605042,0.3220195496423132,2122.1425,238,238,22.31972222222222,0.0937803454715219
4323,19,Yes,Travel_Frequently,Research & Development,10,2,Life Sciences,1,4324,Male,2,Healthcare Representative,Single,41870,0.0,Y,22,8,1,1.0,4,0,0,0,3.0,1.0,4.0,3,4,7.487804735114862,0.2803373148760721,1774.6097222222222,237,6,0.0,0.0
4324,36,No,Travel_Frequently,Sales,25,3,Marketing,1,4325,Female,2,Research Director,Single,55050,4.0,Y,21,8,2,13.0,3,8,7,2,4.0,2.0,2.0,3,4,7.375711439287389,0.2913355736456396,1748.0436111111112,237,4,0.0,0.0
4325,30,No,Non-Travel,Sales,1,3,Medical,1,4326,Female,1,Sales Executive,Divorced,54700,1.0,Y,18,8,1,12.0,2,12,6,10,3.0,1.0,3.0,3,3,6.768581306628517,0.3251117030165535,1577.0794444444446,233,0,0.0,0.0
4326,45,No,Travel_Rarely,Research & Development,24,2,Medical,1,4327,Male,2,Sales Executive,Divorced,54760,4.0,Y,13,8,1,9.0,3,5,0,3,3.0,1.0,4.0,3,3,8.1273556998557,0.309137982391767,1877.4191666666663,231,144,0.0066666666666659,2.886002886002568e-05
4327,56,No,Travel_Rarely,Research & Development,4,3,Life Sciences,1,4328,Male,4,Manager,Divorced,25870,4.0,Y,12,8,0,19.0,2,2,2,2,3.0,1.0,3.0,2,3,8.299431330472103,0.2911339166585051,1933.7675,233,192,0.1919444444444451,0.0008237958989031
4328,33,No,Travel_Rarely,Research & Development,2,2,Medical,1,4329,Male,1,Sales Executive,Single,24400,0.0,Y,18,8,3,4.0,4,3,0,2,3.0,4.0,4.0,3,3,6.815491363211952,0.2885265883173791,1622.0869444444445,238,0,0.0,0.0
4329,19,Yes,Travel_Rarely,Research & Development,8,2,Life Sciences,1,4330,Male,2,Sales Executive,Single,159720,1.0,Y,21,8,0,1.0,2,1,1,0,2.0,4.0,2.0,3,4,7.216332846003898,0.28629555256117,1645.3238888888889,228,0,0.0,0.0
4330,46,No,Travel_Rarely,Research & Development,10,3,Technical Degree,1,4331,Female,2,Laboratory Technician,Divorced,153790,1.0,Y,12,8,0,24.0,1,24,15,7,2.0,1.0,3.0,1,3,6.874954462659381,0.3042519524545274,1677.4888888888888,244,0,0.0,0.0
4331,38,No,Travel_Rarely,Sales,4,4,Life Sciences,1,4332,Male,1,Manufacturing Director,Single,70820,1.0,Y,14,8,0,2.0,3,2,2,1,3.0,4.0,3.0,4,3,7.907437198067633,0.2918984986101298,1818.710555555556,230,88,0.0,0.0
4332,31,No,Travel_Rarely,Sales,2,5,Life Sciences,1,4333,Male,2,Sales Representative,Married,27280,8.0,Y,11,8,0,7.0,3,4,0,2,3.0,4.0,3.0,4,3,10.40992290249433,0.3169753697774932,2550.431111111111,245,245,345.43111111111114,1.4099229024943312
4333,34,No,Travel_Rarely,Sales,9,3,Marketing,1,4334,Female,2,Manager,Single,53680,2.0,Y,14,8,1,9.0,2,3,1,2,4.0,2.0,3.0,3,3,6.19154970760234,0.3015747697153278,1411.6733333333334,228,0,0.0,0.0
4334,41,Yes,Travel_Rarely,Research & Development,18,4,Life Sciences,1,4335,Male,5,Laboratory Technician,Single,53470,1.0,Y,24,8,1,4.0,1,4,0,2,2.0,2.0,2.0,3,4,10.125495271867614,0.3118196318034091,2379.491388888889,235,235,264.4913888888889,1.1254952718676123
4335,50,No,Travel_Rarely,Sales,19,4,Marketing,1,4336,Male,3,Sales Executive,Married,31950,2.0,Y,11,8,0,5.0,4,3,0,2,3.0,3.0,2.0,2,3,6.774787439613526,0.291296473394716,1558.201111111111,230,0,0.0,0.0
4336,53,No,Travel_Rarely,Sales,1,2,Life Sciences,1,4337,Male,1,Manager,Divorced,39890,1.0,Y,13,8,0,5.0,2,4,1,3,4.0,1.0,3.0,3,3,6.100402661064425,0.3023573454511348,1451.8958333333333,238,0,0.0,0.0
4337,33,No,Travel_Rarely,Research & Development,4,3,Life Sciences,1,4338,Male,1,Human Resources,Married,33060,1.0,Y,11,8,3,8.0,6,8,1,6,4.0,2.0,3.0,1,3,7.518541954817889,0.2966174148185022,1811.9686111111112,241,14,0.0,0.0
4338,40,No,Travel_Rarely,Research & Development,11,3,Life Sciences,1,4339,Female,2,Sales Executive,Married,70050,1.0,Y,20,8,2,21.0,2,20,9,9,4.0,3.0,3.0,3,4,6.1997328154425615,0.2955086752582226,1463.1369444444445,236,0,0.0,0.0
4339,55,No,Travel_Rarely,Research & Development,6,1,Life Sciences,1,4340,Female,2,Laboratory Technician,Single,26550,8.0,Y,17,8,0,36.0,0,24,2,15,3.0,2.0,3.0,2,3,6.076173872617387,0.298053833565899,1452.2055555555555,239,0,0.0,0.0
4340,34,No,Travel_Frequently,Human Resources,7,4,Other,1,4341,Female,1,Research Scientist,Married,13930,1.0,Y,11,8,2,10.0,4,10,1,9,4.0,3.0,2.0,4,3,6.798693853427896,0.280522022027317,1597.6930555555557,235,0,0.0,0.0
4341,51,No,Travel_Rarely,Human Resources,4,2,Human Resources,1,4342,Male,2,Sales Representative,Single,25700,3.0,Y,18,8,0,21.0,2,7,1,0,4.0,2.0,3.0,3,3,7.402082737243682,0.28747252992719,1724.685277777778,233,5,0.0,0.0
4342,52,No,Travel_Rarely,Research & Development,2,4,Medical,1,4343,Female,2,Sales Representative,Married,35370,0.0,Y,11,8,1,34.0,3,33,11,9,3.0,3.0,3.0,3,3,6.283778756730298,0.2917967415605575,1426.4177777777777,227,0,0.0,0.0
4343,27,No,Travel_Rarely,Sales,15,3,Marketing,1,4344,Male,1,Research Scientist,Single,39860,1.0,Y,12,8,2,7.0,3,7,0,3,4.0,2.0,2.0,3,3,7.48798463356974,0.2876106153881614,1759.6763888888888,235,12,0.0,0.0
4344,35,Yes,Travel_Rarely,Research & Development,2,4,Life Sciences,1,4345,Female,2,Research Director,Married,108830,3.0,Y,12,8,0,8.0,3,1,0,1,2.0,3.0,3.0,4,3,8.99865587695133,0.3063853107324997,2177.674722222222,242,242,29.479444444444454,0.1218158861340679
4345,43,No,Non-Travel,Research & Development,6,2,Medical,1,4346,Male,1,Healthcare Representative,Divorced,20280,4.0,Y,20,8,1,7.0,2,5,2,2,4.0,3.0,4.0,2,4,8.022017797017797,0.3179339233765084,1853.0861111111112,231,116,0.0,0.0
4346,45,No,Non-Travel,Research & Development,9,2,Medical,1,4347,Female,1,Sales Executive,Married,95250,9.0,Y,19,8,0,22.0,3,20,11,8,1.0,4.0,3.0,3,3,6.252302098235575,0.2773443336026306,1456.786388888889,233,0,0.0,0.0
4347,37,No,Travel_Rarely,Research & Development,7,3,Life Sciences,1,4348,Female,1,Research Scientist,Married,29290,1.0,Y,12,8,0,8.0,2,8,1,7,2.0,1.0,2.0,1,3,10.093918856615952,0.3017546067910027,2432.6344444444444,241,241,263.6344444444444,1.093918856615952
4348,35,No,Travel_Frequently,Research & Development,1,3,Other,1,4349,Male,2,Research Director,Single,22750,5.0,Y,13,8,0,10.0,2,6,1,2,2.0,2.0,3.0,4,3,6.084731481481482,0.3128044649021773,1460.3355555555556,240,0,0.0,0.0
4349,42,No,Non-Travel,Research & Development,1,1,Technical Degree,1,4350,Male,2,Sales Executive,Divorced,78790,2.0,Y,11,8,1,11.0,2,5,0,2,3.0,3.0,3.0,3,3,6.387923059042306,0.3011356024892216,1526.713611111111,239,0,0.0,0.0
4350,38,No,Travel_Rarely,Sales,8,2,Marketing,1,4351,Male,5,Research Scientist,Married,49300,9.0,Y,14,8,0,14.0,0,1,0,0,4.0,3.0,3.0,3,3,6.297548463356974,0.2891276269945381,1479.923888888889,235,0,0.0,0.0
4351,38,No,Travel_Rarely,Human Resources,25,1,Human Resources,1,4352,Female,1,Manufacturing Director,Married,78470,3.0,Y,14,8,1,9.0,3,7,1,7,4.0,4.0,1.0,4,3,7.292095204178538,0.2877380269416215,1706.3502777777778,234,4,0.0,0.0
4352,27,No,Travel_Frequently,Research & Development,13,4,Medical,1,4353,Male,1,Manager,Married,44010,5.0,Y,13,8,0,6.0,4,2,2,0,3.0,1.0,3.0,2,3,6.508089120370371,0.3089483238482863,1561.941388888889,240,0,0.0,0.0
4353,49,No,Non-Travel,Research & Development,23,1,Other,1,4354,Female,2,Sales Executive,Divorced,92410,1.0,Y,19,8,1,7.0,5,7,1,7,4.0,4.0,3.0,3,3,9.578439046333784,0.2956163520476542,2365.8744444444446,247,247,143.28972222222222,0.5801203328834907
4354,34,No,Travel_Frequently,Research & Development,7,2,Medical,1,4355,Male,4,Sales Representative,Divorced,29740,1.0,Y,23,8,0,5.0,2,5,2,0,4.0,3.0,4.0,3,4,10.523336834733897,0.298836112727053,2504.554166666667,238,238,362.5541666666667,1.5233368347338936
4355,40,No,Travel_Rarely,Research & Development,23,3,Medical,1,4356,Female,1,Laboratory Technician,Married,45020,8.0,Y,12,8,2,15.0,0,7,3,7,3.0,4.0,4.0,2,3,10.387393857271906,0.2802658806747658,2555.298888888889,246,246,341.2988888888889,1.387393857271906
4356,38,Yes,Travel_Rarely,Sales,6,4,Life Sciences,1,4357,Female,3,Research Scientist,Married,107480,7.0,Y,15,8,0,17.0,3,1,0,0,2.0,1.0,3.0,3,3,8.37882823871907,0.3062468826686725,1918.7516666666668,229,206,0.7222222222222232,0.0031538088306647
4357,29,Yes,Travel_Rarely,Sales,10,2,Life Sciences,1,4358,Female,2,Research Scientist,Married,15550,1.0,Y,19,8,2,10.0,2,10,1,9,2.0,4.0,2.0,3,3,6.695554331864905,0.3247058580958943,1519.8908333333334,227,0,0.0,0.0
4358,22,No,Travel_Rarely,Research & Development,1,3,Life Sciences,1,4359,Female,4,Healthcare Representative,Divorced,129360,1.0,Y,11,8,2,4.0,3,4,2,2,4.0,2.0,2.0,3,3,8.511136584182436,0.3083383355945293,1949.0502777777776,229,215,0.7919444444444448,0.0034582726831635
4359,36,No,Travel_Frequently,Research & Development,1,3,Life Sciences,1,4360,Female,2,Laboratory Technician,Single,23050,1.0,Y,17,8,0,8.0,3,8,1,7,2.0,4.0,3.0,3,3,7.498819158664837,0.3029610704200215,1822.2130555555557,243,13,0.0,0.0
4360,40,No,Non-Travel,Research & Development,28,2,Life Sciences,1,4361,Male,1,Manufacturing Director,Married,167040,9.0,Y,22,8,0,5.0,2,3,0,2,4.0,4.0,1.0,4,4,6.102570048309179,0.2932435926040305,1403.591111111111,230,0,0.0,0.0
4361,46,No,Travel_Rarely,Research & Development,25,1,Medical,1,4362,Male,5,Research Scientist,Divorced,34330,7.0,Y,18,8,0,17.0,3,4,0,3,4.0,1.0,3.0,3,3,6.036308668582375,0.3101630994686931,1400.423611111111,232,0,0.0,0.0
4362,32,Yes,Travel_Rarely,Research & Development,5,3,Medical,1,4363,Male,1,Healthcare Representative,Married,34770,1.0,Y,11,8,0,14.0,2,14,9,8,4.0,4.0,2.0,4,3,7.797340579710145,0.2821993045077309,1793.388333333333,230,52,0.0,0.0
4363,30,No,Non-Travel,Research & Development,17,4,Life Sciences,1,4364,Male,2,Healthcare Representative,Single,64300,1.0,Y,12,8,1,12.0,2,11,5,8,3.0,3.0,3.0,2,3,7.963074229691877,0.3021522229214834,1895.2116666666664,238,116,0.0,0.0
4364,27,No,Travel_Frequently,Research & Development,18,2,Medical,1,4365,Female,1,Laboratory Technician,Single,65160,1.0,Y,19,8,1,7.0,4,7,0,7,4.0,3.0,3.0,3,3,6.196217494089835,0.2644083927313977,1456.111111111111,235,0,0.0,0.0
4365,51,No,Travel_Rarely,Research & Development,2,1,Medical,1,4366,Female,1,Manufacturing Director,Married,39070,5.0,Y,13,8,0,16.0,2,10,4,7,2.0,2.0,1.0,3,3,6.716984978540772,0.3075159157184351,1565.0575,233,0,0.0,0.0
4366,30,Yes,Travel_Rarely,Research & Development,10,4,Life Sciences,1,4367,Female,2,Research Scientist,Single,55620,5.0,Y,13,8,0,8.0,3,5,0,4,4.0,1.0,3.0,2,3,8.49334167858846,0.275114190022828,1978.9486111111112,233,225,0.4688888888888893,0.0020123986647591
4367,41,No,Travel_Rarely,Research & Development,1,3,Life Sciences,1,4368,Male,2,Human Resources,Single,68830,3.0,Y,19,8,2,16.0,3,1,0,0,4.0,4.0,3.0,2,3,9.079756515775031,0.3156062880647438,2206.380833333333,243,243,41.38333333333334,0.1703017832647462
4368,30,Yes,Travel_Frequently,Sales,3,2,Medical,1,4369,Male,2,Healthcare Representative,Single,28620,5.0,Y,14,8,0,9.0,2,6,0,1,3.0,1.0,2.0,2,3,6.992415458937198,0.2960999666862451,1608.2555555555557,230,0,0.0,0.0
4369,29,Yes,Travel_Rarely,Research & Development,2,3,Life Sciences,1,4370,Male,1,Sales Executive,Single,49780,0.0,Y,13,8,0,7.0,3,6,1,5,3.0,3.0,2.0,2,3,7.816956115779645,0.307252119684265,1860.4355555555555,238,62,0.0,0.0
4370,45,No,Non-Travel,Research & Development,2,3,Medical,1,4371,Female,2,Research Scientist,Single,103680,6.0,Y,12,8,2,23.0,2,19,12,8,4.0,4.0,3.0,3,3,6.608641843971631,0.3168825139495739,1553.0308333333332,235,0,0.0,0.0
4371,54,No,Travel_Rarely,Sales,8,2,Marketing,1,4372,Female,2,Laboratory Technician,Married,61340,2.0,Y,19,8,0,16.0,2,6,0,5,4.0,1.0,3.0,2,3,6.409974851394604,0.2826435194253131,1557.6238888888888,243,0,0.0,0.0
4372,36,No,Travel_Rarely,Research & Development,16,4,Life Sciences,1,4373,Male,1,Healthcare Representative,Single,67350,8.0,Y,25,8,2,16.0,3,13,3,7,4.0,2.0,4.0,2,4,7.5909802571166205,0.301222715691425,1837.0172222222225,242,20,0.0,0.0
4373,33,No,Travel_Rarely,Sales,9,1,Other,1,4374,Female,3,Sales Executive,Married,32950,6.0,Y,22,8,2,7.0,2,3,1,1,3.0,2.0,3.0,3,4,7.464012345679013,0.3020035034318198,1813.755,243,9,0.0,0.0
4374,37,No,Travel_Frequently,Sales,2,4,Life Sciences,1,4375,Male,2,Laboratory Technician,Divorced,52380,1.0,Y,15,8,1,10.0,5,10,0,7,2.0,4.0,3.0,3,3,10.10788686459739,0.3050079868790696,2496.6480555555554,247,247,273.6480555555556,1.107886864597391
4375,38,No,Travel_Rarely,Research & Development,1,2,Medical,1,4376,Male,4,Laboratory Technician,Divorced,64720,0.0,Y,12,8,0,17.0,4,16,5,13,1.0,3.0,2.0,3,3,6.9217973856209145,0.31253552972691,1647.3877777777775,238,1,0.0,0.0
4376,31,No,Non-Travel,Sales,4,1,Medical,1,4377,Female,3,Research Scientist,Married,96100,0.0,Y,11,8,1,6.0,2,5,1,4,3.0,3.0,3.0,2,3,5.996345410628019,0.3329381463637746,1379.1594444444445,230,0,0.0,0.0
4377,59,No,Travel_Rarely,Research & Development,5,3,Life Sciences,1,4378,Female,3,Manager,Married,198330,3.0,Y,13,8,0,7.0,2,1,0,0,3.0,4.0,3.0,3,3,6.164645593869731,0.3186825933849462,1430.1977777777777,232,0,0.0,0.0
4378,37,No,Travel_Frequently,Sales,2,3,Marketing,1,4379,Female,2,Laboratory Technician,Divorced,97560,4.0,Y,19,8,0,13.0,2,9,5,8,1.0,4.0,3.0,3,3,7.017593380614657,0.307146859108724,1649.1344444444444,235,1,0.0,0.0
4379,29,No,Travel_Frequently,Sales,15,4,Medical,1,4380,Female,1,Sales Executive,Married,49680,1.0,Y,19,8,3,11.0,4,11,4,1,2.0,4.0,3.0,3,3,6.299962651727357,0.3041353688016062,1499.391111111111,238,0,0.0,0.0
4380,35,No,Travel_Frequently,Research & Development,19,3,Life Sciences,1,4381,Female,1,Sales Executive,Single,21450,1.0,Y,13,8,0,10.0,6,10,0,8,3.0,3.0,4.0,2,3,6.029894636015325,0.2900926587746874,1398.9355555555555,232,0,0.0,0.0
4381,29,Yes,Travel_Rarely,Research & Development,7,1,Life Sciences,1,4382,Female,1,Research Scientist,Single,21800,1.0,Y,21,8,0,4.0,2,4,0,1,3.0,4.0,2.0,3,4,8.406493491399349,0.320544758937997,2009.1519444444448,239,215,1.165277777777778,0.0048756392375639
4382,52,No,Travel_Rarely,Research & Development,1,2,Medical,1,4383,Female,4,Manager,Single,83460,7.0,Y,14,8,0,6.0,5,2,2,2,3.0,4.0,2.0,3,3,7.407588383838384,0.314183985580905,1792.6363888888889,242,4,0.0,0.0
4383,42,No,Travel_Rarely,Research & Development,7,4,Life Sciences,1,4384,Female,2,Sales Executive,Married,34450,1.0,Y,11,8,2,22.0,2,22,11,15,3.0,4.0,3.0,3,3,6.3959226627508565,0.3052305019502354,1451.8744444444444,227,0,0.0,0.0
4384,59,No,Travel_Rarely,Research & Development,4,4,Technical Degree,1,4385,Male,1,Healthcare Representative,Married,27600,8.0,Y,11,8,0,7.0,3,2,2,2,2.0,3.0,2.0,4,3,6.698972222222221,0.3214625975465593,1540.763611111111,230,0,0.0,0.0
4385,50,No,Travel_Rarely,Research & Development,11,2,Life Sciences,1,4386,Male,2,Sales Executive,Divorced,62940,3.0,Y,23,8,1,32.0,2,7,0,6,4.0,4.0,2.0,4,4,7.743357279693487,0.2848454872698287,1796.4588888888889,232,41,0.0,0.0
4386,33,Yes,Travel_Rarely,Sales,11,4,Marketing,1,4387,Male,1,Research Scientist,Married,71400,5.0,Y,21,8,0,8.0,2,5,0,4,3.0,4.0,1.0,2,4,10.915240820219362,0.3086685106922651,2543.251111111111,233,233,446.2511111111111,1.915240820219361
4387,43,No,Travel_Rarely,Sales,1,3,Marketing,1,4388,Female,2,Manufacturing Director,Married,29320,5.0,Y,24,8,0,22.0,3,17,1,9,4.0,4.0,3.0,3,4,9.265778246601032,0.2975176249960505,2195.9894444444444,237,237,71.0113888888889,0.2996261134552274
4388,33,Yes,Travel_Rarely,Sales,1,3,Life Sciences,1,4389,Male,2,Manager,Married,51470,7.0,Y,11,8,0,13.0,2,9,1,7,1.0,1.0,4.0,3,3,7.096989130434782,0.3100401064323411,1632.3075,230,0,0.0,0.0
4389,52,No,Non-Travel,Research & Development,2,3,Technical Degree,1,4390,Male,1,Sales Executive,Single,45070,1.0,Y,14,8,0,33.0,3,33,15,12,1.0,3.0,4.0,2,3,8.808812613843351,0.2936682504428446,2149.3502777777776,244,243,11.212222222222218,0.0459517304189435
4390,32,No,Travel_Rarely,Human Resources,13,4,Life Sciences,1,4391,Female,3,Manufacturing Director,Married,85640,2.0,Y,16,8,1,6.0,2,4,1,2,3.0,2.0,3.0,2,3,8.046774496015002,0.2916512832723046,1907.085555555556,237,129,0.0,0.0
4391,32,Yes,Travel_Rarely,Sales,23,1,Life Sciences,1,4392,Male,3,Healthcare Representative,Single,24680,0.0,Y,11,8,0,4.0,2,3,1,2,4.0,3.0,1.0,3,3,10.176452546296296,0.2964676681910813,2442.348611111111,240,240,282.3486111111111,1.1764525462962965
4392,39,No,Travel_Rarely,Sales,26,4,Life Sciences,1,4393,Male,2,Research Director,Divorced,81610,7.0,Y,12,8,1,7.0,2,3,1,2,3.0,3.0,3.0,4,3,6.312204861111111,0.3066136218172136,1514.9291666666666,240,0,0.0,0.0
4393,32,No,Non-Travel,Sales,2,4,Marketing,1,4394,Male,4,Research Scientist,Married,21090,0.0,Y,13,8,1,4.0,3,3,2,2,3.0,4.0,3.0,2,3,6.141971365638766,0.2907670538060419,1394.2275,227,0,0.0,0.0
4394,41,No,Travel_Rarely,Sales,29,3,Life Sciences,1,4395,Female,2,Laboratory Technician,Divorced,52940,2.0,Y,15,8,0,17.0,3,1,0,0,3.0,1.0,2.0,2,3,6.131716963877458,0.3200421854133077,1490.0072222222225,243,0,0.0,0.0
4395,40,No,Travel_Rarely,Research & Development,2,3,Life Sciences,1,4396,Male,1,Manufacturing Director,Divorced,27180,2.0,Y,14,8,1,9.0,4,9,4,7,1.0,4.0,3.0,2,3,7.400905695611578,0.2963928218201577,1761.4155555555556,238,8,0.0,0.0
4396,45,No,Travel_Rarely,Research & Development,18,1,Life Sciences,1,4397,Female,2,Sales Representative,Married,58110,0.0,Y,14,8,0,25.0,4,24,1,7,3.0,4.0,3.0,2,3,6.931283068783069,0.3111606685405494,1601.1263888888889,231,0,0.0,0.0
4397,31,No,Travel_Frequently,Research & Development,7,4,Medical,1,4398,Male,1,Research Scientist,Divorced,24370,9.0,Y,14,8,1,9.0,3,2,2,2,2.0,3.0,3.0,4,3,7.298196173351775,0.3031367553406961,1758.8652777777777,241,1,0.0,0.0
4398,33,No,Travel_Rarely,Research & Development,2,4,Life Sciences,1,4399,Female,1,Sales Executive,Married,27660,1.0,Y,12,8,1,2.0,2,2,0,2,3.0,4.0,2.0,3,3,6.778947626040137,0.2851057192892006,1538.8211111111111,227,0,0.0,0.0
4399,34,No,Travel_Rarely,Research & Development,26,3,Other,1,4400,Female,1,Sales Executive,Married,190380,6.0,Y,13,8,0,13.0,3,11,5,9,4.0,1.0,3.0,2,3,6.414911894273128,0.307549261945733,1456.185,227,0,0.0,0.0
4400,37,No,Travel_Rarely,Research & Development,22,5,Medical,1,4401,Female,2,Manufacturing Director,Married,30550,2.0,Y,14,8,3,17.0,3,3,0,2,3.0,1.0,2.0,3,3,7.610144581056466,0.3105427697977839,1856.8752777777777,244,26,0.0,0.0
4401,45,No,Travel_Frequently,Sales,21,1,Marketing,1,4402,Male,3,Research Scientist,Married,22890,4.0,Y,13,8,0,9.0,3,3,0,2,1.0,3.0,3.0,2,3,7.992223360655737,0.2979386799405952,1950.1025,244,123,0.0,0.0
4402,37,Yes,Travel_Frequently,Sales,2,3,Marketing,1,4403,Male,1,Laboratory Technician,Divorced,40010,6.0,Y,11,8,1,17.0,2,1,0,0,1.0,3.0,3.0,3,3,7.111666666666666,0.2869456023175444,1692.5766666666666,238,1,0.0,0.0
4403,39,No,Travel_Frequently,Research & Development,22,3,Medical,1,4404,Female,1,Manufacturing Director,Single,129650,0.0,Y,19,8,1,20.0,2,19,11,8,3.0,3.0,3.0,3,3,7.392469806763285,0.3129116924154904,1700.2680555555555,230,5,0.0,0.0
4404,29,No,Travel_Rarely,Sales,4,3,Other,1,4405,Female,2,Human Resources,Single,35390,1.0,Y,18,8,0,6.0,2,6,1,5,3.0,4.0,3.0,2,3,7.292814357567444,0.33107351800958,1772.1538888888888,243,5,0.0,0.0
4405,42,No,Travel_Rarely,Research & Development,5,4,Medical,1,4406,Female,1,Research Scientist,Single,60290,3.0,Y,17,8,1,10.0,5,3,0,2,4.0,1.0,3.0,3,3,8.522277091906721,0.3011125980703885,2070.9133333333334,243,237,1.8388888888888868,0.007567443987197
4406,29,No,Travel_Rarely,Research & Development,2,4,Medical,1,4407,Male,1,Laboratory Technician,Divorced,26790,2.0,Y,15,8,0,10.0,2,3,0,2,4.0,4.0,3.0,2,3,6.0929541263254965,0.2788248251794004,1468.4019444444446,241,0,0.0,0.0
4407,25,No,Travel_Rarely,Research & Development,25,2,Life Sciences,1,4408,Male,2,Sales Executive,Married,37020,0.0,Y,20,8,0,5.0,4,4,1,2,1.0,3.0,3.0,3,4,7.706631794131794,0.3124676093569457,1780.2319444444445,231,41,0.0,0.0
4408,42,No,Travel_Rarely,Sales,18,2,Medical,1,4409,Male,1,Laboratory Technician,Divorced,23980,0.0,Y,14,8,1,10.0,2,9,7,8,4.0,1.0,3.0,2,3,9.492594513600736,0.3257629765315951,2287.715277777778,241,241,120.7213888888889,0.5009186260949746
4409,40,No,Travel_Rarely,Research & Development,28,3,Medical,1,4410,Male,2,Laboratory Technician,Divorced,54680,0.0,Y,12,8,0,10.0,6,21,3,9,1.0,3.0,3.0,4,3,6.988947557471265,0.3149309921219818,1621.4358333333334,232,0,0.0,0.0
